ticker,entry_date,exit_date,entry_price,exit_price,shares,cost,proceeds,profit,return,holding_days,exit_reason
AVDL,2023-03-15 13:30:00+00:00,2023-03-21 13:30:00+00:00,9.18000030517578,8.049959072419794,108,992.431472991943,868.5261842415164,-123.90528875042662,-0.12485022102017974,6,trailing_stop
BLMN,2023-03-15 13:30:00+00:00,2023-04-03 13:30:00+00:00,25.40999984741211,25.26000022888184,39,991.9809840431212,984.1548689174654,-7.8261151256558605,-0.007889380191299776,19,trend_broken
ANDE,2023-03-15 13:30:00+00:00,2023-04-04 13:30:00+00:00,39.59000015258789,40.61000061035156,25,990.7397538185119,1014.2347652435303,23.495011425018447,0.02371461459426041,20,trend_broken
CARG,2023-03-15 13:30:00+00:00,2023-04-05 13:30:00+00:00,17.399999618530273,17.440000534057617,57,992.7917782344817,993.0859504108429,0.294172176361144,0.00029630803035484565,21,trend_broken
AVGO,2023-03-15 13:30:00+00:00,2023-04-12 13:30:00+00:00,62.604000091552734,61.75012474758674,15,939.9990613746642,925.3256193425873,-14.673442032076878,-0.015610060302207416,28,trailing_stop
ACIC,2023-03-15 13:30:00+00:00,2023-04-18 13:30:00+00:00,2.509999990463257,2.8793232289513586,398,999.9789762005805,1144.824674477518,144.84569827693758,0.1448487435478681,34,trailing_stop
ATEC,2023-03-15 13:30:00+00:00,2023-04-24 13:30:00+00:00,15.100000381469728,15.533984422708867,66,997.596625202179,1024.2177289268866,26.62110372470761,0.02668523835404156,40,trailing_stop
CDNS,2023-03-15 13:30:00+00:00,2023-04-25 13:30:00+00:00,202.94000244140625,207.97754909656956,4,812.5717697753905,831.078286189892,18.506516414501448,0.022775239188554362,41,trailing_stop
AXON,2023-03-15 13:30:00+00:00,2023-04-26 13:30:00+00:00,211.2100067138672,216.2840795863262,4,845.6848668823242,864.2711820269594,18.58631514463525,0.021977826342281598,42,trailing_stop
AAON,2023-03-21 13:30:00+00:00,2023-04-26 13:30:00+00:00,61.11333465576172,63.072596184006095,16,978.7911678466796,1008.1523774051534,29.361209558473774,0.02999741980004563,36,trailing_stop
ADBE,2023-04-03 13:30:00+00:00,2023-04-26 13:30:00+00:00,380.0799865722656,366.55042986921706,2,760.9201331176757,732.3677588786957,-28.552374238980065,-0.03752348373540073,23,trailing_stop
ADUS,2023-04-05 13:30:00+00:00,2023-04-28 13:30:00+00:00,108.19000244140624,107.84454292525452,9,974.6837319946287,969.6302854409633,-5.053446553665367,-0.005184703907311357,23,trailing_stop
ARDX,2023-03-15 13:30:00+00:00,2023-05-02 13:30:00+00:00,3.990000009536743,4.455325451215072,250,998.4975023865699,1112.7175314409642,114.22002905439433,0.11439190261506921,48,trailing_stop
ACGL,2023-04-12 13:30:00+00:00,2023-05-04 13:30:00+00:00,70.2300033569336,73.02181927752672,14,984.2032670440673,1021.2831644154886,37.07989737142134,0.037675039916079754,22,trailing_stop
ACT,2023-04-18 13:30:00+00:00,2023-05-04 13:30:00+00:00,24.350000381469727,23.5504866172083,43,1048.0970664196013,1011.6582536154169,-36.43881280418441,-0.03476663943795095,16,trailing_stop
ACLX,2023-04-24 13:30:00+00:00,2023-05-12 13:30:00+00:00,40.220001220703125,42.72304486649679,25,1006.5055305480956,1067.0080455407574,60.50251499266176,0.06011145806592332,18,trailing_stop
ALGT,2023-05-04 13:30:00+00:00,2023-05-16 13:30:00+00:00,102.66999816894533,98.80140777623079,10,1027.7266816711426,987.0260636845456,-40.70061798659697,-0.03960257013120981,12,trailing_stop
AKRO,2023-04-25 13:30:00+00:00,2023-05-23 13:30:00+00:00,44.84999847412109,44.66058557568442,23,1032.5815148696895,1026.166274772501,-6.415240097188416,-0.00621281710432131,28,trailing_stop
AMRK,2023-04-26 13:30:00+00:00,2023-05-25 13:30:00+00:00,35.630001068115234,35.8584483815401,29,1034.303301006317,1038.8551080615982,4.551807055281188,0.004400843592834465,29,trailing_stop
ACIC,2023-04-28 13:30:00+00:00,2023-05-25 13:30:00+00:00,4.130000114440918,5.386984863250803,251,1037.666658753395,1350.7810674752757,313.11440872188064,0.3017485490938312,27,trailing_stop
AVAV,2023-05-02 13:30:00+00:00,2023-05-25 13:30:00+00:00,101.63999938964844,105.59837640652064,10,1017.4163938903807,1054.9277803011414,37.51138641076068,0.036869256909970984,23,trailing_stop
APLS,2023-05-04 13:30:00+00:00,2023-05-25 13:30:00+00:00,84.37000274658203,86.02457212385107,12,1013.4524729919433,1031.2625706207268,17.810097628783524,0.017573688064723987,21,trailing_stop
APLD,2023-05-25 13:30:00+00:00,2023-06-23 13:30:00+00:00,8.869999885559082,8.525904031758504,123,1092.1009959096907,1047.6375097103896,-44.46348619930109,-0.040713712711400105,29,trailing_stop
APPF,2023-05-02 13:30:00+00:00,2023-06-26 13:30:00+00:00,137.52999877929688,165.1268538609177,7,963.6727014465331,1154.7320890493975,191.05938760286438,0.19826169955429085,55,trailing_stop
AMAT,2023-05-25 13:30:00+00:00,2023-07-11 13:30:00+00:00,130.47000122070312,138.1021438736393,8,1044.8037697753905,1103.7123338381252,58.90856406273474,0.05638241913636928,47,trailing_stop
ANIP,2023-05-23 13:30:00+00:00,2023-07-13 13:30:00+00:00,46.68000030517578,51.14697885628159,24,1121.440327331543,1226.2999650582076,104.85963772666469,0.09350442923358859,51,trailing_stop
ANGI,2023-05-25 13:30:00+00:00,2023-07-24 13:30:00+00:00,32.400001525878906,37.704020983328114,33,1070.2692504043578,1242.9884597573778,172.71920935302,0.16137921302304542,60,trailing_stop
AOSL,2023-05-25 13:30:00+00:00,2023-07-24 13:30:00+00:00,27.31999969482422,30.8555333346549,39,1066.5454680862426,1202.1624342514895,135.61696616524682,0.12715535363775096,60,trailing_stop
ACLS,2023-06-26 13:30:00+00:00,2023-07-24 13:30:00+00:00,168.24000549316406,175.1389159459151,7,1178.8577184906005,1224.7464392097843,45.888720719183766,0.03892642852433396,28,trailing_stop
AMRX,2023-04-26 13:30:00+00:00,2023-07-25 13:30:00+00:00,1.809999942779541,3.1422131733073115,573,1038.1670971798897,1798.6876601567844,760.5205629768948,0.732560842125316,90,trailing_stop
AAPL,2023-04-04 13:30:00+00:00,2023-08-03 13:30:00+00:00,165.6300048828125,191.24997432601816,6,994.7738093261718,1146.3523461101527,151.5785367839809,0.1523748769447955,121,trailing_stop
ADEA,2023-05-12 13:30:00+00:00,2023-08-04 13:30:00+00:00,8.989999771118164,11.620396303776158,117,1052.881803194046,1358.2267811742686,305.34497798022267,0.290008790211704,84,trailing_stop
AEIS,2023-07-14 13:30:00+00:00,2023-08-04 13:30:00+00:00,116.58999633789062,118.51998673451538,10,1167.065863342285,1184.0146674778089,16.948804135523915,0.014522577232261188,21,trailing_stop
AFRM,2023-07-24 13:30:00+00:00,2023-08-07 13:30:00+00:00,17.06999969482422,16.273381504723748,76,1298.617296783447,1235.540217364646,-63.07707941880108,-0.048572492893046375,14,trailing_stop
AMPH,2023-05-25 13:30:00+00:00,2023-08-09 13:30:00+00:00,44.04999923706055,62.388308748566004,24,1058.2571816711425,1495.8220905556186,437.56490888447615,0.4134769094536144,76,trailing_stop
ADBE,2023-06-23 13:30:00+00:00,2023-08-09 13:30:00+00:00,484.7200012207031,519.2382521167548,2,970.4094424438475,1037.438027729276,67.02858528542845,0.06907247843407814,47,trailing_stop
AHCO,2023-07-24 13:30:00+00:00,2023-08-15 13:30:00+00:00,13.829999923706056,13.838684770316014,94,1301.3200128211977,1299.5355320412955,-1.7844807799021964,-0.001371285127655518,22,trailing_stop
AFYA,2023-07-13 13:30:00+00:00,2023-08-16 13:30:00+00:00,15.350000381469728,15.066636010477461,84,1290.6894320755005,1264.3318274552266,-26.357604620273833,-0.02042133759311048,34,trailing_stop
AKAM,2023-07-25 13:30:00+00:00,2023-08-16 13:30:00+00:00,93.56999969482422,102.20834780780586,13,1217.6264060287474,1327.3798129799748,109.75340695122736,0.09013717705842539,22,trailing_stop
ACGL,2023-08-04 13:30:00+00:00,2023-08-17 13:30:00+00:00,76.72000122070312,74.81289290303953,17,1305.544260772705,1270.5473601723202,-34.99690060038483,-0.026806368540635627,13,trailing_stop
ACIC,2023-07-25 13:30:00+00:00,2023-08-22 13:30:00+00:00,4.96999979019165,7.451526698249133,262,1303.4420849752426,1950.3476949463313,646.9056099710888,0.4963056030091096,28,trailing_stop
ACAD,2023-08-03 13:30:00+00:00,2023-08-28 13:30:00+00:00,27.200000762939453,28.042169507107648,48,1306.9056366577147,1344.678112204826,37.7724755471113,0.028902221007869218,25,trailing_stop
ALHC,2023-08-17 13:30:00+00:00,2023-09-01 13:30:00+00:00,6.139999866485596,5.841060161248207,223,1370.589190196514,1301.2538595423919,-69.33533065412212,-0.05058797424498939,15,trailing_stop
ACT,2023-08-04 13:30:00+00:00,2023-09-05 13:30:00+00:00,28.989999771118164,28.290323084317045,45,1305.8545396900176,1271.7914742554728,-34.0630654345448,-0.02608488495405518,32,trailing_stop
ACHC,2023-08-15 13:30:00+00:00,2023-09-05 13:30:00+00:00,76.9800033569336,74.62000274658203,18,1387.0257004852294,1341.8168893890381,-45.20881109619131,-0.032594068790777066,21,trend_broken
AMGN,2023-08-22 13:30:00+00:00,2023-09-06 13:30:00+00:00,257.6199951171875,250.818023106233,5,1289.3880755615232,1252.8360254156337,-36.55205014588955,-0.0283483699273171,15,trailing_stop
AAOI,2023-08-09 13:30:00+00:00,2023-09-07 13:30:00+00:00,12.15999984741211,12.3976082793919,112,1363.2819028930662,1387.1435951646008,23.861692271534594,0.01750312405739187,29,trailing_stop
ALGN,2023-08-22 13:30:00+00:00,2023-09-07 13:30:00+00:00,351.6300048828125,351.8173459718456,3,1055.9449046630857,1054.3965858776214,-1.5483187854642892,-0.001466287472600952,16,trailing_stop
ABL,2023-09-07 13:30:00+00:00,2023-09-08 13:30:00+00:00,8.180000305175781,7.6853805807659885,164,1342.8615700988769,1259.1420128303764,-83.71955726850047,-0.0623441456160936,1,trailing_stop
ADP,2023-08-07 13:30:00+00:00,2023-09-11 13:30:00+00:00,250.82000732421875,248.65121672497293,5,1255.3541366577147,1242.0128275412399,-13.341309116474804,-0.010627526310619431,35,trailing_stop
ACLX,2023-08-16 13:30:00+00:00,2023-09-13 13:30:00+00:00,35.58000183105469,34.1479995074089,39,1389.0076914825438,1330.440208808158,-58.5674826743857,-0.04216498082301781,28,trailing_stop
AKRO,2023-09-05 13:30:00+00:00,2023-09-20 13:30:00+00:00,49.970001220703125,49.06785396739309,27,1350.5392229919432,1323.5072250624937,-27.031997929449517,-0.020015707407270746,15,trailing_stop
AFRM,2023-09-05 13:30:00+00:00,2023-09-21 13:30:00+00:00,21.93000030517578,22.54615468301865,62,1361.0196789398192,1396.463728756809,35.44404981698972,0.026042275777084456,16,trailing_stop
ANIP,2023-09-06 13:30:00+00:00,2023-09-21 13:30:00+00:00,61.88999938964844,60.453610727580795,21,1300.9896771697997,1268.2562994539173,-32.7333777158824,-0.025160366980844364,15,trailing_stop
ARGX,2023-09-07 13:30:00+00:00,2023-09-21 13:30:00+00:00,517.5800170898438,506.9783594994546,2,1036.1951942138671,1012.9427622799103,-23.252431933956814,-0.022440204378285884,14,trailing_stop
ARRY,2023-09-08 13:30:00+00:00,2023-09-22 13:30:00+00:00,23.43000030517578,23.6624461207077,56,1313.3920971069335,1323.7718857768716,10.37978866993808,0.007903038774789414,14,trailing_stop
ALKS,2023-09-11 13:30:00+00:00,2023-09-26 13:30:00+00:00,29.520000457763672,29.043324154722857,45,1329.7284206199645,1305.6426373755662,-24.08578324439827,-0.018113310109720497,15,trailing_stop
ASTS,2023-09-20 13:30:00+00:00,2023-09-26 13:30:00+00:00,4.039999961853027,3.76853056245573,334,1350.70934724617,1257.4305186523536,-93.27882859381634,-0.06905914198638921,6,trailing_stop
ACIC,2023-09-01 13:30:00+00:00,2023-09-28 13:30:00+00:00,7.75,7.947123501861097,180,1396.3949999999998,1429.0517481046625,32.65674810466271,0.0233864688033563,27,trailing_stop
ASLE,2023-09-13 13:30:00+00:00,2023-10-02 13:30:00+00:00,15.640000343322754,14.734948409295468,86,1346.3850695552824,1265.9383576362109,-80.4467119190715,-0.05975015152659369,19,trailing_stop
AMGN,2023-09-22 13:30:00+00:00,2023-10-03 13:30:00+00:00,267.70001220703125,262.1511033008539,4,1071.870848876953,1047.555808790212,-24.315040086740964,-0.022684673356138867,11,trailing_stop
AVAV,2023-09-21 13:30:00+00:00,2023-10-05 13:30:00+00:00,111.3499984741211,106.02958967747652,11,1226.0748331985471,1165.1591609657894,-60.91567223275774,-0.049683486344665254,14,trailing_stop
ALRM,2023-08-16 13:30:00+00:00,2023-10-12 13:30:00+00:00,57.47999954223633,59.308066592439765,24,1380.8995090026854,1421.9702046203358,41.07069561765047,0.029741987269814144,57,trailing_stop
ALHC,2023-09-26 13:30:00+00:00,2023-10-12 13:30:00+00:00,6.860000133514404,6.691485052337347,195,1339.037726061344,1303.5347456205768,-35.50298044076726,-0.02651380147831682,16,trailing_stop
BBCP,2023-09-26 13:30:00+00:00,2023-10-18 13:30:00+00:00,8.779999732971191,8.436261087951031,152,1335.8945193710326,1281.0293736831882,-54.86514568784446,-0.04106996839366938,22,trailing_stop
BRZE,2023-09-22 13:30:00+00:00,2023-10-19 13:30:00+00:00,44.93999862670898,45.119998931884766,29,1304.5632201347348,1307.1714890556336,2.6082689208988086,0.001999342677029809,27,trend_broken
CASY,2023-09-28 13:30:00+00:00,2023-10-19 13:30:00+00:00,274.1199951171875,265.99072159043845,4,1097.5764604492185,1062.8989234753922,-34.67753697382636,-0.03159464349265787,21,trailing_stop
AKAM,2023-08-28 13:30:00+00:00,2023-10-20 13:30:00+00:00,103.22000122070312,105.07297251555542,13,1343.2018758850097,1364.5826940595182,21.380818174508477,0.015917799519466178,53,trailing_stop
CECO,2023-10-02 13:30:00+00:00,2023-10-23 13:30:00+00:00,15.880000114440918,15.576255442233442,83,1319.3580495080946,1291.5363725036702,-27.821677004424373,-0.02108728333055407,21,trailing_stop
AMCX,2023-10-12 13:30:00+00:00,2023-10-23 13:30:00+00:00,11.760000228881836,11.90812607466504,113,1330.208905889511,1344.2726281907123,14.063722301201324,0.010572566638919704,11,trailing_stop
CCC,2023-10-03 13:30:00+00:00,2023-10-24 13:30:00+00:00,12.640000343322754,12.222060524426304,102,1290.5693150539396,1245.4035233179916,-45.165791735948005,-0.0349967965370851,21,trailing_stop
CNXC,2023-10-05 13:30:00+00:00,2023-10-24 13:30:00+00:00,78.19000244140625,76.86521727525749,16,1252.2910791015624,1228.6136329277158,-23.677446173846647,-0.018907302438689957,19,trailing_stop
ACHC,2023-10-12 13:30:00+00:00,2023-10-25 13:30:00+00:00,75.0,74.94057390982103,17,1276.2749999999999,1272.7157667104905,-3.559233289509393,-0.0027887667544294085,13,trailing_stop
COIN,2023-10-23 13:30:00+00:00,2023-10-26 13:30:00+00:00,77.20999908447266,76.73118418356542,16,1236.5953453369139,1226.4712479901095,-10.12409734680432,-0.008187073794981802,3,trailing_stop
AXON,2023-10-23 13:30:00+00:00,2023-10-27 13:30:00+00:00,210.0800018310547,201.20406372555416,6,1261.7404909973143,1206.0171579709715,-55.72333302634274,-0.04416386208093987,4,trailing_stop
AVAV,2023-10-18 13:30:00+00:00,2023-10-30 13:30:00+00:00,116.23999786376952,113.77165182002301,11,1279.918616477966,1250.2366818502328,-29.6819346277332,-0.02319048589933857,12,trailing_stop
APPF,2023-10-27 13:30:00+00:00,2023-10-30 13:30:00+00:00,187.94000244140625,188.72832450441115,6,1128.7676546630858,1131.2375770794404,2.4699224163546205,0.002188158392164278,3,trailing_stop
CLPT,2023-10-24 13:30:00+00:00,2023-11-09 14:30:00+00:00,5.349999904632568,5.470249152074309,249,1333.4821262297628,1360.7299468276365,27.24782059787367,0.020433585169163933,16,trailing_stop
CLSK,2023-10-26 13:30:00+00:00,2023-11-09 14:30:00+00:00,4.360000133514404,3.697172516074012,305,1331.129840762615,1126.509979785171,-204.61986097744398,-0.15371893463091144,14,trailing_stop
AFRM,2023-11-09 14:30:00+00:00,2023-11-10 14:30:00+00:00,24.86000061035156,22.480383030518162,53,1318.8976123809812,1190.268840316845,-128.62877206413623,-0.0975274887577703,1,trailing_stop
AGYS,2023-10-30 13:30:00+00:00,2023-11-29 14:30:00+00:00,82.61000061035156,85.03493287666576,15,1240.3891591644285,1274.2484691568363,33.859309992407816,0.027297328215297113,30,trailing_stop
ARCB,2023-10-30 13:30:00+00:00,2023-12-05 14:30:00+00:00,110.88999938964844,115.51802421026257,11,1221.0097832794188,1269.4275680465755,48.41778476715672,0.03965388765118246,36,trailing_stop
BYRN,2023-10-19 13:30:00+00:00,2023-12-11 14:30:00+00:00,4.039999961853027,5.521880166974464,329,1330.4891474370954,1814.881876359664,484.3927289225685,0.36407116123844235,53,trailing_stop
APLS,2023-10-23 13:30:00+00:00,2023-12-14 14:30:00+00:00,45.400001525878906,58.77471881966455,28,1272.471242767334,1644.046434823657,371.575192056323,0.2920106793519608,52,trailing_stop
AAPL,2023-11-10 14:30:00+00:00,2023-12-29 14:30:00+00:00,186.3999938964844,193.20171998378902,7,1306.104757232666,1351.0596278466367,44.95487061397057,0.03441903902809415,49,trailing_stop
AAL,2023-12-11 14:30:00+00:00,2023-12-29 14:30:00+00:00,13.720000267028809,13.771966095376168,106,1455.7743483333586,1458.368577703764,2.594229370405401,0.0017820271207384586,18,trailing_stop
AVPT,2023-09-21 13:30:00+00:00,2024-01-02 14:30:00+00:00,6.599999904632568,8.080649835860266,201,1327.9265808119771,1622.5864063909055,294.65982557892835,0.22189466634424543,103,trailing_stop
CAKE,2023-10-20 13:30:00+00:00,2024-01-03 14:30:00+00:00,30.809999465942383,34.12360086980505,42,1295.3139975471495,1431.7580452952802,136.44404774813074,0.10533665814351255,75,trailing_stop
CELC,2023-10-25 13:30:00+00:00,2024-01-03 14:30:00+00:00,10.050000190734863,14.154335609094426,132,1327.926625202179,1866.5039281000636,538.5773028978847,0.4055776069825285,70,trailing_stop
ALKT,2023-11-09 14:30:00+00:00,2024-01-03 14:30:00+00:00,20.520000457763672,22.943605055879758,64,1314.5933093261717,1466.9223328527282,152.3290235265565,0.11587539845660452,55,trailing_stop
AAON,2023-12-14 14:30:00+00:00,2024-01-12 14:30:00+00:00,71.2300033569336,71.17278834836176,21,1497.325900566101,1493.1339267602814,-4.1919738058195435,-0.0027996402147552947,29,trailing_stop
AAOI,2023-12-29 14:30:00+00:00,2024-01-12 14:30:00+00:00,19.31999969482422,18.085808371970025,80,1547.1455755615232,1445.4178050878443,-101.7277704736789,-0.06575190601360036,14,trailing_stop
ADTN,2024-01-03 14:30:00+00:00,2024-01-30 14:30:00+00:00,7.139999866485596,6.759363288943187,216,1543.7822111320495,1458.5624479413166,-85.21976319073292,-0.05520193365114733,27,trailing_stop
AFRM,2024-01-03 14:30:00+00:00,2024-01-31 14:30:00+00:00,43.4900016784668,40.66332281521333,35,1523.672208805084,1421.793082233934,-101.87912657114998,-0.06686420214427032,28,trailing_stop
ACAD,2024-01-12 14:30:00+00:00,2024-01-31 14:30:00+00:00,28.729999542236328,26.396624230732193,54,1552.9713952560423,1423.992290751079,-128.9791045049633,-0.0830531102497855,19,trailing_stop
ABVX,2024-01-02 14:30:00+00:00,2024-02-05 14:30:00+00:00,10.800000190734863,12.303156439279535,143,1545.9444273023603,1757.5920194461564,211.64759214379615,0.13690504548932372,34,trailing_stop
ACHC,2024-01-31 14:30:00+00:00,2024-02-05 14:30:00+00:00,82.13999938964844,80.0864621878379,19,1562.2206483917234,1520.1211387873511,-42.099509604372315,-0.026948504135899727,5,trailing_stop
ACIC,2023-12-05 14:30:00+00:00,2024-02-07 14:30:00+00:00,8.640000343322754,11.040456828841865,173,1496.2147794542311,1908.089032358253,411.8742529040219,0.2752774926165746,64,trailing_stop
AEIS,2024-01-03 14:30:00+00:00,2024-02-07 14:30:00+00:00,102.0500030517578,102.53030697620403,15,1532.280795822143,1536.4166500384174,4.135854216274311,0.0026991490251336236,35,trailing_stop
ABL,2023-11-29 14:30:00+00:00,2024-02-09 14:30:00+00:00,7.059999942779541,11.756615742714404,205,1448.7472882580755,2407.696121029196,958.9488327711206,0.6619158776297888,72,trailing_stop
AAOI,2024-02-05 14:30:00+00:00,2024-02-21 14:30:00+00:00,19.739999771118164,19.655667514048652,81,1600.5389214420318,1590.5169595693028,-10.02196187272898,-0.006261617095633968,16,trailing_stop
AAL,2024-01-30 14:30:00+00:00,2024-03-04 14:30:00+00:00,14.529999732971191,14.92988747538258,113,1643.5318597955702,1685.3902074335133,41.8583476379431,0.025468534356948593,34,trailing_stop
ADP,2024-02-05 14:30:00+00:00,2024-03-04 14:30:00+00:00,248.27999877929688,249.4949953737159,6,1491.1696726684568,1495.473002270053,4.3033296015962605,0.0028858752162625647,28,trailing_stop
ALGM,2024-02-07 14:30:00+00:00,2024-03-05 14:30:00+00:00,29.84000015258789,29.975801064848564,53,1583.1015280952452,1587.1287389805368,4.027210885291652,0.002543874043338906,27,trailing_stop
AAON,2024-02-09 14:30:00+00:00,2024-03-05 14:30:00+00:00,81.4000015258789,82.45480292031323,19,1548.1466290206909,1565.0746142304652,16.927985209774306,0.010934355242876717,25,trailing_stop
AEP,2024-02-21 14:30:00+00:00,2024-03-14 13:30:00+00:00,82.55999755859375,82.17801576997348,19,1570.2085935668943,1559.8209173298667,-10.387676237027563,-0.00661547534485903,21,trailing_stop
ADUS,2024-03-04 14:30:00+00:00,2024-03-15 13:30:00+00:00,95.75,97.71668834498394,17,1629.3777499999999,1659.5225181628623,30.14476816286242,0.018500785445770586,10,trailing_stop
AHCO,2024-03-04 14:30:00+00:00,2024-03-18 13:30:00+00:00,10.579999923706056,10.106223717312234,159,1683.902207857132,1605.2826814815928,-78.61952637553918,-0.046688890844550475,13,trailing_stop
AGIO,2024-03-05 14:30:00+00:00,2024-03-18 13:30:00+00:00,31.3700008392334,29.398921283309544,55,1727.0753962039946,1615.323729911443,-111.75166629255159,-0.06470572537723303,12,trailing_stop
AKRO,2024-03-14 13:30:00+00:00,2024-04-01 13:30:00+00:00,27.3700008392334,24.06999969482422,65,1780.829104604721,1562.9854301834107,-217.8436744213102,-0.12232710811948659,18,trend_broken
ALGN,2024-02-07 14:30:00+00:00,2024-04-02 13:30:00+00:00,284.7300109863281,313.20562382317894,5,1425.073704986572,1564.462090996779,139.3883860102069,0.09781135215846277,54,trailing_stop
APGE,2024-02-09 14:30:00+00:00,2024-04-02 13:30:00+00:00,35.849998474121094,61.904544413240316,45,1614.8631812667845,2782.9187940972183,1168.0556128304338,0.7233155269006436,52,trailing_stop
ABNB,2023-12-29 14:30:00+00:00,2024-04-03 13:30:00+00:00,136.13999938964844,160.08981140163561,11,1499.0375332794188,1759.2269374925738,260.18940421315506,0.1735709736659783,95,trailing_stop
ADMA,2024-01-12 14:30:00+00:00,2024-04-09 13:30:00+00:00,4.989999771118164,6.2061263657902455,312,1558.4368085174558,1934.37511470043,375.9383061829742,0.2412278150312717,87,trailing_stop
ACGL,2024-01-31 14:30:00+00:00,2024-04-12 13:30:00+00:00,82.43000030517578,91.12011143185332,19,1567.736175804138,1729.550835088008,161.81465928387001,0.10321549108916271,71,trailing_stop
ANIP,2024-03-18 13:30:00+00:00,2024-04-12 13:30:00+00:00,67.62000274658203,66.94046485341144,26,1759.8781914825438,1738.7116341025087,-21.1665573800351,-0.012027285457866901,25,trailing_stop
AOUT,2024-04-02 13:30:00+00:00,2024-04-15 13:30:00+00:00,8.65999984741211,8.172795419265716,202,1751.0692891464232,1649.253770016983,-101.81551912944019,-0.05814476889093933,13,trailing_stop
APP,2024-04-03 13:30:00+00:00,2024-04-15 13:30:00+00:00,72.86000061035156,71.46047464112675,24,1750.3886546630858,1713.336339995655,-37.05231466743089,-0.021168050060609372,12,trailing_stop
AMRK,2024-04-09 13:30:00+00:00,2024-04-16 13:30:00+00:00,37.7400016784668,37.7046440454617,46,1737.776117286682,1732.6792124651467,-5.09690482153519,-0.002933004298328926,7,trailing_stop
ALLT,2024-03-15 13:30:00+00:00,2024-04-17 13:30:00+00:00,2.2300000190734863,2.0799999237060547,809,1805.8740854458806,1681.03721833992,-124.83686710596066,-0.06912822334184929,33,trend_broken
AMAT,2024-03-18 13:30:00+00:00,2024-04-17 13:30:00+00:00,200.72999572753903,200.98462246850232,8,1607.4458057861325,1606.2691027682706,-1.1767030178618825,-0.0007320327774822914,30,trailing_stop
ABL,2024-04-01 13:30:00+00:00,2024-04-17 13:30:00+00:00,12.210000038146973,11.789999961853027,146,1784.4426655750274,1719.6186544361115,-64.82401113891592,-0.036327315183324604,16,trend_broken
ANGO,2024-04-12 13:30:00+00:00,2024-04-23 13:30:00+00:00,6.369999885559082,6.047377080753959,275,1753.5017184972762,1661.3656685101314,-92.13604998714482,-0.0525440317595491,11,trailing_stop
ARLP,2024-04-12 13:30:00+00:00,2024-04-29 13:30:00+00:00,21.059999465942383,22.466779699540975,83,1749.7279356288907,1862.877972346839,113.1500367179483,0.0646672173507247,17,trailing_stop
BLBD,2024-04-17 13:30:00+00:00,2024-05-01 13:30:00+00:00,34.220001220703125,32.95212090109817,50,1712.7110610961913,1645.9584390098535,-66.75262208633785,-0.0389748297903874,14,trailing_stop
ABVX,2024-04-09 13:30:00+00:00,2024-05-03 13:30:00+00:00,14.885000228881836,14.580203779999414,118,1758.1864570350644,1718.7435819938908,-39.44287504117369,-0.022433840781420068,24,trailing_stop
AVDL,2024-04-15 13:30:00+00:00,2024-05-08 13:30:00+00:00,17.0,16.86471353585559,101,1718.7169999999999,1701.6327310542931,-17.084268945706754,-0.009940129146163537,23,trailing_stop
BYRN,2024-04-16 13:30:00+00:00,2024-05-13 13:30:00+00:00,13.010000228881836,13.199999809265137,133,1732.0603604717253,1753.8443746576309,21.784014185905562,0.012576937087788733,27,trend_broken
AZN,2024-04-29 13:30:00+00:00,2024-05-28 13:30:00+00:00,75.4800033569336,76.93131963292869,23,1737.776117286682,1767.6509312058026,29.874813919120697,0.017191405510720476,29,trailing_stop
CEG,2024-04-17 13:30:00+00:00,2024-06-03 13:30:00+00:00,185.3999938964844,217.01574778372986,9,1670.2685450134277,1951.1885883235152,280.9200433100875,0.16818854916999537,47,trailing_stop
APOG,2024-04-23 13:30:00+00:00,2024-06-03 13:30:00+00:00,61.63999938964844,64.66725938996207,28,1727.6459028930662,1808.872579656019,81.22667676295282,0.04701581303607004,41,trailing_stop
ACIC,2024-05-28 13:30:00+00:00,2024-06-07 13:30:00+00:00,11.979999542236328,11.270440187345171,155,1858.7568289756773,1745.171310809463,-113.58551816621434,-0.06110832594966658,10,trailing_stop
BLKB,2024-04-15 13:30:00+00:00,2024-06-10 13:30:00+00:00,79.12999725341797,76.21535471151098,21,1663.391672264099,1598.9219264927888,-64.46974577131027,-0.038758006816012436,56,trailing_stop
ACGL,2024-05-01 13:30:00+00:00,2024-06-12 13:30:00+00:00,95.8000030517578,99.45793824809718,18,1726.124454986572,1788.4526455772834,62.32819059071153,0.03610874662638182,42,trailing_stop
ADEA,2024-05-08 13:30:00+00:00,2024-06-13 13:30:00+00:00,11.1899995803833,11.208026768874042,159,1780.9891432142256,1780.2941799947216,-0.6949632195039612,-0.0003902119348407324,36,trailing_stop
ADPT,2024-06-03 13:30:00+00:00,2024-06-14 13:30:00+00:00,3.309999942779541,3.307205843728302,561,1858.7668778672216,1853.487135853246,-5.279742013975692,-0.0028404541079587943,11,trailing_stop
AVAV,2024-04-02 13:30:00+00:00,2024-06-20 13:30:00+00:00,145.85000610351562,206.47449442842316,12,1751.9502733154295,2475.2162392079367,723.2659658925072,0.4128347573038033,79,trailing_stop
AAPL,2024-05-03 13:30:00+00:00,2024-06-21 13:30:00+00:00,183.3800048828125,208.79357787027476,9,1652.0704639892576,1877.2630586316402,225.19259464238257,0.13630931582579692,49,trailing_stop
ADI,2024-06-03 13:30:00+00:00,2024-06-26 13:30:00+00:00,232.2100067138672,228.30396280431017,8,1859.5377337646482,1824.6052707320468,-34.93246303260139,-0.018785562883889616,23,trailing_stop
AGIO,2024-06-20 13:30:00+00:00,2024-07-08 13:30:00+00:00,42.45000076293945,41.8338656512281,44,1869.6678336029051,1838.8493985653824,-30.818435037522704,-0.016483374470926564,18,trailing_stop
ACLS,2024-06-12 13:30:00+00:00,2024-07-17 13:30:00+00:00,136.57000732421875,144.10829868076638,13,1777.1855053100585,1871.534474967113,94.34896965705457,0.05308898219974728,35,trailing_stop
ADSK,2024-06-20 13:30:00+00:00,2024-07-18 13:30:00+00:00,243.50999450683597,242.9247583650656,7,1706.2745315093994,1698.7728352469037,-7.5016962624956705,-0.00439653533119289,28,trailing_stop
AAON,2024-06-26 13:30:00+00:00,2024-07-18 13:30:00+00:00,84.9000015258789,87.95693031577491,22,1869.6678336029051,1933.117414480101,63.449580877195785,0.03393628522502126,22,trailing_stop
AAPL,2024-07-08 13:30:00+00:00,2024-07-18 13:30:00+00:00,227.82000732421875,224.94381871686005,8,1824.3826186523436,1797.7509991851455,-26.631619467198107,-0.014597606442266296,10,trailing_stop
ADBE,2024-06-21 13:30:00+00:00,2024-07-23 13:30:00+00:00,533.4400024414062,551.1211658606277,3,1601.9203273315427,1651.7101340843012,49.78980675275852,0.031081325271461978,32,trailing_stop
ADMA,2024-05-13 13:30:00+00:00,2024-07-29 13:30:00+00:00,8.789999961853027,12.952824290292725,204,1794.9531522102354,2639.733779064496,844.7806268542606,0.4706421589967575,77,trailing_stop
ARLP,2024-06-13 13:30:00+00:00,2024-07-29 13:30:00+00:00,23.739999771118164,24.785023568821988,79,1877.335441900253,1956.058845075,78.72340317474686,0.04193358385385962,46,trailing_stop
ACLX,2024-06-14 13:30:00+00:00,2024-08-01 13:30:00+00:00,54.40999984741211,61.05697292660562,34,1851.7899348068236,2073.8611424250867,222.0712076182631,0.11992246174587252,48,trailing_stop
ADTN,2024-07-18 13:30:00+00:00,2024-08-02 13:30:00+00:00,6.199999809265137,6.257095234840612,323,2004.6025383310316,2019.0207190926644,14.418180761632811,0.007192538413942612,15,trailing_stop
ADUS,2024-06-07 13:30:00+00:00,2024-08-05 13:30:00+00:00,114.54000091552734,118.08291617629344,16,1834.4726546630857,1887.4373321618743,52.96467749878866,0.028871881717155393,59,trailing_stop
AGYS,2024-06-10 13:30:00+00:00,2024-08-05 13:30:00+00:00,91.88999938964844,104.18248920321943,20,1839.6377877807615,2081.5661342803246,241.92834649956308,0.13150868508273697,56,trailing_stop
ARGX,2024-07-29 13:30:00+00:00,2024-08-05 13:30:00+00:00,499.0499877929688,488.994594154091,4,1998.1961511230468,1954.0223982397476,-44.17375288329913,-0.02210681511846179,7,trailing_stop
AEP,2024-08-05 13:30:00+00:00,2024-08-06 13:30:00+00:00,98.05999755859376,98.89532876055442,20,1963.161151123047,1975.9286686358773,12.767517512830409,0.0065035504118073125,1,trailing_stop
ACAD,2024-07-17 13:30:00+00:00,2024-08-07 13:30:00+00:00,18.350000381469727,17.87202820005213,110,2020.5185420036314,1963.9571789037288,-56.561363099902564,-0.027993488762451016,21,trailing_stop
ATGL,2024-07-29 13:30:00+00:00,2024-08-13 13:30:00+00:00,3.450000047683716,2.990000009536743,589,2034.082078113794,1759.3488956115245,-274.7331825022695,-0.13506494426076937,15,trend_broken
ANGO,2024-07-23 13:30:00+00:00,2024-08-14 13:30:00+00:00,7.480000019073486,7.202394177671923,269,2014.1321251358984,1935.5065897599536,-78.62553537594476,-0.03903693029603989,22,trailing_stop
ALHC,2024-08-05 13:30:00+00:00,2024-08-20 13:30:00+00:00,8.829999923706055,8.489999771118164,222,1962.2202430458067,1882.8951692390442,-79.32507380676248,-0.04042618257960286,15,trend_broken
ALNY,2024-08-05 13:30:00+00:00,2024-08-30 13:30:00+00:00,265.0,264.07632893631575,7,1856.8549999999998,1846.6857682516559,-10.169231748343918,-0.005476589043486928,25,trailing_stop
ADMA,2024-08-14 13:30:00+00:00,2024-09-03 13:30:00+00:00,17.56999969482422,16.624021076668456,110,1934.6326663970945,1826.8136761150965,-107.81899028199791,-0.055730988189500286,20,trailing_stop
ADSK,2024-08-30 13:30:00+00:00,2024-09-03 13:30:00+00:00,258.3999938964844,260.86564818118023,7,1810.6087572326658,1824.2334777309934,13.624720498327633,0.007524939026116086,4,trailing_stop
ADAM,2024-08-07 13:30:00+00:00,2024-09-04 13:30:00+00:00,6.239999771118164,6.4259010650662365,310,1936.3343289756772,1990.0373008403628,53.70297186468565,0.027734348898877693,28,trailing_stop
ADPT,2024-07-18 13:30:00+00:00,2024-09-06 13:30:00+00:00,4.230000019073486,4.294192692982645,474,2007.0250290498732,2033.4118891373002,26.386860087427067,0.013147250136645592,50,trailing_stop
ACHC,2024-08-02 13:30:00+00:00,2024-09-10 13:30:00+00:00,72.37000274658203,76.3541911812407,27,1955.9440642318723,2059.501598731605,103.55753449973281,0.05294503886561877,39,trailing_stop
ADBE,2024-08-26 13:30:00+00:00,2024-09-13 13:30:00+00:00,559.4400024414062,554.2212370574503,3,1679.998327331543,1661.0010474611784,-18.997279870364537,-0.011307915943308839,18,trailing_stop
AMRK,2024-09-10 13:30:00+00:00,2024-09-18 13:30:00+00:00,43.75,43.33282480264573,44,1926.9249999999997,1904.7376470250956,-22.187352974904115,-0.011514383266034807,8,trailing_stop
ABL,2024-08-14 13:30:00+00:00,2024-09-19 13:30:00+00:00,10.449999809265137,9.890000343322754,186,1945.6436644878386,1837.7005237941742,-107.94314069366442,-0.055479398753151866,36,trend_broken
AGNC,2024-08-06 13:30:00+00:00,2024-09-23 13:30:00+00:00,9.989999771118164,10.477674113176167,199,1989.997964406967,2082.972091373535,92.97412696656806,0.046720714608507144,48,trailing_stop
ALLT,2024-09-06 13:30:00+00:00,2024-09-23 13:30:00+00:00,3.049999952316284,3.0,644,1966.1641692609785,1930.068,-36.09616926097851,-0.018358675142852374,17,trend_broken
AEP,2024-09-18 13:30:00+00:00,2024-09-26 13:30:00+00:00,103.22000122070312,100.75091359711908,19,1963.1412032165524,1912.353090986917,-50.78811222963532,-0.025870840134382796,8,trailing_stop
AAL,2024-09-04 13:30:00+00:00,2024-10-01 13:30:00+00:00,10.630000114440918,10.996655946039969,186,1979.1572013072966,2043.3326279574708,64.17542665017413,0.03242563380401729,27,trailing_stop
ACGL,2024-09-06 13:30:00+00:00,2024-10-07 13:30:00+00:00,110.4499969482422,110.2147101779121,17,1879.5275980682372,1871.7764229514812,-7.7511751167560305,-0.004124001756996079,31,trailing_stop
ADPT,2024-10-01 13:30:00+00:00,2024-10-16 13:30:00+00:00,5.019999980926514,4.950971200242719,395,1984.8828924584386,1953.6779904717782,-31.20490198666039,-0.01572128114218899,15,trailing_stop
AAON,2024-09-23 13:30:00+00:00,2024-10-22 13:30:00+00:00,107.81999969482422,107.65079850653709,18,1942.7007545013425,1935.7766587445499,-6.924095756792667,-0.0035641597094916255,29,trailing_stop
ACT,2024-08-02 13:30:00+00:00,2024-10-23 13:30:00+00:00,33.029998779296875,35.994943805584974,60,1983.78172668457,2157.5369317067634,173.75520502219342,0.08758786447367113,82,trailing_stop
AKRO,2024-09-03 13:30:00+00:00,2024-10-23 13:30:00+00:00,25.989999771118164,28.927011205724234,76,1977.2152225875852,2196.254398783407,219.0391761958217,0.11078165578209778,50,trailing_stop
AMBA,2024-09-25 13:30:00+00:00,2024-10-31 13:30:00+00:00,53.900001525878906,56.257070376486475,36,1942.340454986572,2023.2292790199594,80.88882403338744,0.04164502872074847,36,trailing_stop
ABNB,2024-09-23 13:30:00+00:00,2024-11-08 14:30:00+00:00,129.02999877929688,139.92122810957878,15,1937.3854316711424,2096.719603222038,159.3341715508957,0.0822418548969153,46,trailing_stop
ALVO,2024-10-23 13:30:00+00:00,2024-11-11 14:30:00+00:00,12.899999618530272,12.301708243466152,161,2078.976838521957,1978.5944521708525,-100.38238635110429,-0.04828451404127758,19,trailing_stop
ALMS,2024-10-23 13:30:00+00:00,2024-11-12 14:30:00+00:00,12.039999961853027,11.350000381469728,172,2072.9508734321594,1950.2478655471805,-122.70300788497889,-0.05919243405986801,20,trend_broken
ADP,2024-08-01 13:30:00+00:00,2024-11-15 14:30:00+00:00,261.29998779296875,299.10752532174547,7,1830.9290144653319,2091.658924574966,260.72991010963415,0.14240306863331484,106,trailing_stop
ADSK,2024-09-18 13:30:00+00:00,2024-11-15 14:30:00+00:00,264.2099914550781,300.8007047421211,7,1851.3194101257322,2103.4993282616533,252.17991813592107,0.13621632050991908,58,trailing_stop
AAOI,2024-10-22 13:30:00+00:00,2024-12-05 14:30:00+00:00,17.6299991607666,36.460778260186636,119,2100.0678700313565,4334.493780349248,2234.425910317891,1.0639779514766485,44,trailing_stop
ADMA,2024-11-15 14:30:00+00:00,2024-12-05 14:30:00+00:00,19.040000915527344,19.64979698138742,119,2268.0258690567016,2335.987514944318,67.96164588761621,0.02996511054606368,20,trailing_stop
AAON,2024-11-15 14:30:00+00:00,2024-12-09 14:30:00+00:00,133.4600067138672,131.50639329588694,17,2271.0889342498776,2233.373077344048,-37.715856905829696,-0.01660694847174135,24,trailing_stop
AAL,2024-10-16 13:30:00+00:00,2024-12-16 14:30:00+00:00,12.890000343322754,16.660894685808977,163,2103.1711260175703,2713.0101079530764,609.8389819355061,0.2899616557071407,61,trailing_stop
ACIC,2024-10-31 13:30:00+00:00,2024-12-17 14:30:00+00:00,12.149999618530272,13.839436183820602,170,2067.565435085296,2350.351447098253,282.78601201295714,0.13677246060233686,47,trailing_stop
AIP,2024-11-08 14:30:00+00:00,2024-12-18 14:30:00+00:00,8.3100004196167,9.357709812497367,287,2387.3550905504226,2682.9770534705576,295.62196292013505,0.12382823321518426,40,trailing_stop
ADAM,2024-11-11 14:30:00+00:00,2024-12-18 14:30:00+00:00,6.03000020980835,6.18066070651886,394,2378.195902747154,2432.7451380500625,54.54923530290853,0.02293723374087745,37,trailing_stop
ADTN,2024-11-12 14:30:00+00:00,2024-12-18 14:30:00+00:00,8.069999694824219,8.316735211399276,290,2342.640211410522,2409.4413580944843,66.80114668396209,0.028515324870881726,36,trailing_stop
AFRM,2024-12-05 14:30:00+00:00,2024-12-18 14:30:00+00:00,68.3499984741211,63.363817767669225,38,2599.897241958618,2405.417250096259,-194.47999186235893,-0.07480295325666353,13,trailing_stop
ALKS,2024-12-05 14:30:00+00:00,2024-12-18 14:30:00+00:00,31.190000534057617,30.103701933743935,84,2622.5800049057,2526.1822514720557,-96.39775343364454,-0.03675683992607528,13,trailing_stop
AOSL,2024-12-18 14:30:00+00:00,2024-12-30 14:30:00+00:00,42.459999084472656,36.94744181622404,61,2592.6500040969845,2251.540156838877,-341.1098472581075,-0.13156802758531824,12,trailing_stop
ALAB,2024-10-01 13:30:00+00:00,2024-12-30 14:30:00+00:00,50.68000030517578,136.4199981689453,39,1978.496531913757,5315.059548660278,3336.5630167465206,1.6864133764839786,90,end_of_period
AAPL,2024-12-09 14:30:00+00:00,2024-12-30 14:30:00+00:00,246.75,252.1999969482422,10,2469.9674999999997,2519.4779695129396,49.510469512939835,0.020044988249011308,21,end_of_period
AMZN,2024-12-16 14:30:00+00:00,2024-12-30 14:30:00+00:00,232.92999267578125,221.3000030517578,11,2564.792149353027,2431.8657335357666,-132.92641581726048,-0.05182736380832707,14,end_of_period
ALGM,2024-12-17 14:30:00+00:00,2024-12-30 14:30:00+00:00,22.06999969482422,21.57999992370605,123,2717.324572425842,2651.6856506252284,-65.63892180061339,-0.02415571642294297,13,end_of_period
ADPT,2024-12-18 14:30:00+00:00,2024-12-30 14:30:00+00:00,5.96999979019165,6.110000133514404,436,2605.522828432083,2661.296098154068,55.77326972198534,0.02140578816403917,12,end_of_period
AMBA,2024-12-18 14:30:00+00:00,2024-12-30 14:30:00+00:00,69.75,71.70999908447266,37,2583.3307499999996,2650.6166961593626,67.285946159363,0.02604619875304895,12,end_of_period
ANGO,2024-12-18 14:30:00+00:00,2024-12-30 14:30:00+00:00,8.930000305175781,9.050000190734863,291,2601.228718894958,2630.9165054483415,29.687786553383376,0.01141298584693283,12,end_of_period
AOUT,2024-12-18 14:30:00+00:00,2024-12-30 14:30:00+00:00,14.760000228881836,14.90999984741211,176,2600.357800323486,2621.5358131713865,21.17801284790039,0.008144268779191015,12,end_of_period
ADUS,2024-12-30 14:30:00+00:00,2024-12-30 14:30:00+00:00,126.27999877929688,126.27999877929688,21,2654.5318543395992,2649.228094390869,-5.303759948730203,-0.0019980019980018983,0,end_of_period
