ticker,Total_Profit,Avg_Profit,Trades,Avg_Return,Avg_Hold_Days,Win_Rate
ALAB,3336.56,3336.56,1,1.69,90.0,1.0
AAOI,2146.54,536.63,4,0.25,25.75,0.5
ACIC,1718.6,245.51,7,0.19,33.86,0.8571428571428571
ADMA,1180.86,295.22,4,0.17,51.0,0.75
APGE,1168.06,1168.06,1,0.72,52.0,1.0
AMRX,760.52,760.52,1,0.73,90.0,1.0
AAL,718.47,179.62,4,0.09,35.0,1.0
ABL,702.46,175.62,4,0.13,31.25,0.25
AVAV,670.18,167.54,4,0.09,32.0,0.5
CELC,538.58,538.58,1,0.41,70.0,1.0
BYRN,506.18,253.09,2,0.19,40.0,1.0
AAPL,444.6,88.92,5,0.07,50.0,0.8
AMPH,437.56,437.56,1,0.41,76.0,1.0
ABNB,419.52,209.76,2,0.13,70.5,1.0
APLS,389.39,194.69,2,0.15,36.5,1.0
ADEA,304.65,152.33,2,0.14,60.0,0.5
AIP,295.62,295.62,1,0.12,40.0,1.0
AVPT,294.66,294.66,1,0.22,103.0,1.0
CEG,280.92,280.92,1,0.17,47.0,1.0
AGYS,275.79,137.89,2,0.08,43.0,1.0
ADSK,258.3,86.1,3,0.05,30.0,0.6666666666666666
ADP,251.69,83.9,3,0.04,56.33,0.6666666666666666
ACLX,224.01,74.67,3,0.05,31.33,0.6666666666666666
ACGL,218.47,43.69,5,0.03,35.8,0.6
APPF,193.53,96.76,2,0.1,29.0,1.0
ARLP,191.87,95.94,2,0.05,31.5,1.0
ANGI,172.72,172.72,1,0.16,60.0,1.0
ABVX,172.2,86.1,2,0.06,29.0,0.5
ALKT,152.33,152.33,1,0.12,55.0,1.0
AMBA,148.17,74.09,2,0.03,24.0,1.0
ACLS,140.24,70.12,2,0.05,31.5,1.0
ALGN,137.84,68.92,2,0.05,35.0,0.5
CAKE,136.44,136.44,1,0.11,75.0,1.0
AKAM,131.13,65.57,2,0.05,37.5,1.0
ARDX,114.22,114.22,1,0.11,48.0,1.0
ADAM,108.25,54.13,2,0.03,32.5,1.0
ACT,103.25,34.42,3,0.01,43.33,0.3333333333333333
AGNC,92.97,92.97,1,0.05,48.0,1.0
APOG,81.23,81.23,1,0.05,41.0,1.0
ADUS,72.75,18.19,4,0.01,23.0,0.5
ADBE,69.27,17.32,4,0.01,30.0,0.5
AAON,60.91,10.15,6,0.01,27.5,0.5
AMAT,57.73,28.87,2,0.03,38.5,0.5
ANIP,50.96,16.99,3,0.02,30.33,0.3333333333333333
ARCB,48.42,48.42,1,0.04,36.0,1.0
ADPT,45.68,11.42,4,0.0,22.0,0.5
ALRM,41.07,41.07,1,0.03,57.0,1.0
AZN,29.87,29.87,1,0.02,29.0,1.0
CLPT,27.25,27.25,1,0.02,16.0,1.0
ATEC,26.62,26.62,1,0.03,40.0,1.0
ANDE,23.5,23.5,1,0.02,20.0,1.0
AEIS,21.08,10.54,2,0.01,28.0,1.0
CDNS,18.51,18.51,1,0.02,41.0,1.0
AMCX,14.06,14.06,1,0.01,11.0,1.0
ACHC,12.69,3.17,4,-0.0,19.5,0.25
ARRY,10.38,10.38,1,0.01,14.0,1.0
BRZE,2.61,2.61,1,0.0,27.0,1.0
CARG,0.29,0.29,1,0.0,21.0,1.0
ADTN,-4.0,-1.33,3,-0.01,26.0,0.6666666666666666
BLMN,-7.83,-7.83,1,-0.01,19.0,0.0
COIN,-10.12,-10.12,1,-0.01,3.0,0.0
ALNY,-10.17,-10.17,1,-0.01,25.0,0.0
AVGO,-14.67,-14.67,1,-0.02,28.0,0.0
AMRK,-22.73,-7.58,3,-0.0,14.67,0.3333333333333333
CNXC,-23.68,-23.68,1,-0.02,19.0,0.0
AFYA,-26.36,-26.36,1,-0.02,34.0,0.0
CECO,-27.82,-27.82,1,-0.02,21.0,0.0
AKRO,-32.25,-8.06,4,-0.01,27.75,0.25
CASY,-34.68,-34.68,1,-0.03,21.0,0.0
ADI,-34.93,-34.93,1,-0.02,23.0,0.0
APP,-37.05,-37.05,1,-0.02,12.0,0.0
AXON,-37.14,-18.57,2,-0.01,23.0,0.5
ALGT,-40.7,-40.7,1,-0.04,12.0,0.0
APLD,-44.46,-44.46,1,-0.04,29.0,0.0
CCC,-45.17,-45.17,1,-0.03,21.0,0.0
AEP,-48.41,-16.14,3,-0.01,10.0,0.3333333333333333
BBCP,-54.87,-54.87,1,-0.04,22.0,0.0
AMGN,-60.87,-30.43,2,-0.03,13.0,0.0
ALGM,-61.61,-30.81,2,-0.01,20.0,0.5
BLKB,-64.47,-64.47,1,-0.04,56.0,0.0
BLBD,-66.75,-66.75,1,-0.04,14.0,0.0
ARGX,-67.43,-33.71,2,-0.02,10.5,0.0
AHCO,-80.4,-40.2,2,-0.02,17.5,0.0
ASLE,-80.45,-80.45,1,-0.06,19.0,0.0
AOUT,-80.64,-40.32,2,-0.03,12.5,0.5
ASTS,-93.28,-93.28,1,-0.07,6.0,0.0
ALVO,-100.38,-100.38,1,-0.05,19.0,0.0
ALKS,-120.48,-60.24,2,-0.03,14.0,0.0
ALMS,-122.7,-122.7,1,-0.06,20.0,0.0
AMZN,-132.93,-132.93,1,-0.05,14.0,0.0
AVDL,-140.99,-70.49,2,-0.07,14.5,0.0
ANGO,-141.07,-47.02,3,-0.03,15.0,0.3333333333333333
AGIO,-142.57,-71.29,2,-0.04,15.0,0.0
ACAD,-147.77,-49.26,3,-0.03,21.67,0.3333333333333333
ALLT,-160.93,-80.47,2,-0.04,25.0,0.0
ALHC,-184.16,-61.39,3,-0.04,15.33,0.0
CLSK,-204.62,-204.62,1,-0.15,14.0,0.0
AOSL,-205.49,-102.75,2,-0.0,36.0,0.5
ATGL,-274.73,-274.73,1,-0.14,15.0,0.0
AFRM,-452.62,-90.52,5,-0.05,14.4,0.2
