Ticker,Entrada,Salida,Precio Entrada,Precio Salida,Stop,Resultado (R),Motivo
AAME,2021-03-02,2021-03-05,4.78000020980835,3.4315368391739627,3.4315368391739627,-1.0,stop_vol
AAME,2021-04-29,2021-07-16,4.300000190734863,4.090000152587891,3.0144333304248034,-0.16335209364087352,ema50_break
ABAT,2020-07-20,2020-07-30,1.8450000286102293,1.3136398233032192,1.3136398233032192,-1.0,stop_vol
ABAT,2020-11-06,2020-11-19,2.4749999046325684,2.0999999046325684,1.9250000229588213,-0.681818328503651,ema50_break
ABAT,2021-02-10,2021-02-23,58.34999847412109,41.18823443097088,41.18823443097088,-1.0,stop_vol
ABSI,2024-02-27,2024-04-19,5.0,4.769999980926514,3.509434087881625,-0.15430382326844772,ema50_break
ABTC,2020-06-05,2020-06-23,18800.0,16200.0,14971.774193548386,-0.6791657889193173,ema50_break
ABUS,2020-10-06,2020-10-20,3.259999990463257,2.880000114440918,2.5885050976347843,-0.5659013643747943,ema50_break
ACB,2021-01-28,2021-02-25,112.1999969482422,108.1999969482422,80.00262035986981,-0.12423372410547699,ema50_break
ACB,2024-05-10,2024-06-03,6.760000228881836,6.010000228881836,4.8030568676377206,-0.3832507444278775,ema50_break
ACFN,2021-02-23,2021-05-13,8.0,9.119999885559082,6.00000021287373,0.5600000023841857,ema50_break
ACIC,2023-03-21,2023-04-18,2.359999895095825,1.7700000385443273,1.7700000385443273,-1.0,stop_vol
ACIC,2023-06-08,2023-07-05,5.269999980926514,4.230000019073486,3.84730130725898,-0.7310050828767848,ema50_break
ACMR,2020-06-08,2020-09-03,20.663333892822266,28.003332138061523,15.223581636031318,1.3493258330057323,ema50_break
ACRS,2020-07-30,2020-09-08,2.130000114440918,2.0299999713897705,1.5317869981719685,-0.16716474502406029,ema50_break
ACRS,2021-02-08,2021-05-07,20.26000022888184,22.950000762939453,14.391720380075013,0.4583967710068497,ema50_break
ADVM,2020-04-30,2020-06-26,128.3000030517578,189.5,99.15024862304699,2.099503002603814,ema50_break
ADVM,2024-03-08,2024-03-19,19.5,14.772727841954381,14.772727841954381,-1.0,stop_vol
AEI,2024-07-18,2024-07-25,1.315000057220459,1.0800000429153442,1.0078465954827616,-0.7650899097005777,ema50_break
AEI,2024-10-21,2024-10-31,1.5399999618530271,1.3300000429153442,1.1028386120592761,-0.4803716500481094,ema50_break
AENT,2024-04-08,2024-07-11,2.0899999141693115,2.609999895095825,1.4707406034440234,0.8397128180720931,ema50_break
AENT,2024-10-29,2024-12-30,3.309999942779541,9.970000267028809,2.3438378780231215,6.893253799949525,timeout
AEVA,2024-03-05,2024-03-21,5.25,4.360000133514404,3.7009903954613415,-0.5745605862467614,ema50_break
AEYE,2020-05-05,2020-09-14,7.300000190734863,14.600000381469728,5.124697803131138,3.3558553662860713,ema50_break
AGAE,2021-04-05,2021-04-16,3.039999961853028,2.3399999141693115,2.160000324249268,-0.79545492721999,ema50_break
AGAE,2021-04-30,2021-05-03,2.74399995803833,2.509999990463257,2.019169510277463,-0.32283407560753236,ema50_break
AGEN,2024-07-16,2024-07-18,15.81999969482422,13.044560429531442,13.044560429531442,-1.0,stop_vol
AIFF,2021-04-05,2021-05-04,84.30000305175781,72.55087349834503,72.55087349834503,-1.0,stop_vol
AIHS,2020-11-16,2020-12-22,103.0,103.5,83.74766355140187,0.02597087378640777,ema50_break
AIHS,2021-02-19,2021-03-03,168.0,134.0,118.0,-0.68,ema50_break
AIHS,2024-03-14,2024-03-27,10.0,8.200000762939457,8.200000762939457,-1.0,stop_vol
AIRT,2021-02-23,2021-03-26,26.729999542236328,23.450000762939453,21.816396823030438,-0.6675343870346462,ema50_break
AKBA,2020-05-19,2020-07-31,12.0600004196167,11.170000076293944,8.820863087132885,-0.2747646215544345,ema50_break
AKBA,2023-06-14,2023-06-26,1.2400000095367432,0.9350820300208076,0.9350820300208076,-1.0,stop_vol
AKBA,2023-07-25,2023-08-21,1.2200000286102295,1.2300000190734863,0.8834483571058254,0.029713091064312174,ema50_break
ALAR,2024-05-13,2024-06-18,27.5,27.65999984741211,19.601640857634003,0.02025735276506818,ema50_break
ALGS,2023-02-02,2023-02-13,51.5,36.94920801233362,36.94920801233362,-1.0,stop_vol
ALT,2020-04-16,2020-08-26,3.5,18.420000076293945,2.5372492480421487,15.497261410549523,ema50_break
ALT,2022-08-24,2022-09-14,18.5,12.97174044860795,12.97174044860795,-1.0,stop_vol
ALTI,2023-03-28,2023-04-18,12.550000190734863,9.09000015258789,8.81170145889628,-0.9255547205681082,ema50_break
ALTO,2020-07-15,2020-10-28,0.75,6.179999828338623,0.6283784959331913,44.6467084090313,ema50_break
ALTS,2024-04-03,2024-05-14,2.509999990463257,2.950000047683716,1.7872759968610406,0.6088078728746797,ema50_break
AMSC,2023-08-30,2023-09-08,9.550000190734863,8.0600004196167,7.191711801311521,-0.6318140638781267,ema50_break
AMST,2023-07-13,2023-07-14,4.010000228881836,3.700000047683716,2.989273349397194,-0.3037053176797275,ema50_break
AMTX,2020-10-15,2020-11-12,3.4100000858306885,2.3972210911177405,2.3972210911177405,-1.0,stop_vol
AMTX,2021-02-08,2021-05-05,7.590000152587891,17.350000381469727,5.363857151448329,4.384264723284037,ema50_break
APLD,2024-09-17,2024-11-01,6.03000020980835,6.460000038146973,4.290196617129528,0.24715423634488587,ema50_break
APLD,2024-12-04,2024-12-19,9.800000190734863,8.045000076293945,7.359279552004274,-0.7190499750736273,ema50_break
APLT,2023-06-20,2023-06-27,1.5099999904632568,1.2899999618530271,1.121714385164029,-0.5665933158678114,ema50_break
APLT,2023-07-20,2023-08-14,1.4500000476837158,1.4199999570846558,1.1802797163218919,-0.11122665632060044,ema50_break
APLT,2024-02-05,2024-04-12,2.950000047683716,5.159999847412109,2.134471100454699,2.709897431890644,ema50_break
APPS,2021-04-09,2021-04-16,85.3499984741211,75.29000091552734,62.215870455836495,-0.434855273154994,ema50_break
APWC,2020-12-18,2021-03-04,2.0899999141693115,4.21999979019165,1.603009368137522,4.373801285011593,ema50_break
AQST,2020-06-23,2020-07-01,5.53000020980835,4.739999771118164,4.554728549180444,-0.8100311642210156,ema50_break
ARCT,2020-07-07,2020-08-12,47.790000915527344,47.27000045776367,35.18367939357729,-0.04124918255164683,ema50_break
AREC,2020-05-28,2020-08-26,1.0,1.2000000476837158,0.7111111140545505,0.6923078644205148,ema50_break
AREC,2020-12-16,2021-03-04,1.7400000095367432,3.880000114440918,1.2871108877039812,4.725218605922734,ema50_break
ASTS,2024-07-15,2024-10-03,12.600000381469728,23.21999931335449,9.07709017404881,3.0145528289406887,ema50_break
ATLX,2023-04-03,2023-05-04,17.200000762939453,16.93000030517578,12.218634579290374,-0.05420208991058034,ema50_break
ATLX,2023-06-12,2023-06-15,23.489999771118164,20.559999465942383,18.449227122989615,-0.5812601578576613,ema50_break
AUID,2023-07-26,2023-09-26,7.78000020980835,7.809999942779541,6.128651809064203,0.01816681020048382,ema50_break
AVAH,2023-07-14,2023-08-22,1.659999966621399,1.5700000524520874,1.1730665797551487,-0.1848300334230984,ema50_break
AVDL,2020-04-17,2020-05-13,10.020000457763672,7.769999980926514,7.333786972118375,-0.8376104464000377,ema50_break
AZ,2024-11-04,2024-12-30,5.099999904632568,6.489999771118164,3.7099441722901516,0.9999598103475126,timeout
BCAB,2024-03-06,2024-03-18,2.740000009536743,2.3399999141693115,2.2074909747360536,-0.7511611432417216,ema50_break
BCDA,2021-01-27,2021-02-26,57.29999923706055,58.20000076293945,41.078082222116436,0.055480589935813264,ema50_break
BCRX,2020-05-27,2020-06-19,5.099999904632568,3.890000104904175,3.6428569349347573,-0.830391955278986,ema50_break
BCRX,2020-07-07,2020-07-24,4.960000038146973,4.449999809265137,3.559303686495345,-0.36410477422923987,ema50_break
BCYC,2020-06-08,2020-07-01,17.209999084472656,15.242017459579543,15.242017459579543,-1.0,stop_vol
BDSX,2023-01-23,2023-02-03,46.20000076293945,38.59999847412109,32.83636459992578,-0.5687076628030905,ema50_break
BDSX,2023-02-27,2023-03-06,43.400001525878906,36.0,30.88828682123515,-0.5914458330105925,ema50_break
BEAM,2021-02-22,2021-02-25,104.36000061035156,88.5199966430664,74.30738261691388,-0.5270756767594755,ema50_break
BEAM,2021-03-18,2021-03-24,93.8499984741211,80.8499984741211,67.59200846161346,-0.49508739982792394,ema50_break
BEEM,2021-01-15,2021-02-18,65.25,49.66999816894531,46.18916586179928,-0.8173830021336825,ema50_break
BIAF,2024-03-26,2024-05-03,64.80000305175781,62.70000076293945,47.15493840905793,-0.11901357866020469,ema50_break
BITF,2021-04-06,2021-04-14,5.489999771118164,4.340000152587891,4.073431574580816,-0.8118208649194063,ema50_break
BLIN,2020-07-09,2020-08-17,1.8799999952316284,1.8600000143051147,1.3334883778014008,-0.03659571048197716,ema50_break
BLIN,2020-10-13,2020-11-03,2.3499999046325684,2.0,1.7624999910060821,-0.595744606109146,ema50_break
BLNE,2021-05-03,2021-05-05,370.0,342.0,273.0056624762756,-0.2886766456150217,ema50_break
BLNK,2020-10-08,2020-10-26,10.460000038146973,8.0,7.359287186589157,-0.7933659632207009,ema50_break
BLNK,2020-12-15,2021-02-23,26.200000762939453,38.790000915527344,18.555636001068038,1.6469648616696484,ema50_break
BMRA,2020-04-27,2020-05-28,64.95999908447266,51.84000015258789,50.294173836277565,-0.8945967042324762,ema50_break
BRFH,2020-05-27,2020-06-26,5.070000171661377,3.900000095367432,3.69972963765034,-0.8538460451814117,ema50_break
BRFH,2021-04-13,2021-05-07,6.110000133514404,5.460000038146973,4.689069700215301,-0.45744681100134316,ema50_break
BRFH,2022-04-05,2022-05-05,7.349999904632568,6.349999904632568,5.842809594674456,-0.6634862189551842,ema50_break
BRFH,2024-07-23,2024-09-12,3.910000085830689,3.0977781438341374,3.0977781438341374,-1.0,stop_vol
BRNS,2023-12-27,2024-01-19,3.5199999809265137,3.200000047683716,2.5584391003914497,-0.33279217127129046,ema50_break
BTAI,2020-05-22,2020-07-29,800.0,766.4000244140625,572.5119140548184,-0.1476999353453357,ema50_break
BTBT,2020-07-27,2020-10-28,1.9800000190734863,3.5999999046325684,1.4670468769110951,3.158182984765148,ema50_break
BTBT,2023-04-05,2023-08-14,1.5399999618530271,3.470000028610229,1.1061972977268018,4.449027694757591,ema50_break
BTCS,2024-02-20,2024-03-05,1.7300000190734863,1.5099999904632568,1.2188636657804988,-0.4304135818023565,ema50_break
BTDR,2023-08-31,2023-09-11,13.550000190734863,10.40999984741211,9.708096379728502,-0.8173032167872656,ema50_break
BVS,2023-07-26,2023-09-06,3.559999942779541,3.4200000762939453,2.5344043992125727,-0.13650592318165053,ema50_break
BWEN,2020-06-12,2020-08-17,2.869999885559082,3.930000066757202,2.0607538779017065,1.3098614897917553,ema50_break
BYRN,2020-05-13,2020-09-24,4.5,15.199999809265137,3.24418630182194,8.52037195070315,ema50_break
BZFD,2024-07-08,2024-08-02,2.819999933242798,2.4049999713897705,2.3072726726531982,-0.8093971078811123,ema50_break
CAPR,2024-10-30,2024-12-04,22.200000762939453,15.596133431566045,15.596133431566045,-1.0,stop_vol
CARV,2021-08-26,2021-09-14,17.229999542236328,14.789999961853027,12.814680854414922,-0.5526213967552223,ema50_break
CCCC,2024-03-11,2024-04-02,10.989999771118164,7.75328285541508,7.75328285541508,-1.0,stop_vol
CCLD,2020-04-23,2020-08-27,6.519999980926514,9.699999809265137,4.939944445308536,2.012587378515711,ema50_break
CDTX,2023-02-17,2023-03-24,32.0,24.143715857604438,24.143715857604438,-1.0,stop_vol
CELU,2024-04-04,2024-04-12,5.230000019073486,4.110000133514404,3.992129446969547,-0.9047794743641744,ema50_break
CETX,2023-04-20,2023-04-26,307755.0,260032.5,237270.17117117118,-0.6770605929382798,ema50_break
CHCI,2020-06-11,2020-08-24,2.289999961853028,2.720000028610229,1.6330329540979722,0.6545230760165098,ema50_break
CHRD,2020-12-02,2021-07-16,33.9900016784668,88.27999877929688,26.479865074001772,7.22889608539915,ema50_break
CIFR,2023-05-04,2023-05-08,2.4200000762939453,1.950000047683716,1.6950663096479743,-0.6483351310627509,ema50_break
CIFR,2023-05-23,2023-08-16,2.4800000190734863,3.299999952316284,1.963333368963665,1.5870966958453787,ema50_break
CLDX,2020-06-30,2020-12-09,12.460000038146973,17.270000457763672,9.147723316606367,1.4521734818640009,ema50_break
CLGN,2023-02-09,2023-03-09,11.760000228881836,9.090552131198839,9.090552131198839,-1.0,stop_vol
CLIR,2020-07-16,2020-10-30,2.059999942779541,2.240000009536743,1.6165918695202484,0.40594675111371537,ema50_break
CLIR,2023-06-27,2023-07-24,1.3300000429153442,1.25,1.0281558924772698,-0.2650375791587746,ema50_break
CLSD,2021-07-30,2021-10-01,78.5999984741211,85.5,59.46516702040328,0.3605990229163093,ema50_break
CLSK,2020-08-27,2020-09-03,11.350000381469728,8.052305648141525,8.052305648141525,-1.0,stop_vol
CMBM,2020-07-27,2021-05-10,12.850000381469728,49.09000015258789,9.209167348543817,9.95376592207919,ema50_break
CNET,2020-09-09,2020-09-24,30.0,23.42465613836377,23.42465613836377,-1.0,stop_vol
CNET,2020-10-19,2020-12-10,30.0,28.0,21.798558456052014,-0.24385956898953226,ema50_break
CNET,2021-01-25,2021-03-04,49.0,49.20000076293945,36.115533576212506,0.01552262673215623,ema50_break
CNTA,2023-09-15,2023-09-20,6.949999809265137,6.190000057220459,5.013279864038434,-0.39241592668976005,ema50_break
CNTB,2023-05-17,2023-06-13,1.190000057220459,1.0499999523162842,0.8688890093007879,-0.4359865716585284,ema50_break
CNTB,2024-03-25,2024-04-22,1.2200000286102295,1.350000023841858,0.9242422990124659,0.439548935571121,ema50_break
CNTB,2024-05-28,2024-06-18,1.690000057220459,1.4900000095367432,1.226457396207544,-0.4314598514982066,ema50_break
CNVS,2021-06-11,2021-06-18,31.200000762939453,27.600000381469727,22.906328267612572,-0.4340658958378412,ema50_break
CNVS,2024-12-04,2024-12-30,3.75,3.809999942779541,2.921158864659734,0.07239016045566937,timeout
CODX,2020-05-11,2020-08-12,16.049999237060547,19.56999969482422,11.569887772297982,0.78569483939173,ema50_break
COMM,2024-08-27,2024-11-07,4.320000171661377,5.199999809265137,3.039196293130259,0.6870682173550114,ema50_break
CPSH,2020-07-21,2020-08-14,2.4600000381469727,1.9700000286102293,1.7318397828674268,-0.6729288037681058,ema50_break
CPSH,2020-12-16,2021-03-23,2.25,13.920000076293944,1.66386568259236,19.91011228946314,ema50_break
CRDF,2020-07-16,2020-12-29,4.769999980926514,17.280000686645508,3.4527618548246375,9.497144409826673,ema50_break
CRDF,2024-04-03,2024-04-25,5.400000095367432,3.990000009536743,3.8284261789899827,-0.8971897987978856,ema50_break
CRIS,2021-02-23,2021-04-19,195.0,206.1999969482422,150.5833223130968,0.25215746722868115,ema50_break
CSTL,2020-05-22,2020-10-29,37.93999862670898,47.11000061035156,28.082673772539444,0.9302728802494301,ema50_break
CTSO,2020-04-21,2020-08-11,7.820000171661377,9.289999961853027,5.522814772473377,0.6399134308929789,ema50_break
CUE,2020-05-12,2020-06-26,27.56999969482422,23.479999542236328,20.504704379517044,-0.5788859446153344,ema50_break
CYCN,2020-08-25,2020-09-30,122.4000015258789,121.5999984741211,87.33406860351573,-0.022814252611759643,ema50_break
CYN,2023-04-12,2023-04-25,17250.0,15900.0,13382.661290322581,-0.34907725993118555,ema50_break
DARE,2021-02-17,2021-02-26,27.479999542236328,22.440000534057617,20.339528763831545,-0.7058356745078189,ema50_break
DAVE,2024-03-18,2024-06-03,34.209999084472656,37.91999816894531,25.942973841426507,0.44877074587298993,ema50_break
DERM,2023-09-01,2024-01-03,2.0480000972747803,4.980000019073486,1.541069375340956,5.783827641405908,ema50_break
DGXX,2024-02-07,2024-02-23,1.7300000190734863,1.6299999952316284,1.2693256490870874,-0.2170731222681443,ema50_break
DGXX,2024-02-27,2024-02-29,1.899999976158142,1.6299999952316284,1.340000033378601,-0.4821428723481252,ema50_break
DHC,2023-08-31,2023-09-06,2.9200000762939453,2.4100000858306885,2.2247621658592127,-0.7335618251086935,ema50_break
DLPN,2020-07-02,2020-07-30,9.5,8.699999809265137,7.5,-0.40000009536743164,ema50_break
DNTH,2024-03-06,2024-04-08,25.0,23.57999992370605,18.129171389170647,-0.2066708626752583,ema50_break
DOMH,2021-02-08,2021-02-23,27.200000762939453,19.428571973528186,19.428571973528186,-1.0,stop_vol
DRCT,2023-01-13,2023-03-13,2.799999952316284,3.950000047683716,2.1523806376869743,1.7757347092491813,ema50_break
DRCT,2024-01-10,2024-01-17,14.0,10.006039025648588,10.006039025648588,-1.0,stop_vol
DRCT,2024-03-13,2024-03-27,23.3799991607666,16.427120985899904,16.427120985899904,-1.0,stop_vol
DRIO,2020-09-04,2020-10-12,322.79998779296875,262.3999938964844,244.48864036752977,-0.7712802279898429,ema50_break
DTSS,2020-09-04,2020-11-06,46.34999847412109,32.87233575631258,32.87233575631258,-1.0,stop_vol
DTST,2021-05-25,2021-06-07,5.849999904632568,5.076610363998887,5.076610363998887,-1.0,stop_vol
DUOT,2023-04-12,2023-04-27,4.0,3.650000095367432,2.9134613885681953,-0.32212376159495115,ema50_break
DUOT,2023-06-09,2023-08-04,5.429999828338623,5.619999885559082,4.163310634695613,0.14999737755243414,ema50_break
DVAX,2020-07-15,2020-08-11,9.09000015258789,7.079999923706055,6.463999723222514,-0.765422658124847,ema50_break
DXLG,2021-02-19,2021-12-01,0.6600000262260437,6.789999961853027,0.4743750687921451,33.0235762494916,ema50_break
ECOR,2020-08-11,2020-08-27,32.70000076293945,25.335135557504252,25.335135557504252,-1.0,stop_vol
ECOR,2020-10-09,2020-10-21,29.399999618530277,25.049999237060547,20.724587684740108,-0.5014171562881942,ema50_break
EDRY,2020-12-03,2021-03-04,5.340000152587891,6.619999885559082,4.231697889662759,1.15491935349198,ema50_break
EDRY,2021-04-09,2021-04-15,9.029999732971191,7.739999771118164,6.830039112182858,-0.5863741149106428,ema50_break
EDRY,2021-06-18,2021-07-16,27.01000022888184,21.780000686645508,20.115685600054327,-0.7585960061015922,ema50_break
EDUC,2024-02-15,2024-04-18,1.840000033378601,1.919999957084656,1.3799999952316284,0.17391286319957755,ema50_break
EFOI,2020-08-28,2020-09-23,62.02000045776367,47.7400016784668,44.44766290407324,-0.8126408188817134,ema50_break
EKSO,2024-02-13,2024-02-20,32.849998474121094,28.5,23.670417775682143,-0.47387768755721493,ema50_break
ELUT,2024-08-27,2024-09-24,4.03000020980835,3.690000057220459,3.06673229451838,-0.3529653040354213,ema50_break
ENPH,2020-06-01,2020-06-11,58.18000030517578,47.65999984741211,40.98610487174584,-0.6118450876064842,ema50_break
ENTX,2021-06-07,2021-08-18,3.5799999237060547,4.730000019073486,2.5257667723631325,1.090840383744827,ema50_break
ENTX,2024-03-14,2024-06-07,1.4299999475479126,2.0,1.0244777167685148,1.4055950800935617,ema50_break
EOLS,2021-02-04,2021-04-19,6.920000076293945,10.619999885559082,4.860476179762219,1.7965316233989805,ema50_break
EOSE,2024-09-19,2024-11-06,2.5299999713897705,2.549999952316284,1.8347329759117126,0.028765900088155206,ema50_break
ERNA,2020-12-08,2021-02-26,1260.0,2172.0,928.7323943661972,2.7530612244897963,ema50_break
ESEA,2021-04-06,2021-07-15,8.803906440734863,15.557364463806152,6.4127227841886,2.8243159008646503,ema50_break
ESOA,2021-03-18,2021-05-17,2.0899999141693115,2.009999990463257,1.5200000405311522,-0.14035077445795946,ema50_break
ESPR,2024-02-14,2024-03-07,2.569999933242798,2.2799999713897705,1.908030446882187,-0.4380866004072105,ema50_break
EU,2020-05-13,2020-06-25,0.3899999856948852,0.449999988079071,0.2859999826219347,0.5769230828012474,ema50_break
EVER,2020-05-13,2020-07-21,48.619998931884766,52.38999938964844,36.56512217945525,0.31273654100228554,ema50_break
EVGN,2020-10-12,2020-10-28,38.900001525878906,28.600000381469727,27.558311140770005,-0.9081539695293208,ema50_break
EVGN,2021-02-04,2021-02-25,67.4000015258789,60.70000076293945,49.544399246788814,-0.37523241491470316,ema50_break
EVOK,2020-06-03,2020-10-12,344.1600036621094,623.52001953125,242.86012811733394,2.7577528044016306,ema50_break
EVTV,2024-04-03,2024-04-11,27.299999237060547,22.899999618530277,19.722064349869328,-0.5806330727342975,ema50_break
EYPT,2023-06-07,2023-08-29,6.550000190734863,10.5,4.909691330789544,2.408082956643185,ema50_break
FATE,2024-03-21,2024-04-10,7.510000228881836,6.269999980926514,5.696562615690917,-0.6837843435779529,ema50_break
FBIO,2020-06-02,2020-10-12,45.0,47.54999923706055,34.62712174755032,0.24583333333333338,ema50_break
FCEL,2020-05-11,2020-06-26,61.79999923706055,62.70000076293945,43.868398599353824,0.050190808063524196,ema50_break
FIEE,2020-07-24,2020-08-25,54.5,48.75,46.365671641791046,-0.7068807339449542,ema50_break
FIEE,2024-03-27,2024-04-16,6.079999923706055,4.328959760131839,4.328959760131839,-1.0,stop_vol
FNGR,2020-08-13,2020-09-10,3.700000047683716,3.025000095367432,2.7565000531673434,-0.7154212572754504,ema50_break
FOSL,2021-02-16,2021-03-16,16.600000381469727,13.880000114440918,11.83518469370443,-0.5708510979790893,ema50_break
FRGT,2021-01-12,2021-03-04,80616.7421875,74229.078125,58828.443096010174,-0.29316946842330266,ema50_break
FRSX,2020-07-10,2020-08-12,69.30000305175781,51.65999984741211,48.7666731312443,-0.8590912079351887,ema50_break
FRSX,2020-12-22,2021-02-26,81.9000015258789,285.17999267578125,58.62787403180849,8.734912233602051,ema50_break
FTEK,2020-07-22,2020-08-12,0.9800000190734864,0.8216162121742312,0.8216162121742312,-1.0,stop_vol
FTEK,2020-12-11,2021-02-17,3.950000047683716,4.460000038146973,2.9811316504729386,0.526387269861901,ema50_break
FTFT,2020-04-15,2020-05-14,62.0,51.66666666666667,51.66666666666667,-1.0,stop_vol
FTFT,2020-08-13,2020-09-01,126.5,93.5,92.14197530864197,-0.9604743083003953,ema50_break
FULC,2020-06-09,2020-07-01,19.71999931335449,17.06999969482422,15.87320210874553,-0.6888846688760274,ema50_break
FUTU,2021-04-12,2021-05-06,152.0,134.3300018310547,112.99437922856536,-0.4530115870348038,ema50_break
GAME,2023-01-26,2023-03-13,5.0,5.519999980926514,3.781549349271895,0.426771474590111,ema50_break
GLUE,2024-04-04,2024-04-16,7.079999923706055,6.059999942779541,5.551364066987488,-0.6672615825694996,ema50_break
GLUE,2024-11-05,2024-12-13,8.850000381469727,7.559999942779541,6.253747852190713,-0.49687017119572047,ema50_break
GMGI,2020-07-15,2021-01-11,2.8399999141693115,6.329999923706055,2.289096995008916,6.335054486288951,ema50_break
GNLN,2020-06-26,2020-07-23,5923500.0,5164500.0,4495456.216216216,-0.5314963088799229,ema50_break
GOCO,2023-02-15,2023-03-17,16.229999542236328,13.220000267028809,12.241357408844674,-0.7546426013025223,ema50_break
GOGO,2020-09-29,2020-10-30,9.119999885559082,8.039999961853027,6.618300670480842,-0.43170654457445556,ema50_break
GOGO,2020-11-20,2021-02-25,10.010000228881836,11.520000457763672,7.423683602249698,0.5838419833569005,ema50_break
GORV,2020-06-19,2020-08-31,240.0,326.3999938964844,168.0304788002366,1.2005081103244637,ema50_break
GOSS,2024-09-20,2024-10-21,0.9589999914169312,0.9210000038146972,0.7018136920853835,-0.1477527679390375,ema50_break
GREE,2021-06-21,2021-09-14,193.23670959472656,570.0482788085938,139.14790597585971,6.966535475050342,ema50_break
GRNQ,2020-10-28,2020-12-09,15.479999542236328,13.5,11.029499304771434,-0.44489370555885666,ema50_break
GRNQ,2024-03-08,2024-04-01,1.5700000524520874,1.3600000143051147,1.2774535079258278,-0.7178346217933967,ema50_break
GROW,2020-07-15,2020-09-11,2.430000066757202,2.880000114440918,1.8273601614379915,0.7467146528329494,ema50_break
GRPN,2023-09-05,2023-10-10,11.770000457763672,9.880000114440918,8.396835831348596,-0.5603048035433137,ema50_break
GSM,2020-11-17,2021-07-16,0.6700000166893005,5.050000190734863,0.4785713915922183,22.8805915093642,ema50_break
GTEC,2020-12-31,2021-04-09,7.429999828338623,11.25,5.220333841494851,1.7287681461385769,ema50_break
GURE,2020-04-29,2020-08-19,39.70000076293945,54.5,30.471914714820905,1.603799440088448,ema50_break
GWAV,2020-12-24,2020-12-24,24750.0,24750.0,24750.0,0.0,stop_vol
GWAV,2020-12-29,2020-12-29,24750.0,24750.0,24750.0,0.0,stop_vol
GWAV,2021-10-20,2021-11-16,301950.0,221430.0,221430.0,-1.0,stop_vol
GYRE,2022-07-22,2022-09-21,25.799999237060547,22.519071540933385,22.519071540933385,-1.0,stop_vol
HCTI,2023-07-31,2023-08-14,1100.5799560546875,881.4600219726562,825.4349363847218,-0.7963797939895984,ema50_break
HCTI,2023-09-15,2023-09-26,1013.6790161132812,968.6099853515624,776.9072398205498,-0.19034798601163516,ema50_break
HDSN,2021-02-23,2021-03-04,1.600000023841858,1.350000023841858,1.129943531838579,-0.5318509673902263,ema50_break
HDSN,2021-04-20,2021-08-12,2.0199999809265137,2.9800000190734863,1.5470245807699927,2.0297039504153522,ema50_break
HIHO,2020-09-09,2021-03-03,2.809999942779541,3.7100000381469727,1.970230098675147,1.0717223316434668,ema50_break
HIVE,2020-10-21,2021-03-24,1.75,15.199999809265137,1.3257574684801603,31.70356296215941,ema50_break
HOWL,2024-01-17,2024-04-08,4.829999923706055,5.380000114440918,3.6224992680363313,0.45548645307344643,ema50_break
HPK,2021-01-14,2021-02-10,17.850000381469727,13.6899995803833,13.064271432825056,-0.8692512354391795,ema50_break
HRTX,2024-01-18,2024-04-25,2.2100000381469727,2.549999952316284,1.581377467854812,0.5408649485991126,ema50_break
HTCR,2023-06-23,2023-07-27,1.6399999856948853,1.3799999952316284,1.1652633372766497,-0.5476720437100127,ema50_break
HUT,2021-03-18,2021-03-25,43.400001525878906,30.726783072756316,30.726783072756316,-1.0,stop_vol
HYFT,2021-01-13,2021-02-25,15.100000381469728,13.380000114440918,10.740471934038373,-0.3945381450698501,ema50_break
HYPR,2023-04-17,2023-05-16,1.4900000095367432,1.1748077611363643,1.1748077611363643,-1.0,stop_vol
IBIO,2020-07-15,2020-08-11,1250.0,1380.0,898.7603305785124,0.3701176470588235,ema50_break
IBRX,2020-07-20,2020-08-06,14.109999656677246,10.510000228881836,9.992722193851671,-0.8743640573897172,ema50_break
IBRX,2021-01-25,2021-03-26,17.309999465942383,26.780000686645508,13.266069295989414,2.3417815893723164,ema50_break
IBRX,2023-11-30,2024-01-17,4.059999942779541,3.650000095367432,2.9082852136984663,-0.3559907996828675,ema50_break
IBRX,2024-05-14,2024-06-03,8.539999961853027,6.115938855975922,6.115938855975922,-1.0,stop_vol
IDN,2020-07-06,2020-08-12,7.699999809265137,7.039999961853027,5.855316374402275,-0.35778488326978186,ema50_break
IDYA,2020-07-07,2020-07-31,14.40999984741211,10.928933802276777,10.928933802276777,-1.0,stop_vol
IFRX,2020-04-15,2020-06-11,4.960000038146973,6.519999980926514,3.6527134977448203,1.1933114084534582,ema50_break
IMDX,2021-03-18,2021-03-29,96.1999969482422,87.80000305175781,70.70120808093824,-0.3294271716275652,ema50_break
IMDX,2021-04-09,2021-04-19,105.0,89.0,84.43915680973525,-0.778178202709885,ema50_break
IMNM,2023-02-13,2023-02-27,5.400000095367432,4.475486316118363,4.475486316118363,-1.0,stop_vol
INMB,2020-06-18,2020-07-01,5.989999771118164,5.059999942779541,4.473947444815353,-0.6134351777993106,ema50_break
INMB,2020-08-03,2020-08-24,11.65999984741211,8.739999771118164,8.398843758183062,-0.8953880146792506,ema50_break
INMB,2020-09-16,2020-10-12,10.550000190734863,9.5600004196167,7.9461684525740335,-0.38020881173275534,ema50_break
INO,2020-06-22,2020-08-10,174.0,227.8800048828125,131.92243023576376,1.2804923189410933,ema50_break
INO,2024-03-21,2024-04-16,10.920000076293944,8.590400430297857,8.590400430297857,-1.0,stop_vol
INOD,2020-11-10,2021-03-04,2.799999952316284,5.570000171661377,2.0275860136102493,3.586160322256042,ema50_break
INOD,2023-07-27,2023-08-09,12.279999732971191,10.43000030517578,8.848276986268118,-0.5390876723863385,ema50_break
INSG,2024-08-27,2024-11-06,13.260000228881836,16.280000686645508,10.209203759943412,0.989905583185145,ema50_break
INV,2024-12-18,2024-12-30,12.550000190734863,13.56999969482422,10.511265700359738,0.5003101232184866,timeout
IPDN,2023-02-01,2023-02-28,50.5,36.92951926917797,36.92951926917797,-1.0,stop_vol
IPDN,2023-06-28,2023-07-06,42.59999847412109,37.0,31.440299717971868,-0.501805523292945,ema50_break
IPM,2020-07-14,2020-07-15,1.75,1.2983869752080048,1.2983869752080048,-1.0,stop_vol
IPM,2021-04-16,2021-05-20,2.970000028610229,2.5999999046325684,2.3695668670472987,-0.6162220004880287,ema50_break
IPSC,2024-01-30,2024-02-28,4.210000038146973,3.470000028610229,3.078499198567231,-0.6539986393749314,ema50_break
IPWR,2020-10-13,2020-10-19,7.409999847412109,6.0,5.354540072566076,-0.6859778355515261,ema50_break
IPWR,2020-12-16,2021-03-16,8.579999923706055,14.890000343322754,6.076659231567378,2.5206319057698385,ema50_break
IPWR,2021-08-02,2021-08-16,15.289999961853027,13.609999656677246,11.119998465884834,-0.40287762649488396,ema50_break
IQ,2023-01-13,2023-04-24,6.190000057220459,6.179999828338623,4.368318281507479,-0.005489558612904272,ema50_break
IQST,2023-10-11,2023-10-26,19.76000022888184,15.600000381469728,14.490668066186876,-0.7894738306428016,ema50_break
IQST,2024-02-29,2024-05-16,18.63999938964844,23.68000030517578,13.336570172560108,0.9503286853132323,ema50_break
IREN,2023-04-26,2023-05-08,4.230000019073486,3.2799999713897705,3.182027600021698,-0.906512452439618,ema50_break
IREN,2023-05-23,2023-06-05,4.070000171661377,3.2917569609971675,3.2917569609971675,-1.0,stop_vol
IREN,2023-07-31,2023-08-14,6.630000114440918,5.150000095367432,4.685063629556328,-0.7609503089563914,ema50_break
IRIX,2021-03-18,2021-06-18,7.579999923706055,7.0,5.437386727600096,-0.27069744775219423,ema50_break
ISPO,2024-09-24,2024-09-24,4.489999771118164,4.070000171661377,3.688074191515293,-0.523738873206637,ema50_break
IVDA,2020-05-06,2020-05-12,28.799999237060547,22.102327502566734,22.102327502566734,-1.0,stop_vol
IVDA,2021-04-28,2021-05-17,49.91999816894531,39.936000766754034,39.936000766754034,-1.0,stop_vol
IVDA,2021-08-18,2021-08-18,41.59999847412109,36.47999954223633,31.359992980957024,-0.4999996274711693,ema50_break
IVDA,2021-09-15,2021-09-21,40.31999969482422,37.119998931884766,30.69134529982245,-0.33234142920329274,ema50_break
JANX,2024-03-19,2024-05-23,37.27999877929688,43.02000045776367,29.426524995844364,0.7308869726618467,ema50_break
JG,2020-12-14,2021-03-08,69.0,90.5999984741211,48.39199157714844,1.0481361435280445,ema50_break
JG,2024-12-11,2024-12-18,7.400000095367432,6.409999847412109,5.485866210428867,-0.51720533017318,ema50_break
JVA,2024-08-26,2024-09-04,2.450000047683716,2.039999961853028,1.8931818670970348,-0.7363266863856693,ema50_break
KG,2020-06-15,2020-08-19,26.600000381469727,26.0,19.71079438053915,-0.0870928204772335,ema50_break
KINS,2024-01-16,2024-12-30,2.5,15.56999969482422,1.822034009603622,19.278252714686687,timeout
KNDI,2020-08-17,2020-08-24,9.289999961853027,6.756364066246112,6.756364066246112,-1.0,stop_vol
KNDI,2020-10-22,2020-10-28,7.480000019073486,6.5,5.8897638830014305,-0.6162606903740245,ema50_break
KNDI,2021-02-11,2021-02-18,9.119999885559082,8.109999656677246,6.4612882477372,-0.3798833293968152,ema50_break
KNSA,2020-05-21,2020-07-13,21.440000534057617,21.270000457763672,15.283750764484589,-0.0276142266244886,ema50_break
KOPN,2020-06-04,2020-08-14,1.0399999618530271,1.4900000095367432,0.841904674798182,2.2716342946570354,ema50_break
KRMD,2020-04-30,2020-05-18,11.899999618530272,8.531882027636943,8.531882027636943,-1.0,stop_vol
KRMD,2020-06-09,2020-06-19,11.18000030517578,9.25,8.16182528701789,-0.6394593731525002,ema50_break
KRRO,2024-01-03,2024-01-18,48.75,41.02000045776367,37.64679343709189,-0.6961952385952652,ema50_break
KRRO,2024-02-02,2024-02-27,51.36000061035156,47.09999847412109,37.555387006019686,-0.30859263854322516,ema50_break
LAB,2020-07-23,2020-09-04,5.96999979019165,6.139999866485596,4.533468647666738,0.11834068281676474,ema50_break
LASE,2024-05-07,2024-05-29,2.049999952316284,1.919999957084656,1.560447946284882,-0.2655488970119537,ema50_break
LCFY,2024-09-25,2024-10-23,6.050000190734863,5.099999904632568,4.4490768147982,-0.5934077173096881,ema50_break
LEXX,2024-01-25,2024-04-08,1.600000023841858,2.9600000381469727,1.1401197473762348,2.9572914601976352,ema50_break
LFMD,2020-04-30,2020-08-24,1.399999976158142,4.650000095367432,1.0137930068051244,8.415177293806376,ema50_break
LFMD,2020-12-07,2020-12-18,8.479999542236328,6.849999904632568,5.948656963481249,-0.6439269229238019,ema50_break
LINK,2020-10-15,2020-12-28,2.888889074325561,3.386667013168335,2.136574911867778,0.6616623263033511,ema50_break
LMFA,2021-02-08,2021-03-03,56.400001525878906,43.33894401148732,43.33894401148732,-1.0,stop_vol
LNSR,2024-02-27,2024-03-14,4.769999980926514,3.4030457241560956,3.4030457241560956,-1.0,stop_vol
LOVE,2020-06-30,2020-08-27,27.280000686645508,26.229999542236328,19.488682965147024,-0.13476554055958018,ema50_break
LPTH,2020-05-28,2020-08-07,2.299999952316284,2.8399999141693115,1.753278736913114,0.9877062507164892,ema50_break
LQDA,2020-06-30,2020-07-02,8.390000343322754,7.789999961853027,6.018111797855184,-0.25296314306853257,ema50_break
LUNR,2024-05-13,2024-05-15,5.909999847412109,5.210000038146973,4.599054139778838,-0.5339655221335506,ema50_break
LVO,2020-05-22,2020-07-27,33.5,32.79999923706055,25.78485003384677,-0.09073067484240661,ema50_break
LVO,2023-03-28,2023-05-23,11.300000190734863,12.899999618530272,8.22558536407246,0.5204240540084741,ema50_break
LVTX,2024-05-08,2024-05-17,2.990000009536743,2.640000104904175,2.3255557279895793,-0.5267558384543408,ema50_break
LWAY,2020-10-09,2020-10-27,5.409999847412109,4.849999904632568,3.8281285822878672,-0.354011072282521,ema50_break
LWLG,2021-04-26,2021-05-12,1.75,1.399999976158142,1.2282611126195322,-0.6708336915408556,ema50_break
LWLG,2021-07-26,2021-08-02,10.0,7.615384968074833,7.615384968074833,-1.0,stop_vol
LWLG,2021-09-10,2021-10-04,10.56999969482422,9.210000038146973,7.851999005272295,-0.5003676643295664,ema50_break
LXRX,2021-01-29,2021-03-18,8.020000457763672,6.360000133514404,5.64663438451139,-0.6994286903134705,ema50_break
LXRX,2024-03-21,2024-03-25,2.470000028610229,2.119999885559082,1.9679675102549063,-0.6971662795823677,ema50_break
MARPS,2020-08-12,2020-08-21,2.2300000190734863,1.9114283707676984,1.9114283707676984,-1.0,stop_vol
MARPS,2020-11-18,2020-12-18,3.5,2.990000009536743,2.491354475175095,-0.5056285661424909,ema50_break
MARPS,2021-01-15,2021-03-04,3.910000085830689,4.440000057220459,2.755903065389474,0.4592334630472829,ema50_break
MARPS,2021-03-18,2021-04-12,5.309999942779541,4.349999904632568,3.789882243958311,-0.6315300709224038,ema50_break
MDIA,2021-11-02,2021-11-05,8.869999885559082,7.579999923706055,7.033607515079081,-0.7024642350892819,ema50_break
MDRR,2020-12-28,2021-02-23,36.63999938964844,35.20000076293945,25.79587660959798,-0.1327906974050587,ema50_break
MGNX,2020-05-27,2020-09-22,23.030000686645508,25.790000915527344,16.79418430516168,0.4426044739029161,ema50_break
MIGI,2020-07-31,2020-08-03,13.199999809265137,10.800000190734863,10.560000267028803,-0.9090909222269193,ema50_break
MIGI,2020-08-20,2020-08-24,12.600000381469728,10.199999809265137,8.999999999999998,-0.6666667549698346,ema50_break
MIGI,2021-01-29,2021-04-19,14.399999618530272,44.400001525878906,10.943999343872079,8.680555417581878,ema50_break
MIGI,2021-05-06,2021-05-17,62.400001525878906,49.92000122070313,49.92000122070313,-1.0,stop_vol
MIND,2023-07-18,2023-08-10,6.5,5.900000095367432,5.032257419471046,-0.4087909641596258,ema50_break
MRAM,2020-06-23,2020-08-07,7.0,6.349999904632568,5.067239498872099,-0.33630659100706534,ema50_break
MRNA,2020-04-15,2020-08-18,34.63999938964844,67.02999877929688,26.4231129117174,3.941882302577952,ema50_break
MRSN,2020-04-29,2020-08-11,247.0,464.5,178.65671641791045,3.18246341996069,ema50_break
MVIS,2020-07-10,2020-08-10,1.4700000286102295,1.5199999809265137,1.1171998908996557,0.14172316553147882,ema50_break
MVIS,2020-10-22,2020-10-30,2.430000066757202,1.874571547633358,1.874571547633358,-1.0,stop_vol
MVIS,2021-06-18,2021-06-30,20.56999969482422,16.75,15.3737640340258,-0.7351475075780654,ema50_break
NAMS,2023-02-13,2023-05-12,12.68000030517578,13.0,10.551462735973393,0.1503378185352547,ema50_break
NCMI,2023-07-27,2023-08-04,3.5,3.180000066757202,2.6515154426967076,-0.3771429078919739,ema50_break
NEON,2020-07-09,2020-09-16,9.279999732971191,8.619999885559082,7.186603960941943,-0.31527714741313995,ema50_break
NEON,2024-07-16,2024-10-31,2.359999895095825,7.28000020980835,1.7477824889641536,8.036361373322933,ema50_break
NEOV,2024-06-07,2024-06-26,2.680000066757202,2.390000104904175,2.168834057338473,-0.567330292917559,ema50_break
NGNE,2020-05-18,2020-07-09,267.79998779296875,258.6000061035156,197.86711137918562,-0.13155445852131276,ema50_break
NIXX,2021-06-09,2021-06-21,153.75,124.5,110.6561757719715,-0.6787515502273668,ema50_break
NKTR,2024-05-10,2024-05-30,24.75,18.899999618530277,17.353449107444895,-0.790909231403783,ema50_break
NNDM,2020-08-04,2020-08-11,2.390000104904175,2.0,1.909912699777069,-0.8123522940597038,ema50_break
NNDM,2020-12-17,2021-02-23,6.269999980926514,11.260000228881836,4.4565238729036745,2.7516217202308337,ema50_break
NPCE,2023-04-12,2023-05-12,4.789999961853027,4.260000228881836,3.5087250390422606,-0.41365028186809194,ema50_break
NSPR,2023-07-31,2023-10-27,3.25,3.109999895095825,2.3214285026743244,-0.15076933257953848,ema50_break
NSYS,2021-09-08,2021-10-18,12.550000190734863,10.609999656677246,8.91289895600761,-0.5333919538819485,ema50_break
NTRB,2024-07-01,2024-08-01,5.429999828338623,5.420000076293945,4.402703009330442,-0.009734043617824246,ema50_break
NUTX,2024-09-23,2024-09-24,24.5,20.432433094222503,20.432433094222503,-1.0,stop_vol
NUTX,2024-10-24,2024-12-30,23.700000762939453,31.06999969482422,16.623500334628524,1.0414750916144424,timeout
NVAX,2020-04-16,2020-08-25,17.600000381469727,113.11000061035156,13.597666278264446,23.86357504546969,ema50_break
NXL,2024-12-13,2024-12-17,4.150000095367432,3.2903572925094093,3.2903572925094093,-1.0,stop_vol
NXPL,2023-06-22,2023-07-18,2.5899999141693115,2.430000066757202,1.9062400949096627,-0.23400007269416856,ema50_break
NXXT,2024-06-04,2024-06-04,6.074999809265137,5.625,5.208861589715021,-0.519547341414945,ema50_break
OBIO,2023-05-16,2023-05-19,17.2450008392334,15.15999984741211,13.555819611410968,-0.5651663236538742,ema50_break
OBLG,2020-11-09,2021-01-11,2190.0,2646.0,1533.0,0.6940639269406392,ema50_break
OBLG,2021-02-18,2021-02-23,3150.0,2234.6153846153848,2234.6153846153848,-1.0,stop_vol
OCGN,2021-01-22,2021-01-27,2.2100000381469727,1.5893188462488164,1.5893188462488164,-1.0,stop_vol
OCGN,2024-06-03,2024-06-14,1.7300000190734863,1.4199999570846558,1.2246065337675023,-0.6133835733975577,ema50_break
OCUL,2020-05-05,2020-09-03,6.230000019073486,7.800000190734863,4.369090722049135,0.8436736675838277,ema50_break
OLB,2024-01-30,2024-02-01,8.399999618530273,7.599999904632568,6.721473806394133,-0.47660852643046486,ema50_break
OPK,2020-05-26,2020-08-26,2.470000028610229,4.019999980926514,1.7616914468124558,2.1883116937284544,ema50_break
ORGN,2024-06-28,2024-06-28,1.059999942779541,0.9010000228881836,0.7445908477060121,-0.5041069594213541,ema50_break
OVID,2020-06-04,2020-08-24,5.199999809265137,6.369999885559082,3.7242069842715386,0.7927942570794249,ema50_break
OXBR,2020-10-20,2020-10-30,1.9600000381469729,1.5545491082537248,1.5545491082537248,-1.0,stop_vol
OXBR,2021-02-23,2021-03-03,3.190000057220459,2.6700000762939453,2.305815291325148,-0.5881123504768488,ema50_break
OXBR,2021-08-05,2021-08-17,3.5799999237060547,3.190000057220459,2.5855554741105915,-0.3921786346580208,ema50_break
PACB,2022-11-23,2022-12-23,10.649999618530272,8.489999771118164,8.019168330405076,-0.8210332061815276,ema50_break
PDYN,2024-05-31,2024-06-18,2.049999952316284,1.590000033378601,1.4672589171270318,-0.789372793677199,ema50_break
PENN,2020-06-23,2020-10-27,33.06999969482422,57.75,24.680562110357915,2.941794376165659,ema50_break
PERI,2021-03-18,2021-03-24,20.200000762939453,17.3799991607666,14.224771782330414,-0.47194870879833906,ema50_break
PGY,2023-08-08,2023-08-24,29.280000686645508,22.07999992370605,20.518186332546804,-0.8217476965340353,ema50_break
PHUN,2020-07-14,2020-08-18,66.5,64.0,47.5,-0.13157894736842105,ema50_break
PLCE,2024-11-06,2024-12-03,13.9399995803833,12.25,10.26742055234362,-0.4601669746192976,ema50_break
PLUR,2020-07-02,2020-09-23,70.16000366210938,72.4800033569336,49.876774406633906,0.11438019388347315,ema50_break
PLUR,2024-03-20,2024-04-01,7.519999980926514,5.949999809265137,5.37142973391027,-0.7307185668430731,ema50_break
PMTS,2021-04-23,2021-07-13,15.5,16.790000915527344,11.946991559354172,0.36307285419588287,ema50_break
POET,2024-08-27,2024-12-30,3.180000066757202,6.360000133514404,2.3552161071743027,3.855555178795374,timeout
POLA,2024-09-23,2024-10-16,3.289999961853028,3.150000095367432,2.8309301148884485,-0.3049641953425831,ema50_break
POLA,2024-11-05,2024-11-05,3.220000028610229,3.0799999237060547,2.321395203382533,-0.155797188011649,ema50_break
POWW,2021-04-15,2021-05-12,7.239999771118164,6.090000152587891,5.530692018030523,-0.6727867561900128,ema50_break
PRAX,2024-01-24,2024-04-18,39.150001525878906,46.59000015258789,28.832289422704655,0.7210899618356345,ema50_break
PRCH,2024-03-27,2024-04-16,3.7699999809265137,3.3499999046325684,2.67669973809468,-0.38415803805739007,ema50_break
PRCH,2024-12-13,2024-12-30,5.25,5.429999828338623,3.794554906994096,0.12367338981292157,timeout
PRHI,2024-10-31,2024-12-10,1.25,1.100000023841858,0.918141644267452,-0.45199999809265134,ema50_break
PRLD,2024-08-23,2024-09-05,5.679999828338623,4.809999942779541,4.1254740396959315,-0.5596561291650929,ema50_break
PROK,2023-03-03,2023-03-20,11.59000015258789,9.742570682038046,9.742570682038046,-1.0,stop_vol
PROP,2023-08-08,2023-10-16,6.470588207244873,4.779780639837133,4.779780639837133,-1.0,stop_vol
PROP,2023-11-06,2023-11-13,16.5,12.964285714285715,12.964285714285715,-1.0,stop_vol
PRPH,2020-12-23,2021-01-27,11.1899995803833,10.0600004196167,8.10653264990914,-0.36647033558191444,ema50_break
PRPL,2020-06-05,2020-08-27,15.699999809265137,19.170000076293945,11.303552831660422,0.7892737669087834,ema50_break
PRPO,2021-06-28,2021-07-07,79.80000305175781,65.0,57.06129624435903,-0.6508726805405726,ema50_break
PRQR,2023-02-14,2023-03-29,3.009999990463257,2.451443347134572,2.451443347134572,-1.0,stop_vol
PRTH,2020-10-08,2020-10-28,3.0,2.690000057220459,2.142857079391682,-0.36166657313057277,ema50_break
PRTH,2021-02-16,2021-03-04,7.949999809265137,7.0,5.99554272294551,-0.48606838999675855,ema50_break
PRTS,2020-06-19,2020-09-03,8.859999656677246,11.210000038146973,6.270482683658056,0.907505301550426,ema50_break
PSHG,2023-11-15,2024-01-18,2.130000114440918,2.0299999713897705,1.6170160080603058,-0.19493809224754352,ema50_break
PSIX,2021-04-08,2021-04-12,7.0,6.0,5.260000228881836,-0.5747127192766105,ema50_break
PSIX,2024-09-30,2024-10-23,20.479999542236328,18.600000381469727,15.128441478347504,-0.3512994044580094,ema50_break
PSNL,2024-09-17,2024-10-14,5.46999979019165,4.570000171661377,3.9617278050843963,-0.5967090998287513,ema50_break
QMCO,2024-05-17,2024-05-23,11.600000381469728,9.199999809265137,8.16296247265138,-0.6982758514379349,ema50_break
QTRX,2020-06-04,2020-09-04,27.709999084472656,31.0,23.34078732930544,0.7529964441838845,ema50_break
QUBT,2020-08-27,2020-10-30,3.954999923706055,3.414999961853028,2.9662504142522725,-0.546144353741668,ema50_break
QUBT,2021-02-16,2021-02-22,12.550000190734863,10.0,9.040801180310531,-0.7266616065831266,ema50_break
RAVE,2021-01-26,2021-03-04,1.1200000047683716,1.100000023841858,0.8711111148198446,-0.08035706588048142,ema50_break
RCAT,2021-03-18,2021-03-25,4.71999979019165,4.210000038146973,3.5984150109087354,-0.4547135102624574,ema50_break
RCAT,2024-08-28,2024-09-25,3.0799999237060547,2.340800157419835,2.340800157419835,-1.0,stop_vol
RDNW,2020-10-13,2020-11-24,36.70000076293945,31.959999084472656,26.053013621052298,-0.44519652511073116,ema50_break
REFR,2020-06-11,2020-06-26,5.010000228881836,4.050000190734863,3.8434306343391587,-0.8229256468177668,ema50_break
REKR,2021-01-06,2021-05-06,7.849999904632568,18.3799991607666,5.699315114194487,4.8961146249558665,ema50_break
REKR,2023-08-15,2023-09-19,2.759999990463257,2.950000047683716,1.948727274302279,0.2341999840935831,ema50_break
RENT,2023-02-16,2023-02-24,81.0,68.4000015258789,56.89756700469226,-0.52276873776909,ema50_break
RGS,2024-07-16,2024-08-22,20.780000686645508,19.399999618530277,15.56110529019031,-0.2644239754359824,ema50_break
RGS,2024-09-23,2024-10-31,24.07999992370605,23.479999542236328,16.973461379982226,-0.08442934317152424,ema50_break
RIOT,2020-10-20,2021-04-16,3.450000047683716,44.63999938964844,2.5066484814655188,43.663466322625986,ema50_break
RIOT,2023-04-06,2023-06-12,8.970999717712402,10.239999771118164,6.892701902678609,0.6105958656291652,ema50_break
RMTI,2023-04-10,2023-07-14,1.850000023841858,3.190000057220459,1.3183908245021403,2.520648692767057,ema50_break
RNXT,2023-02-16,2023-03-15,4.03000020980835,3.289999961853028,3.2038499938487917,-0.8957211820078331,ema50_break
ROOT,2023-08-01,2023-09-26,10.5600004196167,9.75,7.45907840664742,-0.26121276711537983,ema50_break
RVYL,2020-08-28,2020-09-21,11.399999618530272,8.142856623850724,8.142856623850724,-1.0,stop_vol
RVYL,2020-10-02,2021-04-15,12.0,101.0,9.600000381469727,37.083339227571365,ema50_break
RVYL,2021-06-15,2021-07-02,152.10000610351562,114.5999984741211,108.58395544226771,-0.8617511713393877,ema50_break
RXRX,2023-08-02,2023-08-10,13.4399995803833,9.76521953524753,9.76521953524753,-1.0,stop_vol
RYTM,2022-08-26,2023-01-30,23.57999992370605,26.56999969482422,17.32408384003767,0.4779475509468269,ema50_break
SBET,2020-07-14,2020-08-24,324.0,321.6000061035156,248.32117710238555,-0.03171288617598236,ema50_break
SBET,2021-04-08,2021-04-28,837.5999755859375,650.9348868582575,650.9348868582575,-1.0,stop_vol
SBLX,2020-07-31,2020-08-11,581.1199951171875,503.0400085449219,411.41242444288355,-0.4600854650268587,ema50_break
SBLX,2021-01-25,2021-02-23,901.1199951171876,867.8400268554688,673.308853293893,-0.14608577963027378,ema50_break
SCKT,2020-11-13,2021-04-12,2.259999990463257,7.329999923706055,1.6796110069604309,8.735520620401493,ema50_break
SCWO,2020-12-15,2020-12-22,0.800000011920929,0.7024391270478115,0.7024391270478115,-1.0,stop_vol
SCWO,2020-12-31,2021-01-13,0.8399999737739563,0.6872727368488777,0.6872727368488777,-1.0,stop_vol
SCWO,2021-06-03,2021-08-30,1.0,1.8799999952316284,0.7800000905990601,4.00000162558189,ema50_break
SDOT,2023-01-18,2023-03-23,103.0,101.0,72.59047619047618,-0.06576886940181645,ema50_break
SERA,2023-03-08,2023-05-30,3.7200000286102295,3.200000047683716,2.8151350725646265,-0.574671366652315,ema50_break
SERA,2024-01-03,2024-05-13,5.940000057220459,9.100000381469728,4.1690683085068265,1.784371603561022,ema50_break
SEZL,2024-07-03,2024-08-01,14.666666984558104,12.83666706085205,10.978410812772236,-0.49616941949559856,ema50_break
SGMO,2024-09-03,2024-12-30,0.8199999928474426,2.3399999141693115,0.6102325290264221,7.246118600255259,timeout
SIFY,2021-04-12,2021-04-12,22.200000762939453,19.13999938964844,17.10491748267485,-0.6005792653367772,ema50_break
SIFY,2023-08-09,2023-09-14,13.619999885559082,11.579999923706056,10.061621923627008,-0.5732949067460438,ema50_break
SLE,2021-02-23,2021-02-25,2880.0,2456.0,2028.9037302065763,-0.4981810108307869,ema50_break
SLNG,2021-05-07,2021-07-20,8.699999809265137,7.800000190734863,6.603614361231825,-0.4293101821397362,ema50_break
SLSN,2020-06-26,2020-06-26,0.449999988079071,0.34999996423721297,0.34999996423721297,-1.0,stop_vol
SLSN,2021-02-02,2021-03-01,0.9900000095367432,0.8999999761581421,0.7326000164985658,-0.3496504887832391,ema50_break
SLSN,2021-05-03,2022-01-18,1.6200000047683716,3.549999952316284,1.1458536389326497,4.0704729311720635,ema50_break
SNAL,2024-10-23,2024-10-25,2.0899999141693115,1.6760384785024243,1.6760384785024243,-1.0,stop_vol
SNDX,2020-04-23,2020-06-23,11.130000114440918,15.020000457763672,8.680383763324333,1.588003909897814,ema50_break
SOBR,2023-03-22,2023-04-11,2398.0,2101.0,1684.748717948718,-0.4164030370136033,ema50_break
SONM,2023-06-13,2023-07-21,212.3999938964844,187.1999969482422,172.46152850748913,-0.6309705869466351,ema50_break
SOPH,2023-04-11,2023-05-16,4.789999961853027,4.230000019073486,3.4018774763637176,-0.4034225715911103,ema50_break
SOWG,2020-07-30,2020-08-31,7.650000095367432,6.199999809265137,5.6915999931335435,-0.7404004342362539,ema50_break
SPCB,2020-05-08,2020-07-13,256.0,276.0,179.2,0.26041666666666663,ema50_break
SPRB,2023-02-03,2023-02-24,17184.375,12216.219059405941,12216.219059405941,-1.0,stop_vol
SPRB,2024-03-05,2024-03-14,29925.0,22800.0,22800.0,-1.0,stop_vol
SPWR,2024-08-27,2024-10-31,1.909999966621399,2.0999999046325684,1.3424568799972576,0.33477623547725105,ema50_break
SQFT,2024-01-10,2024-02-13,11.399999618530272,10.050000190734863,8.82260802227519,-0.5237851437697482,ema50_break
STEX,2020-05-27,2020-06-24,106.4000015258789,84.17840253981863,84.17840253981863,-1.0,stop_vol
STEX,2023-04-11,2023-06-05,11.199999809265137,11.899999618530272,8.322934361481797,0.2433034013197218,ema50_break
STIM,2020-08-31,2020-09-04,5.389999866485596,4.091435120218285,4.091435120218285,-1.0,stop_vol
STIM,2020-09-15,2021-03-04,4.460000038146973,13.93000030517578,3.2086340822611636,7.567730464846507,ema50_break
STIM,2024-02-01,2024-03-04,3.380000114440918,2.789999961853028,2.566119151772881,-0.7249219230460578,ema50_break
STIM,2024-03-15,2024-04-22,3.900000095367432,3.740000009536743,2.732917560924564,-0.13709406242384428,ema50_break
STKL,2020-05-22,2020-10-30,3.900000095367432,6.860000133514404,2.862766024819754,2.853743549499911,ema50_break
STKS,2021-04-13,2021-07-08,8.739999771118164,9.6899995803833,6.960968929154675,0.5339985046108794,ema50_break
STOK,2024-04-12,2024-06-26,13.350000381469728,12.920000076293944,9.382267548076817,-0.10837430926720949,ema50_break
STTK,2024-01-30,2024-05-14,9.75,8.479999542236328,7.324673745260921,-0.5236410793319437,ema50_break
SUIG,2021-04-05,2021-05-14,13.400900840759276,11.486486434936523,11.167417052057056,-0.8571427361624752,ema50_break
SY,2023-02-02,2023-02-06,3.0,2.123595294921095,2.123595294921095,-1.0,stop_vol
SY,2023-02-23,2023-03-10,2.75,2.1600000858306885,1.9734154251620428,-0.7597368442354414,ema50_break
SYPR,2020-10-22,2021-04-12,1.2000000476837158,2.869999885559082,0.9504000469207767,6.690704458216211,ema50_break
SYPR,2021-05-05,2021-05-10,3.7799999713897705,3.130000114440918,2.693793089012754,-0.5984125745239396,ema50_break
TBHC,2020-07-09,2021-05-12,2.75,26.8799991607666,1.9673915235503374,30.83278534144352,ema50_break
TCRX,2024-01-03,2024-01-23,5.659999847412109,5.039999961853027,4.677766003297715,-0.6312141342656431,ema50_break
TDUP,2023-05-04,2023-05-26,2.6600000858306885,2.200000047683716,1.8956322143523754,-0.6018045175777956,ema50_break
TH,2021-04-29,2021-05-11,2.940000057220459,2.4800000190734863,2.0746809504988066,-0.531595840856593,ema50_break
TH,2021-05-25,2021-07-13,2.990000009536743,3.390000104904175,2.095182824569261,0.44701879008053225,ema50_break
TIGR,2021-05-03,2021-05-05,21.15999984741211,18.57999992370605,14.830851165195053,-0.40763774928452184,ema50_break
TKNO,2024-08-26,2024-12-30,4.869999885559082,8.850000381469727,3.6741981993496413,3.328311493293513,timeout
TLPH,2024-03-04,2024-03-28,1.309999942779541,1.0299999713897705,0.9431998921712265,-0.763358595303922,ema50_break
TLRY,2020-12-24,2021-03-24,8.930000305175781,22.190000534057617,6.637808171326032,5.784855480945916,ema50_break
TLSI,2024-02-13,2024-05-24,9.5,8.072431100381387,8.072431100381387,-1.0,stop_vol
TOI,2023-10-17,2023-11-30,1.5499999523162842,1.7100000381469729,1.1447713439562022,0.3948390674542757,ema50_break
TOMZ,2020-06-25,2020-08-13,9.600000381469728,9.600000381469728,7.095652802004052,0.0,ema50_break
TOMZ,2024-08-28,2024-09-06,0.8500000238418579,0.75,0.6127907093825886,-0.4215687063967663,ema50_break
TOUR,2021-01-25,2021-01-29,2.1600000858306885,1.850000023841858,1.5729762805354082,-0.5280877184067462,ema50_break
TOUR,2023-02-17,2023-02-24,2.220000028610229,1.7799999713897705,1.668827634566463,-0.79829843071843,ema50_break
TRAW,2020-08-07,2020-08-24,386.25,287.21153846153845,287.21153846153845,-1.0,stop_vol
TRIB,2020-07-16,2020-08-12,13.25,10.899999618530272,9.690298028925938,-0.6601677333006243,ema50_break
TRVG,2021-04-05,2021-04-15,22.850000381469727,18.0,16.232804237420865,-0.7329388876936265,ema50_break
TSHA,2023-09-12,2023-10-04,3.450000047683716,2.4781690352825243,2.4781690352825243,-1.0,stop_vol
TSHA,2024-05-23,2024-06-18,2.9800000190734863,2.970000028610229,2.239806461512857,-0.013509966901377927,ema50_break
TSSI,2024-03-22,2024-08-12,0.4399999976158142,2.240000009536743,0.3483333621794985,19.636370456418216,ema50_break
TSSI,2024-09-13,2024-12-30,4.900000095367432,11.859999656677246,3.6252036083003842,5.459694650808805,timeout
TTSH,2020-08-14,2021-05-06,2.140000104904175,6.309999942779541,1.579029227664982,7.433540682892379,ema50_break
TUSK,2020-08-18,2020-09-01,1.649999976158142,1.2899999618530271,1.1921965014210023,-0.7863636563960522,ema50_break
TUSK,2021-01-20,2021-03-19,4.940000057220459,4.889999866485596,3.6284958201741597,-0.03812430743454636,ema50_break
TUSK,2021-04-06,2021-04-13,5.619999885559082,4.909999847412109,3.9751214042809884,-0.43164285157119486,ema50_break
TUSK,2022-12-08,2023-01-24,5.590000152587891,6.449999809265137,4.128562699521694,0.5884614869236502,ema50_break
TYGO,2023-07-31,2023-08-09,25.01000022888184,17.563320088008474,17.563320088008474,-1.0,stop_vol
UCL,2022-12-15,2023-03-02,3.880000114440918,4.130000114440918,2.768374813120568,0.2248959246457045,ema50_break
UONEK,2021-06-29,2021-11-03,5.159999847412109,4.579999923706055,3.667438361824008,-0.3885936554751191,ema50_break
VBIX,2024-11-08,2024-12-16,5.199999809265137,4.880000114440918,4.015555817698251,-0.27016870118180547,ema50_break
VERI,2020-06-01,2020-07-16,8.489999771118164,11.289999961853027,5.982057470675679,1.1164531936164757,ema50_break
VERI,2021-01-07,2021-03-04,27.51000022888184,34.54999923706055,19.81421249706451,0.9147860171704918,ema50_break
VERI,2024-10-01,2024-10-23,3.539999961853028,3.384999990463257,2.5561028561521018,-0.15753676933458335,ema50_break
VIVK,2020-06-18,2020-06-26,8.683752059936523,6.51213369493538,6.51213369493538,-1.0,stop_vol
VIVK,2020-09-09,2020-09-22,14.506770133972168,12.327853202819824,10.229339850926248,-0.509398584423159,ema50_break
VIVK,2024-05-21,2024-08-06,1.2669249773025513,1.8284330368041992,0.8991085318512018,1.5265985696007105,ema50_break
VIVS,2020-08-05,2020-08-17,175.1999969482422,146.39999389648438,127.19999694824219,-0.6000000635782877,ema50_break
VMD,2020-06-01,2020-09-04,8.4399995803833,9.8100004196167,6.241071478365774,0.6230312114236097,ema50_break
VRDN,2020-08-11,2020-08-24,17.399999618530273,14.850000381469728,13.271185577686303,-0.6176105806255445,ema50_break
VRDN,2020-12-01,2021-01-28,17.670000076293945,17.8799991607666,12.991466219783565,0.044885660959882445,ema50_break
VTGN,2020-10-09,2020-11-02,22.799999237060547,19.052055680297666,19.052055680297666,-1.0,stop_vol
VTGN,2021-02-04,2021-03-29,64.5,61.20000076293945,45.636793547739316,-0.17494370564263503,ema50_break
VTVT,2021-02-19,2021-02-23,113.1999969482422,85.80640682605434,85.80640682605434,-1.0,stop_vol
VUZI,2020-07-30,2020-10-28,4.050000190734863,3.910000085830689,2.967422699519654,-0.12932109344618112,ema50_break
WATT,2020-07-21,2020-09-04,1968.0,1872.0,1501.3736856328617,-0.20573207520497414,ema50_break
WGS,2024-05-10,2024-09-04,20.90999984741211,29.6200008392334,14.659553159042613,1.3935005650121617,ema50_break
WHLR,2020-07-20,2020-12-01,61447680.0,83462400.0,47335294.16267943,1.559957349081365,ema50_break
WHWK,2020-05-27,2020-08-28,12.0,19.950000762939453,8.416437792084539,2.2184631664490975,ema50_break
WKSP,2021-06-30,2021-07-16,108.8000030517578,86.80000305175781,76.3914864941458,-0.678833909626533,ema50_break
WORX,2020-04-27,2020-08-10,86.32499694824219,61.363555507455246,61.363555507455246,-1.0,stop_vol
WRAP,2020-07-29,2020-08-07,11.59000015258789,9.260000228881836,8.25589000111697,-0.6988371163076664,ema50_break
WRAP,2024-02-02,2024-03-04,3.920000076293945,3.400000095367432,2.887898367484624,-0.5038262958855171,ema50_break
WULF,2021-09-17,2021-12-02,27.57999992370605,30.51000022888184,20.818814536632825,0.4333560074802391,ema50_break
WULF,2023-05-11,2023-06-09,1.7300000190734863,1.3300000429153442,1.254725302256128,-0.8416184619217956,ema50_break
WULF,2024-05-10,2024-05-14,2.4100000858306885,2.039999961853028,1.7061949107760725,-0.5257138439610768,ema50_break
WULF,2024-08-27,2024-09-03,4.670000076293945,3.819999933242798,3.4204305284783088,-0.6802343611342214,ema50_break
WVE,2022-08-24,2022-08-30,3.5299999713897705,2.8299999237060547,2.5326038472570342,-0.7018275194245269,ema50_break
WVE,2022-12-06,2022-12-08,4.340000152587891,3.900000095367432,3.194317435610162,-0.3840505322286466,ema50_break
XAIR,2020-05-22,2020-05-28,166.8000030517578,141.60000610351562,117.34868407485021,-0.509592008253812,ema50_break
XBIO,2021-01-27,2021-02-26,26.200000762939453,23.899999618530277,19.124090238196572,-0.32504666874553956,ema50_break
XELB,2020-12-11,2021-03-04,11.0,15.699999809265137,8.148148975581615,1.6480523593351684,ema50_break
XELB,2021-03-18,2021-04-16,18.200000762939453,17.399999618530273,13.236365087761385,-0.16117241408546368,ema50_break
XELB,2021-06-10,2021-06-15,24.299999237060547,20.600000381469727,18.47603342746593,-0.6353057309325725,ema50_break
XELB,2021-06-25,2021-07-14,23.399999618530277,22.600000381469727,18.370090566084208,-0.1590484497272385,ema50_break
XELB,2023-07-25,2023-08-24,13.5,13.899999618530272,10.756384409390963,0.14579287998632431,ema50_break
XERS,2020-10-01,2020-10-28,5.960000038146973,4.889999866485596,4.27454870138637,-0.6348448918839102,ema50_break
XFOR,2022-11-30,2022-11-30,49.20000076293945,45.0,37.59101355646221,-0.36178873214676804,ema50_break
XFOR,2023-06-01,2023-07-17,60.59999847412109,53.70000076293945,46.04411213639072,-0.474034871603533,ema50_break
XLO,2024-12-06,2024-12-16,1.059999942779541,0.9580000042915344,0.7759610917163922,-0.35910558751460897,ema50_break
XPON,2023-03-23,2023-04-17,592.0,440.0625978090767,440.0625978090767,-1.0,stop_vol
XPON,2023-04-27,2023-05-18,505.0,474.0,353.82863340563995,-0.20506528913760946,ema50_break
XXII,2020-12-28,2021-03-03,1713960.0,1840644.0,1205011.1790393014,0.24891304347826088,ema50_break
XXII,2021-04-09,2021-07-01,2712528.0,3137292.0,1946637.7411764706,0.5546016483516484,ema50_break
YHGJ,2020-07-24,2020-08-14,27.200000762939453,21.11457827034647,21.11457827034647,-1.0,stop_vol
YHGJ,2020-12-07,2020-12-15,21.200000762939453,18.799999237060547,15.948626469205383,-0.4570235126341277,ema50_break
YHGJ,2023-01-13,2023-03-20,13.399999618530272,15.5,10.021848345903948,0.6216419017367139,ema50_break
YI,2020-04-16,2020-06-11,7.5,6.320000171661377,5.803448907260237,-0.6955286129538484,ema50_break
ZBAI,2021-10-25,2021-11-26,75.05999755859375,64.26000213623047,52.76840437749013,-0.4844873730926661,ema50_break
ZENV,2024-01-05,2024-01-22,1.1699999570846558,1.059999942779541,0.9209032515333266,-0.44159562071144304,ema50_break
ZTEK,2020-11-18,2021-02-26,1.2200000286102295,2.2100000381469727,0.8922387135004941,3.0204907165608867,ema50_break
ZVRA,2020-12-15,2020-12-24,14.399999618530272,11.368421797607072,11.368421797607072,-1.0,stop_vol
ZYXI,2020-05-27,2020-07-16,17.77272605895996,19.363636016845703,13.22305270283075,0.3496756433607494,ema50_break
