date,cash,equity
2020-01-02 14:30:00+00:00,100000.0,100000.0
2020-01-03 14:30:00+00:00,100000.0,100000.0
2020-01-06 14:30:00+00:00,100000.0,100000.0
2020-01-07 14:30:00+00:00,100000.0,100000.0
2020-01-08 14:30:00+00:00,100000.0,100000.0
2020-01-09 14:30:00+00:00,100000.0,100000.0
2020-01-10 14:30:00+00:00,100000.0,100000.0
2020-01-13 14:30:00+00:00,100000.0,100000.0
2020-01-14 14:30:00+00:00,100000.0,100000.0
2020-01-15 14:30:00+00:00,100000.0,100000.0
2020-01-16 14:30:00+00:00,100000.0,100000.0
2020-01-17 14:30:00+00:00,100000.0,100000.0
2020-01-21 14:30:00+00:00,100000.0,100000.0
2020-01-22 14:30:00+00:00,100000.0,100000.0
2020-01-23 14:30:00+00:00,100000.0,100000.0
2020-01-24 14:30:00+00:00,100000.0,100000.0
2020-01-27 14:30:00+00:00,100000.0,100000.0
2020-01-28 14:30:00+00:00,100000.0,100000.0
2020-01-29 14:30:00+00:00,100000.0,100000.0
2020-01-30 14:30:00+00:00,100000.0,100000.0
2020-01-31 14:30:00+00:00,100000.0,100000.0
2020-02-03 14:30:00+00:00,100000.0,100000.0
2020-02-04 14:30:00+00:00,100000.0,100000.0
2020-02-05 14:30:00+00:00,100000.0,100000.0
2020-02-06 14:30:00+00:00,100000.0,100000.0
2020-02-07 14:30:00+00:00,100000.0,100000.0
2020-02-10 14:30:00+00:00,100000.0,100000.0
2020-02-11 14:30:00+00:00,100000.0,100000.0
2020-02-12 14:30:00+00:00,100000.0,100000.0
2020-02-13 14:30:00+00:00,100000.0,100000.0
2020-02-14 14:30:00+00:00,100000.0,100000.0
2020-02-18 14:30:00+00:00,100000.0,100000.0
2020-02-19 14:30:00+00:00,100000.0,100000.0
2020-02-20 14:30:00+00:00,100000.0,100000.0
2020-02-21 14:30:00+00:00,100000.0,100000.0
2020-02-24 14:30:00+00:00,100000.0,100000.0
2020-02-25 14:30:00+00:00,100000.0,100000.0
2020-02-26 14:30:00+00:00,100000.0,100000.0
2020-02-27 14:30:00+00:00,100000.0,100000.0
2020-02-28 14:30:00+00:00,100000.0,100000.0
2020-03-02 14:30:00+00:00,100000.0,100000.0
2020-03-03 14:30:00+00:00,100000.0,100000.0
2020-03-04 14:30:00+00:00,100000.0,100000.0
2020-03-05 14:30:00+00:00,100000.0,100000.0
2020-03-06 14:30:00+00:00,100000.0,100000.0
2020-03-09 13:30:00+00:00,100000.0,100000.0
2020-03-10 13:30:00+00:00,100000.0,100000.0
2020-03-11 13:30:00+00:00,100000.0,100000.0
2020-03-12 13:30:00+00:00,100000.0,100000.0
2020-03-13 13:30:00+00:00,100000.0,100000.0
2020-03-16 13:30:00+00:00,100000.0,100000.0
2020-03-17 13:30:00+00:00,100000.0,100000.0
2020-03-18 13:30:00+00:00,100000.0,100000.0
2020-03-19 13:30:00+00:00,100000.0,100000.0
2020-03-20 13:30:00+00:00,100000.0,100000.0
2020-03-23 13:30:00+00:00,100000.0,100000.0
2020-03-24 13:30:00+00:00,100000.0,100000.0
2020-03-25 13:30:00+00:00,100000.0,100000.0
2020-03-26 13:30:00+00:00,100000.0,100000.0
2020-03-27 13:30:00+00:00,100000.0,100000.0
2020-03-30 13:30:00+00:00,100000.0,100000.0
2020-03-31 13:30:00+00:00,100000.0,100000.0
2020-04-01 13:30:00+00:00,100000.0,100000.0
2020-04-02 13:30:00+00:00,100000.0,100000.0
2020-04-03 13:30:00+00:00,100000.0,100000.0
2020-04-06 13:30:00+00:00,100000.0,100000.0
2020-04-07 13:30:00+00:00,100000.0,100000.0
2020-04-08 13:30:00+00:00,100000.0,100000.0
2020-04-09 13:30:00+00:00,100000.0,100000.0
2020-04-13 13:30:00+00:00,100000.0,100000.0
2020-04-14 13:30:00+00:00,100000.0,100000.0
2020-04-15 13:30:00+00:00,59013.58011698723,100771.23036408424
2020-04-16 13:30:00+00:00,29125.280012845993,102142.2952709198
2020-04-17 13:30:00+00:00,12.819922208785954,102983.2385559082
2020-04-20 13:30:00+00:00,12.819922208785954,105070.76463890076
2020-04-21 13:30:00+00:00,4.999922037124577,103068.2099635601
2020-04-22 13:30:00+00:00,5068.220088005066,104260.36024403572
2020-04-23 13:30:00+00:00,4008.7402391433716,102374.8051481247
2020-04-24 13:30:00+00:00,2.370236396789551,104152.92090439796
2020-04-27 13:30:00+00:00,0.4702364206314087,106042.98037552834
2020-04-28 13:30:00+00:00,2.0702364444732666,104155.15008068085
2020-04-29 13:30:00+00:00,3181.9101965427403,102113.05477333069
2020-04-30 13:30:00+00:00,1.0201207399372976,102375.77036142349
2020-05-01 13:30:00+00:00,23590.930025219917,99470.8045874834
2020-05-04 13:30:00+00:00,18590.53024494648,101348.09538555145
2020-05-05 13:30:00+00:00,1.300282597541809,104470.35464417934
2020-05-06 13:30:00+00:00,5233.300282597542,105048.58545768261
2020-05-07 13:30:00+00:00,37.740193486213684,106410.0597692728
2020-05-08 13:30:00+00:00,37.740193486213684,107421.06923568249
2020-05-11 13:30:00+00:00,8.980193257331845,112518.18980491161
2020-05-12 13:30:00+00:00,3718.78002846241,109896.64038872719
2020-05-13 13:30:00+00:00,10052.820022702217,107654.3756890893
2020-05-14 13:30:00+00:00,99.13004148006348,108179.39425897598
2020-05-15 13:30:00+00:00,17.056042075156242,110588.4197461605
2020-05-18 13:30:00+00:00,16.05604302883056,111872.1183924675
2020-05-19 13:30:00+00:00,16.05604302883056,110852.67750418186
2020-05-20 13:30:00+00:00,16.05604302883056,112946.328145504
2020-05-21 13:30:00+00:00,16.05604302883056,111086.29456114769
2020-05-22 13:30:00+00:00,0.4560426473608299,113165.56492578983
2020-05-26 13:30:00+00:00,18464.555686175823,109653.47362732887
2020-05-27 13:30:00+00:00,13535.306269586086,110500.93665218353
2020-05-28 13:30:00+00:00,3384.106257855892,110048.14390158653
2020-05-29 13:30:00+00:00,1.8012565970420837,112888.2665425539
2020-06-01 13:30:00+00:00,7.401256501674652,114419.7458962202
2020-06-02 13:30:00+00:00,2.6212562918663025,113961.2704988718
2020-06-03 13:30:00+00:00,2.6212562918663025,114185.09084928036
2020-06-04 13:30:00+00:00,5843.521429479121,112241.53952938318
2020-06-05 13:30:00+00:00,15123.081346929073,111929.11369073391
2020-06-08 13:30:00+00:00,8.608297765254974,113851.74378973246
2020-06-09 13:30:00+00:00,3591.918381869793,113920.11325716972
2020-06-10 13:30:00+00:00,1.443426132202148,113837.8160353303
2020-06-11 13:30:00+00:00,34002.973380088806,107607.39328968525
2020-06-12 13:30:00+00:00,1881.6074756085875,108781.2316967547
2020-06-15 13:30:00+00:00,1.0273683965208416,110941.33514359593
2020-06-16 13:30:00+00:00,1.0273683965208416,112400.72632059455
2020-06-17 13:30:00+00:00,1.0273683965208416,114535.83947595954
2020-06-18 13:30:00+00:00,4577.027200549841,113924.46987268329
2020-06-19 13:30:00+00:00,2.167219966650009,115732.1378697455
2020-06-22 13:30:00+00:00,0.06721994280815125,116859.74956780672
2020-06-23 13:30:00+00:00,6032.067219942808,117897.98255077004
2020-06-24 13:30:00+00:00,2167.897183597088,115591.89282777905
2020-06-25 13:30:00+00:00,0.6971842646598816,116987.31876781583
2020-06-26 13:30:00+00:00,4553.7691841721535,113282.1429259777
2020-06-29 13:30:00+00:00,22.74924546480179,113706.25843000412
2020-06-30 13:30:00+00:00,881.5492318272591,115950.77047145367
2020-07-01 13:30:00+00:00,3.9092259407043457,116445.74467349052
2020-07-02 13:30:00+00:00,15.339225947856903,118248.26387029886
2020-07-06 13:30:00+00:00,4107.369329631329,120746.44644707441
2020-07-07 13:30:00+00:00,0.9992603659629822,120262.44157809019
2020-07-08 13:30:00+00:00,2.499260365962982,124366.61027342081
2020-07-09 13:30:00+00:00,1157.8392768502235,124393.14077109098
2020-07-10 13:30:00+00:00,42.83925873041153,123635.37871843576
2020-07-13 13:30:00+00:00,9079.06932836771,119453.66291409731
2020-07-14 13:30:00+00:00,4366.725294530392,123428.54463595152
2020-07-15 13:30:00+00:00,3.232201842624109,123240.1995630544
2020-07-16 13:30:00+00:00,14333.73241045888,121735.68702283318
2020-07-17 13:30:00+00:00,5730.772482065517,121949.84517666514
2020-07-20 13:30:00+00:00,0.5173815768548593,124584.70750841315
2020-07-21 13:30:00+00:00,5.067381767589723,124240.52398577149
2020-07-22 13:30:00+00:00,7188.207571892101,124018.02773263867
2020-07-23 13:30:00+00:00,5033.327397255261,121748.61863723214
2020-07-24 13:30:00+00:00,8402.012130407651,119704.343016414
2020-07-27 13:30:00+00:00,54.15182271416961,121863.7823758405
2020-07-28 13:30:00+00:00,10.454678061783458,120425.78219175655
2020-07-29 13:30:00+00:00,5104.979860189736,121682.52209842521
2020-07-30 13:30:00+00:00,6868.338790789979,122816.89292050971
2020-07-31 13:30:00+00:00,2041.0988952077796,122292.74660016669
2020-08-03 13:30:00+00:00,8.47880853785773,125332.84404386653
2020-08-04 13:30:00+00:00,1.3088082231452063,126375.14261402262
2020-08-05 13:30:00+00:00,8060.798927918809,126069.79611672534
2020-08-06 13:30:00+00:00,8131.77500547542,124787.56723715438
2020-08-07 13:30:00+00:00,16.82527627124182,124090.02611769809
2020-08-10 13:30:00+00:00,3042.145227328676,124159.41423846854
2020-08-11 13:30:00+00:00,23318.888210669895,121976.94465722216
2020-08-12 13:30:00+00:00,10435.008009210964,122406.94153381957
2020-08-13 13:30:00+00:00,0.04793860091740498,122784.71096088065
2020-08-14 13:30:00+00:00,2.197938696284837,121887.11215831412
2020-08-17 13:30:00+00:00,44.29793812408025,121828.6706054367
2020-08-18 13:30:00+00:00,1.257937208552903,121772.62464238776
2020-08-19 13:30:00+00:00,1962.6378972686725,121341.490031258
2020-08-20 13:30:00+00:00,952.8278985179857,120434.17417337073
2020-08-21 13:30:00+00:00,6240.157865539928,119918.66521884574
2020-08-24 13:30:00+00:00,10896.92076975578,119667.1287637996
2020-08-25 13:30:00+00:00,4448.970678393781,120644.33212155575
2020-08-26 13:30:00+00:00,16.450649325787708,120583.92749518628
2020-08-27 13:30:00+00:00,9023.805883471905,120909.05268615956
2020-08-28 13:30:00+00:00,44.885737960277766,121977.62112731213
2020-08-31 13:30:00+00:00,5214.625762526927,121474.22620672459
2020-09-01 13:30:00+00:00,18.745928351816474,123174.46494687075
2020-09-02 13:30:00+00:00,2625.425928180155,124035.94078553194
2020-09-03 13:30:00+00:00,14626.545899693903,117496.41561449046
2020-09-04 13:30:00+00:00,703.1156662153571,116449.19582450861
2020-09-08 13:30:00+00:00,33237.99609548324,115254.67655283684
2020-09-09 13:30:00+00:00,4810.615979258953,116920.65132302517
2020-09-10 13:30:00+00:00,5371.056065146862,115787.41989499802
2020-09-11 13:30:00+00:00,9809.016044442593,116914.80739099259
2020-09-14 13:30:00+00:00,10477.866029565273,118649.36529499764
2020-09-15 13:30:00+00:00,5432.856185262142,118790.49524099106
2020-09-16 13:30:00+00:00,9104.896140401303,117854.2669196772
2020-09-17 13:30:00+00:00,12728.189330880581,117667.37307292694
2020-09-18 13:30:00+00:00,28109.889514152943,117283.34720749134
2020-09-21 13:30:00+00:00,43730.43263211964,114822.42576262473
2020-09-22 13:30:00+00:00,49004.822806985365,113473.41603461026
2020-09-23 13:30:00+00:00,65583.09432950734,110561.15486112355
2020-09-24 13:30:00+00:00,65598.67432943104,111274.444478662
2020-09-25 13:30:00+00:00,70232.21432963132,111898.75451895712
2020-09-28 13:30:00+00:00,70232.21432963132,113276.4335503888
2020-09-29 13:30:00+00:00,3773.3021920037136,114038.50901702164
2020-09-30 13:30:00+00:00,13959.353179435258,112407.98319814635
2020-10-01 13:30:00+00:00,0.18315170240930456,113602.76566360427
2020-10-02 13:30:00+00:00,0.18315170240930456,112961.03744600249
2020-10-05 13:30:00+00:00,0.18315170240930456,116706.44998333884
2020-10-06 13:30:00+00:00,0.18315170240930456,116763.9112347169
2020-10-07 13:30:00+00:00,0.18315170240930456,121517.41033361388
2020-10-08 13:30:00+00:00,7.009818534379519,122620.64739845229
2020-10-09 13:30:00+00:00,0.9598183436446552,123362.9281841321
2020-10-12 13:30:00+00:00,0.27981833649209786,123987.9574821992
2020-10-13 13:30:00+00:00,0.27981833649209786,124622.33931259347
2020-10-14 13:30:00+00:00,0.27981833649209786,123626.56613842679
2020-10-15 13:30:00+00:00,6.489818136220491,123228.90180830193
2020-10-16 13:30:00+00:00,1.9098182125144367,123251.49443105889
2020-10-19 13:30:00+00:00,4118.329830328947,122328.45541731549
2020-10-20 13:30:00+00:00,1.4896909399085416,121471.1839791937
2020-10-21 13:30:00+00:00,3653.9595507187896,120302.94731650782
2020-10-22 13:30:00+00:00,16482.69978199435,121545.05459747744
2020-10-23 13:30:00+00:00,3860.6097932858515,122196.9420958562
2020-10-26 13:30:00+00:00,15176.185521106248,119532.4813803835
2020-10-27 13:30:00+00:00,25252.745717982776,118486.38271335793
2020-10-28 13:30:00+00:00,25021.728401402957,115686.52857593728
2020-10-29 13:30:00+00:00,33423.38177195534,116049.07416794047
2020-10-30 13:30:00+00:00,41478.00187436089,114356.46910414443
2020-11-02 14:30:00+00:00,49265.60177365288,114573.25946769462
2020-11-03 14:30:00+00:00,49265.60177365288,116656.30016675935
2020-11-04 14:30:00+00:00,49269.26177373871,118138.57949266181
2020-11-05 14:30:00+00:00,5.501407298891536,120535.07959702954
2020-11-06 14:30:00+00:00,4634.620280537455,120307.76183536992
2020-11-09 14:30:00+00:00,2957.350206348746,121062.67969927535
2020-11-10 14:30:00+00:00,4250.092109415381,120613.33917627082
2020-11-11 14:30:00+00:00,4038.907405588477,120569.90303060756
2020-11-12 14:30:00+00:00,8.117228243201225,118348.29191044316
2020-11-13 14:30:00+00:00,10242.657268974632,120282.22111103282
2020-11-16 14:30:00+00:00,1.5474004481729944,121693.65557811008
2020-11-17 14:30:00+00:00,4607.557383630126,121297.34065410838
2020-11-18 14:30:00+00:00,4.857522103637166,120901.06057760463
2020-11-19 14:30:00+00:00,4.857522103637166,124328.77429440961
2020-11-20 14:30:00+00:00,1.007522199004598,125707.73684922204
2020-11-23 14:30:00+00:00,1.007522199004598,129664.43825117097
2020-11-24 14:30:00+00:00,2.817522141784139,132292.5827942227
2020-11-25 14:30:00+00:00,0.87752208456368,133390.03805622802
2020-11-27 14:30:00+00:00,0.87752208456368,134811.87227031932
2020-11-30 14:30:00+00:00,0.87752208456368,133845.39787075267
2020-12-01 14:30:00+00:00,0.87752208456368,135854.47251543746
2020-12-02 14:30:00+00:00,0.87752208456368,137071.45417389617
2020-12-03 14:30:00+00:00,0.04752210125298051,138978.30974409328
2020-12-04 14:30:00+00:00,7316.047522101253,142183.74534669862
2020-12-07 14:30:00+00:00,0.11771253094048006,142466.27410206542
2020-12-08 14:30:00+00:00,4.577712569087453,144359.4075212811
2020-12-09 14:30:00+00:00,3951.209311995357,141234.44220993266
2020-12-10 14:30:00+00:00,0.4492607448992203,144276.74781999335
2020-12-11 14:30:00+00:00,7.559260878413625,143129.28859565005
2020-12-14 14:30:00+00:00,9135.099279436916,143447.10791877256
2020-12-15 14:30:00+00:00,1.8394143317636917,145494.97768727288
2020-12-16 14:30:00+00:00,0.09941432222694857,145266.5012916659
2020-12-17 14:30:00+00:00,0.09941432222694857,148140.14174381242
2020-12-18 14:30:00+00:00,14844.008869979232,147212.26320627675
2020-12-21 14:30:00+00:00,24.158780667630708,147952.90018025384
2020-12-22 14:30:00+00:00,1413.6112851213693,150093.27245727292
2020-12-23 14:30:00+00:00,0.4913167070626514,150977.7598195385
2020-12-24 14:30:00+00:00,0.4913167070626514,150703.45488098377
2020-12-28 14:30:00+00:00,0.4913167070626514,152030.54496440402
2020-12-29 14:30:00+00:00,3958.9561900209665,148220.75957998744
2020-12-30 14:30:00+00:00,0.22609010450787537,151249.69119128695
2020-12-31 14:30:00+00:00,0.22609010450787537,151639.56099757663
2021-01-04 14:30:00+00:00,4810.066055924821,147262.33716622106
2021-01-05 14:30:00+00:00,5966.575904042648,151229.83124747983
2021-01-06 14:30:00+00:00,2.9858066152801257,154330.00786414853
2021-01-07 14:30:00+00:00,0.07580652944943722,159402.07725510112
2021-01-08 14:30:00+00:00,0.07580652944943722,157743.7253406953
2021-01-11 14:30:00+00:00,0.07580652944943722,158675.46761337033
2021-01-12 14:30:00+00:00,0.07580652944943722,158735.75767973176
2021-01-13 14:30:00+00:00,52.065808207916234,159321.83046379796
2021-01-14 14:30:00+00:00,0.5424768041839343,164182.29068473092
2021-01-15 14:30:00+00:00,3942.122435243057,161962.07130399457
2021-01-19 14:30:00+00:00,0.3924881529082995,165789.5254726719
2021-01-20 14:30:00+00:00,3430.3924881529083,164787.96090594045
2021-01-21 14:30:00+00:00,4.215923459457372,164851.51321950665
2021-01-22 14:30:00+00:00,3.855923445152257,166698.06571915856
2021-01-25 14:30:00+00:00,7635.724304230141,162988.92814794293
2021-01-26 14:30:00+00:00,18496.504591853547,160589.2665332865
2021-01-27 14:30:00+00:00,40351.38513699286,153754.94493976346
2021-01-28 14:30:00+00:00,6663.327230083485,153079.84829174235
2021-01-29 14:30:00+00:00,22481.415275891086,149979.04227503086
2021-02-01 14:30:00+00:00,10995.76509373929,152692.21678739335
2021-02-02 14:30:00+00:00,5223.618874008914,155990.94995361115
2021-02-03 14:30:00+00:00,4.848953659792642,155629.22732454087
2021-02-04 14:30:00+00:00,1.2489537551600733,158308.61700385358
2021-02-05 14:30:00+00:00,1.2489537551600733,161929.34270137097
2021-02-08 14:30:00+00:00,2704.049042637607,167081.0239574268
2021-02-09 14:30:00+00:00,0.6740741088592586,168728.4676619127
2021-02-10 14:30:00+00:00,0.6740741088592586,167542.84697788503
2021-02-11 14:30:00+00:00,0.6740741088592586,164669.47490041997
2021-02-12 14:30:00+00:00,20.654073651095587,166138.91354506757
2021-02-16 14:30:00+00:00,0.3540732219421443,167620.74325626637
2021-02-17 14:30:00+00:00,15.21407287861939,165860.92384045865
2021-02-18 14:30:00+00:00,15861.516356642504,162797.60670059468
2021-02-19 14:30:00+00:00,5395.806150849123,164973.8727648809
2021-02-22 14:30:00+00:00,19940.686469967623,163004.67309063222
2021-02-23 14:30:00+00:00,19504.585652287264,157751.04858165528
2021-02-24 14:30:00+00:00,16804.09059613492,160520.5947779968
2021-02-25 14:30:00+00:00,43476.5010203674,153824.59966295506
2021-02-26 14:30:00+00:00,77001.91153043057,153481.5637358978
2021-03-01 14:30:00+00:00,77028.97153085019,155498.64458828713
2021-03-02 14:30:00+00:00,7337.831442768831,153563.02287715222
2021-03-03 14:30:00+00:00,15177.311217243929,151965.70802777554
2021-03-04 14:30:00+00:00,67982.75552933957,146406.81929188516
2021-03-05 14:30:00+00:00,75938.03540986325,146896.8025944784
2021-03-08 14:30:00+00:00,75940.92540996816,148804.32896142747
2021-03-09 14:30:00+00:00,75940.92540996816,149285.4897775009
2021-03-10 14:30:00+00:00,75940.92540996816,149906.0507751062
2021-03-11 14:30:00+00:00,75940.92540996816,151332.04775625016
2021-03-12 14:30:00+00:00,75946.77540987279,151712.97782068994
2021-03-15 13:30:00+00:00,75946.77540987279,152875.98587733056
2021-03-16 13:30:00+00:00,75946.77540987279,151490.09619026925
2021-03-17 13:30:00+00:00,75946.77540987279,151912.84558075215
2021-03-18 13:30:00+00:00,18282.350924666185,147502.92599015977
2021-03-19 13:30:00+00:00,18282.350924666185,149222.31853812482
2021-03-22 13:30:00+00:00,39887.740717585344,148333.49600094106
2021-03-23 13:30:00+00:00,59019.59066456105,143124.4976236179
2021-03-24 13:30:00+00:00,107459.92843693044,140132.54376095082
2021-03-25 13:30:00+00:00,115080.81837719228,139938.96854441907
2021-03-26 13:30:00+00:00,115080.81837719228,140349.4184399202
2021-03-29 13:30:00+00:00,115080.81837719228,140376.30844705846
2021-03-30 13:30:00+00:00,120446.35848873403,139777.74813240315
2021-03-31 13:30:00+00:00,120446.35848873403,139431.6282033279
2021-04-01 13:30:00+00:00,120446.35848873403,139326.24812882688
2021-04-05 13:30:00+00:00,2.1886317088792566,140138.06889169957
2021-04-06 13:30:00+00:00,0.34863167550065555,139692.45999270226
2021-04-07 13:30:00+00:00,4385.258601482172,138577.38638621118
2021-04-08 13:30:00+00:00,22205.398739154596,139124.95854073312
2021-04-09 13:30:00+00:00,7816.578831012506,138259.39834934022
2021-04-12 13:30:00+00:00,10170.648804719705,135950.29928189065
2021-04-13 13:30:00+00:00,7724.1883316590975,134618.42882495667
2021-04-14 13:30:00+00:00,15.473426873941207,134911.42281084802
2021-04-15 13:30:00+00:00,4717.46340804841,134996.22549968507
2021-04-16 13:30:00+00:00,5.713454778451705,135452.2318406656
2021-04-19 13:30:00+00:00,6846.50578522751,133436.38765120576
2021-04-20 13:30:00+00:00,23275.03865364456,131051.1567244854
2021-04-21 13:30:00+00:00,3.6921112861564325,132519.42540315056
2021-04-22 13:30:00+00:00,3.6921112861564325,132245.42028668785
2021-04-23 13:30:00+00:00,7468.842111262315,132972.29414239788
2021-04-26 13:30:00+00:00,0.7123533811500238,133162.9029544916
2021-04-27 13:30:00+00:00,14359.612517031663,133138.90537897014
2021-04-28 13:30:00+00:00,22429.62773971176,131160.4892174444
2021-04-29 13:30:00+00:00,4412.736779495235,131397.14811317538
2021-04-30 13:30:00+00:00,4099.154782100674,129728.03060094928
2021-05-03 13:30:00+00:00,9.02983288383166,130276.86655680751
2021-05-04 13:30:00+00:00,15101.558572574613,129119.56738559817
2021-05-05 13:30:00+00:00,5521.937948553425,128267.19006630644
2021-05-06 13:30:00+00:00,5285.628183452945,128239.13622674212
2021-05-07 13:30:00+00:00,7.002314655643206,129680.98074993357
2021-05-10 13:30:00+00:00,18518.292327015264,126900.55516728626
2021-05-11 13:30:00+00:00,18518.292327015264,126314.55290588604
2021-05-12 13:30:00+00:00,40523.55213460194,124456.82036360966
2021-05-13 13:30:00+00:00,44572.83208379017,124709.51588210331
2021-05-14 13:30:00+00:00,44572.83208379017,125415.2698806213
2021-05-17 13:30:00+00:00,44572.83208379017,125909.28096589314
2021-05-18 13:30:00+00:00,50093.33220013844,125557.61329015957
2021-05-19 13:30:00+00:00,50093.33220013844,125213.75566872822
2021-05-20 13:30:00+00:00,50170.29219922291,125677.39748868214
2021-05-21 13:30:00+00:00,5.492402164802115,126458.52708443867
2021-05-24 13:30:00+00:00,5.492402164802115,125817.15790924297
2021-05-25 13:30:00+00:00,23.167401401862662,123625.0850883411
2021-05-26 13:30:00+00:00,4.487401096686881,124957.98906406628
2021-05-27 13:30:00+00:00,22.087401478156607,125541.8474217342
2021-05-28 13:30:00+00:00,30.927402584418815,125921.42648705708
2021-06-01 13:30:00+00:00,4.997402279243033,127462.38881525265
2021-06-02 13:30:00+00:00,9112.38754615055,126781.88429602848
2021-06-03 13:30:00+00:00,0.5572992251964024,126331.9862643169
2021-06-04 13:30:00+00:00,0.5572992251964024,127099.46548732983
2021-06-07 13:30:00+00:00,9507.197044937477,127802.44400724636
2021-06-08 13:30:00+00:00,1.2371405051799225,127330.68012747036
2021-06-09 13:30:00+00:00,8191.02722152935,126369.81858762966
2021-06-10 13:30:00+00:00,3.027287809714835,127137.36475786434
2021-06-11 13:30:00+00:00,13.287288038596671,128134.38441642986
2021-06-14 13:30:00+00:00,8909.347512571678,127881.98807796703
2021-06-15 13:30:00+00:00,17.107446043357413,126768.08106431233
2021-06-16 13:30:00+00:00,8026.347503988609,125495.57866367565
2021-06-17 13:30:00+00:00,8771.472553579672,123955.67692598568
2021-06-18 13:30:00+00:00,42632.21079443725,122568.13289831909
2021-06-21 13:30:00+00:00,23897.06512497695,123295.97779821188
2021-06-22 13:30:00+00:00,46.81322859557257,123274.10331736835
2021-06-23 13:30:00+00:00,2.893227565604306,124159.79741822512
2021-06-24 13:30:00+00:00,0.49322747023687397,124917.2810538891
2021-06-25 13:30:00+00:00,0.49322747023687397,123991.7022153023
2021-06-28 13:30:00+00:00,19401.04824851783,122623.55191217692
2021-06-29 13:30:00+00:00,14109.504156009949,121566.37327112416
2021-06-30 13:30:00+00:00,5065.897638079762,119944.02864634717
2021-07-01 13:30:00+00:00,1.9376251670119018,119827.15694617952
2021-07-02 13:30:00+00:00,3813.2777779074904,120262.98202013696
2021-07-06 13:30:00+00:00,4707.517680403828,120945.20493328298
2021-07-07 13:30:00+00:00,22365.167728778957,121258.27718436444
2021-07-08 13:30:00+00:00,2.3083223077055663,121312.5040723058
2021-07-09 13:30:00+00:00,34.05832349979847,122481.99825203145
2021-07-12 13:30:00+00:00,1.4983221265074533,121904.52081906522
2021-07-13 13:30:00+00:00,1.4983221265074533,119562.02996122563
2021-07-14 13:30:00+00:00,18744.4378970834,118015.97753417218
2021-07-15 13:30:00+00:00,14604.578270313381,117840.32953393186
2021-07-16 13:30:00+00:00,15591.228761074184,115905.02719437802
2021-07-19 13:30:00+00:00,27764.73182761395,114656.77512943471
2021-07-20 13:30:00+00:00,7301.281855461238,116006.87813150609
2021-07-21 13:30:00+00:00,8.151759025690808,118401.31462871755
2021-07-22 13:30:00+00:00,6.581759330866589,120047.5786799165
2021-07-23 13:30:00+00:00,0.9517592164256712,120978.61807810985
2021-07-26 13:30:00+00:00,0.9517592164256712,121663.4754632684
2021-07-27 13:30:00+00:00,0.9517592164256712,121380.0885711881
2021-07-28 13:30:00+00:00,0.9517592164256712,125454.3457049104
2021-07-29 13:30:00+00:00,8416.760720447957,124383.58527226871
2021-07-30 13:30:00+00:00,2.0903760952351433,125102.67416687435
2021-08-02 13:30:00+00:00,2.0903760952351433,124785.5822474522
2021-08-03 13:30:00+00:00,7532.210126118123,124615.85613723224
2021-08-04 13:30:00+00:00,7598.811411098897,127113.14031811184
2021-08-05 13:30:00+00:00,85.12148137515807,131878.82710476345
2021-08-06 13:30:00+00:00,6462.161578611792,130255.73867769665
2021-08-09 13:30:00+00:00,1.2513632339841934,133431.02221460766
2021-08-10 13:30:00+00:00,8.221363024175844,132891.2195140881
2021-08-11 13:30:00+00:00,1.321362928808412,130611.08041305965
2021-08-12 13:30:00+00:00,4056.8347668213255,132130.03086371845
2021-08-13 13:30:00+00:00,4532.184735493124,131812.9352035088
2021-08-16 13:30:00+00:00,14.814660982549867,129989.75576849407
2021-08-17 13:30:00+00:00,3270.651172117651,130458.97026081508
2021-08-18 13:30:00+00:00,12.651258902013979,129158.28064032024
2021-08-19 13:30:00+00:00,25547.34735579914,127604.30187721676
2021-08-20 13:30:00+00:00,1804.3912586731303,130167.12057633823
2021-08-23 13:30:00+00:00,1.3632616562235853,135090.9124049706
2021-08-24 13:30:00+00:00,1.3632616562235853,136315.9227122826
2021-08-25 13:30:00+00:00,1.3632616562235853,139680.73133273548
2021-08-26 13:30:00+00:00,2860.2532839340556,146091.27931495136
2021-08-27 13:30:00+00:00,2.68334861224821,154376.9647430939
2021-08-30 13:30:00+00:00,2.68334861224821,165514.8837191624
2021-08-31 13:30:00+00:00,1319.4433583778732,161736.58645101017
2021-09-01 13:30:00+00:00,5.089987711369304,153554.7346193356
2021-09-02 13:30:00+00:00,0.6899876160018721,152986.57777495807
2021-09-03 13:30:00+00:00,13.439987616001872,154614.08015389866
2021-09-07 13:30:00+00:00,4.709988073765544,152989.12554831928
2021-09-08 13:30:00+00:00,174.56998916095426,159968.52531595653
2021-09-09 13:30:00+00:00,3.929991678654474,164655.8537792725
2021-09-10 13:30:00+00:00,1.37999172633819,159188.68437095112
2021-09-13 13:30:00+00:00,5685.000179485738,156835.09808083004
2021-09-14 13:30:00+00:00,16868.30298228687,149360.03794713443
2021-09-15 13:30:00+00:00,10618.703029589116,151140.36771078533
2021-09-16 13:30:00+00:00,2838.8630771202443,152387.8751403851
2021-09-17 13:30:00+00:00,3.7230472130177077,155358.01460762447
2021-09-20 13:30:00+00:00,18843.44123645252,150956.9368948502
2021-09-21 13:30:00+00:00,24597.04107089466,153585.13287396854
2021-09-22 13:30:00+00:00,35866.481378511846,154036.64444489902
2021-09-23 13:30:00+00:00,36023.701372103154,156542.957596497
2021-09-24 13:30:00+00:00,12751.98133750385,158562.63711686558
2021-09-27 13:30:00+00:00,10093.870947794378,154831.02408285564
2021-09-28 13:30:00+00:00,30755.44074149555,150855.15908952183
2021-09-29 13:30:00+00:00,47611.92112155384,149172.42799468464
2021-09-30 13:30:00+00:00,47656.601121859014,151935.55328460163
2021-10-01 13:30:00+00:00,47656.601121859014,150077.43929667896
2021-10-04 13:30:00+00:00,69188.04094882435,149522.47957678264
2021-10-05 13:30:00+00:00,74324.04115291065,150832.89121265835
2021-10-06 13:30:00+00:00,74324.04115291065,150888.160067038
2021-10-07 13:30:00+00:00,74324.04115291065,154764.33037419742
2021-10-08 13:30:00+00:00,74324.04115291065,157237.99952049679
2021-10-11 13:30:00+00:00,74324.04115291065,155150.89027615017
2021-10-12 13:30:00+00:00,74324.04115291065,155338.716571526
2021-10-13 13:30:00+00:00,74378.4611510796,156287.39488645023
2021-10-14 13:30:00+00:00,84280.17149920887,156282.36865468448
2021-10-15 13:30:00+00:00,84280.17149920887,156768.80942435688
2021-10-18 13:30:00+00:00,84284.04149909443,157209.6017467541
2021-10-19 13:30:00+00:00,0.6512532991773696,156308.20082111782
2021-10-20 13:30:00+00:00,0.6512532991773696,156877.21164174503
2021-10-21 13:30:00+00:00,7037.601384953917,158092.7644758982
2021-10-22 13:30:00+00:00,0.4516042036420913,158593.36408741897
2021-10-25 13:30:00+00:00,35.5516048235304,160973.6556359095
2021-10-26 13:30:00+00:00,13936.698803619802,157928.19612051672
2021-10-27 13:30:00+00:00,4275.00503511852,155360.71758724874
2021-10-28 13:30:00+00:00,2494.6679379505513,160112.0986130399
2021-10-29 13:30:00+00:00,2.447912887990242,161522.8638954324
2021-11-01 13:30:00+00:00,2.447912887990242,165141.4051047725
2021-11-02 13:30:00+00:00,2.447912887990242,166641.7591911716
2021-11-03 13:30:00+00:00,24.589633385112116,169789.47150442976
2021-11-04 13:30:00+00:00,9072.509908715654,169828.00844393153
2021-11-05 13:30:00+00:00,15.349664727616982,173455.4350722827
2021-11-08 14:30:00+00:00,3299.529829064775,171914.55211089033
2021-11-09 14:30:00+00:00,5.32969097273417,171390.47852180377
2021-11-10 14:30:00+00:00,3640.7263253130204,166571.16335938353
2021-11-11 14:30:00+00:00,0.9363255895859766,166876.99266759533
2021-11-12 14:30:00+00:00,0.9363255895859766,168300.93346039433
2021-11-15 14:30:00+00:00,24242.226582089832,167731.01332942623
2021-11-16 14:30:00+00:00,10.055447617938633,168319.27671233792
2021-11-17 14:30:00+00:00,7230.758660832813,165291.89927093164
2021-11-18 14:30:00+00:00,31329.879375974106,161338.70429054875
2021-11-19 14:30:00+00:00,100.64929250852947,159635.1919166245
2021-11-22 14:30:00+00:00,24042.49393007812,157126.46394333895
2021-11-23 14:30:00+00:00,64.76307127532345,157665.23943028506
2021-11-24 14:30:00+00:00,3280.1829774146977,157107.18466029223
2021-11-26 14:30:00+00:00,41541.66248539743,152669.8944990998
2021-11-29 14:30:00+00:00,12160.142376220792,153810.12218121346
2021-11-30 14:30:00+00:00,14668.432485855192,151168.02463272866
2021-12-01 14:30:00+00:00,19791.582823551267,149091.03858784493
2021-12-02 14:30:00+00:00,16328.071990287868,150456.41732481774
2021-12-03 14:30:00+00:00,19799.213539122855,147001.42854738166
2021-12-06 14:30:00+00:00,7793.463446616446,147836.8168478005
2021-12-07 14:30:00+00:00,1.423412799154903,150482.57904601027
2021-12-08 14:30:00+00:00,3.283412813460018,150839.02504765918
2021-12-09 14:30:00+00:00,6118.433591007506,149072.45962798526
2021-12-10 14:30:00+00:00,16102.424028515135,149462.34147441317
2021-12-13 14:30:00+00:00,5956.7345734827895,147017.83822953634
2021-12-14 14:30:00+00:00,20.66443073681785,145974.94439160757
2021-12-15 14:30:00+00:00,2950.1293228369195,148653.21984417253
2021-12-16 14:30:00+00:00,9122.299403498693,145321.29926807695
2021-12-17 14:30:00+00:00,7766.109702418372,146727.63771278673
2021-12-20 14:30:00+00:00,20266.659766505287,145360.95794613176
2021-12-21 14:30:00+00:00,20277.438548142727,147550.80036454898
2021-12-22 14:30:00+00:00,2.5590961526013416,149820.17711287242
2021-12-23 14:30:00+00:00,2.5590961526013416,150857.95916777354
2021-12-27 14:30:00+00:00,2.5590961526013416,153897.7922223161
2021-12-28 14:30:00+00:00,2.5590961526013416,154160.4811289857
2021-12-29 14:30:00+00:00,2.5590961526013416,155006.43450194102
2021-12-30 14:30:00+00:00,2.5590961526013416,154862.54910879832
2021-12-31 14:30:00+00:00,8.179096038160424,156620.56745844585
2022-01-03 14:30:00+00:00,40.13909559947024,157551.9566672395
2022-01-04 14:30:00+00:00,14.94909697276125,157372.3450043748
2022-01-05 14:30:00+00:00,15591.269006545363,153354.74801474315
2022-01-06 14:30:00+00:00,15595.489006335554,154630.11358648044
2022-01-07 14:30:00+00:00,16931.558998400986,152655.40758305293
2022-01-10 14:30:00+00:00,27041.499021823227,151491.4570959161
2022-01-11 14:30:00+00:00,27041.499021823227,152223.87062006694
2022-01-12 14:30:00+00:00,27063.639021212875,153155.26211291057
2022-01-13 14:30:00+00:00,27063.639021212875,153192.3962576936
2022-01-14 14:30:00+00:00,27063.639021212875,154980.47003489238
2022-01-18 14:30:00+00:00,49778.87879114848,152662.30484038097
2022-01-19 14:30:00+00:00,58589.06856470805,151909.01846867305
2022-01-20 14:30:00+00:00,70151.43889122707,150166.30399161082
2022-01-21 14:30:00+00:00,79010.2624252389,149340.1239212106
2022-01-24 14:30:00+00:00,79010.2624252389,149925.64224081737
2022-01-25 14:30:00+00:00,79010.2624252389,149903.72233563167
2022-01-26 14:30:00+00:00,88351.41256409389,150311.5824964593
2022-01-27 14:30:00+00:00,88426.41256409389,150402.40270977718
2022-01-28 14:30:00+00:00,88426.41256409389,151266.17255478603
2022-01-31 14:30:00+00:00,88426.41256409389,151570.9423950265
2022-02-01 14:30:00+00:00,88426.41256409389,151907.20163517696
2022-02-02 14:30:00+00:00,88426.41256409389,151778.3620088647
2022-02-03 14:30:00+00:00,88426.41256409389,151241.80176573497
2022-02-04 14:30:00+00:00,88426.41256409389,151244.85268526775
2022-02-07 14:30:00+00:00,88426.41256409389,152253.03252917033
2022-02-08 14:30:00+00:00,88426.41256409389,153483.54371815425
2022-02-09 14:30:00+00:00,88558.01256256801,154840.66313963634
2022-02-10 14:30:00+00:00,88558.01256256801,152995.70976095897
2022-02-11 14:30:00+00:00,95567.01256256801,151421.56965046626
2022-02-14 14:30:00+00:00,95567.01256256801,151698.76189690334
2022-02-15 14:30:00+00:00,95567.01256256801,152105.57331686717
2022-02-16 14:30:00+00:00,95567.01256256801,152590.72203522426
2022-02-17 14:30:00+00:00,95567.01256256801,152300.34188681346
2022-02-18 14:30:00+00:00,95571.11256247264,152087.22363501292
2022-02-22 14:30:00+00:00,107164.89298849803,151835.61265402538
2022-02-23 14:30:00+00:00,107202.75298910838,151615.86170798045
2022-02-24 14:30:00+00:00,114482.55302267772,151002.12301474315
2022-02-25 14:30:00+00:00,114482.55302267772,151240.94315176707
2022-02-28 14:30:00+00:00,114482.55302267772,151166.8524230073
2022-03-01 14:30:00+00:00,114482.55302267772,150820.88265829784
2022-03-02 14:30:00+00:00,114482.55302267772,151963.60266714793
2022-03-03 14:30:00+00:00,114482.55302267772,152315.3321974824
2022-03-04 14:30:00+00:00,114482.55302267772,151886.05383902293
2022-03-07 14:30:00+00:00,114482.55302267772,152056.03318625194
2022-03-08 14:30:00+00:00,114482.55302267772,151617.85323935252
2022-03-09 14:30:00+00:00,114482.55302267772,151505.43205862743
2022-03-10 14:30:00+00:00,114482.55302267772,151339.61324911815
2022-03-11 14:30:00+00:00,114482.55302267772,151578.6230757783
2022-03-14 13:30:00+00:00,114482.55302267772,151853.46380453807
2022-03-15 13:30:00+00:00,114482.55302267772,151687.46217184764
2022-03-16 13:30:00+00:00,114482.55302267772,151757.47332602245
2022-03-17 13:30:00+00:00,114482.55302267772,151802.21337729198
2022-03-18 13:30:00+00:00,114482.55302267772,152170.55335074168
2022-03-21 13:30:00+00:00,114482.55302267772,152262.38259726268
2022-03-22 13:30:00+00:00,114482.55302267772,152214.21386557323
2022-03-23 13:30:00+00:00,1.0548642228222889,151475.75670510036
2022-03-24 13:30:00+00:00,1.0548642228222889,153244.2264540742
2022-03-25 13:30:00+00:00,1.0548642228222889,155394.84410505992
2022-03-28 13:30:00+00:00,1.0548642228222889,154374.31584768993
2022-03-29 13:30:00+00:00,1.0548642228222889,154911.30386524898
2022-03-30 13:30:00+00:00,1.0548642228222889,155122.27419596416
2022-03-31 13:30:00+00:00,1.0548642228222889,153159.03486662608
2022-04-01 13:30:00+00:00,1.0548642228222889,155108.24601774913
2022-04-04 13:30:00+00:00,4886.974839503584,154498.21603470546
2022-04-05 13:30:00+00:00,4755.315097148237,152553.4869807313
2022-04-06 13:30:00+00:00,7459.985137278853,153037.03668289882
2022-04-07 13:30:00+00:00,3.045182521163042,153830.78571015102
2022-04-08 13:30:00+00:00,6463.215352351485,154055.13610249263
2022-04-11 13:30:00+00:00,6463.215352351485,153802.45414882404
2022-04-12 13:30:00+00:00,6463.215352351485,155652.53341751796
2022-04-13 13:30:00+00:00,6463.215352351485,157296.11641102534
2022-04-14 13:30:00+00:00,6463.215352351485,157113.54744845134
2022-04-18 13:30:00+00:00,16820.055283839523,155518.24561911327
2022-04-19 13:30:00+00:00,16820.055283839523,155920.1941311906
2022-04-20 13:30:00+00:00,16820.055283839523,156308.5162275384
2022-04-21 13:30:00+00:00,21954.015260035812,153998.6356556962
2022-04-22 13:30:00+00:00,38273.57570772868,151086.3882849763
2022-04-25 13:30:00+00:00,39616.01572066051,151099.5267603944
2022-04-26 13:30:00+00:00,70669.30538206798,149001.12464314204
2022-04-27 13:30:00+00:00,70669.30538206798,149170.6550071786
2022-04-28 13:30:00+00:00,70669.30538206798,149564.204820926
2022-04-29 13:30:00+00:00,86983.08586912852,146930.12570696574
2022-05-02 13:30:00+00:00,93253.08586912852,147048.04644137126
2022-05-03 13:30:00+00:00,93253.08586912852,147232.87604981166
2022-05-04 13:30:00+00:00,93253.08586912852,147980.0155590127
2022-05-05 13:30:00+00:00,106078.52582579356,147128.08594256145
2022-05-06 13:30:00+00:00,116071.37571936351,146382.98631029826
2022-05-09 13:30:00+00:00,121253.75573378307,145785.65600519878
2022-05-10 13:30:00+00:00,121350.23573714,145866.00568752986
2022-05-11 13:30:00+00:00,121350.23573714,145969.4051802705
2022-05-12 13:30:00+00:00,121350.23573714,145635.23571997386
2022-05-13 13:30:00+00:00,121350.23573714,145531.96551638347
2022-05-16 13:30:00+00:00,121350.23573714,145389.0460904191
2022-05-17 13:30:00+00:00,121350.23573714,145726.36603480083
2022-05-18 13:30:00+00:00,121350.23573714,145463.7453282426
2022-05-19 13:30:00+00:00,130677.73573714,144943.63601523143
2022-05-20 13:30:00+00:00,130677.73573714,145064.77538901073
2022-05-23 13:30:00+00:00,130677.73573714,145342.87617521983
2022-05-24 13:30:00+00:00,130677.73573714,145628.62590056163
2022-05-25 13:30:00+00:00,130677.73573714,145777.93627958995
2022-05-26 13:30:00+00:00,130677.73573714,146225.50619822246
2022-05-27 13:30:00+00:00,130677.73573714,146510.53624182445
2022-05-31 13:30:00+00:00,130677.73573714,146642.56631117564
2022-06-01 13:30:00+00:00,130677.73573714,146526.5559304307
2022-06-02 13:30:00+00:00,130677.73573714,146993.65517168742
2022-06-03 13:30:00+00:00,130677.73573714,147090.85622053844
2022-06-06 13:30:00+00:00,130677.73573714,147542.20567637187
2022-06-07 13:30:00+00:00,130677.73573714,147520.42615633708
2022-06-08 13:30:00+00:00,130677.73573714,147308.38520842296
2022-06-09 13:30:00+00:00,130677.73573714,146993.56603651744
2022-06-10 13:30:00+00:00,130677.73573714,146600.89533167583
2022-06-13 13:30:00+00:00,130677.73573714,146509.00622397166
2022-06-14 13:30:00+00:00,130677.73573714,146729.14533167583
2022-06-15 13:30:00+00:00,130677.73573714,146955.8551562379
2022-06-16 13:30:00+00:00,131089.03575258952,146745.79533510905
2022-06-17 13:30:00+00:00,131089.03575258952,147310.09585695964
2022-06-21 13:30:00+00:00,131089.03575258952,147469.1259091447
2022-06-22 13:30:00+00:00,131089.03575258952,147339.1655438493
2022-06-23 13:30:00+00:00,131089.03575258952,147221.17512636882
2022-06-24 13:30:00+00:00,131089.03575258952,147330.61632662517
2022-06-27 13:30:00+00:00,131089.03575258952,147886.36632662517
2022-06-28 13:30:00+00:00,131089.03575258952,147581.98523073894
2022-06-29 13:30:00+00:00,131089.03575258952,147460.5753872941
2022-06-30 13:30:00+00:00,131089.03575258952,147455.44559603435
2022-07-01 13:30:00+00:00,131089.03575258952,147927.40596132976
2022-07-05 13:30:00+00:00,131089.03575258952,147949.63549166423
2022-07-06 13:30:00+00:00,131089.03575258952,147935.95517855388
2022-07-07 13:30:00+00:00,131089.03575258952,147954.765282924
2022-07-08 13:30:00+00:00,131089.03575258952,148163.38549166423
2022-07-11 13:30:00+00:00,131089.03575258952,147175.00570040446
2022-07-12 13:30:00+00:00,131089.03575258952,147092.92512636882
2022-07-13 13:30:00+00:00,146704.75570040446,146704.75570040446
2022-07-14 13:30:00+00:00,146704.75570040446,146704.75570040446
2022-07-15 13:30:00+00:00,146704.75570040446,146704.75570040446
2022-07-18 13:30:00+00:00,146704.75570040446,146704.75570040446
2022-07-19 13:30:00+00:00,146704.75570040446,146704.75570040446
2022-07-20 13:30:00+00:00,1.164259965240035,147248.2734432767
2022-07-21 13:30:00+00:00,1.164259965240035,146355.4042871545
2022-07-22 13:30:00+00:00,7490.124419266998,144274.47494798404
2022-07-25 13:30:00+00:00,8842.864882523834,145872.03467970592
2022-07-26 13:30:00+00:00,7175.604801232636,146753.79378061992
2022-07-27 13:30:00+00:00,4.604530389130559,148630.67373996478
2022-07-28 13:30:00+00:00,1.7145302842263845,149132.92537480098
2022-07-29 13:30:00+00:00,6473.212332181707,147826.07288735366
2022-08-01 13:30:00+00:00,3.2022499368340505,146148.08279269194
2022-08-02 13:30:00+00:00,7047.8020023629815,146028.321226053
2022-08-03 13:30:00+00:00,1.9121097848565114,147825.06182139373
2022-08-04 13:30:00+00:00,15996.632309369817,149378.58322256064
2022-08-05 13:30:00+00:00,1.3002129123360646,151218.93992035842
2022-08-08 13:30:00+00:00,1.3002129123360646,148751.32341354346
2022-08-09 13:30:00+00:00,6073.930261664168,147110.15127389887
2022-08-10 13:30:00+00:00,10641.930728964584,148502.09879510858
2022-08-11 13:30:00+00:00,0.029607348220451968,147741.64876788115
2022-08-12 13:30:00+00:00,0.029607348220451968,150814.76828830695
2022-08-15 13:30:00+00:00,0.029607348220451968,151968.34479468322
2022-08-16 13:30:00+00:00,0.029607348220451968,150346.07972376802
2022-08-17 13:30:00+00:00,12137.649663500564,149389.63424485183
2022-08-18 13:30:00+00:00,0.8492618129425864,150132.3925933168
2022-08-19 13:30:00+00:00,0.8492618129425864,150453.73028390863
2022-08-22 13:30:00+00:00,57.10926037289437,149500.20933490255
2022-08-23 13:30:00+00:00,7148.969088129776,150234.5036607311
2022-08-24 13:30:00+00:00,8.30905871845971,150951.14139872053
2022-08-25 13:30:00+00:00,0.7490587756801688,152528.17748027304
2022-08-26 13:30:00+00:00,44.27905737616311,149739.82685517526
2022-08-29 13:30:00+00:00,16453.618753068225,148837.60325216508
2022-08-30 13:30:00+00:00,33.37871371962319,146222.68217562893
2022-08-31 13:30:00+00:00,1189.3189221546818,147847.80758690095
2022-09-01 13:30:00+00:00,16718.839244954364,146483.79254173493
2022-09-02 13:30:00+00:00,22320.409374348896,146011.13410972813
2022-09-06 13:30:00+00:00,28447.909431569355,145278.34120320535
2022-09-07 13:30:00+00:00,32713.189576022403,148907.3077309058
2022-09-08 13:30:00+00:00,32713.189576022403,149607.96237396455
2022-09-09 13:30:00+00:00,34790.089514605774,150510.07074122882
2022-09-12 13:30:00+00:00,0.335919968856615,151447.2490401194
2022-09-13 13:30:00+00:00,17547.895867697967,149545.26912259316
2022-09-14 13:30:00+00:00,17547.895867697967,149614.67512106156
2022-09-15 13:30:00+00:00,23232.625875823273,148521.27207373834
2022-09-16 13:30:00+00:00,37411.535610549225,144927.9636285231
2022-09-19 13:30:00+00:00,46171.535610549225,145814.4916646407
2022-09-20 13:30:00+00:00,46171.535610549225,144364.63192438343
2022-09-21 13:30:00+00:00,65364.765480391754,142756.77028083062
2022-09-22 13:30:00+00:00,80357.19580208517,141479.62928961968
2022-09-23 13:30:00+00:00,88953.25556122519,140348.1177046225
2022-09-26 13:30:00+00:00,93097.73473057228,140338.66425356347
2022-09-27 13:30:00+00:00,102758.89418491798,140143.5942946382
2022-09-28 13:30:00+00:00,102758.89418491798,140580.47406658606
2022-09-29 13:30:00+00:00,114048.49399265724,139908.8642016359
2022-09-30 13:30:00+00:00,118718.05400547462,139444.45400652365
2022-10-03 13:30:00+00:00,118718.05400547462,140417.18406376318
2022-10-04 13:30:00+00:00,118718.05400547462,141029.96398481802
2022-10-05 13:30:00+00:00,118718.05400547462,140527.82365188078
2022-10-06 13:30:00+00:00,118718.05400547462,140424.3234647222
2022-10-07 13:30:00+00:00,118718.05400547462,140485.16339477972
2022-10-10 13:30:00+00:00,118718.05400547462,140868.1636279531
2022-10-11 13:30:00+00:00,118718.05400547462,140962.35367760138
2022-10-12 13:30:00+00:00,118718.05400547462,140982.10378727393
2022-10-13 13:30:00+00:00,118718.05400547462,141788.20360264258
2022-10-14 13:30:00+00:00,118718.05400547462,141114.6242114015
2022-10-17 13:30:00+00:00,118718.05400547462,141680.28392013983
2022-10-18 13:30:00+00:00,118718.05400547462,142310.024154038
2022-10-19 13:30:00+00:00,118718.05400547462,141908.77430662588
2022-10-20 13:30:00+00:00,118718.05400547462,141715.01351437048
2022-10-21 13:30:00+00:00,118718.05400547462,142524.02392134146
2022-10-24 13:30:00+00:00,118718.05400547462,142655.0839603849
2022-10-25 13:30:00+00:00,118718.05400547462,142817.99322590308
2022-10-26 13:30:00+00:00,118718.05400547462,143070.51413664297
2022-10-27 13:30:00+00:00,118718.05400547462,142271.6536467977
2022-10-28 13:30:00+00:00,118718.05400547462,143171.74308857397
2022-10-31 13:30:00+00:00,118718.05400547462,142619.28358826117
2022-11-01 13:30:00+00:00,118718.05400547462,143174.33406481222
2022-11-02 13:30:00+00:00,118718.05400547462,142876.32415327505
2022-11-03 13:30:00+00:00,118718.05400547462,143455.44375500162
2022-11-04 13:30:00+00:00,125380.55400547462,142404.26424059347
2022-11-07 14:30:00+00:00,125380.55400547462,142597.47438082175
2022-11-08 14:30:00+00:00,125380.55400547462,142260.7539080091
2022-11-09 14:30:00+00:00,125380.55400547462,142106.4441002317
2022-11-10 14:30:00+00:00,125380.55400547462,142254.55369409994
2022-11-11 14:30:00+00:00,7689.622999877509,140796.52909138877
2022-11-14 14:30:00+00:00,4855.062779159126,139610.0140905686
2022-11-15 14:30:00+00:00,2.232708127078695,140455.31356850342
2022-11-16 14:30:00+00:00,0.3227081604572959,139140.11280420498
2022-11-17 14:30:00+00:00,0.3227081604572959,139526.7572266169
2022-11-18 14:30:00+00:00,7502.322896987972,139575.71147921757
2022-11-21 14:30:00+00:00,267.30278399663894,139774.17409077365
2022-11-22 14:30:00+00:00,8468.230969542936,140464.94447004265
2022-11-23 14:30:00+00:00,1.1709929651788116,140021.22542964882
2022-11-25 14:30:00+00:00,1.1709929651788116,140548.01543962426
2022-11-28 14:30:00+00:00,1.1709929651788116,136794.18475353188
2022-11-29 14:30:00+00:00,1.1709929651788116,136485.57041799492
2022-11-30 14:30:00+00:00,1.1709929651788116,138944.2764545626
2022-12-01 14:30:00+00:00,1.1709929651788116,139771.11479436822
2022-12-02 14:30:00+00:00,1.1709929651788116,139415.05111777253
2022-12-05 14:30:00+00:00,21968.470658416227,136003.11453687615
2022-12-06 14:30:00+00:00,18434.641308898405,134107.58153354592
2022-12-07 14:30:00+00:00,6398.041390056089,133240.8154169268
2022-12-08 14:30:00+00:00,12474.653140213803,132367.77320924075
2022-12-09 14:30:00+00:00,24550.702990677673,130174.51399531635
2022-12-12 14:30:00+00:00,1.4229938057251275,131017.37756362231
2022-12-13 14:30:00+00:00,4312.422993805725,131474.22464766772
2022-12-14 14:30:00+00:00,1075.2255244237156,131033.82922887623
2022-12-15 14:30:00+00:00,20770.794982351832,128483.00073543983
2022-12-16 14:30:00+00:00,33295.46528855758,128150.23553983169
2022-12-19 14:30:00+00:00,41399.6153561254,126884.78476444678
2022-12-20 14:30:00+00:00,41399.6153561254,127826.81537262397
2022-12-21 14:30:00+00:00,41402.45535603957,128426.14414302306
2022-12-22 14:30:00+00:00,41407.64535609679,127699.64050237136
2022-12-23 14:30:00+00:00,53411.525513567496,127978.34166804748
2022-12-27 14:30:00+00:00,53411.525513567496,127981.23413554626
2022-12-28 14:30:00+00:00,53411.525513567496,127138.02062217193
2022-12-29 14:30:00+00:00,53411.525513567496,127955.53686419921
2022-12-30 14:30:00+00:00,53411.525513567496,128056.84497729735
2023-01-03 14:30:00+00:00,53411.525513567496,127652.69065419631
2023-01-04 14:30:00+00:00,57855.065400042105,127495.11607638793
2023-01-05 14:30:00+00:00,68778.17545405822,127271.955887713
2023-01-06 14:30:00+00:00,68778.17545405822,128407.9167789598
2023-01-09 14:30:00+00:00,68782.94545403915,127447.93500796752
2023-01-10 14:30:00+00:00,68860.44545403915,127786.2855371614
2023-01-11 14:30:00+00:00,75994.22634451461,126440.16609423232
2023-01-12 14:30:00+00:00,1.3864230401522946,127291.6858305223
2023-01-13 14:30:00+00:00,1.3864230401522946,128027.66693656516
2023-01-17 14:30:00+00:00,468.78641717505525,127140.03789560866
2023-01-18 14:30:00+00:00,1.8364297635562252,125985.28524558616
2023-01-19 14:30:00+00:00,1.6864297873980831,125205.79486303401
2023-01-20 14:30:00+00:00,1.6864297873980831,125312.7556553371
2023-01-23 14:30:00+00:00,0.21242981028626673,127735.99389474464
2023-01-24 14:30:00+00:00,0.21242981028626673,128071.11590986323
2023-01-25 14:30:00+00:00,0.21242981028626673,128741.08746390414
2023-01-26 14:30:00+00:00,4576.60237960887,129864.46333067489
2023-01-27 14:30:00+00:00,14877.297082710982,128137.43617551398
2023-01-30 14:30:00+00:00,2.305123854399426,126507.40609269214
2023-01-31 14:30:00+00:00,2.305123854399426,128910.91430549693
2023-02-01 14:30:00+00:00,4.465123940230114,130773.87492637706
2023-02-02 14:30:00+00:00,12394.454815674542,131395.38416962695
2023-02-03 14:30:00+00:00,4018.2044322974666,130872.76583008838
2023-02-06 14:30:00+00:00,4190.5344303138245,129591.59548811984
2023-02-07 14:30:00+00:00,1.9444087035644735,130699.39376144481
2023-02-08 14:30:00+00:00,1.9444087035644735,128972.43456416202
2023-02-09 14:30:00+00:00,3687.764579463719,127205.17438285422
2023-02-10 14:30:00+00:00,19629.605152297732,126379.19445519519
2023-02-13 14:30:00+00:00,4.014722514864843,128130.61635129523
2023-02-14 14:30:00+00:00,1.0047225244015863,128275.9352223165
2023-02-15 14:30:00+00:00,1.0047225244015863,130512.5141338594
2023-02-16 14:30:00+00:00,26.684722829577368,129098.24554531646
2023-02-17 14:30:00+00:00,26.244722414729036,128909.17564802241
2023-02-21 14:30:00+00:00,32078.435341092623,123456.28630849985
2023-02-22 14:30:00+00:00,4751.355548116244,123996.89406153826
2023-02-23 14:30:00+00:00,1.825604650056448,125939.0856761661
2023-02-24 14:30:00+00:00,1029.7156064238907,124339.56543204455
2023-02-27 14:30:00+00:00,2366.0056636062027,124841.20519826082
2023-02-28 14:30:00+00:00,6097.395683619058,126745.96672258046
2023-03-01 14:30:00+00:00,2.9155772652984524,126402.24705872206
2023-03-02 14:30:00+00:00,4794.949542800279,125133.6396134294
2023-03-03 14:30:00+00:00,1.3496244348007167,127053.80003897319
2023-03-06 14:30:00+00:00,8321.186382070853,124913.31099154122
2023-03-07 14:30:00+00:00,2545.769700065816,125209.80338098164
2023-03-08 14:30:00+00:00,9908.379400268757,124318.52510358448
2023-03-09 14:30:00+00:00,23768.44976438638,120488.1898551142
2023-03-10 14:30:00+00:00,48103.14010800477,116577.43094314692
2023-03-13 13:30:00+00:00,59906.700052157605,115819.92981876488
2023-03-14 13:30:00+00:00,13169.505646005833,117186.83590437529
2023-03-15 13:30:00+00:00,3616.3058941518884,115955.26623465176
2023-03-16 13:30:00+00:00,588.7158348714929,117993.1458151495
2023-03-17 13:30:00+00:00,20.295863405428463,115806.70595814343
2023-03-20 13:30:00+00:00,13544.955893055163,115752.3458666956
2023-03-21 13:30:00+00:00,3.1162331258881295,116878.16573692914
2023-03-22 13:30:00+00:00,11313.496127382481,115386.945016638
2023-03-23 13:30:00+00:00,3.7358248388409265,116505.8460374033
2023-03-24 13:30:00+00:00,9.885825411045516,115839.98478819485
2023-03-27 13:30:00+00:00,5901.256071344578,115581.96663762684
2023-03-28 13:30:00+00:00,1.2560513174175858,114905.19637538548
2023-03-29 13:30:00+00:00,1.2560513174175858,116986.8354363596
2023-03-30 13:30:00+00:00,1.2560513174175858,117526.54599501248
2023-03-31 13:30:00+00:00,1.2560513174175858,119700.8164196169
2023-04-03 13:30:00+00:00,1.2560513174175858,119107.85541488286
2023-04-04 13:30:00+00:00,1.2560513174175858,118229.51722766514
2023-04-05 13:30:00+00:00,11246.966288105214,115843.75702287312
2023-04-06 13:30:00+00:00,11895.315591350758,116378.19481708165
2023-04-10 13:30:00+00:00,1.245670214855636,117124.24623932
2023-04-11 13:30:00+00:00,10995.64537896272,116587.40515245553
2023-04-12 13:30:00+00:00,0.8953995859269526,114412.45451380368
2023-04-13 13:30:00+00:00,0.8953995859269526,117067.45467235203
2023-04-14 13:30:00+00:00,8682.095177189076,115954.31506158467
2023-04-17 13:30:00+00:00,16628.32514025327,116551.9166797554
2023-04-18 13:30:00+00:00,3474.3749639923813,113562.7955123122
2023-04-19 13:30:00+00:00,62.76496362044827,115236.59598731353
2023-04-20 13:30:00+00:00,605.2769645388366,113963.05007230594
2023-04-21 13:30:00+00:00,1.496952408099446,115349.16527091817
2023-04-24 13:30:00+00:00,5533.696800583149,114579.92530428722
2023-04-25 13:30:00+00:00,20298.336716645503,111712.98398935153
2023-04-26 13:30:00+00:00,17477.78597908691,110230.69414895252
2023-04-27 13:30:00+00:00,12415.162930662798,111011.54953854816
2023-04-28 13:30:00+00:00,3360.3729039980644,112097.83502858417
2023-05-01 13:30:00+00:00,3929.5129701449146,112133.46155756252
2023-05-02 13:30:00+00:00,4507.132788355517,112330.19715100067
2023-05-03 13:30:00+00:00,14081.056134827328,111143.49570656556
2023-05-04 13:30:00+00:00,1986.6505197086346,110644.81650588894
2023-05-05 13:30:00+00:00,9752.380651573181,112544.62858841801
2023-05-08 13:30:00+00:00,5407.678529838562,112084.31886098767
2023-05-09 13:30:00+00:00,0.4185508289347126,112180.04155848408
2023-05-10 13:30:00+00:00,3544.1685508289347,113657.28270743275
2023-05-11 13:30:00+00:00,9645.958760241509,111771.94779775525
2023-05-12 13:30:00+00:00,7047.074230174065,112734.73993251706
2023-05-15 13:30:00+00:00,7.424128989219753,111911.36934600258
2023-05-16 13:30:00+00:00,8892.38715072364,110573.54173382014
2023-05-17 13:30:00+00:00,0.13679547995707253,111394.72525735587
2023-05-18 13:30:00+00:00,3652.656740624611,111483.05706079691
2023-05-19 13:30:00+00:00,3841.046685535614,113360.02444704264
2023-05-22 13:30:00+00:00,8124.046712238494,112766.71769376486
2023-05-23 13:30:00+00:00,0.3267520257868455,111814.88236447066
2023-05-24 13:30:00+00:00,3183.7266052553096,110615.38158889502
2023-05-25 13:30:00+00:00,10562.186281521026,110250.41595264166
2023-05-26 13:30:00+00:00,9114.701447326843,111244.56155486792
2023-05-30 13:30:00+00:00,2.951217729750624,110438.51151819914
2023-05-31 13:30:00+00:00,2623.811288196746,109656.93219311922
2023-06-01 13:30:00+00:00,6.181224186125746,111195.5012322256
2023-06-02 13:30:00+00:00,1.5612243005666642,113269.63264497012
2023-06-05 13:30:00+00:00,1.5612243005666642,113069.35027201862
2023-06-06 13:30:00+00:00,11477.061251957122,112743.65113981457
2023-06-07 13:30:00+00:00,2837.7691680406424,112137.28875579585
2023-06-08 13:30:00+00:00,63.93917646158661,113617.52962746371
2023-06-09 13:30:00+00:00,3417.9791175340506,113268.81936182726
2023-06-12 13:30:00+00:00,2.99910559404816,114337.81789722193
2023-06-13 13:30:00+00:00,9245.359398624787,114256.31919386137
2023-06-14 13:30:00+00:00,10227.298833868394,112887.88816752184
2023-06-15 13:30:00+00:00,34.125004854098776,113436.80515262116
2023-06-16 13:30:00+00:00,8768.934859123126,112664.97414216031
2023-06-20 13:30:00+00:00,2.7147103213228547,112819.94496902455
2023-06-21 13:30:00+00:00,0.19471034039634105,113167.66001209248
2023-06-22 13:30:00+00:00,2.2947102450289094,113904.34429677953
2023-06-23 13:30:00+00:00,5915.044810857669,111857.11575016011
2023-06-26 13:30:00+00:00,6047.144886102573,112008.19527718057
2023-06-27 13:30:00+00:00,721.5849022530474,113128.56406232346
2023-06-28 13:30:00+00:00,1346.7149123810686,114083.57495423783
2023-06-29 13:30:00+00:00,0.8248786591448152,113922.60492989053
2023-06-30 13:30:00+00:00,4443.524946179286,114690.0996310376
2023-07-03 13:30:00+00:00,13518.436174793955,113738.69666974139
2023-07-05 13:30:00+00:00,2011.126380606409,111356.94652764392
2023-07-06 13:30:00+00:00,10192.036332770105,108320.8666199882
2023-07-07 13:30:00+00:00,5548.2662445743035,109925.02550141406
2023-07-10 13:30:00+00:00,1.2760937650154744,111702.30447606635
2023-07-11 13:30:00+00:00,17.216093226189486,113422.79678003382
2023-07-12 13:30:00+00:00,1.696093006844393,114793.27565042567
2023-07-13 13:30:00+00:00,0.11609296392904866,115358.80847398829
2023-07-14 13:30:00+00:00,3809.6661761243295,113555.86236552786
2023-07-17 13:30:00+00:00,7938.095997377152,116738.68545429301
2023-07-18 13:30:00+00:00,188.47577623915186,117692.47468666625
2023-07-19 13:30:00+00:00,10.645781441445251,117642.04550556731
2023-07-20 13:30:00+00:00,5515.75550632071,115630.34795860838
2023-07-21 13:30:00+00:00,0.8556974370430908,114505.94614164424
2023-07-24 13:30:00+00:00,15.475697441811462,113669.9408733089
2023-07-25 13:30:00+00:00,10509.635427399393,112599.20591215682
2023-07-26 13:30:00+00:00,97.46566097330651,112966.14634339404
2023-07-27 13:30:00+00:00,3038.8857766826113,112390.37546579432
2023-07-28 13:30:00+00:00,0.34577672075829424,115180.54603867125
2023-07-31 13:30:00+00:00,2.1457766730745784,116222.10532371592
2023-08-01 13:30:00+00:00,36.42577735972009,117788.65559868407
2023-08-02 13:30:00+00:00,4541.78587047648,115007.86633960795
2023-08-03 13:30:00+00:00,18181.985882445093,113290.77516989302
2023-08-04 13:30:00+00:00,8190.216497822519,113453.80706445765
2023-08-07 13:30:00+00:00,4279.016376181359,113373.7564032514
2023-08-08 13:30:00+00:00,38.86621419977658,113346.6666018207
2023-08-09 13:30:00+00:00,13213.076227946993,113355.28507952284
2023-08-10 13:30:00+00:00,13213.076227946993,114033.82739941668
2023-08-11 13:30:00+00:00,19656.316391988512,113714.42511705947
2023-08-14 13:30:00+00:00,23903.876342817064,113244.61677746367
2023-08-15 13:30:00+00:00,1258.2757044274767,112477.48717240882
2023-08-16 13:30:00+00:00,1260.7157044846972,111488.01733975005
2023-08-17 13:30:00+00:00,17971.345821424242,110385.147559448
2023-08-18 13:30:00+00:00,23350.165557904955,111268.46556167197
2023-08-21 13:30:00+00:00,27464.755513950106,111405.90143637251
2023-08-22 13:30:00+00:00,27476.365513606783,110949.8394597013
2023-08-23 13:30:00+00:00,27476.365513606783,112784.53029923033
2023-08-24 13:30:00+00:00,27476.365513606783,111380.11372308325
2023-08-25 13:30:00+00:00,27476.365513606783,111869.27590255332
2023-08-28 13:30:00+00:00,27476.365513606783,112252.73853306365
2023-08-29 13:30:00+00:00,34244.20554952216,113215.80092053008
2023-08-30 13:30:00+00:00,0.7359620768984314,114747.11992268157
2023-08-31 13:30:00+00:00,2145.256019755121,115007.01169459414
2023-09-01 13:30:00+00:00,0.3471025664766785,117026.46779613089
2023-09-05 13:30:00+00:00,5725.837184353586,115337.9428855617
2023-09-06 13:30:00+00:00,28.377224369760597,114375.77384428572
2023-09-07 13:30:00+00:00,16243.066884918924,112427.14628378939
2023-09-08 13:30:00+00:00,16801.3018730123,112837.04541425299
2023-09-11 13:30:00+00:00,763.3918779332598,113640.67381553244
2023-09-12 13:30:00+00:00,50.85188083242974,113614.43367199492
2023-09-13 13:30:00+00:00,13.8018804032763,112890.58081249785
2023-09-14 13:30:00+00:00,2.681880517717218,113979.22337607932
2023-09-15 13:30:00+00:00,13891.082103772875,112336.00087790083
2023-09-18 13:30:00+00:00,14558.282115979906,111960.20198182654
2023-09-19 13:30:00+00:00,16198.362163587328,111660.11162118506
2023-09-20 13:30:00+00:00,18108.673145337816,111148.36327795577
2023-09-21 13:30:00+00:00,32515.343265577074,109724.02335075926
2023-09-22 13:30:00+00:00,37762.14334492278,109871.60286264014
2023-09-25 13:30:00+00:00,37903.26334766936,111812.68249444556
2023-09-26 13:30:00+00:00,37903.26334766936,110540.57409576964
2023-09-27 13:30:00+00:00,37903.26334766936,111900.84307818007
2023-09-28 13:30:00+00:00,43932.72344116759,111011.10397510123
2023-09-29 13:30:00+00:00,43940.01344112944,110728.86311249327
2023-10-02 13:30:00+00:00,43940.01344112944,109214.91399840903
2023-10-03 13:30:00+00:00,45528.49348263335,108230.64363197875
2023-10-04 13:30:00+00:00,58135.1739330728,108607.33921770644
2023-10-05 13:30:00+00:00,67511.87404684615,108327.64405827117
2023-10-06 13:30:00+00:00,67523.05404715132,108482.89355091643
2023-10-09 13:30:00+00:00,67523.05404715132,109023.01426844191
2023-10-10 13:30:00+00:00,67523.05404715132,109348.59405831885
2023-10-11 13:30:00+00:00,4542.9319646794775,108548.50624756407
2023-10-12 13:30:00+00:00,0.3820846517064638,108075.99532322478
2023-10-13 13:30:00+00:00,19078.702648921724,107393.60879377913
2023-10-16 13:30:00+00:00,19078.702648921724,108707.48593811583
2023-10-17 13:30:00+00:00,3.938261314149713,109368.61191205573
2023-10-18 13:30:00+00:00,4062.0383329827746,108726.11746911597
2023-10-19 13:30:00+00:00,7648.5982392270525,107058.5903580625
2023-10-20 13:30:00+00:00,19691.401208205934,106412.11155347418
2023-10-23 13:30:00+00:00,19691.401208205934,105352.33171968054
2023-10-24 13:30:00+00:00,37136.58106927466,105710.4606459577
2023-10-25 13:30:00+00:00,37136.58106927466,104776.14001922202
2023-10-26 13:30:00+00:00,37136.58106927466,105820.55091504645
2023-10-27 13:30:00+00:00,37136.58106927466,104775.10102133345
2023-10-30 13:30:00+00:00,37136.58106927466,105475.91031746459
2023-10-31 13:30:00+00:00,37136.58106927466,106297.2915568788
2023-11-01 13:30:00+00:00,42607.25285164353,105140.61187688347
2023-11-02 13:30:00+00:00,42607.25285164353,106068.523387351
2023-11-03 13:30:00+00:00,42607.25285164353,107260.5834235334
2023-11-06 14:30:00+00:00,0.49254099365498405,106981.1118041658
2023-11-07 14:30:00+00:00,6247.092806496585,107994.97393886086
2023-11-08 14:30:00+00:00,3865.222851433719,106338.73231307503
2023-11-09 14:30:00+00:00,7403.1930576944,104780.63272563454
2023-11-10 14:30:00+00:00,2226.122998633349,107529.83166448113
2023-11-13 14:30:00+00:00,7271.003253378833,106614.69287077423
2023-11-14 14:30:00+00:00,69.11804472011033,110190.94871769946
2023-11-15 14:30:00+00:00,0.828042374071515,109684.08707510037
2023-11-16 14:30:00+00:00,3785.127854690966,109243.70656953854
2023-11-17 14:30:00+00:00,1.0278547863335916,110735.23612986607
2023-11-20 14:30:00+00:00,1.0278547863335916,110828.51799570124
2023-11-21 14:30:00+00:00,5.477854595598728,110700.45783124965
2023-11-22 14:30:00+00:00,1.7378545860619843,111384.56823359532
2023-11-24 14:30:00+00:00,1.7378545860619843,112539.43877850573
2023-11-27 14:30:00+00:00,58.46785412829831,112727.19798384709
2023-11-28 14:30:00+00:00,7195.787571058688,110325.5631877045
2023-11-29 14:30:00+00:00,8550.10760127109,110420.09797154469
2023-11-30 14:30:00+00:00,3299.8777056793533,109966.42744504017
2023-12-01 14:30:00+00:00,1.9376355270705972,112793.82713042301
2023-12-04 14:30:00+00:00,1.9376355270705972,113335.43716155094
2023-12-05 14:30:00+00:00,1.9376355270705972,112978.29896365208
2023-12-06 14:30:00+00:00,6082.277487264092,111561.00656949084
2023-12-07 14:30:00+00:00,6762.227478013451,111895.5269342522
2023-12-08 14:30:00+00:00,11.477684245521687,112507.52783428233
2023-12-11 14:30:00+00:00,3353.477732167656,112416.39819906752
2023-12-12 14:30:00+00:00,2313.907705769951,111997.30829404395
2023-12-13 14:30:00+00:00,1.77429293196883,113927.00314758818
2023-12-14 14:30:00+00:00,1.77429293196883,114197.67073701422
2023-12-15 14:30:00+00:00,0.04429291289534376,115846.96847091716
2023-12-18 14:30:00+00:00,0.04429291289534376,116041.36332903903
2023-12-19 14:30:00+00:00,0.04429291289534376,117974.08012603325
2023-12-20 14:30:00+00:00,0.04429291289534376,116569.29211185973
2023-12-21 14:30:00+00:00,0.04429291289534376,117727.7413173775
2023-12-22 14:30:00+00:00,0.04429291289534376,118486.9209366898
2023-12-26 14:30:00+00:00,0.04429291289534376,121166.96696458859
2023-12-27 14:30:00+00:00,0.04429291289534376,121578.90209768813
2023-12-28 14:30:00+00:00,3446.604229436333,120943.62185882132
2023-12-29 14:30:00+00:00,8.974147305900715,119427.83055304091
2024-01-02 14:30:00+00:00,7692.804239974434,117865.18971048396
2024-01-03 14:30:00+00:00,24968.24461005729,115088.20456706088
2024-01-04 14:30:00+00:00,1545.0092572644478,114656.19216722996
2024-01-05 14:30:00+00:00,0.36929220707474997,115392.81922132523
2024-01-08 14:30:00+00:00,61.809290356946576,118194.90393585713
2024-01-09 14:30:00+00:00,4310.6292252019175,118471.19961971791
2024-01-10 14:30:00+00:00,3829.529252000166,117467.11598224194
2024-01-11 14:30:00+00:00,23905.418897576645,116736.67893404515
2024-01-12 14:30:00+00:00,4685.114793248489,116626.46519393475
2024-01-16 14:30:00+00:00,6338.924997039153,116004.76334983857
2024-01-17 14:30:00+00:00,4383.420135684325,114813.13100523503
2024-01-18 14:30:00+00:00,2980.560227580382,114349.88770432027
2024-01-19 14:30:00+00:00,130.59033090622597,114928.8831235841
2024-01-22 14:30:00+00:00,5716.887331791236,116456.05116099866
2024-01-23 14:30:00+00:00,11.121160097433858,115946.17840874942
2024-01-24 14:30:00+00:00,1549.6061387732761,115552.50866914542
2024-01-25 14:30:00+00:00,2178.546149201705,116533.09550560267
2024-01-26 14:30:00+00:00,2664.4961070493,116688.40790320189
2024-01-29 14:30:00+00:00,0.5261032059925128,119895.87069851907
2024-01-30 14:30:00+00:00,1285.4261581376331,117994.85132516177
2024-01-31 14:30:00+00:00,10.756138034178548,116725.09877891095
2024-02-01 14:30:00+00:00,5263.936092324569,119139.517210193
2024-02-02 14:30:00+00:00,3288.990785785033,119395.62078804524
2024-02-05 14:30:00+00:00,3.620732612921529,118907.34838826211
2024-02-06 14:30:00+00:00,4448.070853300406,119497.72958452256
2024-02-07 14:30:00+00:00,3214.543721146895,118777.66324264558
2024-02-08 14:30:00+00:00,5053.803521104171,120042.68335074933
2024-02-09 14:30:00+00:00,1.1935613826053653,121975.9741606191
2024-02-12 14:30:00+00:00,1.1935613826053653,121832.82846362145
2024-02-13 14:30:00+00:00,5416.493505068137,118731.42908448727
2024-02-14 14:30:00+00:00,0.8135443404453326,121199.23786444218
2024-02-15 14:30:00+00:00,1772.133551664664,122772.33916289361
2024-02-16 14:30:00+00:00,0.9335928633945514,120857.49320358784
2024-02-20 14:30:00+00:00,4028.3636239144357,119223.90341526004
2024-02-21 14:30:00+00:00,25496.71703329675,114820.40200105302
2024-02-22 14:30:00+00:00,1293.0155376493203,116118.94286838167
2024-02-23 14:30:00+00:00,4425.576423287441,115854.73343813425
2024-02-26 14:30:00+00:00,6062.576126933147,116496.11485302454
2024-02-27 14:30:00+00:00,3818.256292820026,117462.43034267431
2024-02-28 14:30:00+00:00,45.476190090228556,116667.45589423185
2024-02-29 14:30:00+00:00,18.556189060260294,118256.0252461434
2024-03-01 14:30:00+00:00,0.4541893005862221,118841.67468094832
2024-03-04 14:30:00+00:00,5974.354224920321,118717.10944795613
2024-03-05 14:30:00+00:00,4491.564295411158,117814.11521959309
2024-03-06 14:30:00+00:00,4339.174450635958,118598.38010573392
2024-03-07 14:30:00+00:00,3307.199229002047,118332.52506423001
2024-03-08 14:30:00+00:00,86.0192266703134,117678.72677457337
2024-03-11 13:30:00+00:00,29500.068908095407,116099.7390699387
2024-03-12 13:30:00+00:00,31.297524295410632,115285.12693651732
2024-03-13 13:30:00+00:00,10629.427488527856,117124.44244500216
2024-03-14 13:30:00+00:00,8422.647483311259,115826.94758721408
2024-03-15 13:30:00+00:00,6237.3277635198465,116034.29839476164
2024-03-18 13:30:00+00:00,4695.637515745722,116273.01658865031
2024-03-19 13:30:00+00:00,2656.236096047083,118501.31135978572
2024-03-20 13:30:00+00:00,0.17610564104643345,119896.06503953807
2024-03-21 13:30:00+00:00,5412.2961312758125,120352.58520879618
2024-03-22 13:30:00+00:00,0.09601362816465553,120420.28537770383
2024-03-25 13:30:00+00:00,27.536013208547956,120618.88161142937
2024-03-26 13:30:00+00:00,4942.806165300528,119217.31926884524
2024-03-27 13:30:00+00:00,7308.906501852196,118501.06175943486
2024-03-28 13:30:00+00:00,3870.006387077492,119371.54620607964
2024-04-01 13:30:00+00:00,70.39641972653226,118819.94690831772
2024-04-02 13:30:00+00:00,7844.666214190644,117549.32608988158
2024-04-03 13:30:00+00:00,1829.5460565911942,121280.69125469796
2024-04-04 13:30:00+00:00,121.99141381633765,118474.54614071501
2024-04-05 13:30:00+00:00,121.99141381633765,119648.5413923706
2024-04-08 13:30:00+00:00,0.7714187945175865,121189.74206988467
2024-04-09 13:30:00+00:00,1756.7914144839096,123646.90673701419
2024-04-10 13:30:00+00:00,827.8314334000397,121962.13150016917
2024-04-11 13:30:00+00:00,4343.151419981842,124371.24640099658
2024-04-12 13:30:00+00:00,7301.911338671571,122175.92406146182
2024-04-15 13:30:00+00:00,9630.296294793015,120272.71531240596
2024-04-16 13:30:00+00:00,18425.536451920394,120768.95689319028
2024-04-17 13:30:00+00:00,43504.26687990082,119034.34763555182
2024-04-18 13:30:00+00:00,59156.40284256388,118141.09878377368
2024-04-19 13:30:00+00:00,67777.94303039958,117614.21309284617
2024-04-22 13:30:00+00:00,72997.84337524397,116774.95313391907
2024-04-23 13:30:00+00:00,72997.84337524397,119044.54359517319
2024-04-24 13:30:00+00:00,74692.79339603407,119736.68425259812
2024-04-25 13:30:00+00:00,74692.79339603407,120380.47383818848
2024-04-26 13:30:00+00:00,74696.75339607222,120660.7129242204
2024-04-29 13:30:00+00:00,74697.94339612944,119271.76333914025
2024-04-30 13:30:00+00:00,74697.94339612944,119404.08187780602
2024-05-01 13:30:00+00:00,74697.94339612944,119788.7027646087
2024-05-02 13:30:00+00:00,74834.96339563353,121587.0137735389
2024-05-03 13:30:00+00:00,74838.16339568121,122558.6538942836
2024-05-06 13:30:00+00:00,74838.16339568121,123810.14398733599
2024-05-07 13:30:00+00:00,0.3541481874708552,122911.3939296387
2024-05-08 13:30:00+00:00,29983.853650648496,119809.40424277296
2024-05-09 13:30:00+00:00,5681.23425265064,118980.0237561654
2024-05-10 13:30:00+00:00,0.9941794465994462,121099.63553311338
2024-05-13 13:30:00+00:00,0.9941794465994462,122445.12452365865
2024-05-14 13:30:00+00:00,5099.994195182226,122478.62307019939
2024-05-15 13:30:00+00:00,0.2044030021643266,124008.98537286033
2024-05-16 13:30:00+00:00,3694.464357097051,124011.21624131908
2024-05-17 13:30:00+00:00,1.9442040513968095,124112.02482302894
2024-05-20 13:30:00+00:00,8498.123993594549,126623.01322837581
2024-05-21 13:30:00+00:00,1.8740906309103593,127039.1142465662
2024-05-22 13:30:00+00:00,0.20409067382570356,125462.14352591743
2024-05-23 13:30:00+00:00,3127.564000685117,123120.22437437286
2024-05-24 13:30:00+00:00,1893.1840105842566,126791.44434638729
2024-05-28 13:30:00+00:00,1.4439712356545442,128542.83467491379
2024-05-29 13:30:00+00:00,2909.443921763799,127415.90333040466
2024-05-30 13:30:00+00:00,1.38391443004366,127507.19893916359
2024-05-31 13:30:00+00:00,3.63391443004366,129086.22405298462
2024-06-03 13:30:00+00:00,0.5339145254110917,130550.99561568012
2024-06-04 13:30:00+00:00,18917.483526666067,127405.53470261802
2024-06-05 13:30:00+00:00,6.313497025868855,131105.84501596203
2024-06-06 13:30:00+00:00,4518.423596818349,129572.9332552742
2024-06-07 13:30:00+00:00,12923.403659064672,127636.29551800003
2024-06-10 13:30:00+00:00,10058.424315650365,129609.24411030521
2024-06-11 13:30:00+00:00,5492.293801028631,129077.034232695
2024-06-12 13:30:00+00:00,4236.033633906745,129953.80373354664
2024-06-13 13:30:00+00:00,12415.013326365852,129146.9123458456
2024-06-14 13:30:00+00:00,5.933482606315012,128901.99288948288
2024-06-17 13:30:00+00:00,15777.943053204917,127737.74360914936
2024-06-18 13:30:00+00:00,11494.581118232278,128214.16217125085
2024-06-20 13:30:00+00:00,6304.180753952531,125306.4754469457
2024-06-21 13:30:00+00:00,12433.110411888625,124799.34120393422
2024-06-24 13:30:00+00:00,7887.52077198651,123589.07922983792
2024-06-25 13:30:00+00:00,8337.460583693053,122966.65026021627
2024-06-26 13:30:00+00:00,11.26045609142966,122858.19497538236
2024-06-27 13:30:00+00:00,15375.71032238629,122789.1926956239
2024-06-28 13:30:00+00:00,7954.182229525115,123252.9626939359
2024-07-01 13:30:00+00:00,1.5021610322255583,124374.6245608392
2024-07-02 13:30:00+00:00,4978.082048422362,127589.47990680364
2024-07-03 13:30:00+00:00,0.3618443074483366,129002.40236533311
2024-07-05 13:30:00+00:00,4.061844355132052,130119.00266743329
2024-07-08 13:30:00+00:00,4737.498686319853,132895.8717274728
2024-07-09 13:30:00+00:00,24.3812894250042,136027.6520075227
2024-07-10 13:30:00+00:00,0.3612899209148459,133031.4818059827
2024-07-11 13:30:00+00:00,4047.8114175225382,134302.03486055386
2024-07-12 13:30:00+00:00,53.52147168170268,139514.19889098656
2024-07-15 13:30:00+00:00,167.0914700652247,143786.40612894547
2024-07-16 13:30:00+00:00,0.35147315512946875,147383.12614566338
2024-07-17 13:30:00+00:00,8327.793727221597,143721.21222239983
2024-07-18 13:30:00+00:00,5979.413987669636,141195.0743475291
2024-07-19 13:30:00+00:00,17.084111485172798,139533.74343255488
2024-07-22 13:30:00+00:00,1.0441110464826107,144870.85426488845
2024-07-23 13:30:00+00:00,1.0441110464826107,145459.21858266322
2024-07-24 13:30:00+00:00,8801.998928818395,142467.38035014598
2024-07-25 13:30:00+00:00,18046.449248108554,142313.1290980908
2024-07-26 13:30:00+00:00,18046.449248108554,144114.51961818663
2024-07-29 13:30:00+00:00,24685.809533867527,144048.1381796929
2024-07-30 13:30:00+00:00,24693.869534287143,144837.65977874724
2024-07-31 13:30:00+00:00,24693.869534287143,144549.01869419543
2024-08-01 13:30:00+00:00,34134.38984325855,141401.33507612674
2024-08-02 13:30:00+00:00,84855.90948608844,135701.08885398833
2024-08-05 13:30:00+00:00,84868.9894855353,135898.20926121203
2024-08-06 13:30:00+00:00,84868.9894855353,136394.41967168776
2024-08-07 13:30:00+00:00,100446.5296771857,134661.61925879447
2024-08-08 13:30:00+00:00,100446.5296771857,136591.5098919007
2024-08-09 13:30:00+00:00,100446.5296771857,136097.20989409415
2024-08-12 13:30:00+00:00,100446.5296771857,136199.06985965697
2024-08-13 13:30:00+00:00,100446.5296771857,136977.18974927394
2024-08-14 13:30:00+00:00,105805.72981146304,139346.1800845
2024-08-15 13:30:00+00:00,105805.72981146304,140454.6304426524
2024-08-16 13:30:00+00:00,0.33967510191723704,143266.78886500327
2024-08-19 13:30:00+00:00,0.33967510191723704,146496.61052480666
2024-08-20 13:30:00+00:00,0.33967510191723704,145355.75982192485
2024-08-21 13:30:00+00:00,0.33967510191723704,149262.17084434954
2024-08-22 13:30:00+00:00,0.33967510191723704,146927.41022971598
2024-08-23 13:30:00+00:00,0.33967510191723704,149190.71992519824
2024-08-26 13:30:00+00:00,0.33967510191723704,148930.8284283015
2024-08-27 13:30:00+00:00,0.33967510191723704,148359.1393423411
2024-08-28 13:30:00+00:00,0.33967510191723704,147645.0686064097
2024-08-29 13:30:00+00:00,5382.939620170277,147413.27866033046
2024-08-30 13:30:00+00:00,5382.939620170277,147298.62032750575
2024-09-03 13:30:00+00:00,11905.689605626743,143522.9194951388
2024-09-04 13:30:00+00:00,16949.069661054295,144036.93844667403
2024-09-05 13:30:00+00:00,21294.79959884612,143573.92948296992
2024-09-06 13:30:00+00:00,33360.51981368987,142337.82065859763
2024-09-09 13:30:00+00:00,34549.39978137938,143033.8805879685
2024-09-10 13:30:00+00:00,34549.39978137938,142294.03016046016
2024-09-11 13:30:00+00:00,34552.70978132216,141979.52775135962
2024-09-12 13:30:00+00:00,34552.70978132216,143828.79067936866
2024-09-13 13:30:00+00:00,0.1591099831275642,145157.36785248248
2024-09-16 13:30:00+00:00,0.1591099831275642,146147.93986586062
2024-09-17 13:30:00+00:00,0.1591099831275642,146029.90815976588
2024-09-18 13:30:00+00:00,0.1591099831275642,146418.73031953303
2024-09-19 13:30:00+00:00,0.1591099831275642,148877.41022137133
2024-09-20 13:30:00+00:00,1.6391100022010505,147864.23911562888
2024-09-23 13:30:00+00:00,11697.199260148685,145852.59013238875
2024-09-24 13:30:00+00:00,5.359178456942573,145773.4293967816
2024-09-25 13:30:00+00:00,8007.629416379611,146060.72138205497
2024-09-26 13:30:00+00:00,19.69964114157392,144893.3005339238
2024-09-27 13:30:00+00:00,0.839641008059516,145313.00777486293
2024-09-30 13:30:00+00:00,0.839641008059516,146020.28580382792
2024-10-01 13:30:00+00:00,18271.798884782474,145811.39070061175
2024-10-02 13:30:00+00:00,0.9790152641944596,146395.74939933745
2024-10-03 13:30:00+00:00,5955.819240483921,145474.70820561377
2024-10-04 13:30:00+00:00,4849.358947190922,146950.95023981063
2024-10-07 13:30:00+00:00,2.7989734741859134,146092.05653694598
2024-10-08 13:30:00+00:00,5755.168826136272,147283.28754023043
2024-10-09 13:30:00+00:00,6475.018969330471,147448.86937287776
2024-10-10 13:30:00+00:00,1.9488768908195198,146873.66769245593
2024-10-11 13:30:00+00:00,12.648877415340394,150581.35967520205
2024-10-14 13:30:00+00:00,8.408877167385072,150632.53969279258
2024-10-15 13:30:00+00:00,3.358876738231629,150162.1181840035
2024-10-16 13:30:00+00:00,0.058876785915344954,149766.17843750445
2024-10-17 13:30:00+00:00,27106.308259281795,147178.6367539498
2024-10-18 13:30:00+00:00,13.467764768283812,148492.05778256385
2024-10-21 13:30:00+00:00,7.937765035312623,148709.07905033557
2024-10-22 13:30:00+00:00,5551.487858209292,148070.99459758727
2024-10-23 13:30:00+00:00,5352.36308852164,146160.85176363913
2024-10-24 13:30:00+00:00,2.143074426333442,146622.72427979438
2024-10-25 13:30:00+00:00,6.403074655215278,146926.63362303702
2024-10-28 13:30:00+00:00,0.7630746695203925,149847.6830410096
2024-10-29 13:30:00+00:00,0.7630746695203925,150870.9370115134
2024-10-30 13:30:00+00:00,0.7630746695203925,150779.6918291184
2024-10-31 13:30:00+00:00,11046.523366484325,149706.18329099147
2024-11-01 13:30:00+00:00,2.923568758647889,150209.33338323561
2024-11-04 14:30:00+00:00,5520.8112521446965,149823.79100563895
2024-11-05 14:30:00+00:00,0.841475156667002,152633.61083474528
2024-11-06 14:30:00+00:00,0.841475156667002,157670.3516017474
2024-11-07 14:30:00+00:00,3.021475223424204,163964.8606438912
2024-11-08 14:30:00+00:00,10406.531872657659,175706.22719898593
2024-11-11 14:30:00+00:00,0.7715863264807012,177999.01247718703
2024-11-12 14:30:00+00:00,0.7715863264807012,176062.82182720077
2024-11-13 14:30:00+00:00,0.7715863264807012,174780.049742607
2024-11-14 14:30:00+00:00,9708.77158632648,173424.86020019423
2024-11-15 14:30:00+00:00,13588.80138173473,170290.75919118297
2024-11-18 14:30:00+00:00,5358.810942319751,171055.8613854922
2024-11-19 14:30:00+00:00,7154.250812438846,173979.70142975223
2024-11-20 14:30:00+00:00,1.7310099877122411,177584.46109822165
2024-11-21 14:30:00+00:00,1.7310099877122411,180298.46964362037
2024-11-22 14:30:00+00:00,0.5510100401643285,184708.729982046
2024-11-25 14:30:00+00:00,3.1010099924806127,184716.38924160373
2024-11-26 14:30:00+00:00,6505.251205114247,184671.65933385264
2024-11-27 14:30:00+00:00,0.2512051142466589,184263.7208899535
2024-11-29 14:30:00+00:00,0.2512051142466589,187847.27098253142
2024-12-02 14:30:00+00:00,8822.651107457998,185738.47005393874
2024-12-03 14:30:00+00:00,0.28113522899366217,187514.92457917106
2024-12-04 14:30:00+00:00,0.28113522899366217,191090.7866355456
2024-12-05 14:30:00+00:00,12177.886746380438,187682.11732861766
2024-12-06 14:30:00+00:00,0.37695405255726655,190545.92630908263
2024-12-09 14:30:00+00:00,6721.686796162238,183024.66928360233
2024-12-10 14:30:00+00:00,2404.606650803199,179470.47709784278
2024-12-11 14:30:00+00:00,0.6965586877968235,182138.93618724117
2024-12-12 14:30:00+00:00,8166.056546423544,179629.97573492298
2024-12-13 14:30:00+00:00,2.286839220632828,180685.33245954284
2024-12-16 14:30:00+00:00,6.006839249243058,183329.79601225627
2024-12-17 14:30:00+00:00,12018.09713313352,183270.92846295604
2024-12-18 14:30:00+00:00,57877.158104870425,177711.11864743003
2024-12-19 14:30:00+00:00,33785.448118898974,177449.8573478199
2024-12-20 14:30:00+00:00,4281.609026644333,183305.5988001562
2024-12-23 14:30:00+00:00,2.438896391495291,182243.73115477336
2024-12-24 14:30:00+00:00,2.438896391495291,184442.37912258873
2024-12-26 14:30:00+00:00,2.438896391495291,188835.60813507804
2024-12-27 14:30:00+00:00,8780.619291637047,187739.58902261028
2024-12-30 14:30:00+00:00,185712.75964352855,185712.75964352855
