rank,vol_stop_multiple,ema_period,ema_tolerance,min_momentum_3m,min_adr,max_week_volatility,final_equity,total_return,cagr,sharpe,realized_pnl,profit_factor,max_drawdown,num_trades,status,error
1,1.0,20,0.015,0.25,0.035,0.05,120968.26903353297,0.2096826903353297,0.038854413459719295,0.8188011758054664,20968.26903353299,3.7535714016884687,-0.04740054281617134,16.0,ok,
2,1.0,20,0.015,0.3,0.035,0.05,120968.26903353297,0.2096826903353297,0.038854413459719295,0.8188011758054664,20968.26903353299,3.7535714016884687,-0.04740054281617134,16.0,ok,
3,1.0,20,0.015,0.35,0.035,0.05,105168.03866625232,0.05168038666252328,0.010141360750005823,0.375986407197782,5168.038666252316,3.506005028501191,-0.035886697801980505,4.0,ok,
4,1.0,20,0.02,0.35,0.035,0.05,103846.6150447993,0.038466150447993064,0.007586901652476552,0.28237273165651294,3846.615044799295,2.8774738779382774,-0.04344283885609257,4.0,ok,
5,1.0,35,0.01,0.35,0.035,0.06,106054.51725250842,0.06054517252508429,0.011840672601280522,0.2904679142017036,6054.517252508424,2.443640556922289,-0.06594617084756005,8.0,ok,
6,1.0,35,0.01,0.35,0.035,0.05,102821.0661137812,0.0282106611378119,0.005586423561487086,0.20960938239094487,2821.0661137811985,2.0523638582286026,-0.05288942672653629,4.0,ok,
7,1.0,20,0.01,0.35,0.035,0.05,106845.40975934263,0.06845409759342624,0.013347191461036578,0.3755594619668375,6845.409759342641,2.01280406932538,-0.052030354764522335,12.0,ok,
8,1.0,20,0.02,0.35,0.035,0.06,104153.99129345304,0.04153991293453041,0.008183404391887805,0.24563339752056892,4153.99129345304,1.9924010431845365,-0.04113987930157503,8.0,ok,
9,1.0,20,0.02,0.25,0.035,0.05,102859.70489999287,0.028597048999928765,0.005662082616666675,0.21499324364851674,2859.7048999928666,1.9430764758122112,-0.04346848888840049,5.0,ok,
10,1.0,20,0.02,0.3,0.035,0.05,102859.70489999287,0.028597048999928765,0.005662082616666675,0.21499324364851674,2859.7048999928666,1.9430764758122112,-0.04346848888840049,5.0,ok,
11,1.0,20,0.015,0.25,0.03,0.05,114192.37702292296,0.14192377022922953,0.026931894351457597,0.4554347243450561,14192.377022922967,1.8741727932463739,-0.1088374335177621,33.0,ok,
12,1.0,35,0.01,0.25,0.035,0.06,103989.84603927002,0.039898460392700175,0.007865035069157367,0.1990575628006676,3989.8460392700254,1.6416571438015148,-0.0659770814923969,10.0,ok,
13,1.0,35,0.01,0.3,0.035,0.06,103989.84603927002,0.039898460392700175,0.007865035069157367,0.1990575628006676,3989.8460392700254,1.6416571438015148,-0.0659770814923969,10.0,ok,
14,1.0,20,0.015,0.3,0.03,0.05,111606.26548964904,0.11606265489649048,0.022232020042116662,0.3769124848414396,11606.265489649059,1.6394018050851487,-0.1130824748639443,31.0,ok,
15,1.0,20,0.015,0.35,0.035,0.06,103016.44809191546,0.03016448091915458,0.0059687703467590225,0.20110649298172734,3016.4480919154594,1.6156200243692629,-0.05033761143643356,8.0,ok,
16,1.0,35,0.01,0.25,0.035,0.05,101842.78271651114,0.018427827165111266,0.0036632166510173203,0.14277675635229328,1842.7827165111303,1.5036331776326928,-0.05292523498537238,5.0,ok,
17,1.0,35,0.01,0.3,0.035,0.05,101842.78271651114,0.018427827165111266,0.0036632166510173203,0.14277675635229328,1842.7827165111303,1.5036331776326928,-0.05292523498537238,5.0,ok,
18,1.0,20,0.02,0.35,0.03,0.07,104803.67843330787,0.048036784333078675,0.009439586796456068,0.183900350893264,4803.678433307859,1.3616298689656838,-0.06640281538377668,24.0,ok,
19,1.0,20,0.02,0.25,0.035,0.06,102125.0574920298,0.021250574920298027,0.004219651606140129,0.1340853174841892,2125.0574920297877,1.3433125352575654,-0.05084061721068922,10.0,ok,
20,1.0,20,0.02,0.3,0.035,0.06,102125.0574920298,0.021250574920298027,0.004219651606140129,0.1340853174841892,2125.0574920297877,1.3433125352575654,-0.05084061721068922,10.0,ok,
21,1.0,20,0.01,0.35,0.025,0.05,181258.8532521524,0.8125885325215239,0.12648022117719382,0.6613802061383067,81258.85325215237,1.3127292680756426,-0.33317323040544167,1416.0,ok,
22,1.0,20,0.015,0.25,0.025,0.05,107673.11480058546,0.07673114800585457,0.014914311291005733,0.24049859527692358,7673.114800585467,1.3070443372316831,-0.11111338249989444,47.0,ok,
23,1.0,20,0.02,0.25,0.03,0.06,103501.81622251148,0.03501816222511489,0.006916092913188399,0.13839378313068038,3501.8162225114684,1.3028271678537706,-0.0803501396844456,19.0,ok,
24,1.0,35,0.01,0.35,0.03,0.07,103921.65489000482,0.03921654890004822,0.0077326561734023525,0.14782213592462762,3921.654890004811,1.2705346411799474,-0.08290770886771892,24.0,ok,
25,1.0,20,0.02,0.25,0.025,0.06,103203.93033219303,0.03203930332193039,0.006335113117444946,0.12868489839625813,3203.93033219302,1.2538379445691932,-0.0829969600729148,21.0,ok,
26,1.0,35,0.01,0.35,0.035,0.07,102023.75931448146,0.02023759314481466,0.004020108949037038,0.10559261789148666,2023.7593144814455,1.247308114089086,-0.0771945728044271,15.0,ok,
27,1.0,20,0.02,0.25,0.025,0.05,102499.54910942975,0.02499549109429755,0.004955973985460105,0.10917118017131436,2499.5491094297686,1.2234431422381233,-0.10441654125507516,18.0,ok,
28,1.0,35,0.01,0.25,0.03,0.06,102738.99270356796,0.027389927035679662,0.005425639189295284,0.11099849202085617,2738.9927035679502,1.218244934102633,-0.0840055133542359,19.0,ok,
29,1.0,20,0.015,0.3,0.025,0.05,105165.98169104996,0.05165981691049959,0.010137404386176163,0.17725796947151148,5165.98169104997,1.2165795593786162,-0.13413614854706057,43.0,ok,
30,1.0,35,0.015,0.25,0.025,0.06,102867.24486531246,0.028672448653124682,0.005676844059567143,0.11370092923491909,2867.2448653124666,1.2102157778206142,-0.08657511466249057,21.0,ok,
31,1.0,20,0.01,0.25,0.035,0.05,138558.67486424936,0.38558674864249354,0.06748476801424097,0.4019604981252529,38558.67486424936,1.208288826369371,-0.45808344985303384,1155.0,ok,
32,1.0,20,0.015,0.25,0.035,0.06,105390.7968819712,0.05390796881971194,0.010569445710601588,0.19548939891955022,5390.796881971205,1.201254950264553,-0.12036297931722117,40.0,ok,
33,1.0,20,0.01,0.25,0.03,0.05,140750.81572301884,0.4075081572301884,0.07084548154295311,0.4394610757473704,40750.81572301882,1.19376280840471,-0.37632287541466314,1889.0,ok,
34,1.0,35,0.01,0.25,0.025,0.06,102443.01287660628,0.024430128766062875,0.004844950936810699,0.10270900402776362,2443.0128766062917,1.179625023008495,-0.08664439351570985,21.0,ok,
35,1.0,20,0.015,0.3,0.035,0.06,104794.3131360382,0.047943131360381974,0.009421523114280683,0.18374487613677928,4794.313136038221,1.1764847878805647,-0.12187742015116776,38.0,ok,
36,1.0,20,0.015,0.35,0.03,0.07,102357.18872904101,0.023571887290410043,0.004676320043232485,0.11624914280479327,2357.188729041007,1.1715496530905605,-0.07555187477231562,25.0,ok,
37,1.0,20,0.01,0.3,0.025,0.05,134880.49409042025,0.34880494090420244,0.06174907048868805,0.37738859929691493,34880.494090420325,1.1683841001740034,-0.5275066611350548,1989.0,ok,
38,1.0,20,0.01,0.25,0.035,0.07,144326.9918480034,0.44326991848003416,0.07623924543478333,0.4502561378686634,44326.99184800354,1.152753639018277,-0.2932531225423899,3529.0,ok,
39,1.0,20,0.02,0.35,0.035,0.07,101056.78979162543,0.010567897916254232,0.0021073003746938657,0.07077655084329978,1056.7897916254205,1.1480437934294978,-0.05662746898625315,15.0,ok,
40,1.0,20,0.01,0.3,0.03,0.05,129413.91110105244,0.29413911101052426,0.05298896365365957,0.3565231903848167,29413.911101052436,1.1359582484136848,-0.4419048020139781,1469.0,ok,
41,1.0,20,0.02,0.3,0.025,0.05,101227.51342933968,0.012275134293396883,0.0024460778967057006,0.07038295401924635,1227.5134293396804,1.1031804245414458,-0.10794262400789845,17.0,ok,
42,1.0,20,0.02,0.35,0.025,0.07,101684.59053023004,0.016845905302300457,0.0033508403416928623,0.0850746804371064,1684.5905302300453,1.10300609809942,-0.08497129522798885,27.0,ok,
43,1.0,20,0.01,0.25,0.025,0.07,123145.65253093738,0.23145652530937388,0.04257216122345464,0.2996413041160222,23145.65253093748,1.0835190164394828,-0.4121186369691622,5756.0,ok,
44,1.0,20,0.02,0.3,0.03,0.07,101299.52996257848,0.012995299625784718,0.0025888477583972946,0.07265576120729007,1299.529962578501,1.0792045693070076,-0.08273109954149382,28.0,ok,
45,1.0,20,0.02,0.25,0.03,0.07,101258.85830822267,0.012588583082226767,0.002508227830548826,0.07110646529450204,1258.8583082226942,1.0721112810679263,-0.08986445155137557,31.0,ok,
46,1.0,20,0.01,0.35,0.025,0.07,115239.53977956471,0.15239539779564715,0.028810767190195374,0.2419098581207496,15239.539779564751,1.061488146517759,-0.3485124979240246,3460.0,ok,
47,1.0,20,0.01,0.35,0.025,0.06,113041.1764024678,0.13041176402467802,0.024850382986501218,0.22431513904290887,13041.17640246777,1.0612991326033498,-0.39719368895944496,2413.0,ok,
48,1.0,20,0.01,0.3,0.035,0.05,113270.46844118813,0.13270468441188132,0.025266318680703614,0.22325057380957672,13270.468441188219,1.0567109854622956,-0.5538601556583478,947.0,ok,
49,1.0,20,0.01,0.25,0.03,0.07,116540.63304845766,0.16540633048457654,0.03112632631832013,0.249056973652636,16540.633048457737,1.053180025095791,-0.44066720514906743,4743.0,ok,
50,1.0,35,0.01,0.35,0.025,0.07,100821.94465536521,0.008219446553652032,0.0016405339152447684,0.058255425628691446,821.9446553651815,1.0468927718722598,-0.10435693885792774,27.0,ok,
51,1.0,35,0.01,0.3,0.03,0.07,100714.69716925317,0.007146971692531645,0.0014270849058317658,0.05526953320596859,714.6971692531952,1.0410008866551403,-0.08755779673357056,27.0,ok,
52,1.0,20,0.015,0.3,0.035,0.07,100946.85401526322,0.00946854015263221,0.0018889056363156076,0.06203347122585605,946.8540152632359,1.029398490000062,-0.14445554234251046,58.0,ok,
53,1.0,20,0.01,0.3,0.025,0.07,106982.19320292899,0.06982193202928988,0.013606835951697649,0.16742522293814918,6982.193202928984,1.0277919847169437,-0.40230074836219254,4496.0,ok,
54,1.0,20,0.015,0.3,0.03,0.07,100960.01264994407,0.009600126499440753,0.0019150561583454184,0.06516196946842746,960.0126499440657,1.023959722287437,-0.16435220780221915,72.0,ok,
55,1.0,20,0.01,0.25,0.025,0.05,103738.44420204037,0.037384442020403696,0.007376646453583824,0.13714670115859381,3738.4442020404363,1.0203649246113942,-0.5416061308055591,2668.0,ok,
56,1.0,35,0.01,0.25,0.03,0.07,100319.29234826307,0.003192923482630672,0.0006385576494902789,0.044840869588818895,319.29234826306856,1.01705557163698,-0.09546034636345946,30.0,ok,
57,1.0,20,0.01,0.3,0.035,0.06,103274.08821646032,0.032740882164603136,0.0064720657040533425,0.13587063792128573,3274.0882164603327,1.0129941415340853,-0.4586714614286538,1905.0,ok,
58,1.0,20,0.02,0.25,0.025,0.07,99963.77876530377,-0.00036221234696232063,-7.254233880371608e-05,0.032504016010328186,-36.22123469622238,0.9981382313413026,-0.0924430046696324,34.0,ok,
59,1.0,35,0.01,0.35,0.03,0.06,99848.27272535727,-0.0015172727464273228,-0.0003040133840586101,0.019121034648046337,-151.72727464273157,0.9851079979050429,-0.08169539677293047,15.0,ok,
60,1.0,20,0.01,0.35,0.03,0.05,99479.55158369415,-0.00520448416305852,-0.0010443565667714871,0.004746116899016265,-520.448416305835,0.9681485000918825,-0.1078477846058653,28.0,ok,
61,1.0,20,0.01,0.3,0.035,0.07,88419.06170153595,-0.1158093829846405,-0.02434563320574068,-0.0032866084808580547,-11580.938298464043,0.9576167544325638,-0.5014314434351839,2946.0,ok,
62,1.0,20,0.01,0.3,0.03,0.07,87995.32504989288,-0.12004674950107119,-0.025283725080784247,-0.02033351634226953,-12004.674950107112,0.9543221413201047,-0.49563081297345224,3813.0,ok,
63,1.0,35,0.01,0.25,0.025,0.07,99033.56528318723,-0.009664347168127696,-0.0019427762648820401,0.009734812754111592,-966.4347168127897,0.9532967742250841,-0.09801568309580078,33.0,ok,
64,1.0,20,0.01,0.25,0.035,0.06,88705.72196717645,-0.11294278032823557,-0.023713045599921267,-0.015463706374443715,-11294.278032823564,0.9523707170646165,-0.48981637195333905,2294.0,ok,
65,1.0,20,0.015,0.25,0.035,0.07,97601.02698117086,-0.023989730188291425,-0.0048506222724442605,-0.029386866166761748,-2398.973018829196,0.9329747065964497,-0.15686648517070245,66.0,ok,
66,1.0,20,0.015,0.25,0.03,0.06,97635.76369276133,-0.023642363072386652,-0.004779709219567163,-0.03097247412486792,-2364.236307238618,0.9305306992074005,-0.16085355980509863,56.0,ok,
67,1.0,35,0.015,0.25,0.025,0.05,99001.07742240887,-0.009989225775911326,-0.0020083479752490696,0.004787545478014053,-998.9225775911218,0.9227992688365595,-0.13044728654680882,18.0,ok,
68,1.0,20,0.015,0.3,0.03,0.06,97060.71752683824,-0.02939282473161753,-0.0059562409559930085,-0.04664382803136055,-2939.2824731617975,0.9151412525630978,-0.1687239287262965,51.0,ok,
69,1.0,20,0.015,0.35,0.035,0.07,99292.98510910956,-0.007070148908904339,-0.0014197937823390294,-0.01741369966946602,-707.0148908904448,0.9127879161147554,-0.06054838866470369,16.0,ok,
70,1.0,20,0.015,0.25,0.03,0.07,95761.17816060506,-0.04238821839394935,-0.00863574591168137,-0.06151024369719105,-4238.821839394933,0.9058260548402877,-0.15795304703276747,84.0,ok,
71,1.0,35,0.01,0.25,0.025,0.05,98596.53878228305,-0.014034612177169503,-0.0028262912359015013,-0.007845228445400167,-1403.4612177169474,0.8912599400800738,-0.13399574183441532,18.0,ok,
72,1.0,35,0.01,0.25,0.035,0.07,98622.07771248822,-0.013779222875117902,-0.0027745743622550334,-0.02684133290520009,-1377.922287511794,0.8877130868022564,-0.08553577203143858,21.0,ok,
73,1.0,35,0.01,0.3,0.035,0.07,98705.51724260281,-0.012944827573971862,-0.00260568217659507,-0.025331584978184073,-1294.4827573971888,0.8857321183457241,-0.07746761429911908,19.0,ok,
74,1.0,20,0.01,0.3,0.025,0.06,74077.96774264799,-0.2592203225735201,-0.05831497798586005,-0.2145901840192272,-25922.03225735199,0.873592286337801,-0.585117388250866,3239.0,ok,
75,1.0,20,0.015,0.3,0.025,0.07,93863.17297960081,-0.061368270203991826,-0.012601960658127243,-0.0987229794255869,-6136.827020399181,0.8702867387827964,-0.17718322006757314,85.0,ok,
76,1.0,20,0.02,0.3,0.025,0.07,97325.31832393173,-0.02674681676068269,-0.005414183119709426,-0.052168505824168945,-2674.681676068254,0.8684488215782227,-0.10984186972160948,32.0,ok,
77,1.0,20,0.015,0.35,0.03,0.05,98906.24009747454,-0.010937599025254596,-0.0021998609038798023,-0.05050431720082263,-1093.759902525464,0.8669404829170477,-0.06408151043039223,12.0,ok,
78,1.0,35,0.01,0.3,0.025,0.07,96762.10782946025,-0.03237892170539747,-0.006569390266682684,-0.05910107548685498,-3237.8921705397297,0.8481167077147772,-0.1230152156964246,31.0,ok,
79,1.0,35,0.01,0.3,0.025,0.05,98037.92943762806,-0.019620705623719426,-0.003960175916289277,-0.026612711979312795,-1962.0705623719587,0.8480377986939567,-0.13154953949294335,17.0,ok,
80,1.0,20,0.015,0.25,0.025,0.06,93480.94338534457,-0.06519056614655439,-0.013408443402179837,-0.12777233413551103,-6519.056614655417,0.8427430045945653,-0.15613684966415042,70.0,ok,
81,1.0,20,0.01,0.3,0.03,0.06,65615.25491859534,-0.34384745081404655,-0.08091470578773174,-0.3132172346734152,-34384.74508140463,0.8405892053417541,-0.5918424262021211,2634.0,ok,
82,1.0,20,0.02,0.35,0.03,0.06,98351.0439465004,-0.01648956053499595,-0.0033239707199396173,-0.05525673457672826,-1648.9560534995944,0.832255870498209,-0.06498942668320118,15.0,ok,
83,1.0,20,0.01,0.25,0.03,0.06,62765.58979144398,-0.37234410208556024,-0.08905025497583785,-0.3629384534138146,-37234.410208556,0.8096502755446735,-0.6243575054856698,3334.0,ok,
84,1.0,20,0.015,0.25,0.025,0.07,89416.2903919388,-0.10583709608061198,-0.022152018426167652,-0.19895897522110403,-10583.70960806118,0.804206505361342,-0.1673973970894862,101.0,ok,
85,1.0,20,0.01,0.25,0.025,0.06,63201.91304071588,-0.36798086959284115,-0.08778568564899203,-0.3878560127028324,-36798.0869592841,0.8033083545877652,-0.5290068443514022,4242.0,ok,
86,1.0,35,0.01,0.3,0.03,0.06,97414.56583447775,-0.02585434165522249,-0.0052316176081969035,-0.06601383813140765,-2585.4341655222343,0.7950287709091602,-0.08728736060684772,18.0,ok,
87,1.0,20,0.015,0.35,0.03,0.06,97901.32428608678,-0.02098675713913223,-0.0042382478504502386,-0.09785890044973833,-2098.675713913228,0.7890349264276575,-0.0782778343929289,15.0,ok,
88,1.0,20,0.015,0.3,0.025,0.06,90837.7048332694,-0.09162295166730605,-0.01905889299274688,-0.21997955990813467,-9162.295166730575,0.7745938996125901,-0.16902444704476183,61.0,ok,
89,1.0,20,0.02,0.3,0.03,0.05,97842.68646868145,-0.0215731353131855,-0.004357705537732737,-0.06924558287723107,-2157.3135313185303,0.7726432864933652,-0.09691695819705093,14.0,ok,
90,1.0,20,0.015,0.35,0.025,0.05,95257.17156674444,-0.04742828433255564,-0.009682781242696281,-0.14749423980777943,-4742.82843325553,0.772330223292715,-0.13027331476308956,34.0,ok,
91,1.0,35,0.01,0.35,0.025,0.06,96878.0648689362,-0.03121935131063802,-0.006331110749320024,-0.09947041798408644,-3121.9351310637867,0.7609318298817492,-0.09983911468448692,18.0,ok,
92,1.0,20,0.02,0.3,0.035,0.07,97457.86618037322,-0.025421338196267795,-0.0051430902201117235,-0.09248712672064836,-2542.133819626766,0.7601774788774316,-0.07198501846715089,20.0,ok,
93,1.0,20,0.02,0.3,0.03,0.06,96989.96180988401,-0.030100381901159823,-0.006101390463766565,-0.10073162349234777,-3010.0381901159526,0.7545838908914663,-0.08016155988100038,18.0,ok,
94,1.0,20,0.02,0.25,0.035,0.07,97055.303568048,-0.029446964319520097,-0.005967344254833695,-0.10710356838073307,-2944.6964319520084,0.7515712950643427,-0.08009793239985075,22.0,ok,
95,1.0,20,0.02,0.25,0.03,0.05,97409.21513960978,-0.025907848603902273,-0.005242559267531144,-0.08842423701430495,-2590.7848603902203,0.7354826255624541,-0.09771606538301258,15.0,ok,
96,1.0,20,0.01,0.35,0.035,0.06,94097.4478137961,-0.05902552186203902,-0.01210895144016133,-0.2393677230454195,-5902.552186203908,0.7106382486786463,-0.12355190587176723,31.0,ok,
97,1.0,20,0.02,0.35,0.03,0.05,97293.95197037133,-0.027060480296286715,-0.005478378212267376,-0.13142082906232924,-2706.0480296286587,0.6808035321882688,-0.07307258659489457,12.0,ok,
98,1.0,20,0.015,0.35,0.025,0.07,87154.10552019115,-0.1284589447980885,-0.02715682065447078,-0.32603106546864397,-12845.89447980886,0.6760225122841768,-0.1699245223468937,72.0,ok,
99,1.0,35,0.01,0.3,0.025,0.06,94547.90563115044,-0.05452094368849558,-0.011163757438443112,-0.16985112664162452,-5452.094368849535,0.6478044482395341,-0.11414614684696611,21.0,ok,
100,1.0,20,0.02,0.35,0.025,0.06,95423.70085782008,-0.04576299142179918,-0.009336340243057517,-0.19098134788998203,-4576.299142179896,0.638980079442677,-0.0835430573238688,18.0,ok,
101,1.0,20,0.01,0.35,0.03,0.07,85156.39278829304,-0.14843607211706955,-0.03166364956714518,-0.40201053098068423,-14843.607211706953,0.6218310119253485,-0.1975762018096644,71.0,ok,
102,1.0,20,0.02,0.3,0.025,0.06,94131.39169427294,-0.05868608305727063,-0.012037601198398695,-0.21812343834209,-5868.608305727037,0.6119571593951769,-0.10727181569560273,21.0,ok,
103,1.0,35,0.01,0.35,0.03,0.05,95914.28507721816,-0.04085714922781847,-0.008318550795666124,-0.2073210106295523,-4085.71492278183,0.5688625868449486,-0.08621678557882095,12.0,ok,
104,1.0,20,0.01,0.35,0.03,0.06,86503.82134529586,-0.13496178654704138,-0.02861470546647238,-0.4886038740116916,-13496.178654704148,0.5365210720948155,-0.1523216988683842,46.0,ok,
105,1.0,20,0.01,0.35,0.035,0.07,86951.54560675913,-0.13048454393240871,-0.027610008110722783,-0.4724093111409502,-13048.454393240876,0.5306683787938519,-0.15340061518633108,52.0,ok,
106,1.0,35,0.01,0.3,0.03,0.05,94824.93647618432,-0.05175063523815682,-0.010584251715661686,-0.19184994498925567,-5175.063523815665,0.5102128675230554,-0.12477063782283959,14.0,ok,
107,1.0,20,0.02,0.35,0.025,0.05,94400.94143379614,-0.05599058566203863,-0.011471735307719833,-0.28868221120991827,-5599.058566203854,0.5050100212920359,-0.09150801225050831,15.0,ok,
108,1.0,20,0.015,0.35,0.025,0.06,84329.82237969313,-0.1567017762030687,-0.03355314773839946,-0.550780998648599,-15670.177620306888,0.4839174089438991,-0.1811632052321276,50.0,ok,
109,1.0,35,0.01,0.25,0.03,0.05,93884.44214317513,-0.061155578568248714,-0.012557161125529182,-0.23238575333132178,-6115.55785682486,0.4685099280670608,-0.1303653998766392,15.0,ok,
110,1.0,35,0.01,0.35,0.025,0.05,93063.76382531461,-0.06936236174685384,-0.014291684202401012,-0.3615674537507045,-6936.236174685393,0.43477682398345,-0.10437668839983938,15.0,ok,
111,1.0,35,0.015,0.25,0.025,0.07,,,,,,,,,sin_resultados,
112,1.0,35,0.015,0.25,0.03,0.05,,,,,,,,,sin_resultados,
113,1.0,35,0.015,0.25,0.03,0.06,,,,,,,,,sin_resultados,
114,1.0,35,0.015,0.25,0.03,0.07,,,,,,,,,sin_resultados,
115,1.0,35,0.015,0.25,0.035,0.05,,,,,,,,,sin_resultados,
116,1.0,35,0.015,0.25,0.035,0.06,,,,,,,,,sin_resultados,
117,1.0,35,0.015,0.25,0.035,0.07,,,,,,,,,sin_resultados,
118,1.0,35,0.015,0.3,0.025,0.05,,,,,,,,,sin_resultados,
119,1.0,35,0.015,0.3,0.025,0.06,,,,,,,,,sin_resultados,
120,1.0,35,0.015,0.3,0.025,0.07,,,,,,,,,sin_resultados,
121,1.0,35,0.015,0.3,0.03,0.05,,,,,,,,,sin_resultados,
122,1.0,35,0.015,0.3,0.03,0.06,,,,,,,,,sin_resultados,
123,1.0,35,0.015,0.3,0.03,0.07,,,,,,,,,sin_resultados,
124,1.0,35,0.015,0.3,0.035,0.05,,,,,,,,,sin_resultados,
125,1.0,35,0.015,0.3,0.035,0.06,,,,,,,,,sin_resultados,
126,1.0,35,0.015,0.3,0.035,0.07,,,,,,,,,sin_resultados,
127,1.0,35,0.015,0.35,0.025,0.05,,,,,,,,,sin_resultados,
128,1.0,35,0.015,0.35,0.025,0.06,,,,,,,,,sin_resultados,
129,1.0,35,0.015,0.35,0.025,0.07,,,,,,,,,sin_resultados,
130,1.0,35,0.015,0.35,0.03,0.05,,,,,,,,,sin_resultados,
131,1.0,35,0.015,0.35,0.03,0.06,,,,,,,,,sin_resultados,
132,1.0,35,0.015,0.35,0.03,0.07,,,,,,,,,sin_resultados,
133,1.0,35,0.015,0.35,0.035,0.05,,,,,,,,,sin_resultados,
134,1.0,35,0.015,0.35,0.035,0.06,,,,,,,,,sin_resultados,
135,1.0,35,0.015,0.35,0.035,0.07,,,,,,,,,sin_resultados,
136,1.0,35,0.02,0.25,0.025,0.05,,,,,,,,,sin_resultados,
137,1.0,35,0.02,0.25,0.025,0.06,,,,,,,,,sin_resultados,
138,1.0,35,0.02,0.25,0.025,0.07,,,,,,,,,sin_resultados,
139,1.0,35,0.02,0.25,0.03,0.05,,,,,,,,,sin_resultados,
140,1.0,35,0.02,0.25,0.03,0.06,,,,,,,,,sin_resultados,
141,1.0,35,0.02,0.25,0.03,0.07,,,,,,,,,sin_resultados,
142,1.0,35,0.02,0.25,0.035,0.05,,,,,,,,,sin_resultados,
143,1.0,35,0.02,0.25,0.035,0.06,,,,,,,,,sin_resultados,
144,1.0,35,0.02,0.25,0.035,0.07,,,,,,,,,sin_resultados,
145,1.0,35,0.02,0.3,0.025,0.05,,,,,,,,,sin_resultados,
146,1.0,35,0.02,0.3,0.025,0.06,,,,,,,,,sin_resultados,
147,1.0,35,0.02,0.3,0.025,0.07,,,,,,,,,sin_resultados,
148,1.0,35,0.02,0.3,0.03,0.05,,,,,,,,,sin_resultados,
149,1.0,35,0.02,0.3,0.03,0.06,,,,,,,,,sin_resultados,
150,1.0,35,0.02,0.3,0.03,0.07,,,,,,,,,sin_resultados,
151,1.0,35,0.02,0.3,0.035,0.05,,,,,,,,,sin_resultados,
152,1.0,35,0.02,0.3,0.035,0.06,,,,,,,,,sin_resultados,
153,1.0,35,0.02,0.3,0.035,0.07,,,,,,,,,sin_resultados,
154,1.0,35,0.02,0.35,0.025,0.05,,,,,,,,,sin_resultados,
155,1.0,35,0.02,0.35,0.025,0.06,,,,,,,,,sin_resultados,
156,1.0,35,0.02,0.35,0.025,0.07,,,,,,,,,sin_resultados,
157,1.0,35,0.02,0.35,0.03,0.05,,,,,,,,,sin_resultados,
158,1.0,35,0.02,0.35,0.03,0.06,,,,,,,,,sin_resultados,
159,1.0,35,0.02,0.35,0.03,0.07,,,,,,,,,sin_resultados,
160,1.0,35,0.02,0.35,0.035,0.05,,,,,,,,,sin_resultados,
161,1.0,35,0.02,0.35,0.035,0.06,,,,,,,,,sin_resultados,
162,1.0,35,0.02,0.35,0.035,0.07,,,,,,,,,sin_resultados,
163,1.0,50,0.01,0.25,0.025,0.05,,,,,,,,,sin_resultados,
164,1.0,50,0.01,0.25,0.025,0.06,,,,,,,,,sin_resultados,
165,1.0,50,0.01,0.25,0.025,0.07,,,,,,,,,sin_resultados,
166,1.0,50,0.01,0.25,0.03,0.05,,,,,,,,,sin_resultados,
167,1.0,50,0.01,0.25,0.03,0.06,,,,,,,,,sin_resultados,
168,1.0,50,0.01,0.25,0.03,0.07,,,,,,,,,sin_resultados,
169,1.0,50,0.01,0.25,0.035,0.05,,,,,,,,,sin_resultados,
170,1.0,50,0.01,0.25,0.035,0.06,,,,,,,,,sin_resultados,
171,1.0,50,0.01,0.25,0.035,0.07,,,,,,,,,sin_resultados,
172,1.0,50,0.01,0.3,0.025,0.05,,,,,,,,,sin_resultados,
173,1.0,50,0.01,0.3,0.025,0.06,,,,,,,,,sin_resultados,
174,1.0,50,0.01,0.3,0.025,0.07,,,,,,,,,sin_resultados,
175,1.0,50,0.01,0.3,0.03,0.05,,,,,,,,,sin_resultados,
176,1.0,50,0.01,0.3,0.03,0.06,,,,,,,,,sin_resultados,
177,1.0,50,0.01,0.3,0.03,0.07,,,,,,,,,sin_resultados,
178,1.0,50,0.01,0.3,0.035,0.05,,,,,,,,,sin_resultados,
179,1.0,50,0.01,0.3,0.035,0.06,,,,,,,,,sin_resultados,
180,1.0,50,0.01,0.3,0.035,0.07,,,,,,,,,sin_resultados,
181,1.0,50,0.01,0.35,0.025,0.05,,,,,,,,,sin_resultados,
182,1.0,50,0.01,0.35,0.025,0.06,,,,,,,,,sin_resultados,
183,1.0,50,0.01,0.35,0.025,0.07,,,,,,,,,sin_resultados,
184,1.0,50,0.01,0.35,0.03,0.05,,,,,,,,,sin_resultados,
185,1.0,50,0.01,0.35,0.03,0.06,,,,,,,,,sin_resultados,
186,1.0,50,0.01,0.35,0.03,0.07,,,,,,,,,sin_resultados,
187,1.0,50,0.01,0.35,0.035,0.05,,,,,,,,,sin_resultados,
188,1.0,50,0.01,0.35,0.035,0.06,,,,,,,,,sin_resultados,
189,1.0,50,0.01,0.35,0.035,0.07,,,,,,,,,sin_resultados,
190,1.0,50,0.015,0.25,0.025,0.05,,,,,,,,,sin_resultados,
191,1.0,50,0.015,0.25,0.025,0.06,,,,,,,,,sin_resultados,
192,1.0,50,0.015,0.25,0.025,0.07,,,,,,,,,sin_resultados,
193,1.0,50,0.015,0.25,0.03,0.05,,,,,,,,,sin_resultados,
194,1.0,50,0.015,0.25,0.03,0.06,,,,,,,,,sin_resultados,
195,1.0,50,0.015,0.25,0.03,0.07,,,,,,,,,sin_resultados,
196,1.0,50,0.015,0.25,0.035,0.05,,,,,,,,,sin_resultados,
197,1.0,50,0.015,0.25,0.035,0.06,,,,,,,,,sin_resultados,
198,1.0,50,0.015,0.25,0.035,0.07,,,,,,,,,sin_resultados,
199,1.0,50,0.015,0.3,0.025,0.05,,,,,,,,,sin_resultados,
200,1.0,50,0.015,0.3,0.025,0.06,,,,,,,,,sin_resultados,
201,1.0,50,0.015,0.3,0.025,0.07,,,,,,,,,sin_resultados,
202,1.0,50,0.015,0.3,0.03,0.05,,,,,,,,,sin_resultados,
203,1.0,50,0.015,0.3,0.03,0.06,,,,,,,,,sin_resultados,
204,1.0,50,0.015,0.3,0.03,0.07,,,,,,,,,sin_resultados,
205,1.0,50,0.015,0.3,0.035,0.05,,,,,,,,,sin_resultados,
206,1.0,50,0.015,0.3,0.035,0.06,,,,,,,,,sin_resultados,
207,1.0,50,0.015,0.3,0.035,0.07,,,,,,,,,sin_resultados,
208,1.0,50,0.015,0.35,0.025,0.05,,,,,,,,,sin_resultados,
209,1.0,50,0.015,0.35,0.025,0.06,,,,,,,,,sin_resultados,
210,1.0,50,0.015,0.35,0.025,0.07,,,,,,,,,sin_resultados,
211,1.0,50,0.015,0.35,0.03,0.05,,,,,,,,,sin_resultados,
212,1.0,50,0.015,0.35,0.03,0.06,,,,,,,,,sin_resultados,
213,1.0,50,0.015,0.35,0.03,0.07,,,,,,,,,sin_resultados,
214,1.0,50,0.015,0.35,0.035,0.05,,,,,,,,,sin_resultados,
215,1.0,50,0.015,0.35,0.035,0.06,,,,,,,,,sin_resultados,
216,1.0,50,0.015,0.35,0.035,0.07,,,,,,,,,sin_resultados,
217,1.0,50,0.02,0.25,0.025,0.05,,,,,,,,,sin_resultados,
218,1.0,50,0.02,0.25,0.025,0.06,,,,,,,,,sin_resultados,
219,1.0,50,0.02,0.25,0.025,0.07,,,,,,,,,sin_resultados,
220,1.0,50,0.02,0.25,0.03,0.05,,,,,,,,,sin_resultados,
221,1.0,50,0.02,0.25,0.03,0.06,,,,,,,,,sin_resultados,
222,1.0,50,0.02,0.25,0.03,0.07,,,,,,,,,sin_resultados,
223,1.0,50,0.02,0.25,0.035,0.05,,,,,,,,,sin_resultados,
224,1.0,50,0.02,0.25,0.035,0.07,,,,,,,,,sin_resultados,
225,1.0,50,0.02,0.3,0.025,0.05,,,,,,,,,sin_resultados,
226,1.0,50,0.02,0.25,0.035,0.06,,,,,,,,,sin_resultados,
227,1.0,50,0.02,0.3,0.025,0.06,,,,,,,,,sin_resultados,
228,1.0,50,0.02,0.3,0.025,0.07,,,,,,,,,sin_resultados,
229,1.0,50,0.02,0.3,0.03,0.05,,,,,,,,,sin_resultados,
230,1.0,50,0.02,0.3,0.03,0.06,,,,,,,,,sin_resultados,
231,1.0,50,0.02,0.3,0.03,0.07,,,,,,,,,sin_resultados,
232,1.0,50,0.02,0.3,0.035,0.05,,,,,,,,,sin_resultados,
233,1.0,50,0.02,0.3,0.035,0.06,,,,,,,,,sin_resultados,
234,1.0,50,0.02,0.3,0.035,0.07,,,,,,,,,sin_resultados,
235,1.0,50,0.02,0.35,0.025,0.05,,,,,,,,,sin_resultados,
236,1.0,50,0.02,0.35,0.025,0.06,,,,,,,,,sin_resultados,
237,1.0,50,0.02,0.35,0.025,0.07,,,,,,,,,sin_resultados,
238,1.0,50,0.02,0.35,0.03,0.05,,,,,,,,,sin_resultados,
239,1.0,50,0.02,0.35,0.03,0.06,,,,,,,,,sin_resultados,
240,1.0,50,0.02,0.35,0.03,0.07,,,,,,,,,sin_resultados,
241,1.0,50,0.02,0.35,0.035,0.05,,,,,,,,,sin_resultados,
242,1.0,50,0.02,0.35,0.035,0.06,,,,,,,,,sin_resultados,
243,1.0,50,0.02,0.35,0.035,0.07,,,,,,,,,sin_resultados,
244,1.25,20,0.01,0.25,0.025,0.05,,,,,,,,,sin_resultados,
245,1.25,20,0.01,0.25,0.025,0.06,,,,,,,,,sin_resultados,
246,1.25,20,0.01,0.25,0.025,0.07,,,,,,,,,sin_resultados,
247,1.25,20,0.01,0.25,0.03,0.05,,,,,,,,,sin_resultados,
248,1.25,20,0.01,0.25,0.03,0.06,,,,,,,,,sin_resultados,
249,1.25,20,0.01,0.25,0.03,0.07,,,,,,,,,sin_resultados,
250,1.25,20,0.01,0.25,0.035,0.05,,,,,,,,,sin_resultados,
251,1.25,20,0.01,0.25,0.035,0.06,,,,,,,,,sin_resultados,
252,1.25,20,0.01,0.25,0.035,0.07,,,,,,,,,sin_resultados,
253,1.25,20,0.01,0.3,0.025,0.05,,,,,,,,,sin_resultados,
254,1.25,20,0.01,0.3,0.025,0.06,,,,,,,,,sin_resultados,
255,1.25,20,0.01,0.3,0.025,0.07,,,,,,,,,sin_resultados,
256,1.25,20,0.01,0.3,0.03,0.05,,,,,,,,,sin_resultados,
257,1.25,20,0.01,0.3,0.03,0.06,,,,,,,,,sin_resultados,
258,1.25,20,0.01,0.3,0.03,0.07,,,,,,,,,sin_resultados,
259,1.25,20,0.01,0.3,0.035,0.05,,,,,,,,,sin_resultados,
260,1.25,20,0.01,0.3,0.035,0.06,,,,,,,,,sin_resultados,
261,1.25,20,0.01,0.3,0.035,0.07,,,,,,,,,sin_resultados,
262,1.25,20,0.01,0.35,0.025,0.05,,,,,,,,,sin_resultados,
263,1.25,20,0.01,0.35,0.025,0.06,,,,,,,,,sin_resultados,
264,1.25,20,0.01,0.35,0.025,0.07,,,,,,,,,sin_resultados,
265,1.25,20,0.01,0.35,0.03,0.05,,,,,,,,,sin_resultados,
266,1.25,20,0.01,0.35,0.03,0.06,,,,,,,,,sin_resultados,
267,1.25,20,0.01,0.35,0.03,0.07,,,,,,,,,sin_resultados,
268,1.25,20,0.01,0.35,0.035,0.05,,,,,,,,,sin_resultados,
269,1.25,20,0.01,0.35,0.035,0.06,,,,,,,,,sin_resultados,
270,1.25,20,0.01,0.35,0.035,0.07,,,,,,,,,sin_resultados,
271,1.25,20,0.015,0.25,0.025,0.05,,,,,,,,,sin_resultados,
272,1.25,20,0.015,0.25,0.025,0.06,,,,,,,,,sin_resultados,
273,1.25,20,0.015,0.25,0.025,0.07,,,,,,,,,sin_resultados,
274,1.25,20,0.015,0.25,0.03,0.05,,,,,,,,,sin_resultados,
275,1.25,20,0.015,0.25,0.03,0.06,,,,,,,,,sin_resultados,
276,1.25,20,0.015,0.25,0.03,0.07,,,,,,,,,sin_resultados,
277,1.25,20,0.015,0.25,0.035,0.05,,,,,,,,,sin_resultados,
278,1.25,20,0.015,0.25,0.035,0.06,,,,,,,,,sin_resultados,
279,1.25,20,0.015,0.25,0.035,0.07,,,,,,,,,sin_resultados,
280,1.25,20,0.015,0.3,0.025,0.05,,,,,,,,,sin_resultados,
281,1.25,20,0.015,0.3,0.025,0.06,,,,,,,,,sin_resultados,
282,1.25,20,0.015,0.3,0.025,0.07,,,,,,,,,sin_resultados,
283,1.25,20,0.015,0.3,0.03,0.05,,,,,,,,,sin_resultados,
284,1.25,20,0.015,0.3,0.03,0.06,,,,,,,,,sin_resultados,
285,1.25,20,0.015,0.3,0.035,0.05,,,,,,,,,sin_resultados,
286,1.25,20,0.015,0.3,0.03,0.07,,,,,,,,,sin_resultados,
287,1.25,20,0.015,0.3,0.035,0.06,,,,,,,,,sin_resultados,
288,1.25,20,0.015,0.3,0.035,0.07,,,,,,,,,sin_resultados,
289,1.25,20,0.015,0.35,0.025,0.05,,,,,,,,,sin_resultados,
290,1.25,20,0.015,0.35,0.025,0.06,,,,,,,,,sin_resultados,
291,1.25,20,0.015,0.35,0.025,0.07,,,,,,,,,sin_resultados,
292,1.25,20,0.015,0.35,0.03,0.05,,,,,,,,,sin_resultados,
293,1.25,20,0.015,0.35,0.03,0.06,,,,,,,,,sin_resultados,
294,1.25,20,0.015,0.35,0.03,0.07,,,,,,,,,sin_resultados,
295,1.25,20,0.015,0.35,0.035,0.05,,,,,,,,,sin_resultados,
296,1.25,20,0.015,0.35,0.035,0.06,,,,,,,,,sin_resultados,
297,1.25,20,0.015,0.35,0.035,0.07,,,,,,,,,sin_resultados,
298,1.25,20,0.02,0.25,0.025,0.05,,,,,,,,,sin_resultados,
299,1.25,20,0.02,0.25,0.025,0.06,,,,,,,,,sin_resultados,
300,1.25,20,0.02,0.25,0.025,0.07,,,,,,,,,sin_resultados,
301,1.25,20,0.02,0.25,0.03,0.05,,,,,,,,,sin_resultados,
302,1.25,20,0.02,0.25,0.03,0.06,,,,,,,,,sin_resultados,
303,1.25,20,0.02,0.25,0.03,0.07,,,,,,,,,sin_resultados,
304,1.25,20,0.02,0.25,0.035,0.05,,,,,,,,,sin_resultados,
305,1.25,20,0.02,0.25,0.035,0.06,,,,,,,,,sin_resultados,
306,1.25,20,0.02,0.25,0.035,0.07,,,,,,,,,sin_resultados,
307,1.25,20,0.02,0.3,0.025,0.05,,,,,,,,,sin_resultados,
308,1.25,20,0.02,0.3,0.025,0.06,,,,,,,,,sin_resultados,
309,1.25,20,0.02,0.3,0.025,0.07,,,,,,,,,sin_resultados,
310,1.25,20,0.02,0.3,0.03,0.05,,,,,,,,,sin_resultados,
311,1.25,20,0.02,0.3,0.03,0.06,,,,,,,,,sin_resultados,
312,1.25,20,0.02,0.3,0.03,0.07,,,,,,,,,sin_resultados,
313,1.25,20,0.02,0.3,0.035,0.05,,,,,,,,,sin_resultados,
314,1.25,20,0.02,0.3,0.035,0.06,,,,,,,,,sin_resultados,
315,1.25,20,0.02,0.3,0.035,0.07,,,,,,,,,sin_resultados,
316,1.25,20,0.02,0.35,0.025,0.05,,,,,,,,,sin_resultados,
317,1.25,20,0.02,0.35,0.025,0.06,,,,,,,,,sin_resultados,
318,1.25,20,0.02,0.35,0.025,0.07,,,,,,,,,sin_resultados,
319,1.25,20,0.02,0.35,0.03,0.05,,,,,,,,,sin_resultados,
320,1.25,20,0.02,0.35,0.03,0.06,,,,,,,,,sin_resultados,
321,1.25,20,0.02,0.35,0.03,0.07,,,,,,,,,sin_resultados,
322,1.25,20,0.02,0.35,0.035,0.05,,,,,,,,,sin_resultados,
323,1.25,20,0.02,0.35,0.035,0.06,,,,,,,,,sin_resultados,
324,1.25,20,0.02,0.35,0.035,0.07,,,,,,,,,sin_resultados,
325,1.25,35,0.01,0.25,0.025,0.05,,,,,,,,,sin_resultados,
326,1.25,35,0.01,0.25,0.025,0.06,,,,,,,,,sin_resultados,
327,1.25,35,0.01,0.25,0.025,0.07,,,,,,,,,sin_resultados,
328,1.25,35,0.01,0.25,0.03,0.05,,,,,,,,,sin_resultados,
329,1.25,35,0.01,0.25,0.03,0.06,,,,,,,,,sin_resultados,
330,1.25,35,0.01,0.25,0.03,0.07,,,,,,,,,sin_resultados,
331,1.25,35,0.01,0.25,0.035,0.05,,,,,,,,,sin_resultados,
332,1.25,35,0.01,0.25,0.035,0.06,,,,,,,,,sin_resultados,
333,1.25,35,0.01,0.25,0.035,0.07,,,,,,,,,sin_resultados,
334,1.25,35,0.01,0.3,0.025,0.05,,,,,,,,,sin_resultados,
335,1.25,35,0.01,0.3,0.025,0.06,,,,,,,,,sin_resultados,
336,1.25,35,0.01,0.3,0.025,0.07,,,,,,,,,sin_resultados,
337,1.25,35,0.01,0.3,0.03,0.05,,,,,,,,,sin_resultados,
338,1.25,35,0.01,0.3,0.03,0.06,,,,,,,,,sin_resultados,
339,1.25,35,0.01,0.3,0.03,0.07,,,,,,,,,sin_resultados,
340,1.25,35,0.01,0.3,0.035,0.05,,,,,,,,,sin_resultados,
341,1.25,35,0.01,0.3,0.035,0.06,,,,,,,,,sin_resultados,
342,1.25,35,0.01,0.3,0.035,0.07,,,,,,,,,sin_resultados,
343,1.25,35,0.01,0.35,0.025,0.05,,,,,,,,,sin_resultados,
344,1.25,35,0.01,0.35,0.025,0.06,,,,,,,,,sin_resultados,
345,1.25,35,0.01,0.35,0.025,0.07,,,,,,,,,sin_resultados,
346,1.25,35,0.01,0.35,0.03,0.05,,,,,,,,,sin_resultados,
347,1.25,35,0.01,0.35,0.03,0.06,,,,,,,,,sin_resultados,
348,1.25,35,0.01,0.35,0.03,0.07,,,,,,,,,sin_resultados,
349,1.25,35,0.01,0.35,0.035,0.05,,,,,,,,,sin_resultados,
350,1.25,35,0.01,0.35,0.035,0.06,,,,,,,,,sin_resultados,
351,1.25,35,0.01,0.35,0.035,0.07,,,,,,,,,sin_resultados,
352,1.25,35,0.015,0.25,0.025,0.05,,,,,,,,,sin_resultados,
353,1.25,35,0.015,0.25,0.025,0.07,,,,,,,,,sin_resultados,
354,1.25,35,0.015,0.25,0.025,0.06,,,,,,,,,sin_resultados,
355,1.25,35,0.015,0.25,0.03,0.06,,,,,,,,,sin_resultados,
356,1.25,35,0.015,0.25,0.03,0.05,,,,,,,,,sin_resultados,
357,1.25,35,0.015,0.25,0.03,0.07,,,,,,,,,sin_resultados,
358,1.25,35,0.015,0.25,0.035,0.06,,,,,,,,,sin_resultados,
359,1.25,35,0.015,0.25,0.035,0.05,,,,,,,,,sin_resultados,
360,1.25,35,0.015,0.25,0.035,0.07,,,,,,,,,sin_resultados,
361,1.25,35,0.015,0.3,0.025,0.06,,,,,,,,,sin_resultados,
362,1.25,35,0.015,0.3,0.025,0.05,,,,,,,,,sin_resultados,
363,1.25,35,0.015,0.3,0.025,0.07,,,,,,,,,sin_resultados,
364,1.25,35,0.015,0.3,0.03,0.05,,,,,,,,,sin_resultados,
365,1.25,35,0.015,0.3,0.03,0.06,,,,,,,,,sin_resultados,
366,1.25,35,0.015,0.3,0.03,0.07,,,,,,,,,sin_resultados,
367,1.25,35,0.015,0.3,0.035,0.05,,,,,,,,,sin_resultados,
368,1.25,35,0.015,0.3,0.035,0.06,,,,,,,,,sin_resultados,
369,1.25,35,0.015,0.3,0.035,0.07,,,,,,,,,sin_resultados,
370,1.25,35,0.015,0.35,0.025,0.05,,,,,,,,,sin_resultados,
371,1.25,35,0.015,0.35,0.025,0.06,,,,,,,,,sin_resultados,
372,1.25,35,0.015,0.35,0.025,0.07,,,,,,,,,sin_resultados,
373,1.25,35,0.015,0.35,0.03,0.05,,,,,,,,,sin_resultados,
374,1.25,35,0.015,0.35,0.03,0.06,,,,,,,,,sin_resultados,
375,1.25,35,0.015,0.35,0.03,0.07,,,,,,,,,sin_resultados,
376,1.25,35,0.015,0.35,0.035,0.05,,,,,,,,,sin_resultados,
377,1.25,35,0.015,0.35,0.035,0.06,,,,,,,,,sin_resultados,
378,1.25,35,0.015,0.35,0.035,0.07,,,,,,,,,sin_resultados,
379,1.25,35,0.02,0.25,0.025,0.05,,,,,,,,,sin_resultados,
380,1.25,35,0.02,0.25,0.025,0.06,,,,,,,,,sin_resultados,
381,1.25,35,0.02,0.25,0.025,0.07,,,,,,,,,sin_resultados,
382,1.25,35,0.02,0.25,0.03,0.05,,,,,,,,,sin_resultados,
383,1.25,35,0.02,0.25,0.03,0.06,,,,,,,,,sin_resultados,
384,1.25,35,0.02,0.25,0.03,0.07,,,,,,,,,sin_resultados,
385,1.25,35,0.02,0.25,0.035,0.05,,,,,,,,,sin_resultados,
386,1.25,35,0.02,0.25,0.035,0.06,,,,,,,,,sin_resultados,
387,1.25,35,0.02,0.25,0.035,0.07,,,,,,,,,sin_resultados,
388,1.25,35,0.02,0.3,0.025,0.05,,,,,,,,,sin_resultados,
389,1.25,35,0.02,0.3,0.025,0.06,,,,,,,,,sin_resultados,
390,1.25,35,0.02,0.3,0.025,0.07,,,,,,,,,sin_resultados,
391,1.25,35,0.02,0.3,0.03,0.05,,,,,,,,,sin_resultados,
392,1.25,35,0.02,0.3,0.03,0.06,,,,,,,,,sin_resultados,
393,1.25,35,0.02,0.3,0.03,0.07,,,,,,,,,sin_resultados,
394,1.25,35,0.02,0.3,0.035,0.05,,,,,,,,,sin_resultados,
395,1.25,35,0.02,0.3,0.035,0.06,,,,,,,,,sin_resultados,
396,1.25,35,0.02,0.3,0.035,0.07,,,,,,,,,sin_resultados,
397,1.25,35,0.02,0.35,0.025,0.05,,,,,,,,,sin_resultados,
398,1.25,35,0.02,0.35,0.025,0.06,,,,,,,,,sin_resultados,
399,1.25,35,0.02,0.35,0.03,0.05,,,,,,,,,sin_resultados,
400,1.25,35,0.02,0.35,0.025,0.07,,,,,,,,,sin_resultados,
401,1.25,35,0.02,0.35,0.03,0.06,,,,,,,,,sin_resultados,
402,1.25,35,0.02,0.35,0.03,0.07,,,,,,,,,sin_resultados,
403,1.25,35,0.02,0.35,0.035,0.05,,,,,,,,,sin_resultados,
404,1.25,35,0.02,0.35,0.035,0.06,,,,,,,,,sin_resultados,
405,1.25,35,0.02,0.35,0.035,0.07,,,,,,,,,sin_resultados,
406,1.25,50,0.01,0.25,0.025,0.05,,,,,,,,,sin_resultados,
407,1.25,50,0.01,0.25,0.025,0.06,,,,,,,,,sin_resultados,
408,1.25,50,0.01,0.25,0.025,0.07,,,,,,,,,sin_resultados,
409,1.25,50,0.01,0.25,0.03,0.05,,,,,,,,,sin_resultados,
410,1.25,50,0.01,0.25,0.03,0.06,,,,,,,,,sin_resultados,
411,1.25,50,0.01,0.25,0.03,0.07,,,,,,,,,sin_resultados,
412,1.25,50,0.01,0.25,0.035,0.05,,,,,,,,,sin_resultados,
413,1.25,50,0.01,0.25,0.035,0.06,,,,,,,,,sin_resultados,
414,1.25,50,0.01,0.25,0.035,0.07,,,,,,,,,sin_resultados,
415,1.25,50,0.01,0.3,0.025,0.05,,,,,,,,,sin_resultados,
416,1.25,50,0.01,0.3,0.025,0.06,,,,,,,,,sin_resultados,
417,1.25,50,0.01,0.3,0.025,0.07,,,,,,,,,sin_resultados,
418,1.25,50,0.01,0.3,0.03,0.05,,,,,,,,,sin_resultados,
419,1.25,50,0.01,0.3,0.03,0.06,,,,,,,,,sin_resultados,
420,1.25,50,0.01,0.3,0.03,0.07,,,,,,,,,sin_resultados,
421,1.25,50,0.01,0.3,0.035,0.05,,,,,,,,,sin_resultados,
422,1.25,50,0.01,0.3,0.035,0.06,,,,,,,,,sin_resultados,
423,1.25,50,0.01,0.3,0.035,0.07,,,,,,,,,sin_resultados,
424,1.25,50,0.01,0.35,0.025,0.05,,,,,,,,,sin_resultados,
425,1.25,50,0.01,0.35,0.025,0.07,,,,,,,,,sin_resultados,
426,1.25,50,0.01,0.35,0.025,0.06,,,,,,,,,sin_resultados,
427,1.25,50,0.01,0.35,0.03,0.05,,,,,,,,,sin_resultados,
428,1.25,50,0.01,0.35,0.03,0.06,,,,,,,,,sin_resultados,
429,1.25,50,0.01,0.35,0.03,0.07,,,,,,,,,sin_resultados,
430,1.25,50,0.01,0.35,0.035,0.05,,,,,,,,,sin_resultados,
431,1.25,50,0.01,0.35,0.035,0.06,,,,,,,,,sin_resultados,
432,1.25,50,0.01,0.35,0.035,0.07,,,,,,,,,sin_resultados,
433,1.25,50,0.015,0.25,0.025,0.05,,,,,,,,,sin_resultados,
434,1.25,50,0.015,0.25,0.025,0.06,,,,,,,,,sin_resultados,
435,1.25,50,0.015,0.25,0.025,0.07,,,,,,,,,sin_resultados,
436,1.25,50,0.015,0.25,0.03,0.05,,,,,,,,,sin_resultados,
437,1.25,50,0.015,0.25,0.03,0.07,,,,,,,,,sin_resultados,
438,1.25,50,0.015,0.25,0.03,0.06,,,,,,,,,sin_resultados,
439,1.25,50,0.015,0.25,0.035,0.05,,,,,,,,,sin_resultados,
440,1.25,50,0.015,0.25,0.035,0.07,,,,,,,,,sin_resultados,
441,1.25,50,0.015,0.25,0.035,0.06,,,,,,,,,sin_resultados,
442,1.25,50,0.015,0.3,0.025,0.05,,,,,,,,,sin_resultados,
443,1.25,50,0.015,0.3,0.025,0.07,,,,,,,,,sin_resultados,
444,1.25,50,0.015,0.3,0.025,0.06,,,,,,,,,sin_resultados,
445,1.25,50,0.015,0.3,0.03,0.05,,,,,,,,,sin_resultados,
446,1.25,50,0.015,0.3,0.03,0.06,,,,,,,,,sin_resultados,
447,1.25,50,0.015,0.3,0.03,0.07,,,,,,,,,sin_resultados,
448,1.25,50,0.015,0.3,0.035,0.05,,,,,,,,,sin_resultados,
449,1.25,50,0.015,0.3,0.035,0.06,,,,,,,,,sin_resultados,
450,1.25,50,0.015,0.3,0.035,0.07,,,,,,,,,sin_resultados,
451,1.25,50,0.015,0.35,0.025,0.05,,,,,,,,,sin_resultados,
452,1.25,50,0.015,0.35,0.025,0.06,,,,,,,,,sin_resultados,
453,1.25,50,0.015,0.35,0.025,0.07,,,,,,,,,sin_resultados,
454,1.25,50,0.015,0.35,0.03,0.05,,,,,,,,,sin_resultados,
455,1.25,50,0.015,0.35,0.03,0.06,,,,,,,,,sin_resultados,
456,1.25,50,0.015,0.35,0.03,0.07,,,,,,,,,sin_resultados,
457,1.25,50,0.015,0.35,0.035,0.05,,,,,,,,,sin_resultados,
458,1.25,50,0.015,0.35,0.035,0.06,,,,,,,,,sin_resultados,
459,1.25,50,0.015,0.35,0.035,0.07,,,,,,,,,sin_resultados,
460,1.25,50,0.02,0.25,0.025,0.05,,,,,,,,,sin_resultados,
461,1.25,50,0.02,0.25,0.025,0.06,,,,,,,,,sin_resultados,
462,1.25,50,0.02,0.25,0.025,0.07,,,,,,,,,sin_resultados,
463,1.25,50,0.02,0.25,0.03,0.05,,,,,,,,,sin_resultados,
464,1.25,50,0.02,0.25,0.03,0.06,,,,,,,,,sin_resultados,
465,1.25,50,0.02,0.25,0.035,0.05,,,,,,,,,sin_resultados,
466,1.25,50,0.02,0.25,0.03,0.07,,,,,,,,,sin_resultados,
467,1.25,50,0.02,0.25,0.035,0.06,,,,,,,,,sin_resultados,
468,1.25,50,0.02,0.25,0.035,0.07,,,,,,,,,sin_resultados,
469,1.25,50,0.02,0.3,0.025,0.05,,,,,,,,,sin_resultados,
470,1.25,50,0.02,0.3,0.025,0.07,,,,,,,,,sin_resultados,
471,1.25,50,0.02,0.3,0.025,0.06,,,,,,,,,sin_resultados,
472,1.25,50,0.02,0.3,0.03,0.05,,,,,,,,,sin_resultados,
473,1.25,50,0.02,0.3,0.03,0.06,,,,,,,,,sin_resultados,
474,1.25,50,0.02,0.3,0.03,0.07,,,,,,,,,sin_resultados,
475,1.25,50,0.02,0.3,0.035,0.05,,,,,,,,,sin_resultados,
476,1.25,50,0.02,0.3,0.035,0.07,,,,,,,,,sin_resultados,
477,1.25,50,0.02,0.3,0.035,0.06,,,,,,,,,sin_resultados,
478,1.25,50,0.02,0.35,0.025,0.05,,,,,,,,,sin_resultados,
479,1.25,50,0.02,0.35,0.025,0.06,,,,,,,,,sin_resultados,
480,1.25,50,0.02,0.35,0.025,0.07,,,,,,,,,sin_resultados,
481,1.25,50,0.02,0.35,0.03,0.05,,,,,,,,,sin_resultados,
482,1.25,50,0.02,0.35,0.03,0.06,,,,,,,,,sin_resultados,
483,1.25,50,0.02,0.35,0.03,0.07,,,,,,,,,sin_resultados,
484,1.25,50,0.02,0.35,0.035,0.05,,,,,,,,,sin_resultados,
485,1.25,50,0.02,0.35,0.035,0.07,,,,,,,,,sin_resultados,
486,1.25,50,0.02,0.35,0.035,0.06,,,,,,,,,sin_resultados,
487,1.5,20,0.01,0.25,0.025,0.05,,,,,,,,,sin_resultados,
488,1.5,20,0.01,0.25,0.025,0.06,,,,,,,,,sin_resultados,
489,1.5,20,0.01,0.25,0.03,0.06,,,,,,,,,sin_resultados,
490,1.5,20,0.01,0.25,0.025,0.07,,,,,,,,,sin_resultados,
491,1.5,20,0.01,0.25,0.03,0.05,,,,,,,,,sin_resultados,
492,1.5,20,0.01,0.25,0.03,0.07,,,,,,,,,sin_resultados,
493,1.5,20,0.01,0.25,0.035,0.05,,,,,,,,,sin_resultados,
494,1.5,20,0.01,0.25,0.035,0.07,,,,,,,,,sin_resultados,
495,1.5,20,0.01,0.25,0.035,0.06,,,,,,,,,sin_resultados,
496,1.5,20,0.01,0.3,0.025,0.05,,,,,,,,,sin_resultados,
497,1.5,20,0.01,0.3,0.025,0.06,,,,,,,,,sin_resultados,
498,1.5,20,0.01,0.3,0.025,0.07,,,,,,,,,sin_resultados,
499,1.5,20,0.01,0.3,0.03,0.05,,,,,,,,,sin_resultados,
500,1.5,20,0.01,0.3,0.03,0.07,,,,,,,,,sin_resultados,
501,1.5,20,0.01,0.3,0.03,0.06,,,,,,,,,sin_resultados,
502,1.5,20,0.01,0.3,0.035,0.05,,,,,,,,,sin_resultados,
503,1.5,20,0.01,0.3,0.035,0.06,,,,,,,,,sin_resultados,
504,1.5,20,0.01,0.35,0.025,0.05,,,,,,,,,sin_resultados,
505,1.5,20,0.01,0.3,0.035,0.07,,,,,,,,,sin_resultados,
506,1.5,20,0.01,0.35,0.025,0.06,,,,,,,,,sin_resultados,
507,1.5,20,0.01,0.35,0.025,0.07,,,,,,,,,sin_resultados,
508,1.5,20,0.01,0.35,0.03,0.05,,,,,,,,,sin_resultados,
509,1.5,20,0.01,0.35,0.03,0.06,,,,,,,,,sin_resultados,
510,1.5,20,0.01,0.35,0.03,0.07,,,,,,,,,sin_resultados,
511,1.5,20,0.01,0.35,0.035,0.05,,,,,,,,,sin_resultados,
512,1.5,20,0.01,0.35,0.035,0.06,,,,,,,,,sin_resultados,
513,1.5,20,0.01,0.35,0.035,0.07,,,,,,,,,sin_resultados,
514,1.5,20,0.015,0.25,0.025,0.05,,,,,,,,,sin_resultados,
515,1.5,20,0.015,0.25,0.025,0.06,,,,,,,,,sin_resultados,
516,1.5,20,0.015,0.25,0.025,0.07,,,,,,,,,sin_resultados,
517,1.5,20,0.015,0.25,0.03,0.05,,,,,,,,,sin_resultados,
518,1.5,20,0.015,0.25,0.03,0.06,,,,,,,,,sin_resultados,
519,1.5,20,0.015,0.25,0.03,0.07,,,,,,,,,sin_resultados,
520,1.5,20,0.015,0.25,0.035,0.05,,,,,,,,,sin_resultados,
521,1.5,20,0.015,0.25,0.035,0.07,,,,,,,,,sin_resultados,
522,1.5,20,0.015,0.25,0.035,0.06,,,,,,,,,sin_resultados,
523,1.5,20,0.015,0.3,0.025,0.05,,,,,,,,,sin_resultados,
524,1.5,20,0.015,0.3,0.025,0.06,,,,,,,,,sin_resultados,
525,1.5,20,0.015,0.3,0.025,0.07,,,,,,,,,sin_resultados,
526,1.5,20,0.015,0.3,0.03,0.05,,,,,,,,,sin_resultados,
527,1.5,20,0.015,0.3,0.03,0.06,,,,,,,,,sin_resultados,
528,1.5,20,0.015,0.3,0.03,0.07,,,,,,,,,sin_resultados,
529,1.5,20,0.015,0.3,0.035,0.06,,,,,,,,,sin_resultados,
530,1.5,20,0.015,0.3,0.035,0.05,,,,,,,,,sin_resultados,
531,1.5,20,0.015,0.3,0.035,0.07,,,,,,,,,sin_resultados,
532,1.5,20,0.015,0.35,0.025,0.05,,,,,,,,,sin_resultados,
533,1.5,20,0.015,0.35,0.025,0.06,,,,,,,,,sin_resultados,
534,1.5,20,0.015,0.35,0.025,0.07,,,,,,,,,sin_resultados,
535,1.5,20,0.015,0.35,0.03,0.05,,,,,,,,,sin_resultados,
536,1.5,20,0.015,0.35,0.03,0.06,,,,,,,,,sin_resultados,
537,1.5,20,0.015,0.35,0.03,0.07,,,,,,,,,sin_resultados,
538,1.5,20,0.015,0.35,0.035,0.05,,,,,,,,,sin_resultados,
539,1.5,20,0.015,0.35,0.035,0.06,,,,,,,,,sin_resultados,
540,1.5,20,0.015,0.35,0.035,0.07,,,,,,,,,sin_resultados,
541,1.5,20,0.02,0.25,0.025,0.05,,,,,,,,,sin_resultados,
542,1.5,20,0.02,0.25,0.025,0.06,,,,,,,,,sin_resultados,
543,1.5,20,0.02,0.25,0.025,0.07,,,,,,,,,sin_resultados,
544,1.5,20,0.02,0.25,0.03,0.05,,,,,,,,,sin_resultados,
545,1.5,20,0.02,0.25,0.03,0.06,,,,,,,,,sin_resultados,
546,1.5,20,0.02,0.25,0.03,0.07,,,,,,,,,sin_resultados,
547,1.5,20,0.02,0.25,0.035,0.05,,,,,,,,,sin_resultados,
548,1.5,20,0.02,0.25,0.035,0.06,,,,,,,,,sin_resultados,
549,1.5,20,0.02,0.25,0.035,0.07,,,,,,,,,sin_resultados,
550,1.5,20,0.02,0.3,0.025,0.05,,,,,,,,,sin_resultados,
551,1.5,20,0.02,0.3,0.025,0.06,,,,,,,,,sin_resultados,
552,1.5,20,0.02,0.3,0.025,0.07,,,,,,,,,sin_resultados,
553,1.5,20,0.02,0.3,0.03,0.05,,,,,,,,,sin_resultados,
554,1.5,20,0.02,0.3,0.03,0.06,,,,,,,,,sin_resultados,
555,1.5,20,0.02,0.3,0.03,0.07,,,,,,,,,sin_resultados,
556,1.5,20,0.02,0.3,0.035,0.05,,,,,,,,,sin_resultados,
557,1.5,20,0.02,0.3,0.035,0.06,,,,,,,,,sin_resultados,
558,1.5,20,0.02,0.3,0.035,0.07,,,,,,,,,sin_resultados,
559,1.5,20,0.02,0.35,0.025,0.05,,,,,,,,,sin_resultados,
560,1.5,20,0.02,0.35,0.025,0.06,,,,,,,,,sin_resultados,
561,1.5,20,0.02,0.35,0.025,0.07,,,,,,,,,sin_resultados,
562,1.5,20,0.02,0.35,0.03,0.05,,,,,,,,,sin_resultados,
563,1.5,20,0.02,0.35,0.03,0.06,,,,,,,,,sin_resultados,
564,1.5,20,0.02,0.35,0.03,0.07,,,,,,,,,sin_resultados,
565,1.5,20,0.02,0.35,0.035,0.05,,,,,,,,,sin_resultados,
566,1.5,20,0.02,0.35,0.035,0.06,,,,,,,,,sin_resultados,
567,1.5,20,0.02,0.35,0.035,0.07,,,,,,,,,sin_resultados,
568,1.5,35,0.01,0.25,0.025,0.05,,,,,,,,,sin_resultados,
569,1.5,35,0.01,0.25,0.025,0.06,,,,,,,,,sin_resultados,
570,1.5,35,0.01,0.25,0.025,0.07,,,,,,,,,sin_resultados,
571,1.5,35,0.01,0.25,0.03,0.05,,,,,,,,,sin_resultados,
572,1.5,35,0.01,0.25,0.03,0.06,,,,,,,,,sin_resultados,
573,1.5,35,0.01,0.25,0.03,0.07,,,,,,,,,sin_resultados,
574,1.5,35,0.01,0.25,0.035,0.05,,,,,,,,,sin_resultados,
575,1.5,35,0.01,0.25,0.035,0.06,,,,,,,,,sin_resultados,
576,1.5,35,0.01,0.25,0.035,0.07,,,,,,,,,sin_resultados,
577,1.5,35,0.01,0.3,0.025,0.05,,,,,,,,,sin_resultados,
578,1.5,35,0.01,0.3,0.025,0.07,,,,,,,,,sin_resultados,
579,1.5,35,0.01,0.3,0.025,0.06,,,,,,,,,sin_resultados,
580,1.5,35,0.01,0.3,0.03,0.05,,,,,,,,,sin_resultados,
581,1.5,35,0.01,0.3,0.03,0.06,,,,,,,,,sin_resultados,
582,1.5,35,0.01,0.3,0.03,0.07,,,,,,,,,sin_resultados,
583,1.5,35,0.01,0.3,0.035,0.05,,,,,,,,,sin_resultados,
584,1.5,35,0.01,0.3,0.035,0.06,,,,,,,,,sin_resultados,
585,1.5,35,0.01,0.3,0.035,0.07,,,,,,,,,sin_resultados,
586,1.5,35,0.01,0.35,0.025,0.05,,,,,,,,,sin_resultados,
587,1.5,35,0.01,0.35,0.025,0.06,,,,,,,,,sin_resultados,
588,1.5,35,0.01,0.35,0.025,0.07,,,,,,,,,sin_resultados,
589,1.5,35,0.01,0.35,0.03,0.05,,,,,,,,,sin_resultados,
590,1.5,35,0.01,0.35,0.03,0.06,,,,,,,,,sin_resultados,
591,1.5,35,0.01,0.35,0.03,0.07,,,,,,,,,sin_resultados,
592,1.5,35,0.01,0.35,0.035,0.05,,,,,,,,,sin_resultados,
593,1.5,35,0.01,0.35,0.035,0.06,,,,,,,,,sin_resultados,
594,1.5,35,0.01,0.35,0.035,0.07,,,,,,,,,sin_resultados,
595,1.5,35,0.015,0.25,0.025,0.07,,,,,,,,,sin_resultados,
596,1.5,35,0.015,0.25,0.025,0.06,,,,,,,,,sin_resultados,
597,1.5,35,0.015,0.25,0.025,0.05,,,,,,,,,sin_resultados,
598,1.5,35,0.015,0.25,0.03,0.05,,,,,,,,,sin_resultados,
599,1.5,35,0.015,0.25,0.035,0.06,,,,,,,,,sin_resultados,
600,1.5,35,0.015,0.25,0.03,0.06,,,,,,,,,sin_resultados,
601,1.5,35,0.015,0.25,0.035,0.05,,,,,,,,,sin_resultados,
602,1.5,35,0.015,0.25,0.03,0.07,,,,,,,,,sin_resultados,
603,1.5,35,0.015,0.25,0.035,0.07,,,,,,,,,sin_resultados,
604,1.5,35,0.015,0.3,0.025,0.05,,,,,,,,,sin_resultados,
605,1.5,35,0.015,0.3,0.025,0.07,,,,,,,,,sin_resultados,
606,1.5,35,0.015,0.3,0.025,0.06,,,,,,,,,sin_resultados,
607,1.5,35,0.015,0.3,0.03,0.05,,,,,,,,,sin_resultados,
608,1.5,35,0.015,0.3,0.03,0.06,,,,,,,,,sin_resultados,
609,1.5,35,0.015,0.3,0.03,0.07,,,,,,,,,sin_resultados,
610,1.5,35,0.015,0.3,0.035,0.05,,,,,,,,,sin_resultados,
611,1.5,35,0.015,0.3,0.035,0.06,,,,,,,,,sin_resultados,
612,1.5,35,0.015,0.35,0.025,0.06,,,,,,,,,sin_resultados,
613,1.5,35,0.015,0.35,0.025,0.05,,,,,,,,,sin_resultados,
614,1.5,35,0.015,0.3,0.035,0.07,,,,,,,,,sin_resultados,
615,1.5,35,0.015,0.35,0.025,0.07,,,,,,,,,sin_resultados,
616,1.5,35,0.015,0.35,0.03,0.05,,,,,,,,,sin_resultados,
617,1.5,35,0.015,0.35,0.035,0.05,,,,,,,,,sin_resultados,
618,1.5,35,0.015,0.35,0.03,0.06,,,,,,,,,sin_resultados,
619,1.5,35,0.015,0.35,0.03,0.07,,,,,,,,,sin_resultados,
620,1.5,35,0.015,0.35,0.035,0.06,,,,,,,,,sin_resultados,
621,1.5,35,0.015,0.35,0.035,0.07,,,,,,,,,sin_resultados,
622,1.5,35,0.02,0.25,0.025,0.05,,,,,,,,,sin_resultados,
623,1.5,35,0.02,0.25,0.03,0.05,,,,,,,,,sin_resultados,
624,1.5,35,0.02,0.25,0.025,0.06,,,,,,,,,sin_resultados,
625,1.5,35,0.02,0.25,0.025,0.07,,,,,,,,,sin_resultados,
626,1.5,35,0.02,0.25,0.03,0.06,,,,,,,,,sin_resultados,
627,1.5,35,0.02,0.25,0.03,0.07,,,,,,,,,sin_resultados,
628,1.5,35,0.02,0.25,0.035,0.05,,,,,,,,,sin_resultados,
629,1.5,35,0.02,0.25,0.035,0.06,,,,,,,,,sin_resultados,
630,1.5,35,0.02,0.25,0.035,0.07,,,,,,,,,sin_resultados,
631,1.5,35,0.02,0.3,0.025,0.05,,,,,,,,,sin_resultados,
632,1.5,35,0.02,0.3,0.025,0.06,,,,,,,,,sin_resultados,
633,1.5,35,0.02,0.3,0.025,0.07,,,,,,,,,sin_resultados,
634,1.5,35,0.02,0.3,0.03,0.05,,,,,,,,,sin_resultados,
635,1.5,35,0.02,0.3,0.03,0.06,,,,,,,,,sin_resultados,
636,1.5,35,0.02,0.3,0.03,0.07,,,,,,,,,sin_resultados,
637,1.5,35,0.02,0.3,0.035,0.05,,,,,,,,,sin_resultados,
638,1.5,35,0.02,0.3,0.035,0.06,,,,,,,,,sin_resultados,
639,1.5,35,0.02,0.3,0.035,0.07,,,,,,,,,sin_resultados,
640,1.5,35,0.02,0.35,0.025,0.05,,,,,,,,,sin_resultados,
641,1.5,35,0.02,0.35,0.025,0.06,,,,,,,,,sin_resultados,
642,1.5,35,0.02,0.35,0.03,0.05,,,,,,,,,sin_resultados,
643,1.5,35,0.02,0.35,0.025,0.07,,,,,,,,,sin_resultados,
644,1.5,35,0.02,0.35,0.03,0.06,,,,,,,,,sin_resultados,
645,1.5,35,0.02,0.35,0.03,0.07,,,,,,,,,sin_resultados,
646,1.5,35,0.02,0.35,0.035,0.05,,,,,,,,,sin_resultados,
647,1.5,35,0.02,0.35,0.035,0.07,,,,,,,,,sin_resultados,
648,1.5,50,0.01,0.25,0.025,0.05,,,,,,,,,sin_resultados,
649,1.5,35,0.02,0.35,0.035,0.06,,,,,,,,,sin_resultados,
650,1.5,50,0.01,0.25,0.025,0.07,,,,,,,,,sin_resultados,
651,1.5,50,0.01,0.25,0.025,0.06,,,,,,,,,sin_resultados,
652,1.5,50,0.01,0.25,0.03,0.05,,,,,,,,,sin_resultados,
653,1.5,50,0.01,0.25,0.03,0.07,,,,,,,,,sin_resultados,
654,1.5,50,0.01,0.25,0.03,0.06,,,,,,,,,sin_resultados,
655,1.5,50,0.01,0.25,0.035,0.05,,,,,,,,,sin_resultados,
656,1.5,50,0.01,0.25,0.035,0.06,,,,,,,,,sin_resultados,
657,1.5,50,0.01,0.25,0.035,0.07,,,,,,,,,sin_resultados,
658,1.5,50,0.01,0.3,0.025,0.05,,,,,,,,,sin_resultados,
659,1.5,50,0.01,0.3,0.025,0.07,,,,,,,,,sin_resultados,
660,1.5,50,0.01,0.3,0.03,0.05,,,,,,,,,sin_resultados,
661,1.5,50,0.01,0.3,0.025,0.06,,,,,,,,,sin_resultados,
662,1.5,50,0.01,0.3,0.03,0.06,,,,,,,,,sin_resultados,
663,1.5,50,0.01,0.3,0.03,0.07,,,,,,,,,sin_resultados,
664,1.5,50,0.01,0.3,0.035,0.05,,,,,,,,,sin_resultados,
665,1.5,50,0.01,0.3,0.035,0.06,,,,,,,,,sin_resultados,
666,1.5,50,0.01,0.3,0.035,0.07,,,,,,,,,sin_resultados,
667,1.5,50,0.01,0.35,0.025,0.05,,,,,,,,,sin_resultados,
668,1.5,50,0.01,0.35,0.025,0.06,,,,,,,,,sin_resultados,
669,1.5,50,0.01,0.35,0.025,0.07,,,,,,,,,sin_resultados,
670,1.5,50,0.01,0.35,0.03,0.05,,,,,,,,,sin_resultados,
671,1.5,50,0.01,0.35,0.03,0.07,,,,,,,,,sin_resultados,
672,1.5,50,0.01,0.35,0.03,0.06,,,,,,,,,sin_resultados,
673,1.5,50,0.01,0.35,0.035,0.05,,,,,,,,,sin_resultados,
674,1.5,50,0.01,0.35,0.035,0.07,,,,,,,,,sin_resultados,
675,1.5,50,0.01,0.35,0.035,0.06,,,,,,,,,sin_resultados,
676,1.5,50,0.015,0.25,0.025,0.05,,,,,,,,,sin_resultados,
677,1.5,50,0.015,0.25,0.025,0.07,,,,,,,,,sin_resultados,
678,1.5,50,0.015,0.25,0.03,0.05,,,,,,,,,sin_resultados,
679,1.5,50,0.015,0.25,0.025,0.06,,,,,,,,,sin_resultados,
680,1.5,50,0.015,0.25,0.03,0.06,,,,,,,,,sin_resultados,
681,1.5,50,0.015,0.25,0.03,0.07,,,,,,,,,sin_resultados,
682,1.5,50,0.015,0.25,0.035,0.05,,,,,,,,,sin_resultados,
683,1.5,50,0.015,0.25,0.035,0.07,,,,,,,,,sin_resultados,
684,1.5,50,0.015,0.25,0.035,0.06,,,,,,,,,sin_resultados,
685,1.5,50,0.015,0.3,0.025,0.05,,,,,,,,,sin_resultados,
686,1.5,50,0.015,0.3,0.025,0.06,,,,,,,,,sin_resultados,
687,1.5,50,0.015,0.3,0.025,0.07,,,,,,,,,sin_resultados,
688,1.5,50,0.015,0.3,0.03,0.05,,,,,,,,,sin_resultados,
689,1.5,50,0.015,0.3,0.03,0.06,,,,,,,,,sin_resultados,
690,1.5,50,0.015,0.3,0.03,0.07,,,,,,,,,sin_resultados,
691,1.5,50,0.015,0.3,0.035,0.05,,,,,,,,,sin_resultados,
692,1.5,50,0.015,0.3,0.035,0.06,,,,,,,,,sin_resultados,
693,1.5,50,0.015,0.3,0.035,0.07,,,,,,,,,sin_resultados,
694,1.5,50,0.015,0.35,0.025,0.05,,,,,,,,,sin_resultados,
695,1.5,50,0.015,0.35,0.025,0.06,,,,,,,,,sin_resultados,
696,1.5,50,0.015,0.35,0.025,0.07,,,,,,,,,sin_resultados,
697,1.5,50,0.015,0.35,0.03,0.05,,,,,,,,,sin_resultados,
698,1.5,50,0.015,0.35,0.03,0.06,,,,,,,,,sin_resultados,
699,1.5,50,0.015,0.35,0.03,0.07,,,,,,,,,sin_resultados,
700,1.5,50,0.015,0.35,0.035,0.05,,,,,,,,,sin_resultados,
701,1.5,50,0.015,0.35,0.035,0.06,,,,,,,,,sin_resultados,
702,1.5,50,0.015,0.35,0.035,0.07,,,,,,,,,sin_resultados,
703,1.5,50,0.02,0.25,0.025,0.05,,,,,,,,,sin_resultados,
704,1.5,50,0.02,0.25,0.025,0.06,,,,,,,,,sin_resultados,
705,1.5,50,0.02,0.25,0.025,0.07,,,,,,,,,sin_resultados,
706,1.5,50,0.02,0.25,0.03,0.06,,,,,,,,,sin_resultados,
707,1.5,50,0.02,0.25,0.03,0.05,,,,,,,,,sin_resultados,
708,1.5,50,0.02,0.25,0.03,0.07,,,,,,,,,sin_resultados,
709,1.5,50,0.02,0.25,0.035,0.05,,,,,,,,,sin_resultados,
710,1.5,50,0.02,0.25,0.035,0.06,,,,,,,,,sin_resultados,
711,1.5,50,0.02,0.25,0.035,0.07,,,,,,,,,sin_resultados,
712,1.5,50,0.02,0.3,0.025,0.05,,,,,,,,,sin_resultados,
713,1.5,50,0.02,0.3,0.025,0.06,,,,,,,,,sin_resultados,
714,1.5,50,0.02,0.3,0.03,0.05,,,,,,,,,sin_resultados,
715,1.5,50,0.02,0.3,0.025,0.07,,,,,,,,,sin_resultados,
716,1.5,50,0.02,0.3,0.03,0.06,,,,,,,,,sin_resultados,
717,1.5,50,0.02,0.3,0.03,0.07,,,,,,,,,sin_resultados,
718,1.5,50,0.02,0.3,0.035,0.05,,,,,,,,,sin_resultados,
719,1.5,50,0.02,0.3,0.035,0.06,,,,,,,,,sin_resultados,
720,1.5,50,0.02,0.35,0.025,0.05,,,,,,,,,sin_resultados,
721,1.5,50,0.02,0.3,0.035,0.07,,,,,,,,,sin_resultados,
722,1.5,50,0.02,0.35,0.025,0.06,,,,,,,,,sin_resultados,
723,1.5,50,0.02,0.35,0.025,0.07,,,,,,,,,sin_resultados,
724,1.5,50,0.02,0.35,0.03,0.05,,,,,,,,,sin_resultados,
725,1.5,50,0.02,0.35,0.03,0.07,,,,,,,,,sin_resultados,
726,1.5,50,0.02,0.35,0.03,0.06,,,,,,,,,sin_resultados,
727,1.5,50,0.02,0.35,0.035,0.05,,,,,,,,,sin_resultados,
728,1.5,50,0.02,0.35,0.035,0.06,,,,,,,,,sin_resultados,
729,1.5,50,0.02,0.35,0.035,0.07,,,,,,,,,sin_resultados,
