{"assetProfile": {"address1": "Building No. 3", "address2": "Room 507 BinhuZhuoyueCheng, WenhuaKechuangYuan Huayuan Blvd. 365, Baohe", "city": "Hefei", "zip": "230051", "country": "China", "phone": "86 55 1651 35763", "fax": "86 10 6517 9517", "website": "https://ir.atai.net.cn/", "industry": "Education & Training Services", "industryKey": "education-training-services", "industryDisp": "Education & Training Services", "sector": "Consumer Defensive", "sectorKey": "consumer-defensive", "sectorDisp": "Consumer Defensive", "longBusinessSummary": "ATA Creativity Global, together with its subsidiaries, provides educational services in China and internationally. The company offers portfolio training services, research-based learning services, overseas study counselling services, in-school art classes through cooperation with high schools and training organizations, junior art education, and other educational services to students. It also provides online courses for students. The company provides its services through partnership with sales channels, internet and mobile advertisement, word of mouth referral, and marketing events and activities. The company was formerly known as ATA Inc. and changed its name to ATA Creativity Global in September 2019. ATA Creativity Global was founded in 1999 and is based in Hefei, China.", "fullTimeEmployees": 599, "companyOfficers": [{"maxAge": 1, "name": "Mr. Jun  Zhang", "age": 51, "title": "President & Director", "yearBorn": 1973, "exercisedValue": {"raw": 0, "fmt": null, "longFmt": "0"}, "unexercisedValue": {"raw": 0, "fmt": null, "longFmt": "0"}}, {"maxAge": 1, "name": "Mr. Ruobai  Sima", "age": 42, "title": "Chief Financial Officer", "yearBorn": 1982, "exercisedValue": {"raw": 0, "fmt": null, "longFmt": "0"}, "unexercisedValue": {"raw": 0, "fmt": null, "longFmt": "0"}}, {"maxAge": 1, "name": "Mr. Xiaofeng  Ma", "age": 60, "title": "Co-Founder, Chairman & CEO", "yearBorn": 1964, "fiscalYear": 2017, "exercisedValue": {"raw": 0, "fmt": null, "longFmt": "0"}, "unexercisedValue": {"raw": 2292358, "fmt": "2.29M", "longFmt": "2,292,358"}}, {"maxAge": 1, "name": "Mr. Lin  Wang", "age": 63, "title": "Co-Founder and Consultant", "yearBorn": 1961, "fiscalYear": 2017, "exercisedValue": {"raw": 0, "fmt": null, "longFmt": "0"}, "unexercisedValue": {"raw": 0, "fmt": null, "longFmt": "0"}}, {"maxAge": 1, "name": "Mr. Haichang  Xiong", "title": "General Counsel", "fiscalYear": 2017, "exercisedValue": {"raw": 0, "fmt": null, "longFmt": "0"}, "unexercisedValue": {"raw": 0, "fmt": null, "longFmt": "0"}}, {"maxAge": 1, "name": "Ms. Amy  Tung", "age": 52, "title": "Advisor", "yearBorn": 1972, "fiscalYear": 2017, "exercisedValue": {"raw": 0, "fmt": null, "longFmt": "0"}, "unexercisedValue": {"raw": 0, "fmt": null, "longFmt": "0"}}], "compensationAsOfEpochDate": 1514678400, "irWebsite": "http://ir.ata.net.cn/irwebsite/index.php", "executiveTeam": [], "maxAge": 86400}, "calendarEvents": {"maxAge": 1, "earnings": {"earningsDate": [{"raw": 1754391540, "fmt": "2025-08-05"}, {"raw": 1754913600, "fmt": "2025-08-11"}], "earningsCallDate": [], "isEarningsDateEstimate": false, "earningsAverage": {}, "earningsLow": {}, "earningsHigh": {}, "revenueAverage": {}, "revenueLow": {}, "revenueHigh": {}}, "exDividendDate": {"raw": 1535328000, "fmt": "2018-08-27"}, "dividendDate": {"raw": 1535068800, "fmt": "2018-08-24"}}, "earningsTrend": {"trend": [{"maxAge": 1, "period": "0q", "endDate": null, "growth": {}, "earningsEstimate": {"avg": {}, "low": {}, "high": {}, "yearAgoEps": {}, "numberOfAnalysts": {}, "growth": {}, "earningsCurrency": null}, "revenueEstimate": {"avg": {"raw": 0, "fmt": null, "longFmt": "0"}, "low": {"raw": 0, "fmt": null, "longFmt": "0"}, "high": {"raw": 0, "fmt": null, "longFmt": "0"}, "numberOfAnalysts": {"raw": 0, "fmt": null, "longFmt": "0"}, "yearAgoRevenue": {}, "growth": {}, "revenueCurrency": null}, "epsTrend": {"current": {}, "7daysAgo": {}, "30daysAgo": {}, "60daysAgo": {}, "90daysAgo": {}, "epsTrendCurrency": null}, "epsRevisions": {"upLast7days": {}, "upLast30days": {}, "downLast30days": {}, "downLast7Days": {}, "downLast90days": {}, "epsRevisionsCurrency": null}}, {"maxAge": 1, "period": "+1q", "endDate": null, "growth": {}, "earningsEstimate": {"avg": {}, "low": {}, "high": {}, "yearAgoEps": {}, "numberOfAnalysts": {}, "growth": {}, "earningsCurrency": null}, "revenueEstimate": {"avg": {"raw": 0, "fmt": null, "longFmt": "0"}, "low": {"raw": 0, "fmt": null, "longFmt": "0"}, "high": {"raw": 0, "fmt": null, "longFmt": "0"}, "numberOfAnalysts": {"raw": 0, "fmt": null, "longFmt": "0"}, "yearAgoRevenue": {}, "growth": {}, "revenueCurrency": null}, "epsTrend": {"current": {}, "7daysAgo": {}, "30daysAgo": {}, "60daysAgo": {}, "90daysAgo": {}, "epsTrendCurrency": null}, "epsRevisions": {"upLast7days": {}, "upLast30days": {}, "downLast30days": {}, "downLast7Days": {}, "downLast90days": {}, "epsRevisionsCurrency": null}}, {"maxAge": 1, "period": "0y", "endDate": "2024-12-31", "growth": {}, "earningsEstimate": {"avg": {}, "low": {}, "high": {}, "yearAgoEps": {}, "numberOfAnalysts": {}, "growth": {}, "earningsCurrency": null}, "revenueEstimate": {"avg": {"raw": 0, "fmt": null, "longFmt": "0"}, "low": {"raw": 0, "fmt": null, "longFmt": "0"}, "high": {"raw": 0, "fmt": null, "longFmt": "0"}, "numberOfAnalysts": {"raw": 0, "fmt": null, "longFmt": "0"}, "yearAgoRevenue": {}, "growth": {}, "revenueCurrency": null}, "epsTrend": {"current": {}, "7daysAgo": {}, "30daysAgo": {}, "60daysAgo": {}, "90daysAgo": {}, "epsTrendCurrency": null}, "epsRevisions": {"upLast7days": {}, "upLast30days": {}, "downLast30days": {}, "downLast7Days": {}, "downLast90days": {}, "epsRevisionsCurrency": null}}, {"maxAge": 1, "period": "+1y", "endDate": null, "growth": {}, "earningsEstimate": {"avg": {}, "low": {}, "high": {}, "yearAgoEps": {}, "numberOfAnalysts": {}, "growth": {}, "earningsCurrency": null}, "revenueEstimate": {"avg": {"raw": 0, "fmt": null, "longFmt": "0"}, "low": {"raw": 0, "fmt": null, "longFmt": "0"}, "high": {"raw": 0, "fmt": null, "longFmt": "0"}, "numberOfAnalysts": {"raw": 0, "fmt": null, "longFmt": "0"}, "yearAgoRevenue": {}, "growth": {}, "revenueCurrency": null}, "epsTrend": {"current": {}, "7daysAgo": {}, "30daysAgo": {}, "60daysAgo": {}, "90daysAgo": {}, "epsTrendCurrency": null}, "epsRevisions": {"upLast7days": {}, "upLast30days": {}, "downLast30days": {}, "downLast7Days": {}, "downLast90days": {}, "epsRevisionsCurrency": null}}], "defaultMethodology": "nongaap", "maxAge": 1}, "earningsHistory": {"history": [], "defaultMethodology": "nongaap", "maxAge": 86400}, "financialData": {"maxAge": 86400, "currentPrice": {"raw": 1.2, "fmt": "1.20"}, "targetHighPrice": {}, "targetLowPrice": {}, "targetMeanPrice": {}, "targetMedianPrice": {}, "recommendationMean": {}, "recommendationKey": "none", "numberOfAnalystOpinions": {}, "totalCash": {"raw": 34673596, "fmt": "34.67M", "longFmt": "34,673,596"}, "totalCashPerShare": {"raw": 0.547, "fmt": "0.55"}, "ebitda": {"raw": -5810128, "fmt": "-5.81M", "longFmt": "-5,810,128"}, "totalDebt": {"raw": 45547772, "fmt": "45.55M", "longFmt": "45,547,772"}, "quickRatio": {"raw": 0.093, "fmt": "0.09"}, "currentRatio": {"raw": 0.188, "fmt": "0.19"}, "totalRevenue": {"raw": 279851712, "fmt": "279.85M", "longFmt": "279,851,712"}, "debtToEquity": {"raw": 81.605, "fmt": "81.61%"}, "revenuePerShare": {"raw": 8.862, "fmt": "8.86"}, "returnOnAssets": {"raw": -0.04285, "fmt": "-4.28%"}, "returnOnEquity": {"raw": -0.37508, "fmt": "-37.51%"}, "grossProfits": {"raw": 151139072, "fmt": "151.14M", "longFmt": "151,139,072"}, "freeCashflow": {}, "operatingCashflow": {}, "earningsGrowth": {}, "revenueGrowth": {"raw": 0.08, "fmt": "8.00%"}, "grossMargins": {"raw": 0.54007, "fmt": "54.01%"}, "ebitdaMargins": {"raw": -0.02076, "fmt": "-2.08%"}, "operatingMargins": {"raw": -0.24598, "fmt": "-24.60%"}, "profitMargins": {"raw": -0.09115, "fmt": "-9.12%"}, "financialCurrency": "CNY"}}