{"assetProfile": {"address1": "1 Skyview Drive", "city": "Fort Worth", "state": "TX", "zip": "76155", "country": "United States", "phone": "682 278 9000", "website": "https://www.aa.com", "industry": "Airlines", "industryKey": "airlines", "industryDisp": "Airlines", "sector": "Industrials", "sectorKey": "industrials", "sectorDisp": "Industrials", "longBusinessSummary": "American Airlines Group Inc., through its subsidiaries, operates as a network air carrier in the United States, Latin America, Atlantic, and Pacific. The company provides scheduled air transportation services for passengers and cargo through its hubs in Charlotte, Chicago, Dallas/Fort Worth, Los Angeles, Miami, New York, Philadelphia, Phoenix, and Washington, D.C., as well as through partner gateways in London, Doha, Madrid, Seattle/Tacoma, Sydney, and Tokyo. It also operates a mainline fleet of 977 aircraft. The company was formerly known as AMR Corporation and changed its name to American Airlines Group Inc. in December 2013. American Airlines Group Inc. was founded in 1926 and is headquartered in Fort Worth, Texas.", "fullTimeEmployees": 136900, "companyOfficers": [{"maxAge": 1, "name": "Mr. Robert D. Isom Jr.", "age": 60, "title": "CEO, President & Director", "yearBorn": 1964, "fiscalYear": 2024, "totalPay": {"raw": 4360843, "fmt": "4.36M", "longFmt": "4,360,843"}, "exercisedValue": {"raw": 0, "fmt": null, "longFmt": "0"}, "unexercisedValue": {"raw": 0, "fmt": null, "longFmt": "0"}}, {"maxAge": 1, "name": "Mr. Devon E. May", "age": 49, "title": "Executive VP & CFO", "yearBorn": 1975, "fiscalYear": 2024, "totalPay": {"raw": 1959531, "fmt": "1.96M", "longFmt": "1,959,531"}, "exercisedValue": {"raw": 0, "fmt": null, "longFmt": "0"}, "unexercisedValue": {"raw": 0, "fmt": null, "longFmt": "0"}}, {"maxAge": 1, "name": "Mr. David G. Seymour", "age": 59, "title": "Executive VP & COO", "yearBorn": 1965, "fiscalYear": 2024, "totalPay": {"raw": 1929898, "fmt": "1.93M", "longFmt": "1,929,898"}, "exercisedValue": {"raw": 0, "fmt": null, "longFmt": "0"}, "unexercisedValue": {"raw": 0, "fmt": null, "longFmt": "0"}}, {"maxAge": 1, "name": "Mr. Stephen L. Johnson J.D.", "age": 68, "title": "Chief Strategy Officer & Vice Chair", "yearBorn": 1956, "fiscalYear": 2024, "totalPay": {"raw": 2389572, "fmt": "2.39M", "longFmt": "2,389,572"}, "exercisedValue": {"raw": 0, "fmt": null, "longFmt": "0"}, "unexercisedValue": {"raw": 0, "fmt": null, "longFmt": "0"}}, {"maxAge": 1, "name": "Mr. Ganesh  Jayaram", "title": "Executive VP and Chief Digital & Information Officer", "fiscalYear": 2024, "exercisedValue": {"raw": 0, "fmt": null, "longFmt": "0"}, "unexercisedValue": {"raw": 0, "fmt": null, "longFmt": "0"}}, {"maxAge": 1, "name": "Mr. Neil A. Russell II", "age": 53, "title": "Vice President of Investor Relations", "yearBorn": 1971, "fiscalYear": 2024, "exercisedValue": {"raw": 0, "fmt": null, "longFmt": "0"}, "unexercisedValue": {"raw": 0, "fmt": null, "longFmt": "0"}}, {"maxAge": 1, "name": "Mr. Anthony J. Richmond J.D.", "title": "Executive VP of Corporate Affairs & Chief Legal Officer", "fiscalYear": 2024, "exercisedValue": {"raw": 0, "fmt": null, "longFmt": "0"}, "unexercisedValue": {"raw": 0, "fmt": null, "longFmt": "0"}}, {"maxAge": 1, "name": "Mr. Ronald J. Defeo", "title": "EVP of Communications and Marketing & Chief Communications Officer", "fiscalYear": 2024, "exercisedValue": {"raw": 0, "fmt": null, "longFmt": "0"}, "unexercisedValue": {"raw": 0, "fmt": null, "longFmt": "0"}}, {"maxAge": 1, "name": "Ms. Mecole  Brown", "title": "Chief People Officer", "fiscalYear": 2024, "exercisedValue": {"raw": 0, "fmt": null, "longFmt": "0"}, "unexercisedValue": {"raw": 0, "fmt": null, "longFmt": "0"}}, {"maxAge": 1, "name": "Mr. Bruce  Wark", "title": "Senior VP & Deputy General Counsel", "fiscalYear": 2024, "exercisedValue": {"raw": 0, "fmt": null, "longFmt": "0"}, "unexercisedValue": {"raw": 0, "fmt": null, "longFmt": "0"}}], "auditRisk": 7, "boardRisk": 1, "compensationRisk": 3, "shareHolderRightsRisk": 4, "overallRisk": 3, "governanceEpochDate": 1761955200, "compensationAsOfEpochDate": 1735603200, "executiveTeam": [], "maxAge": 86400}, "calendarEvents": {"maxAge": 1, "earnings": {"earningsDate": [{"raw": 1769088600, "fmt": "2026-01-22"}], "earningsCallDate": [{"raw": 1761222600, "fmt": "2025-10-23"}], "isEarningsDateEstimate": true, "earningsAverage": {"raw": 0.57863, "fmt": "0.58"}, "earningsLow": {"raw": 0.34, "fmt": "0.34"}, "earningsHigh": {"raw": 0.66, "fmt": "0.66"}, "revenueAverage": {"raw": 14230424760, "fmt": "14.23B", "longFmt": "14,230,424,760"}, "revenueLow": {"raw": 14100000000, "fmt": "14.1B", "longFmt": "14,100,000,000"}, "revenueHigh": {"raw": 14326000000, "fmt": "14.33B", "longFmt": "14,326,000,000"}}, "exDividendDate": {"raw": 1580774400, "fmt": "2020-02-04"}, "dividendDate": {"raw": 1582070400, "fmt": "2020-02-19"}}, "earningsTrend": {"trend": [{"maxAge": 1, "period": "0q", "endDate": "2025-12-31", "growth": {"raw": -0.32720003, "fmt": "-32.72%"}, "earningsEstimate": {"avg": {"raw": 0.57863, "fmt": "0.58"}, "low": {"raw": 0.34, "fmt": "0.34"}, "high": {"raw": 0.66, "fmt": "0.66"}, "yearAgoEps": {"raw": 0.86, "fmt": "0.86"}, "numberOfAnalysts": {"raw": 16, "fmt": "16", "longFmt": "16"}, "growth": {"raw": -0.32720003, "fmt": "-32.72%"}, "earningsCurrency": "USD"}, "revenueEstimate": {"avg": {"raw": 14230424760, "fmt": "14.23B", "longFmt": "14,230,424,760"}, "low": {"raw": 14100000000, "fmt": "14.1B", "longFmt": "14,100,000,000"}, "high": {"raw": 14326000000, "fmt": "14.33B", "longFmt": "14,326,000,000"}, "numberOfAnalysts": {"raw": 13, "fmt": "13", "longFmt": "13"}, "yearAgoRevenue": {"raw": 13660000000, "fmt": "13.66B", "longFmt": "13,660,000,000"}, "growth": {"raw": 0.0418, "fmt": "4.18%"}, "revenueCurrency": "USD"}, "epsTrend": {"current": {"raw": 0.57863, "fmt": "0.58"}, "7daysAgo": {"raw": 0.55772, "fmt": "0.56"}, "30daysAgo": {"raw": 0.35732, "fmt": "0.36"}, "60daysAgo": {"raw": 0.3442, "fmt": "0.34"}, "90daysAgo": {"raw": 0.33274, "fmt": "0.33"}, "epsTrendCurrency": "USD"}, "epsRevisions": {"upLast7days": {"raw": 9, "fmt": "9", "longFmt": "9"}, "upLast30days": {"raw": 10, "fmt": "10", "longFmt": "10"}, "downLast30days": {"raw": 2, "fmt": "2", "longFmt": "2"}, "downLast7Days": {"raw": 0, "fmt": null, "longFmt": "0"}, "downLast90days": {}, "epsRevisionsCurrency": "USD"}}, {"maxAge": 1, "period": "+1q", "endDate": "2026-03-31", "growth": {"raw": 0.5121, "fmt": "51.21%"}, "earningsEstimate": {"avg": {"raw": -0.28785, "fmt": "-0.29"}, "low": {"raw": -0.41146, "fmt": "-0.41"}, "high": {"raw": -0.17, "fmt": "-0.17"}, "yearAgoEps": {"raw": -0.59, "fmt": "-0.59"}, "numberOfAnalysts": {"raw": 10, "fmt": "10", "longFmt": "10"}, "growth": {"raw": 0.5121, "fmt": "51.21%"}, "earningsCurrency": "USD"}, "revenueEstimate": {"avg": {"raw": 13329217460, "fmt": "13.33B", "longFmt": "13,329,217,460"}, "low": {"raw": 12854000000, "fmt": "12.85B", "longFmt": "12,854,000,000"}, "high": {"raw": 13623000000, "fmt": "13.62B", "longFmt": "13,623,000,000"}, "numberOfAnalysts": {"raw": 9, "fmt": "9", "longFmt": "9"}, "yearAgoRevenue": {"raw": 12551000000, "fmt": "12.55B", "longFmt": "12,551,000,000"}, "growth": {"raw": 0.062, "fmt": "6.20%"}, "revenueCurrency": "USD"}, "epsTrend": {"current": {"raw": -0.28785, "fmt": "-0.29"}, "7daysAgo": {"raw": -0.24985, "fmt": "-0.25"}, "30daysAgo": {"raw": -0.30142, "fmt": "-0.3"}, "60daysAgo": {"raw": -0.31228, "fmt": "-0.31"}, "90daysAgo": {"raw": -0.29865, "fmt": "-0.3"}, "epsTrendCurrency": "USD"}, "epsRevisions": {"upLast7days": {"raw": 2, "fmt": "2", "longFmt": "2"}, "upLast30days": {"raw": 4, "fmt": "4", "longFmt": "4"}, "downLast30days": {"raw": 2, "fmt": "2", "longFmt": "2"}, "downLast7Days": {"raw": 2, "fmt": "2", "longFmt": "2"}, "downLast90days": {}, "epsRevisionsCurrency": "USD"}}, {"maxAge": 1, "period": "0y", "endDate": "2025-12-31", "growth": {"raw": -0.62240005, "fmt": "-62.24%"}, "earningsEstimate": {"avg": {"raw": 0.74016, "fmt": "0.74"}, "low": {"raw": 0.44, "fmt": "0.44"}, "high": {"raw": 0.86, "fmt": "0.86"}, "yearAgoEps": {"raw": 1.96, "fmt": "1.96"}, "numberOfAnalysts": {"raw": 20, "fmt": "20", "longFmt": "20"}, "growth": {"raw": -0.62240005, "fmt": "-62.24%"}, "earningsCurrency": "USD"}, "revenueEstimate": {"avg": {"raw": 54868816420, "fmt": "54.87B", "longFmt": "54,868,816,420"}, "low": {"raw": 54669000000, "fmt": "54.67B", "longFmt": "54,669,000,000"}, "high": {"raw": 54961000000, "fmt": "54.96B", "longFmt": "54,961,000,000"}, "numberOfAnalysts": {"raw": 17, "fmt": "17", "longFmt": "17"}, "yearAgoRevenue": {"raw": 54211000000, "fmt": "54.21B", "longFmt": "54,211,000,000"}, "growth": {"raw": 0.0121, "fmt": "1.21%"}, "revenueCurrency": "USD"}, "epsTrend": {"current": {"raw": 0.74016, "fmt": "0.74"}, "7daysAgo": {"raw": 0.71795, "fmt": "0.72"}, "30daysAgo": {"raw": 0.43236, "fmt": "0.43"}, "60daysAgo": {"raw": 0.43403, "fmt": "0.43"}, "90daysAgo": {"raw": 0.41628, "fmt": "0.42"}, "epsTrendCurrency": "USD"}, "epsRevisions": {"upLast7days": {"raw": 10, "fmt": "10", "longFmt": "10"}, "upLast30days": {"raw": 12, "fmt": "12", "longFmt": "12"}, "downLast30days": {"raw": 2, "fmt": "2", "longFmt": "2"}, "downLast7Days": {"raw": 0, "fmt": null, "longFmt": "0"}, "downLast90days": {}, "epsRevisionsCurrency": "USD"}}, {"maxAge": 1, "period": "+1y", "endDate": "2026-12-31", "growth": {"raw": 1.4705, "fmt": "147.05%"}, "earningsEstimate": {"avg": {"raw": 1.82858, "fmt": "1.83"}, "low": {"raw": 1.38, "fmt": "1.38"}, "high": {"raw": 2.25, "fmt": "2.25"}, "yearAgoEps": {"raw": 0.74016, "fmt": "0.74"}, "numberOfAnalysts": {"raw": 20, "fmt": "20", "longFmt": "20"}, "growth": {"raw": 1.4705, "fmt": "147.05%"}, "earningsCurrency": "USD"}, "revenueEstimate": {"avg": {"raw": 58250369610, "fmt": "58.25B", "longFmt": "58,250,369,610"}, "low": {"raw": 56597000000, "fmt": "56.6B", "longFmt": "56,597,000,000"}, "high": {"raw": 59769200000, "fmt": "59.77B", "longFmt": "59,769,200,000"}, "numberOfAnalysts": {"raw": 19, "fmt": "19", "longFmt": "19"}, "yearAgoRevenue": {"raw": 54868816420, "fmt": "54.87B", "longFmt": "54,868,816,420"}, "growth": {"raw": 0.0616, "fmt": "6.16%"}, "revenueCurrency": "USD"}, "epsTrend": {"current": {"raw": 1.82858, "fmt": "1.83"}, "7daysAgo": {"raw": 1.74208, "fmt": "1.74"}, "30daysAgo": {"raw": 1.6441, "fmt": "1.64"}, "60daysAgo": {"raw": 1.66897, "fmt": "1.67"}, "90daysAgo": {"raw": 1.63326, "fmt": "1.63"}, "epsTrendCurrency": "USD"}, "epsRevisions": {"upLast7days": {"raw": 8, "fmt": "8", "longFmt": "8"}, "upLast30days": {"raw": 10, "fmt": "10", "longFmt": "10"}, "downLast30days": {"raw": 6, "fmt": "6", "longFmt": "6"}, "downLast7Days": {"raw": 3, "fmt": "3", "longFmt": "3"}, "downLast90days": {}, "epsRevisionsCurrency": "USD"}}], "defaultMethodology": "nongaap", "maxAge": 1}, "earningsHistory": {"history": [{"maxAge": 1, "epsActual": {"raw": 0.86, "fmt": "0.86"}, "epsEstimate": {"raw": 0.66103, "fmt": "0.66"}, "epsDifference": {"raw": 0.2, "fmt": "0.2"}, "surprisePercent": {"raw": 0.301, "fmt": "30.10%"}, "quarter": {"raw": 1735603200, "fmt": "2024-12-31"}, "currency": "USD", "period": "-4q"}, {"maxAge": 1, "epsActual": {"raw": -0.59, "fmt": "-0.59"}, "epsEstimate": {"raw": -0.66839, "fmt": "-0.67"}, "epsDifference": {"raw": 0.08, "fmt": "0.08"}, "surprisePercent": {"raw": 0.1173, "fmt": "11.73%"}, "quarter": {"raw": 1743379200, "fmt": "2025-03-31"}, "currency": "USD", "period": "-3q"}, {"maxAge": 1, "epsActual": {"raw": 0.95, "fmt": "0.95"}, "epsEstimate": {"raw": 0.77248, "fmt": "0.77"}, "epsDifference": {"raw": 0.18, "fmt": "0.18"}, "surprisePercent": {"raw": 0.2298, "fmt": "22.98%"}, "quarter": {"raw": 1751241600, "fmt": "2025-06-30"}, "currency": "USD", "period": "-2q"}, {"maxAge": 1, "epsActual": {"raw": -0.17, "fmt": "-0.17"}, "epsEstimate": {"raw": -0.27513, "fmt": "-0.28"}, "epsDifference": {"raw": 0.11, "fmt": "0.11"}, "surprisePercent": {"raw": 0.3821, "fmt": "38.21%"}, "quarter": {"raw": 1759190400, "fmt": "2025-09-30"}, "currency": "USD", "period": "-1q"}], "defaultMethodology": "nongaap", "maxAge": 86400}, "financialData": {"maxAge": 86400, "currentPrice": {"raw": 13.34, "fmt": "13.34"}, "targetHighPrice": {"raw": 20.0, "fmt": "20.00"}, "targetLowPrice": {"raw": 10.0, "fmt": "10.00"}, "targetMeanPrice": {"raw": 15.0175, "fmt": "15.02"}, "targetMedianPrice": {"raw": 14.5, "fmt": "14.50"}, "recommendationMean": {"raw": 2.18182, "fmt": "2.18"}, "recommendationKey": "buy", "numberOfAnalystOpinions": {"raw": 20, "fmt": "20", "longFmt": "20"}, "totalCash": {"raw": 7386999808, "fmt": "7.39B", "longFmt": "7,386,999,808"}, "totalCashPerShare": {"raw": 11.191, "fmt": "11.19"}, "ebitda": {"raw": 4613000192, "fmt": "4.61B", "longFmt": "4,613,000,192"}, "totalDebt": {"raw": 36064002048, "fmt": "36.06B", "longFmt": "36,064,002,048"}, "quickRatio": {"raw": 0.382, "fmt": "0.38"}, "currentRatio": {"raw": 0.538, "fmt": "0.54"}, "totalRevenue": {"raw": 54293999616, "fmt": "54.29B", "longFmt": "54,293,999,616"}, "debtToEquity": {}, "revenuePerShare": {"raw": 82.354, "fmt": "82.35"}, "returnOnAssets": {"raw": 0.02355, "fmt": "2.36%"}, "returnOnEquity": {}, "grossProfits": {"raw": 12883000320, "fmt": "12.88B", "longFmt": "12,883,000,320"}, "freeCashflow": {"raw": 422500000, "fmt": "422.5M", "longFmt": "422,500,000"}, "operatingCashflow": {"raw": 3771000064, "fmt": "3.77B", "longFmt": "3,771,000,064"}, "earningsGrowth": {}, "revenueGrowth": {"raw": 0.003, "fmt": "0.30%"}, "grossMargins": {"raw": 0.23728001, "fmt": "23.73%"}, "ebitdaMargins": {"raw": 0.084960006, "fmt": "8.50%"}, "operatingMargins": {"raw": 0.0127799995, "fmt": "1.28%"}, "profitMargins": {"raw": 0.011089999, "fmt": "1.11%"}, "financialCurrency": "USD"}}