{"assetProfile": {"address1": "4370 Peachtree Road, N.E.", "city": "Atlanta", "state": "GA", "zip": "30319", "country": "United States", "phone": "404 266 5500", "website": "https://www.atlam.com", "industry": "Insurance - Life", "industryKey": "insurance-life", "industryDisp": "Insurance - Life", "sector": "Financial Services", "sectorKey": "financial-services", "sectorDisp": "Financial Services", "longBusinessSummary": "Atlantic American Corporation, through its subsidiaries, provides life and health, and property and casualty insurance products in the United States. It operates through American Southern and Bankers Fidelity segments. The company offers property and casualty insurance products, including commercial automobile insurance coverage for state governments, local municipalities, and other motor pools and fleets; general liability insurance; and inland marine insurance products. It also provides surety bond coverage for subdivision construction; school bus contracts; and performance and payment bonds. In addition, the company offers individual and group whole life insurance products; Medicare supplement insurance products; other accident and health insurance products comprising various individual and group policies for the payment of standard benefits for the treatment of cancer and other critical illnesses; Vantage Flex Plus, a hospital indemnity plan; and Vantage Recovery short-term care product and a group whole life product. It markets its products through independent agents and brokers. The company was founded in 1937 and is based in Atlanta, Georgia. Atlantic American Corporation operates as a subsidiary of Atlantic American / Delta Group.", "fullTimeEmployees": 153, "companyOfficers": [{"maxAge": 1, "name": "Mr. Hilton Hatchett Howell Jr.", "age": 62, "title": "Chairman of the Board, President & CEO", "yearBorn": 1962, "fiscalYear": 2024, "totalPay": {"raw": 1559908, "fmt": "1.56M", "longFmt": "1,559,908"}, "exercisedValue": {"raw": 0, "fmt": null, "longFmt": "0"}, "unexercisedValue": {"raw": 0, "fmt": null, "longFmt": "0"}}, {"maxAge": 1, "name": "Mr. Jeffrey Ross Franklin CPA", "age": 46, "title": "VP, CFO & Corporate Secretary", "yearBorn": 1978, "fiscalYear": 2024, "totalPay": {"raw": 832765, "fmt": "832.76k", "longFmt": "832,765"}, "exercisedValue": {"raw": 0, "fmt": null, "longFmt": "0"}, "unexercisedValue": {"raw": 0, "fmt": null, "longFmt": "0"}}, {"maxAge": 1, "name": "Mr. John  Dunbar", "title": "Chief Information Officer & VP", "fiscalYear": 2024, "exercisedValue": {"raw": 0, "fmt": null, "longFmt": "0"}, "unexercisedValue": {"raw": 0, "fmt": null, "longFmt": "0"}}, {"maxAge": 1, "name": "Ms. Barbara B. Snyder", "title": "Vice President of Human Resources", "fiscalYear": 2024, "exercisedValue": {"raw": 0, "fmt": null, "longFmt": "0"}, "unexercisedValue": {"raw": 0, "fmt": null, "longFmt": "0"}}, {"maxAge": 1, "name": "Mr. Ricky David Burns", "title": "Executive Vice President", "fiscalYear": 2024, "exercisedValue": {"raw": 0, "fmt": null, "longFmt": "0"}, "unexercisedValue": {"raw": 0, "fmt": null, "longFmt": "0"}}, {"maxAge": 1, "name": "Mr. Casey Brant Hudson", "title": "Vice President & Controller", "fiscalYear": 2024, "exercisedValue": {"raw": 0, "fmt": null, "longFmt": "0"}, "unexercisedValue": {"raw": 0, "fmt": null, "longFmt": "0"}}], "compensationAsOfEpochDate": 1735603200, "irWebsite": "http://www.atlam.com/nasdaq", "executiveTeam": [], "maxAge": 86400}, "calendarEvents": {"maxAge": 1, "earnings": {"earningsDate": [{"raw": 1755111600, "fmt": "2025-08-13"}], "earningsCallDate": [], "isEarningsDateEstimate": true, "earningsAverage": {}, "earningsLow": {}, "earningsHigh": {}, "revenueAverage": {}, "revenueLow": {}, "revenueHigh": {}}, "exDividendDate": {"raw": 1744156800, "fmt": "2025-04-09"}, "dividendDate": {"raw": 1745366400, "fmt": "2025-04-23"}}, "earningsTrend": {"trend": [{"maxAge": 1, "period": "0q", "endDate": "2011-03-31", "growth": {}, "earningsEstimate": {"avg": {}, "low": {}, "high": {}, "yearAgoEps": {}, "numberOfAnalysts": {}, "growth": {}, "earningsCurrency": null}, "revenueEstimate": {"avg": {"raw": 0, "fmt": null, "longFmt": "0"}, "low": {"raw": 0, "fmt": null, "longFmt": "0"}, "high": {"raw": 0, "fmt": null, "longFmt": "0"}, "numberOfAnalysts": {"raw": 0, "fmt": null, "longFmt": "0"}, "yearAgoRevenue": {}, "growth": {}, "revenueCurrency": null}, "epsTrend": {"current": {}, "7daysAgo": {}, "30daysAgo": {}, "60daysAgo": {}, "90daysAgo": {}, "epsTrendCurrency": null}, "epsRevisions": {"upLast7days": {}, "upLast30days": {}, "downLast30days": {}, "downLast7Days": {}, "downLast90days": {}, "epsRevisionsCurrency": null}}, {"maxAge": 1, "period": "+1q", "endDate": null, "growth": {}, "earningsEstimate": {"avg": {}, "low": {}, "high": {}, "yearAgoEps": {}, "numberOfAnalysts": {}, "growth": {}, "earningsCurrency": null}, "revenueEstimate": {"avg": {"raw": 0, "fmt": null, "longFmt": "0"}, "low": {"raw": 0, "fmt": null, "longFmt": "0"}, "high": {"raw": 0, "fmt": null, "longFmt": "0"}, "numberOfAnalysts": {"raw": 0, "fmt": null, "longFmt": "0"}, "yearAgoRevenue": {}, "growth": {}, "revenueCurrency": null}, "epsTrend": {"current": {}, "7daysAgo": {}, "30daysAgo": {}, "60daysAgo": {}, "90daysAgo": {}, "epsTrendCurrency": null}, "epsRevisions": {"upLast7days": {}, "upLast30days": {}, "downLast30days": {}, "downLast7Days": {}, "downLast90days": {}, "epsRevisionsCurrency": null}}, {"maxAge": 1, "period": "0y", "endDate": "2011-12-31", "growth": {}, "earningsEstimate": {"avg": {}, "low": {}, "high": {}, "yearAgoEps": {}, "numberOfAnalysts": {}, "growth": {}, "earningsCurrency": null}, "revenueEstimate": {"avg": {"raw": 0, "fmt": null, "longFmt": "0"}, "low": {"raw": 0, "fmt": null, "longFmt": "0"}, "high": {"raw": 0, "fmt": null, "longFmt": "0"}, "numberOfAnalysts": {"raw": 0, "fmt": null, "longFmt": "0"}, "yearAgoRevenue": {}, "growth": {}, "revenueCurrency": null}, "epsTrend": {"current": {}, "7daysAgo": {}, "30daysAgo": {}, "60daysAgo": {}, "90daysAgo": {}, "epsTrendCurrency": null}, "epsRevisions": {"upLast7days": {}, "upLast30days": {}, "downLast30days": {}, "downLast7Days": {}, "downLast90days": {}, "epsRevisionsCurrency": null}}, {"maxAge": 1, "period": "+1y", "endDate": null, "growth": {}, "earningsEstimate": {"avg": {}, "low": {}, "high": {}, "yearAgoEps": {}, "numberOfAnalysts": {}, "growth": {}, "earningsCurrency": null}, "revenueEstimate": {"avg": {"raw": 0, "fmt": null, "longFmt": "0"}, "low": {"raw": 0, "fmt": null, "longFmt": "0"}, "high": {"raw": 0, "fmt": null, "longFmt": "0"}, "numberOfAnalysts": {"raw": 0, "fmt": null, "longFmt": "0"}, "yearAgoRevenue": {}, "growth": {}, "revenueCurrency": null}, "epsTrend": {"current": {}, "7daysAgo": {}, "30daysAgo": {}, "60daysAgo": {}, "90daysAgo": {}, "epsTrendCurrency": null}, "epsRevisions": {"upLast7days": {}, "upLast30days": {}, "downLast30days": {}, "downLast7Days": {}, "downLast90days": {}, "epsRevisionsCurrency": null}}], "defaultMethodology": "nongaap", "maxAge": 1}, "earningsHistory": {"history": [{"maxAge": 1, "epsActual": {"raw": 0.01, "fmt": "0.01"}, "epsEstimate": {}, "epsDifference": {}, "surprisePercent": {}, "quarter": {"raw": 1269993600, "fmt": "2010-03-31"}, "currency": "USD", "period": "-4q"}, {"maxAge": 1, "epsActual": {"raw": 0.0, "fmt": "0"}, "epsEstimate": {}, "epsDifference": {}, "surprisePercent": {}, "quarter": {"raw": 1277856000, "fmt": "2010-06-30"}, "currency": "USD", "period": "-3q"}, {"maxAge": 1, "epsActual": {"raw": 0.02, "fmt": "0.02"}, "epsEstimate": {}, "epsDifference": {}, "surprisePercent": {}, "quarter": {"raw": 1285804800, "fmt": "2010-09-30"}, "currency": "USD", "period": "-2q"}, {"maxAge": 1, "epsActual": {"raw": 0.06, "fmt": "0.06"}, "epsEstimate": {}, "epsDifference": {}, "surprisePercent": {}, "quarter": {"raw": 1293753600, "fmt": "2010-12-31"}, "currency": "USD", "period": "-1q"}], "defaultMethodology": "nongaap", "maxAge": 86400}, "financialData": {"maxAge": 86400, "currentPrice": {"raw": 3.02, "fmt": "3.02"}, "targetHighPrice": {}, "targetLowPrice": {}, "targetMeanPrice": {}, "targetMedianPrice": {}, "recommendationMean": {}, "recommendationKey": "none", "numberOfAnalystOpinions": {}, "totalCash": {"raw": 46423000, "fmt": "46.42M", "longFmt": "46,423,000"}, "totalCashPerShare": {"raw": 2.276, "fmt": "2.28"}, "ebitda": {"raw": 6894000, "fmt": "6.89M", "longFmt": "6,894,000"}, "totalDebt": {"raw": 42742000, "fmt": "42.74M", "longFmt": "42,742,000"}, "quickRatio": {"raw": 1.271, "fmt": "1.27"}, "currentRatio": {"raw": 1.566, "fmt": "1.57"}, "totalRevenue": {"raw": 198976992, "fmt": "198.98M", "longFmt": "198,976,992"}, "debtToEquity": {"raw": 40.259, "fmt": "40.26%"}, "revenuePerShare": {"raw": 9.754, "fmt": "9.75"}, "returnOnAssets": {"raw": 0.0101, "fmt": "1.01%"}, "returnOnEquity": {"raw": 0.02448, "fmt": "2.45%"}, "grossProfits": {"raw": 22988000, "fmt": "22.99M", "longFmt": "22,988,000"}, "freeCashflow": {"raw": 20013750, "fmt": "20.01M", "longFmt": "20,013,750"}, "operatingCashflow": {"raw": 18259000, "fmt": "18.26M", "longFmt": "18,259,000"}, "earningsGrowth": {}, "revenueGrowth": {"raw": 0.16, "fmt": "16.00%"}, "grossMargins": {"raw": 0.11553001, "fmt": "11.55%"}, "ebitdaMargins": {"raw": 0.034649998, "fmt": "3.46%"}, "operatingMargins": {"raw": 0.090229996, "fmt": "9.02%"}, "profitMargins": {"raw": 0.01273, "fmt": "1.27%"}, "financialCurrency": "USD"}}