{"assetProfile": {"address1": "13139 Jess Pirtle Boulevard", "city": "Sugar Land", "state": "TX", "zip": "77478", "country": "United States", "phone": "281 295 1800", "website": "https://www.ao-inc.com", "industry": "Communication Equipment", "industryKey": "communication-equipment", "industryDisp": "Communication Equipment", "sector": "Technology", "sectorKey": "technology", "sectorDisp": "Technology", "longBusinessSummary": "Applied Optoelectronics, Inc. designs, manufactures, and sells fiber-optic networking products in the United States, Taiwan, and China. It offers optical modules, optical filters, lasers, laser components, subassemblies, transmitters and transceivers, turn-key equipment, headend, node, and distribution equipment, as well as amplifiers. The company sells its products to internet data center operators, cable television, telecom equipment manufacturers, fiber-to-the-home, and internet service providers through its direct and indirect sales channels. Applied Optoelectronics, Inc. was incorporated in 1997 and is headquartered in Sugar Land, Texas.", "fullTimeEmployees": 3309, "companyOfficers": [{"maxAge": 1, "name": "Dr. Chih-Hsiang  Lin Ph.D.", "age": 61, "title": "Founder, Chairman, President & CEO", "yearBorn": 1963, "fiscalYear": 2024, "totalPay": {"raw": 1172692, "fmt": "1.17M", "longFmt": "1,172,692"}, "exercisedValue": {"raw": 0, "fmt": null, "longFmt": "0"}, "unexercisedValue": {"raw": 0, "fmt": null, "longFmt": "0"}}, {"maxAge": 1, "name": "Dr. Stefan J. Murry Ph.D.", "age": 51, "title": "CFO & Chief Strategy Officer", "yearBorn": 1973, "fiscalYear": 2024, "totalPay": {"raw": 626226, "fmt": "626.23k", "longFmt": "626,226"}, "exercisedValue": {"raw": 0, "fmt": null, "longFmt": "0"}, "unexercisedValue": {"raw": 0, "fmt": null, "longFmt": "0"}}, {"maxAge": 1, "name": "Mr. David C. Kuo J.D.", "age": 41, "title": "Senior VP, Chief Legal & Compliance Officer and Secretary", "yearBorn": 1983, "fiscalYear": 2024, "totalPay": {"raw": 417063, "fmt": "417.06k", "longFmt": "417,063"}, "exercisedValue": {"raw": 0, "fmt": null, "longFmt": "0"}, "unexercisedValue": {"raw": 0, "fmt": null, "longFmt": "0"}}, {"maxAge": 1, "name": "Dr. Hung-Lun  Chang Ph.D.", "age": 60, "title": "Senior VP & North America General Manager", "yearBorn": 1964, "fiscalYear": 2024, "totalPay": {"raw": 544063, "fmt": "544.06k", "longFmt": "544,063"}, "exercisedValue": {"raw": 0, "fmt": null, "longFmt": "0"}, "unexercisedValue": {"raw": 0, "fmt": null, "longFmt": "0"}}, {"maxAge": 1, "name": "Mr. Shu-Hua  Yeh", "age": 58, "title": "Senior VP & Asia General Manager", "yearBorn": 1966, "fiscalYear": 2024, "totalPay": {"raw": 479481, "fmt": "479.48k", "longFmt": "479,481"}, "exercisedValue": {"raw": 6941, "fmt": "6.94k", "longFmt": "6,941"}, "unexercisedValue": {"raw": 0, "fmt": null, "longFmt": "0"}}, {"maxAge": 1, "name": "Ms. Lindsay Grant Savarese", "title": "Investor Relations", "fiscalYear": 2024, "exercisedValue": {"raw": 0, "fmt": null, "longFmt": "0"}, "unexercisedValue": {"raw": 0, "fmt": null, "longFmt": "0"}}, {"maxAge": 1, "name": "Mr. Todd  McCrum", "title": "Senior VP & GM of Broadband Access", "fiscalYear": 2024, "exercisedValue": {"raw": 0, "fmt": null, "longFmt": "0"}, "unexercisedValue": {"raw": 0, "fmt": null, "longFmt": "0"}}, {"maxAge": 1, "name": "Ms. Jessica  Hung", "title": "VP of Finance & Controller", "fiscalYear": 2024, "exercisedValue": {"raw": 0, "fmt": null, "longFmt": "0"}, "unexercisedValue": {"raw": 0, "fmt": null, "longFmt": "0"}}], "auditRisk": 10, "boardRisk": 6, "compensationRisk": 3, "shareHolderRightsRisk": 8, "overallRisk": 6, "governanceEpochDate": 1761955200, "compensationAsOfEpochDate": 1735603200, "executiveTeam": [], "maxAge": 86400}, "calendarEvents": {"maxAge": 1, "earnings": {"earningsDate": [{"raw": 1762462800, "fmt": "2025-11-06"}], "earningsCallDate": [{"raw": 1762464600, "fmt": "2025-11-06"}], "isEarningsDateEstimate": false, "earningsAverage": {"raw": -0.088, "fmt": "-0.09"}, "earningsLow": {"raw": -0.11, "fmt": "-0.11"}, "earningsHigh": {"raw": -0.07, "fmt": "-0.07"}, "revenueAverage": {"raw": 119770670, "fmt": "119.77M", "longFmt": "119,770,670"}, "revenueLow": {"raw": 117324000, "fmt": "117.32M", "longFmt": "117,324,000"}, "revenueHigh": {"raw": 122400000, "fmt": "122.4M", "longFmt": "122,400,000"}}, "exDividendDate": {}, "dividendDate": {}}, "earningsTrend": {"trend": [{"maxAge": 1, "period": "0q", "endDate": "2025-09-30", "growth": {"raw": 0.581, "fmt": "58.10%"}, "earningsEstimate": {"avg": {"raw": -0.088, "fmt": "-0.09"}, "low": {"raw": -0.11, "fmt": "-0.11"}, "high": {"raw": -0.07, "fmt": "-0.07"}, "yearAgoEps": {"raw": -0.21, "fmt": "-0.21"}, "numberOfAnalysts": {"raw": 5, "fmt": "5", "longFmt": "5"}, "growth": {"raw": 0.581, "fmt": "58.10%"}, "earningsCurrency": "USD"}, "revenueEstimate": {"avg": {"raw": 119770670, "fmt": "119.77M", "longFmt": "119,770,670"}, "low": {"raw": 117324000, "fmt": "117.32M", "longFmt": "117,324,000"}, "high": {"raw": 122400000, "fmt": "122.4M", "longFmt": "122,400,000"}, "numberOfAnalysts": {"raw": 6, "fmt": "6", "longFmt": "6"}, "yearAgoRevenue": {"raw": 65151000, "fmt": "65.15M", "longFmt": "65,151,000"}, "growth": {"raw": 0.83839995, "fmt": "83.84%"}, "revenueCurrency": "USD"}, "epsTrend": {"current": {"raw": -0.088, "fmt": "-0.09"}, "7daysAgo": {"raw": -0.088, "fmt": "-0.09"}, "30daysAgo": {"raw": -0.088, "fmt": "-0.09"}, "60daysAgo": {"raw": -0.088, "fmt": "-0.09"}, "90daysAgo": {"raw": -0.005, "fmt": "-0"}, "epsTrendCurrency": "USD"}, "epsRevisions": {"upLast7days": {"raw": 0, "fmt": null, "longFmt": "0"}, "upLast30days": {"raw": 0, "fmt": null, "longFmt": "0"}, "downLast30days": {"raw": 1, "fmt": "1", "longFmt": "1"}, "downLast7Days": {"raw": 1, "fmt": "1", "longFmt": "1"}, "downLast90days": {}, "epsRevisionsCurrency": "USD"}}, {"maxAge": 1, "period": "+1q", "endDate": "2025-12-31", "growth": {"raw": 2.6, "fmt": "260.00%"}, "earningsEstimate": {"avg": {"raw": 0.032, "fmt": "0.03"}, "low": {"raw": -0.02, "fmt": "-0.02"}, "high": {"raw": 0.08, "fmt": "0.08"}, "yearAgoEps": {"raw": -0.02, "fmt": "-0.02"}, "numberOfAnalysts": {"raw": 5, "fmt": "5", "longFmt": "5"}, "growth": {"raw": 2.6, "fmt": "260.00%"}, "earningsCurrency": "USD"}, "revenueEstimate": {"avg": {"raw": 144639330, "fmt": "144.64M", "longFmt": "144,639,330"}, "low": {"raw": 131436000, "fmt": "131.44M", "longFmt": "131,436,000"}, "high": {"raw": 155200000, "fmt": "155.2M", "longFmt": "155,200,000"}, "numberOfAnalysts": {"raw": 6, "fmt": "6", "longFmt": "6"}, "yearAgoRevenue": {"raw": 100271000, "fmt": "100.27M", "longFmt": "100,271,000"}, "growth": {"raw": 0.4425, "fmt": "44.25%"}, "revenueCurrency": "USD"}, "epsTrend": {"current": {"raw": 0.032, "fmt": "0.03"}, "7daysAgo": {"raw": 0.032, "fmt": "0.03"}, "30daysAgo": {"raw": 0.032, "fmt": "0.03"}, "60daysAgo": {"raw": 0.032, "fmt": "0.03"}, "90daysAgo": {"raw": 0.1425, "fmt": "0.14"}, "epsTrendCurrency": "USD"}, "epsRevisions": {"upLast7days": {"raw": 0, "fmt": null, "longFmt": "0"}, "upLast30days": {"raw": 0, "fmt": null, "longFmt": "0"}, "downLast30days": {"raw": 0, "fmt": null, "longFmt": "0"}, "downLast7Days": {"raw": 0, "fmt": null, "longFmt": "0"}, "downLast90days": {}, "epsRevisionsCurrency": "USD"}}, {"maxAge": 1, "period": "0y", "endDate": "2025-12-31", "growth": {"raw": 0.7089, "fmt": "70.89%"}, "earningsEstimate": {"avg": {"raw": -0.23, "fmt": "-0.23"}, "low": {"raw": -0.29, "fmt": "-0.29"}, "high": {"raw": -0.16, "fmt": "-0.16"}, "yearAgoEps": {"raw": -0.79, "fmt": "-0.79"}, "numberOfAnalysts": {"raw": 5, "fmt": "5", "longFmt": "5"}, "growth": {"raw": 0.7089, "fmt": "70.89%"}, "earningsCurrency": "USD"}, "revenueEstimate": {"avg": {"raw": 467261830, "fmt": "467.26M", "longFmt": "467,261,830"}, "low": {"raw": 451571000, "fmt": "451.57M", "longFmt": "451,571,000"}, "high": {"raw": 480400000, "fmt": "480.4M", "longFmt": "480,400,000"}, "numberOfAnalysts": {"raw": 6, "fmt": "6", "longFmt": "6"}, "yearAgoRevenue": {"raw": 249365000, "fmt": "249.37M", "longFmt": "249,365,000"}, "growth": {"raw": 0.8738, "fmt": "87.38%"}, "revenueCurrency": "USD"}, "epsTrend": {"current": {"raw": -0.23, "fmt": "-0.23"}, "7daysAgo": {"raw": -0.23, "fmt": "-0.23"}, "30daysAgo": {"raw": -0.23, "fmt": "-0.23"}, "60daysAgo": {"raw": -0.23, "fmt": "-0.23"}, "90daysAgo": {"raw": 0.04, "fmt": "0.04"}, "epsTrendCurrency": "USD"}, "epsRevisions": {"upLast7days": {"raw": 0, "fmt": null, "longFmt": "0"}, "upLast30days": {"raw": 0, "fmt": null, "longFmt": "0"}, "downLast30days": {"raw": 0, "fmt": null, "longFmt": "0"}, "downLast7Days": {"raw": 0, "fmt": null, "longFmt": "0"}, "downLast90days": {}, "epsRevisionsCurrency": "USD"}}, {"maxAge": 1, "period": "+1y", "endDate": "2026-12-31", "growth": {"raw": 4.2464004, "fmt": "424.64%"}, "earningsEstimate": {"avg": {"raw": 0.74667, "fmt": "0.75"}, "low": {"raw": 0.12, "fmt": "0.12"}, "high": {"raw": 1.08, "fmt": "1.08"}, "yearAgoEps": {"raw": -0.23, "fmt": "-0.23"}, "numberOfAnalysts": {"raw": 6, "fmt": "6", "longFmt": "6"}, "growth": {"raw": 4.2464004, "fmt": "424.64%"}, "earningsCurrency": "USD"}, "revenueEstimate": {"avg": {"raw": 728383330, "fmt": "728.38M", "longFmt": "728,383,330"}, "low": {"raw": 571600000, "fmt": "571.6M", "longFmt": "571,600,000"}, "high": {"raw": 900100000, "fmt": "900.1M", "longFmt": "900,100,000"}, "numberOfAnalysts": {"raw": 6, "fmt": "6", "longFmt": "6"}, "yearAgoRevenue": {"raw": 467261830, "fmt": "467.26M", "longFmt": "467,261,830"}, "growth": {"raw": 0.5588, "fmt": "55.88%"}, "revenueCurrency": "USD"}, "epsTrend": {"current": {"raw": 0.74667, "fmt": "0.75"}, "7daysAgo": {"raw": 0.74667, "fmt": "0.75"}, "30daysAgo": {"raw": 0.74667, "fmt": "0.75"}, "60daysAgo": {"raw": 0.74667, "fmt": "0.75"}, "90daysAgo": {"raw": 1.205, "fmt": "1.21"}, "epsTrendCurrency": "USD"}, "epsRevisions": {"upLast7days": {"raw": 1, "fmt": "1", "longFmt": "1"}, "upLast30days": {"raw": 1, "fmt": "1", "longFmt": "1"}, "downLast30days": {"raw": 0, "fmt": null, "longFmt": "0"}, "downLast7Days": {"raw": 0, "fmt": null, "longFmt": "0"}, "downLast90days": {}, "epsRevisionsCurrency": "USD"}}], "defaultMethodology": "nongaap", "maxAge": 1}, "earningsHistory": {"history": [{"maxAge": 1, "epsActual": {"raw": -0.21, "fmt": "-0.21"}, "epsEstimate": {"raw": -0.1675, "fmt": "-0.17"}, "epsDifference": {"raw": -0.04, "fmt": "-0.04"}, "surprisePercent": {"raw": -0.25370002, "fmt": "-25.37%"}, "quarter": {"raw": 1727654400, "fmt": "2024-09-30"}, "currency": "USD", "period": "-4q"}, {"maxAge": 1, "epsActual": {"raw": -0.02, "fmt": "-0.02"}, "epsEstimate": {"raw": -0.0175, "fmt": "-0.02"}, "epsDifference": {"raw": -0.0, "fmt": "-0"}, "surprisePercent": {"raw": -0.1429, "fmt": "-14.29%"}, "quarter": {"raw": 1735603200, "fmt": "2024-12-31"}, "currency": "USD", "period": "-3q"}, {"maxAge": 1, "epsActual": {"raw": -0.02, "fmt": "-0.02"}, "epsEstimate": {"raw": -0.0375, "fmt": "-0.04"}, "epsDifference": {"raw": 0.02, "fmt": "0.02"}, "surprisePercent": {"raw": 0.4667, "fmt": "46.67%"}, "quarter": {"raw": 1743379200, "fmt": "2025-03-31"}, "currency": "USD", "period": "-2q"}, {"maxAge": 1, "epsActual": {"raw": -0.16, "fmt": "-0.16"}, "epsEstimate": {"raw": -0.074, "fmt": "-0.07"}, "epsDifference": {"raw": -0.09, "fmt": "-0.09"}, "surprisePercent": {"raw": -1.1622, "fmt": "-116.22%"}, "quarter": {"raw": 1751241600, "fmt": "2025-06-30"}, "currency": "USD", "period": "-1q"}], "defaultMethodology": "nongaap", "maxAge": 86400}, "financialData": {"maxAge": 86400, "currentPrice": {"raw": 33.04, "fmt": "33.04"}, "targetHighPrice": {"raw": 38.0, "fmt": "38.00"}, "targetLowPrice": {"raw": 15.0, "fmt": "15.00"}, "targetMeanPrice": {"raw": 28.4, "fmt": "28.40"}, "targetMedianPrice": {"raw": 30.0, "fmt": "30.00"}, "recommendationMean": {"raw": 2.0, "fmt": "2.00"}, "recommendationKey": "buy", "numberOfAnalystOpinions": {"raw": 5, "fmt": "5", "longFmt": "5"}, "totalCash": {"raw": 64699000, "fmt": "64.7M", "longFmt": "64,699,000"}, "totalCashPerShare": {"raw": 1.038, "fmt": "1.04"}, "ebitda": {"raw": -25221000, "fmt": "-25.22M", "longFmt": "-25,221,000"}, "totalDebt": {"raw": 211220992, "fmt": "211.22M", "longFmt": "211,220,992"}, "quickRatio": {"raw": 1.274, "fmt": "1.27"}, "currentRatio": {"raw": 2.114, "fmt": "2.11"}, "totalRevenue": {"raw": 368232992, "fmt": "368.23M", "longFmt": "368,232,992"}, "debtToEquity": {"raw": 49.701, "fmt": "49.70%"}, "revenuePerShare": {"raw": 7.543, "fmt": "7.54"}, "returnOnAssets": {"raw": -0.05233, "fmt": "-5.23%"}, "returnOnEquity": {"raw": -0.50932, "fmt": "-50.93%"}, "grossProfits": {"raw": 106353000, "fmt": "106.35M", "longFmt": "106,353,000"}, "freeCashflow": {"raw": -274167744, "fmt": "-274.17M", "longFmt": "-274,167,744"}, "operatingCashflow": {"raw": -155444992, "fmt": "-155.44M", "longFmt": "-155,444,992"}, "earningsGrowth": {}, "revenueGrowth": {"raw": 1.379, "fmt": "137.90%"}, "grossMargins": {"raw": 0.28882, "fmt": "28.88%"}, "ebitdaMargins": {"raw": -0.06849, "fmt": "-6.85%"}, "operatingMargins": {"raw": -0.15517999, "fmt": "-15.52%"}, "profitMargins": {"raw": -0.42288, "fmt": "-42.29%"}, "financialCurrency": "USD"}}