{"assetProfile": {"address1": "2425 South Yukon Avenue", "city": "Tulsa", "state": "OK", "zip": "74107", "country": "United States", "phone": "918 583 2266", "fax": "918 583 6094", "website": "https://www.aaon.com", "industry": "Building Products & Equipment", "industryKey": "building-products-equipment", "industryDisp": "Building Products & Equipment", "sector": "Industrials", "sectorKey": "industrials", "sectorDisp": "Industrials", "longBusinessSummary": "AAON, Inc., together with its subsidiaries, engages in engineering, manufacturing, marketing, and selling air conditioning and heating equipment in the United States and Canada. The company operates through three segments: AAON Oklahoma, AAON Coil Products, and BASX. It offers rooftop units, data center cooling solutions, cleanroom systems, chillers, packaged outdoor mechanical rooms, air handling units, makeup air units, energy recovery units, condensing units, geothermal/water-source heat pumps, coils, and controls. The company markets and sells its products to retail, manufacturing, educational, lodging, supermarket, data centers, medical and pharmaceutical, and other commercial industries. It sells its products through a network of independent manufacturer representative organizations and internal sales force, as well as online. AAON, Inc. was incorporated in 1987 and is headquartered in Tulsa, Oklahoma.", "fullTimeEmployees": 4812, "companyOfficers": [{"maxAge": 1, "name": "Dr. Matthew J. Tobolski Ph.D., SE", "age": 40, "title": "President, CEO & Director", "yearBorn": 1984, "fiscalYear": 2024, "totalPay": {"raw": 755523, "fmt": "755.52k", "longFmt": "755,523"}, "exercisedValue": {"raw": 0, "fmt": null, "longFmt": "0"}, "unexercisedValue": {"raw": 0, "fmt": null, "longFmt": "0"}}, {"maxAge": 1, "name": "Mr. Norman H. Asbjornson", "age": 88, "title": "Founder & Director", "yearBorn": 1936, "fiscalYear": 2024, "totalPay": {"raw": 210106, "fmt": "210.11k", "longFmt": "210,106"}, "exercisedValue": {"raw": 0, "fmt": null, "longFmt": "0"}, "unexercisedValue": {"raw": 0, "fmt": null, "longFmt": "0"}}, {"maxAge": 1, "name": "Ms. Rebecca A. Thompson CPA", "age": 45, "title": "Interim Principal Accounting Officer, VP of Finance, CFO & Treasurer", "yearBorn": 1979, "fiscalYear": 2024, "totalPay": {"raw": 597922, "fmt": "597.92k", "longFmt": "597,922"}, "exercisedValue": {"raw": 1729500, "fmt": "1.73M", "longFmt": "1,729,500"}, "unexercisedValue": {"raw": 13572290, "fmt": "13.57M", "longFmt": "13,572,290"}}, {"maxAge": 1, "name": "Mr. Stephen E. Wakefield", "age": 47, "title": "Executive VP & GM of AAON Products Business Unit", "yearBorn": 1977, "fiscalYear": 2024, "totalPay": {"raw": 595840, "fmt": "595.84k", "longFmt": "595,840"}, "exercisedValue": {"raw": 4692676, "fmt": "4.69M", "longFmt": "4,692,676"}, "unexercisedValue": {"raw": 0, "fmt": null, "longFmt": "0"}}, {"maxAge": 1, "name": "Mr. David E. Benson", "age": 67, "title": "VP & President of BASX", "yearBorn": 1957, "fiscalYear": 2024, "totalPay": {"raw": 601209, "fmt": "601.21k", "longFmt": "601,209"}, "exercisedValue": {"raw": 0, "fmt": null, "longFmt": "0"}, "unexercisedValue": {"raw": 0, "fmt": null, "longFmt": "0"}}, {"maxAge": 1, "name": "Mr. Roberto  Giacomelli", "title": "Senior Vice President of Operations", "fiscalYear": 2024, "exercisedValue": {"raw": 0, "fmt": null, "longFmt": "0"}, "unexercisedValue": {"raw": 0, "fmt": null, "longFmt": "0"}}, {"maxAge": 1, "name": "Mr. Casey R. Kidwell", "age": 46, "title": "Chief Administration Officer", "yearBorn": 1978, "fiscalYear": 2024, "totalPay": {"raw": 577089, "fmt": "577.09k", "longFmt": "577,089"}, "exercisedValue": {"raw": 0, "fmt": null, "longFmt": "0"}, "unexercisedValue": {"raw": 17436, "fmt": "17.44k", "longFmt": "17,436"}}, {"maxAge": 1, "name": "Mr. Joseph Logan Mondillo C.F.A.", "age": 41, "title": "Director of Investor Relations", "yearBorn": 1983, "fiscalYear": 2024, "exercisedValue": {"raw": 0, "fmt": null, "longFmt": "0"}, "unexercisedValue": {"raw": 0, "fmt": null, "longFmt": "0"}}, {"maxAge": 1, "name": "Andrew  Edmondson", "title": "Executive Director of Sales & Marketing", "fiscalYear": 2024, "exercisedValue": {"raw": 0, "fmt": null, "longFmt": "0"}, "unexercisedValue": {"raw": 0, "fmt": null, "longFmt": "0"}}, {"maxAge": 1, "name": "Mr. Matthew  Shaub", "age": 46, "title": "Executive VP & GM of the BASX Products Business Unit", "yearBorn": 1978, "fiscalYear": 2024, "exercisedValue": {"raw": 0, "fmt": null, "longFmt": "0"}, "unexercisedValue": {"raw": 0, "fmt": null, "longFmt": "0"}}], "auditRisk": 3, "boardRisk": 3, "compensationRisk": 1, "shareHolderRightsRisk": 6, "overallRisk": 3, "governanceEpochDate": 1761955200, "compensationAsOfEpochDate": 1735603200, "irWebsite": "http://www.aaon.com/Investors", "executiveTeam": [], "maxAge": 86400}, "calendarEvents": {"maxAge": 1, "earnings": {"earningsDate": [{"raw": 1762435800, "fmt": "2025-11-06"}], "earningsCallDate": [{"raw": 1762437600, "fmt": "2025-11-06"}], "isEarningsDateEstimate": false, "earningsAverage": {"raw": 0.322, "fmt": "0.32"}, "earningsLow": {"raw": 0.28, "fmt": "0.28"}, "earningsHigh": {"raw": 0.37, "fmt": "0.37"}, "revenueAverage": {"raw": 337533330, "fmt": "337.53M", "longFmt": "337,533,330"}, "revenueLow": {"raw": 331000000, "fmt": "331M", "longFmt": "331,000,000"}, "revenueHigh": {"raw": 342000000, "fmt": "342M", "longFmt": "342,000,000"}}, "exDividendDate": {"raw": 1757030400, "fmt": "2025-09-05"}, "dividendDate": {"raw": 1758844800, "fmt": "2025-09-26"}}, "earningsTrend": {"trend": [{"maxAge": 1, "period": "0q", "endDate": "2025-09-30", "growth": {"raw": -0.4889, "fmt": "-48.89%"}, "earningsEstimate": {"avg": {"raw": 0.322, "fmt": "0.32"}, "low": {"raw": 0.28, "fmt": "0.28"}, "high": {"raw": 0.37, "fmt": "0.37"}, "yearAgoEps": {"raw": 0.63, "fmt": "0.63"}, "numberOfAnalysts": {"raw": 5, "fmt": "5", "longFmt": "5"}, "growth": {"raw": -0.4889, "fmt": "-48.89%"}, "earningsCurrency": "USD"}, "revenueEstimate": {"avg": {"raw": 337533330, "fmt": "337.53M", "longFmt": "337,533,330"}, "low": {"raw": 331000000, "fmt": "331M", "longFmt": "331,000,000"}, "high": {"raw": 342000000, "fmt": "342M", "longFmt": "342,000,000"}, "numberOfAnalysts": {"raw": 6, "fmt": "6", "longFmt": "6"}, "yearAgoRevenue": {"raw": 327252000, "fmt": "327.25M", "longFmt": "327,252,000"}, "growth": {"raw": 0.031400003, "fmt": "3.14%"}, "revenueCurrency": "USD"}, "epsTrend": {"current": {"raw": 0.322, "fmt": "0.32"}, "7daysAgo": {"raw": 0.316, "fmt": "0.32"}, "30daysAgo": {"raw": 0.316, "fmt": "0.32"}, "60daysAgo": {"raw": 0.316, "fmt": "0.32"}, "90daysAgo": {"raw": 0.698, "fmt": "0.7"}, "epsTrendCurrency": "USD"}, "epsRevisions": {"upLast7days": {"raw": 0, "fmt": null, "longFmt": "0"}, "upLast30days": {"raw": 0, "fmt": null, "longFmt": "0"}, "downLast30days": {"raw": 5, "fmt": "5", "longFmt": "5"}, "downLast7Days": {"raw": 5, "fmt": "5", "longFmt": "5"}, "downLast90days": {}, "epsRevisionsCurrency": "USD"}}, {"maxAge": 1, "period": "+1q", "endDate": "2025-12-31", "growth": {"raw": 0.5, "fmt": "50.00%"}, "earningsEstimate": {"avg": {"raw": 0.45, "fmt": "0.45"}, "low": {"raw": 0.41, "fmt": "0.41"}, "high": {"raw": 0.48, "fmt": "0.48"}, "yearAgoEps": {"raw": 0.3, "fmt": "0.3"}, "numberOfAnalysts": {"raw": 5, "fmt": "5", "longFmt": "5"}, "growth": {"raw": 0.5, "fmt": "50.00%"}, "earningsCurrency": "USD"}, "revenueEstimate": {"avg": {"raw": 377550000, "fmt": "377.55M", "longFmt": "377,550,000"}, "low": {"raw": 374400000, "fmt": "374.4M", "longFmt": "374,400,000"}, "high": {"raw": 381500000, "fmt": "381.5M", "longFmt": "381,500,000"}, "numberOfAnalysts": {"raw": 6, "fmt": "6", "longFmt": "6"}, "yearAgoRevenue": {"raw": 297718000, "fmt": "297.72M", "longFmt": "297,718,000"}, "growth": {"raw": 0.2681, "fmt": "26.81%"}, "revenueCurrency": "USD"}, "epsTrend": {"current": {"raw": 0.45, "fmt": "0.45"}, "7daysAgo": {"raw": 0.446, "fmt": "0.45"}, "30daysAgo": {"raw": 0.446, "fmt": "0.45"}, "60daysAgo": {"raw": 0.446, "fmt": "0.45"}, "90daysAgo": {"raw": 0.592, "fmt": "0.59"}, "epsTrendCurrency": "USD"}, "epsRevisions": {"upLast7days": {"raw": 0, "fmt": null, "longFmt": "0"}, "upLast30days": {"raw": 0, "fmt": null, "longFmt": "0"}, "downLast30days": {"raw": 5, "fmt": "5", "longFmt": "5"}, "downLast7Days": {"raw": 5, "fmt": "5", "longFmt": "5"}, "downLast90days": {}, "epsRevisionsCurrency": "USD"}}, {"maxAge": 1, "period": "0y", "endDate": "2025-12-31", "growth": {"raw": -0.32279998, "fmt": "-32.28%"}, "earningsEstimate": {"avg": {"raw": 1.368, "fmt": "1.37"}, "low": {"raw": 1.28, "fmt": "1.28"}, "high": {"raw": 1.44, "fmt": "1.44"}, "yearAgoEps": {"raw": 2.02, "fmt": "2.02"}, "numberOfAnalysts": {"raw": 5, "fmt": "5", "longFmt": "5"}, "growth": {"raw": -0.32279998, "fmt": "-32.28%"}, "earningsCurrency": "USD"}, "revenueEstimate": {"avg": {"raw": 1348770170, "fmt": "1.35B", "longFmt": "1,348,770,170"}, "low": {"raw": 1339600000, "fmt": "1.34B", "longFmt": "1,339,600,000"}, "high": {"raw": 1357000000, "fmt": "1.36B", "longFmt": "1,357,000,000"}, "numberOfAnalysts": {"raw": 6, "fmt": "6", "longFmt": "6"}, "yearAgoRevenue": {"raw": 1200635000, "fmt": "1.2B", "longFmt": "1,200,635,000"}, "growth": {"raw": 0.1234, "fmt": "12.34%"}, "revenueCurrency": "USD"}, "epsTrend": {"current": {"raw": 1.368, "fmt": "1.37"}, "7daysAgo": {"raw": 1.356, "fmt": "1.36"}, "30daysAgo": {"raw": 1.356, "fmt": "1.36"}, "60daysAgo": {"raw": 1.356, "fmt": "1.36"}, "90daysAgo": {"raw": 1.992, "fmt": "1.99"}, "epsTrendCurrency": "USD"}, "epsRevisions": {"upLast7days": {"raw": 0, "fmt": null, "longFmt": "0"}, "upLast30days": {"raw": 0, "fmt": null, "longFmt": "0"}, "downLast30days": {"raw": 5, "fmt": "5", "longFmt": "5"}, "downLast7Days": {"raw": 5, "fmt": "5", "longFmt": "5"}, "downLast90days": {}, "epsRevisionsCurrency": "USD"}}, {"maxAge": 1, "period": "+1y", "endDate": "2026-12-31", "growth": {"raw": 0.4518, "fmt": "45.18%"}, "earningsEstimate": {"avg": {"raw": 1.986, "fmt": "1.99"}, "low": {"raw": 1.86, "fmt": "1.86"}, "high": {"raw": 2.2, "fmt": "2.2"}, "yearAgoEps": {"raw": 1.368, "fmt": "1.37"}, "numberOfAnalysts": {"raw": 5, "fmt": "5", "longFmt": "5"}, "growth": {"raw": 0.4518, "fmt": "45.18%"}, "earningsCurrency": "USD"}, "revenueEstimate": {"avg": {"raw": 1521740000, "fmt": "1.52B", "longFmt": "1,521,740,000"}, "low": {"raw": 1504000000, "fmt": "1.5B", "longFmt": "1,504,000,000"}, "high": {"raw": 1537300000, "fmt": "1.54B", "longFmt": "1,537,300,000"}, "numberOfAnalysts": {"raw": 5, "fmt": "5", "longFmt": "5"}, "yearAgoRevenue": {"raw": 1348770170, "fmt": "1.35B", "longFmt": "1,348,770,170"}, "growth": {"raw": 0.1282, "fmt": "12.82%"}, "revenueCurrency": "USD"}, "epsTrend": {"current": {"raw": 1.986, "fmt": "1.99"}, "7daysAgo": {"raw": 2.006, "fmt": "2.01"}, "30daysAgo": {"raw": 2.048, "fmt": "2.05"}, "60daysAgo": {"raw": 2.048, "fmt": "2.05"}, "90daysAgo": {"raw": 2.64, "fmt": "2.64"}, "epsTrendCurrency": "USD"}, "epsRevisions": {"upLast7days": {"raw": 0, "fmt": null, "longFmt": "0"}, "upLast30days": {"raw": 0, "fmt": null, "longFmt": "0"}, "downLast30days": {"raw": 2, "fmt": "2", "longFmt": "2"}, "downLast7Days": {"raw": 1, "fmt": "1", "longFmt": "1"}, "downLast90days": {}, "epsRevisionsCurrency": "USD"}}], "defaultMethodology": "nongaap", "maxAge": 1}, "earningsHistory": {"history": [{"maxAge": 1, "epsActual": {"raw": 0.63, "fmt": "0.63"}, "epsEstimate": {"raw": 0.57167, "fmt": "0.57"}, "epsDifference": {"raw": 0.06, "fmt": "0.06"}, "surprisePercent": {"raw": 0.102, "fmt": "10.20%"}, "quarter": {"raw": 1727654400, "fmt": "2024-09-30"}, "currency": "USD", "period": "-4q"}, {"maxAge": 1, "epsActual": {"raw": 0.3, "fmt": "0.3"}, "epsEstimate": {"raw": 0.53286, "fmt": "0.53"}, "epsDifference": {"raw": -0.23, "fmt": "-0.23"}, "surprisePercent": {"raw": -0.437, "fmt": "-43.70%"}, "quarter": {"raw": 1735603200, "fmt": "2024-12-31"}, "currency": "USD", "period": "-3q"}, {"maxAge": 1, "epsActual": {"raw": 0.37, "fmt": "0.37"}, "epsEstimate": {"raw": 0.23571, "fmt": "0.24"}, "epsDifference": {"raw": 0.13, "fmt": "0.13"}, "surprisePercent": {"raw": 0.5697, "fmt": "56.97%"}, "quarter": {"raw": 1743379200, "fmt": "2025-03-31"}, "currency": "USD", "period": "-2q"}, {"maxAge": 1, "epsActual": {"raw": 0.22, "fmt": "0.22"}, "epsEstimate": {"raw": 0.326, "fmt": "0.33"}, "epsDifference": {"raw": -0.11, "fmt": "-0.11"}, "surprisePercent": {"raw": -0.3252, "fmt": "-32.52%"}, "quarter": {"raw": 1751241600, "fmt": "2025-06-30"}, "currency": "USD", "period": "-1q"}], "defaultMethodology": "nongaap", "maxAge": 86400}, "financialData": {"maxAge": 86400, "currentPrice": {"raw": 95.9, "fmt": "95.90"}, "targetHighPrice": {"raw": 116.0, "fmt": "116.00"}, "targetLowPrice": {"raw": 85.0, "fmt": "85.00"}, "targetMeanPrice": {"raw": 103.25, "fmt": "103.25"}, "targetMedianPrice": {"raw": 106.0, "fmt": "106.00"}, "recommendationMean": {"raw": 1.5, "fmt": "1.50"}, "recommendationKey": "strong_buy", "numberOfAnalystOpinions": {"raw": 4, "fmt": "4", "longFmt": "4"}, "totalCash": {"raw": 2859000, "fmt": "2.86M", "longFmt": "2,859,000"}, "totalCashPerShare": {"raw": 0.035, "fmt": "0.04"}, "ebitda": {"raw": 228527008, "fmt": "228.53M", "longFmt": "228,527,008"}, "totalDebt": {"raw": 40000000, "fmt": "40M", "longFmt": "40,000,000"}, "quickRatio": {"raw": 1.951, "fmt": "1.95"}, "currentRatio": {"raw": 3.104, "fmt": "3.10"}, "totalRevenue": {"raw": 1258590976, "fmt": "1.26B", "longFmt": "1,258,590,976"}, "debtToEquity": {"raw": 8.581, "fmt": "8.58%"}, "revenuePerShare": {"raw": 15.437, "fmt": "15.44"}, "returnOnAssets": {"raw": 0.080299996, "fmt": "8.03%"}, "returnOnEquity": {"raw": 0.15521, "fmt": "15.52%"}, "grossProfits": {"raw": 360865984, "fmt": "360.87M", "longFmt": "360,865,984"}, "freeCashflow": {"raw": -207260256, "fmt": "-207.26M", "longFmt": "-207,260,256"}, "operatingCashflow": {"raw": 33580000, "fmt": "33.58M", "longFmt": "33,580,000"}, "earningsGrowth": {"raw": -0.686, "fmt": "-68.60%"}, "revenueGrowth": {"raw": 0.168, "fmt": "16.80%"}, "grossMargins": {"raw": 0.28672, "fmt": "28.67%"}, "ebitdaMargins": {"raw": 0.18157, "fmt": "18.16%"}, "operatingMargins": {"raw": 0.0399, "fmt": "3.99%"}, "profitMargins": {"raw": 0.09701, "fmt": "9.70%"}, "financialCurrency": "USD"}}