{"assetProfile": {"address1": "Suzhou Industrial Park", "address2": "68 Xinqing Road", "city": "Suzhou", "zip": "215000", "country": "China", "phone": "86 512 8555 7777", "website": "https://www.ascentage.cn", "industry": "Biotechnology", "industryKey": "biotechnology", "industryDisp": "Biotechnology", "sector": "Healthcare", "sectorKey": "healthcare", "sectorDisp": "Healthcare", "longBusinessSummary": "Ascentage Pharma Group International, a clinical-stage biotechnology company, develops therapies for cancers, chronic hepatitis B virus (HBV), and age-related diseases in Mainland China. The company's primary product candidate is HQP1351, a BCR-ABL inhibitor targeting BCR-ABL1 mutants, including those with the T315I mutation. It also develops APG-2575, an oral administered Bcl-2 selective inhibitor for hematologic malignancies and solid tumors; APG-115, an oral small molecule inhibitor of the MDM2-p53 protein-protein interactions to treat solid tumors and hematological malignancies; and APG-1252, a small molecule drug to restore apoptosis through dual inhibition of the Bcl-2 and Bcl-xL proteins for the treatment of small-cell lung cancer, non-small cell lung cancer, neuroendocrine tumor, and non-Hodgkin's lymphoma. In addition, the company is developing APG-1387, a small-molecule inhibitor of apoptosis proteins for advanced solid tumors and chronic HBV infection; APG-2449, an oral inhibitor of FAK, ROS1, and ALK kinases; APG-5918, an orally available and selective embryonic ectoderm development inhibitor. In addition, it is involved in medical research and development; clinical development; clinical trials operations; venture capital investment; rental of buildings; and provision of science and technology promotion services. The company has collaboration relationships with biotechnology and pharmaceutical companies; and research institutions. Ascentage Pharma Group International was founded in 2009 and is headquartered in Suzhou, China.", "fullTimeEmployees": 605, "companyOfficers": [{"maxAge": 1, "name": "Dr. Dajun  Yang M.D., Ph.D.", "age": 61, "title": "Co-Founder, Chairman & CEO", "yearBorn": 1963, "fiscalYear": 2024, "totalPay": {"raw": 588657, "fmt": "588.66k", "longFmt": "588,657"}, "exercisedValue": {"raw": 0, "fmt": null, "longFmt": "0"}, "unexercisedValue": {"raw": 0, "fmt": null, "longFmt": "0"}}, {"maxAge": 1, "name": "Dr. Shaomeng  Wang Ph.D.", "age": 59, "title": "Co-Founder, Chief Scientific Advisor & Non-Executive Director", "yearBorn": 1965, "fiscalYear": 2024, "totalPay": {"raw": 165498, "fmt": "165.5k", "longFmt": "165,498"}, "exercisedValue": {"raw": 0, "fmt": null, "longFmt": "0"}, "unexercisedValue": {"raw": 0, "fmt": null, "longFmt": "0"}}, {"maxAge": 1, "name": "Dr. Ming  Guo", "age": 66, "title": "Co-Founder", "yearBorn": 1958, "fiscalYear": 2024, "exercisedValue": {"raw": 0, "fmt": null, "longFmt": "0"}, "unexercisedValue": {"raw": 0, "fmt": null, "longFmt": "0"}}, {"maxAge": 1, "name": "Dr. Veet  Misra", "title": "Chief Financial Officer", "fiscalYear": 2024, "exercisedValue": {"raw": 0, "fmt": null, "longFmt": "0"}, "unexercisedValue": {"raw": 0, "fmt": null, "longFmt": "0"}}, {"maxAge": 1, "name": "Mr. Thomas Joseph  Knapp J.D.", "age": 71, "title": "Senior VP & General Counsel", "yearBorn": 1953, "fiscalYear": 2024, "exercisedValue": {"raw": 0, "fmt": null, "longFmt": "0"}, "unexercisedValue": {"raw": 0, "fmt": null, "longFmt": "0"}}, {"maxAge": 1, "name": "Dr. Yifan  Zhai M.D., Ph.D.", "age": 61, "title": "Chief Medical Officer", "yearBorn": 1963, "fiscalYear": 2024, "exercisedValue": {"raw": 0, "fmt": null, "longFmt": "0"}, "unexercisedValue": {"raw": 0, "fmt": null, "longFmt": "0"}}, {"maxAge": 1, "name": "Mr. Raymond Jeffrey  Kmetz", "age": 65, "title": "Chief Business Officer", "yearBorn": 1959, "fiscalYear": 2024, "exercisedValue": {"raw": 0, "fmt": null, "longFmt": "0"}, "unexercisedValue": {"raw": 0, "fmt": null, "longFmt": "0"}}, {"maxAge": 1, "name": "Dr. Chongdong  Fu", "title": "Senior VP & Head of CMC", "fiscalYear": 2024, "exercisedValue": {"raw": 0, "fmt": null, "longFmt": "0"}, "unexercisedValue": {"raw": 0, "fmt": null, "longFmt": "0"}}, {"maxAge": 1, "name": "Mr. Jin  Cao", "age": 38, "title": "Head of Finance", "yearBorn": 1986, "fiscalYear": 2024, "exercisedValue": {"raw": 0, "fmt": null, "longFmt": "0"}, "unexercisedValue": {"raw": 0, "fmt": null, "longFmt": "0"}}, {"maxAge": 1, "name": "Mr. Eric  Huang", "title": "Senior Vice President of Global Corporate Development & Finance", "fiscalYear": 2024, "exercisedValue": {"raw": 0, "fmt": null, "longFmt": "0"}, "unexercisedValue": {"raw": 0, "fmt": null, "longFmt": "0"}}], "compensationAsOfEpochDate": 1735603200, "executiveTeam": [], "maxAge": 86400}, "calendarEvents": {"maxAge": 1, "earnings": {"earningsDate": [{"raw": 1754539200, "fmt": "2025-08-07"}], "earningsCallDate": [{"raw": 1755806400, "fmt": "2025-08-21"}], "isEarningsDateEstimate": false, "earningsAverage": {}, "earningsLow": {}, "earningsHigh": {}, "revenueAverage": {}, "revenueLow": {}, "revenueHigh": {}}, "exDividendDate": {}, "dividendDate": {}}, "earningsTrend": {"trend": [{"maxAge": 1, "period": "0q", "endDate": null, "growth": {}, "earningsEstimate": {"avg": {}, "low": {}, "high": {}, "yearAgoEps": {}, "numberOfAnalysts": {}, "growth": {}, "earningsCurrency": null}, "revenueEstimate": {"avg": {"raw": 0, "fmt": null, "longFmt": "0"}, "low": {"raw": 0, "fmt": null, "longFmt": "0"}, "high": {"raw": 0, "fmt": null, "longFmt": "0"}, "numberOfAnalysts": {"raw": 0, "fmt": null, "longFmt": "0"}, "yearAgoRevenue": {}, "growth": {}, "revenueCurrency": null}, "epsTrend": {"current": {}, "7daysAgo": {}, "30daysAgo": {}, "60daysAgo": {}, "90daysAgo": {}, "epsTrendCurrency": null}, "epsRevisions": {"upLast7days": {}, "upLast30days": {}, "downLast30days": {}, "downLast7Days": {}, "downLast90days": {}, "epsRevisionsCurrency": null}}, {"maxAge": 1, "period": "+1q", "endDate": null, "growth": {}, "earningsEstimate": {"avg": {}, "low": {}, "high": {}, "yearAgoEps": {}, "numberOfAnalysts": {}, "growth": {}, "earningsCurrency": null}, "revenueEstimate": {"avg": {"raw": 0, "fmt": null, "longFmt": "0"}, "low": {"raw": 0, "fmt": null, "longFmt": "0"}, "high": {"raw": 0, "fmt": null, "longFmt": "0"}, "numberOfAnalysts": {"raw": 0, "fmt": null, "longFmt": "0"}, "yearAgoRevenue": {}, "growth": {}, "revenueCurrency": null}, "epsTrend": {"current": {}, "7daysAgo": {}, "30daysAgo": {}, "60daysAgo": {}, "90daysAgo": {}, "epsTrendCurrency": null}, "epsRevisions": {"upLast7days": {}, "upLast30days": {}, "downLast30days": {}, "downLast7Days": {}, "downLast90days": {}, "epsRevisionsCurrency": null}}, {"maxAge": 1, "period": "0y", "endDate": "2025-12-31", "growth": {"raw": -13.069301, "fmt": "-1,306.93%"}, "earningsEstimate": {"avg": {"raw": -2.53248, "fmt": "-2.53"}, "low": {"raw": -2.53248, "fmt": "-2.53"}, "high": {"raw": -2.53248, "fmt": "-2.53"}, "yearAgoEps": {"raw": -0.18, "fmt": "-0.18"}, "numberOfAnalysts": {"raw": 1, "fmt": "1", "longFmt": "1"}, "growth": {"raw": -13.069301, "fmt": "-1,306.93%"}, "earningsCurrency": "USD"}, "revenueEstimate": {"avg": {"raw": 587746880, "fmt": "587.75M", "longFmt": "587,746,880"}, "low": {"raw": 495000000, "fmt": "495M", "longFmt": "495,000,000"}, "high": {"raw": 730000000, "fmt": "730M", "longFmt": "730,000,000"}, "numberOfAnalysts": {"raw": 7, "fmt": "7", "longFmt": "7"}, "yearAgoRevenue": {"raw": 980650000, "fmt": "980.65M", "longFmt": "980,650,000"}, "growth": {"raw": -0.4007, "fmt": "-40.07%"}, "revenueCurrency": "CNY"}, "epsTrend": {"current": {"raw": -2.53248, "fmt": "-2.53"}, "7daysAgo": {"raw": -2.03481, "fmt": "-2.03"}, "30daysAgo": {"raw": -2.57, "fmt": "-2.57"}, "60daysAgo": {"raw": -2.57, "fmt": "-2.57"}, "90daysAgo": {"raw": -2.57, "fmt": "-2.57"}, "epsTrendCurrency": "USD"}, "epsRevisions": {"upLast7days": {"raw": 0, "fmt": null, "longFmt": "0"}, "upLast30days": {"raw": 1, "fmt": "1", "longFmt": "1"}, "downLast30days": {"raw": 0, "fmt": null, "longFmt": "0"}, "downLast7Days": {"raw": 1, "fmt": "1", "longFmt": "1"}, "downLast90days": {}, "epsRevisionsCurrency": "USD"}}, {"maxAge": 1, "period": "+1y", "endDate": "2026-12-31", "growth": {"raw": 1.6224, "fmt": "162.24%"}, "earningsEstimate": {"avg": {"raw": 1.57629, "fmt": "1.58"}, "low": {"raw": 1.57629, "fmt": "1.58"}, "high": {"raw": 1.57629, "fmt": "1.58"}, "yearAgoEps": {"raw": -2.53248, "fmt": "-2.53"}, "numberOfAnalysts": {"raw": 1, "fmt": "1", "longFmt": "1"}, "growth": {"raw": 1.6224, "fmt": "162.24%"}, "earningsCurrency": "USD"}, "revenueEstimate": {"avg": {"raw": 2540772650, "fmt": "2.54B", "longFmt": "2,540,772,650"}, "low": {"raw": 1550000000, "fmt": "1.55B", "longFmt": "1,550,000,000"}, "high": {"raw": 3156000000, "fmt": "3.16B", "longFmt": "3,156,000,000"}, "numberOfAnalysts": {"raw": 7, "fmt": "7", "longFmt": "7"}, "yearAgoRevenue": {"raw": 587746880, "fmt": "587.75M", "longFmt": "587,746,880"}, "growth": {"raw": 3.3229, "fmt": "332.29%"}, "revenueCurrency": "CNY"}, "epsTrend": {"current": {"raw": 1.57629, "fmt": "1.58"}, "7daysAgo": {"raw": 1.91325, "fmt": "1.91"}, "30daysAgo": {"raw": 0.96, "fmt": "0.96"}, "60daysAgo": {"raw": 0.96, "fmt": "0.96"}, "90daysAgo": {"raw": 0.96, "fmt": "0.96"}, "epsTrendCurrency": "USD"}, "epsRevisions": {"upLast7days": {"raw": 0, "fmt": null, "longFmt": "0"}, "upLast30days": {"raw": 1, "fmt": "1", "longFmt": "1"}, "downLast30days": {"raw": 0, "fmt": null, "longFmt": "0"}, "downLast7Days": {"raw": 1, "fmt": "1", "longFmt": "1"}, "downLast90days": {}, "epsRevisionsCurrency": "USD"}}], "defaultMethodology": "nongaap", "maxAge": 1}, "earningsHistory": {"history": [], "defaultMethodology": "nongaap", "maxAge": 86400}, "financialData": {"maxAge": 86400, "currentPrice": {"raw": 34.3, "fmt": "34.30"}, "targetHighPrice": {"raw": 47.0, "fmt": "47.00"}, "targetLowPrice": {"raw": 29.0, "fmt": "29.00"}, "targetMeanPrice": {"raw": 38.0, "fmt": "38.00"}, "targetMedianPrice": {"raw": 38.0, "fmt": "38.00"}, "recommendationMean": {}, "recommendationKey": "none", "numberOfAnalystOpinions": {"raw": 2, "fmt": "2", "longFmt": "2"}, "totalCash": {"raw": 1661453952, "fmt": "1.66B", "longFmt": "1,661,453,952"}, "totalCashPerShare": {"raw": 4.834, "fmt": "4.83"}, "ebitda": {"raw": -1044163008, "fmt": "-1.04B", "longFmt": "-1,044,163,008"}, "totalDebt": {"raw": 1716164992, "fmt": "1.72B", "longFmt": "1,716,164,992"}, "quickRatio": {"raw": 1.404, "fmt": "1.40"}, "currentRatio": {"raw": 1.54, "fmt": "1.54"}, "totalRevenue": {"raw": 390603008, "fmt": "390.6M", "longFmt": "390,603,008"}, "debtToEquity": {"raw": 253.905, "fmt": "253.91%"}, "revenuePerShare": {"raw": 4.78, "fmt": "4.78"}, "returnOnAssets": {"raw": -0.22768, "fmt": "-22.77%"}, "returnOnEquity": {"raw": -1.59649, "fmt": "-159.65%"}, "grossProfits": {"raw": 354927008, "fmt": "354.93M", "longFmt": "354,927,008"}, "freeCashflow": {"raw": 36215124, "fmt": "36.22M", "longFmt": "36,215,124"}, "operatingCashflow": {"raw": -189086000, "fmt": "-189.09M", "longFmt": "-189,086,000"}, "earningsGrowth": {}, "revenueGrowth": {"raw": -0.716, "fmt": "-71.60%"}, "grossMargins": {"raw": 0.90866, "fmt": "90.87%"}, "ebitdaMargins": {"raw": -2.6732101, "fmt": "-267.32%"}, "operatingMargins": {"raw": -2.3705, "fmt": "-237.05%"}, "profitMargins": {"raw": -2.96772, "fmt": "-296.77%"}, "financialCurrency": "CNY"}}