{"assetProfile": {"address1": "One Apple Park Way", "city": "Cupertino", "state": "CA", "zip": "95014", "country": "United States", "phone": "(408) 996-1010", "website": "https://www.apple.com", "industry": "Consumer Electronics", "industryKey": "consumer-electronics", "industryDisp": "Consumer Electronics", "sector": "Technology", "sectorKey": "technology", "sectorDisp": "Technology", "longBusinessSummary": "Apple Inc. designs, manufactures, and markets smartphones, personal computers, tablets, wearables, and accessories worldwide. The company offers iPhone, a line of smartphones; Mac, a line of personal computers; iPad, a line of multi-purpose tablets; and wearables, home, and accessories comprising AirPods, Apple Vision Pro, Apple TV, Apple Watch, Beats products, and HomePod, as well as Apple branded and third-party accessories. It also provides AppleCare support and cloud services; and operates various platforms, including the App Store that allow customers to discover and download applications and digital content, such as books, music, video, games, and podcasts, as well as advertising services include third-party licensing arrangements and its own advertising platforms. In addition, the company offers various subscription-based services, such as Apple Arcade, a game subscription service; Apple Fitness+, a personalized fitness service; Apple Music, which offers users a curated listening experience with on-demand radio stations; Apple News+, a subscription news and magazine service; Apple TV, which offers exclusive original content and live sports; Apple Card, a co-branded credit card; and Apple Pay, a cashless payment service, as well as licenses its intellectual property. The company serves consumers, and small and mid-sized businesses; and the education, enterprise, and government markets. It distributes third-party applications for its products through the App Store. The company also sells its products through its retail and online stores, and direct sales force; and third-party cellular network carriers and resellers. The company was formerly known as Apple Computer, Inc. and changed its name to Apple Inc. in January 2007. Apple Inc. was founded in 1976 and is headquartered in Cupertino, California.", "fullTimeEmployees": 166000, "companyOfficers": [{"maxAge": 1, "name": "Mr. Timothy D. Cook", "age": 63, "title": "CEO & Director", "yearBorn": 1961, "fiscalYear": 2024, "totalPay": {"raw": 16520856, "fmt": "16.52M", "longFmt": "16,520,856"}, "exercisedValue": {"raw": 0, "fmt": null, "longFmt": "0"}, "unexercisedValue": {"raw": 0, "fmt": null, "longFmt": "0"}}, {"maxAge": 1, "name": "Ms. Katherine L. Adams", "age": 60, "title": "Senior VP & General Counsel", "yearBorn": 1964, "fiscalYear": 2024, "totalPay": {"raw": 5022182, "fmt": "5.02M", "longFmt": "5,022,182"}, "exercisedValue": {"raw": 0, "fmt": null, "longFmt": "0"}, "unexercisedValue": {"raw": 0, "fmt": null, "longFmt": "0"}}, {"maxAge": 1, "name": "Ms. Deirdre  O'Brien", "age": 57, "title": "Senior Vice President of Retail & People", "yearBorn": 1967, "fiscalYear": 2024, "totalPay": {"raw": 5022182, "fmt": "5.02M", "longFmt": "5,022,182"}, "exercisedValue": {"raw": 0, "fmt": null, "longFmt": "0"}, "unexercisedValue": {"raw": 0, "fmt": null, "longFmt": "0"}}, {"maxAge": 1, "name": "Mr. Jeffrey E. Williams", "age": 60, "title": "Senior Vice President of Design, Watch, & Health", "yearBorn": 1964, "fiscalYear": 2024, "totalPay": {"raw": 5020737, "fmt": "5.02M", "longFmt": "5,020,737"}, "exercisedValue": {"raw": 0, "fmt": null, "longFmt": "0"}, "unexercisedValue": {"raw": 0, "fmt": null, "longFmt": "0"}}, {"maxAge": 1, "name": "Mr. Kevan  Parekh", "age": 52, "title": "Senior VP & CFO", "yearBorn": 1972, "fiscalYear": 2024, "exercisedValue": {"raw": 0, "fmt": null, "longFmt": "0"}, "unexercisedValue": {"raw": 0, "fmt": null, "longFmt": "0"}}, {"maxAge": 1, "name": "Mr. Sabih  Khan", "title": "Chief Operating Officer", "fiscalYear": 2024, "exercisedValue": {"raw": 0, "fmt": null, "longFmt": "0"}, "unexercisedValue": {"raw": 0, "fmt": null, "longFmt": "0"}}, {"maxAge": 1, "name": "Mr. Chris  Kondo", "title": "Senior Director of Corporate Accounting", "fiscalYear": 2024, "exercisedValue": {"raw": 0, "fmt": null, "longFmt": "0"}, "unexercisedValue": {"raw": 0, "fmt": null, "longFmt": "0"}}, {"maxAge": 1, "name": "Suhasini  Chandramouli", "title": "Director of Investor Relations", "fiscalYear": 2024, "exercisedValue": {"raw": 0, "fmt": null, "longFmt": "0"}, "unexercisedValue": {"raw": 0, "fmt": null, "longFmt": "0"}}, {"maxAge": 1, "name": "Ms. Kristin Huguet Quayle", "title": "Vice President of Worldwide Communications", "fiscalYear": 2024, "exercisedValue": {"raw": 0, "fmt": null, "longFmt": "0"}, "unexercisedValue": {"raw": 0, "fmt": null, "longFmt": "0"}}, {"maxAge": 1, "name": "Mr. Greg  Joswiak", "title": "Senior Vice President of Worldwide Marketing", "fiscalYear": 2024, "exercisedValue": {"raw": 0, "fmt": null, "longFmt": "0"}, "unexercisedValue": {"raw": 0, "fmt": null, "longFmt": "0"}}], "auditRisk": 7, "boardRisk": 1, "compensationRisk": 3, "shareHolderRightsRisk": 1, "overallRisk": 1, "governanceEpochDate": 1761955200, "compensationAsOfEpochDate": 1735603200, "irWebsite": "http://investor.apple.com/", "executiveTeam": [], "maxAge": 86400}, "calendarEvents": {"maxAge": 1, "earnings": {"earningsDate": [{"raw": 1769720400, "fmt": "2026-01-29"}], "earningsCallDate": [{"raw": 1761858000, "fmt": "2025-10-30"}], "isEarningsDateEstimate": true, "earningsAverage": {"raw": 2.65837, "fmt": "2.66"}, "earningsLow": {"raw": 2.51, "fmt": "2.51"}, "earningsHigh": {"raw": 2.71, "fmt": "2.71"}, "revenueAverage": {"raw": 138022509470, "fmt": "138.02B", "longFmt": "138,022,509,470"}, "revenueLow": {"raw": 136679500000, "fmt": "136.68B", "longFmt": "136,679,500,000"}, "revenueHigh": {"raw": 140666000000, "fmt": "140.67B", "longFmt": "140,666,000,000"}}, "exDividendDate": {"raw": 1762732800, "fmt": "2025-11-10"}, "dividendDate": {"raw": 1762992000, "fmt": "2025-11-13"}}, "earningsTrend": {"trend": [{"maxAge": 1, "period": "0q", "endDate": "2025-12-31", "growth": {"raw": 0.107700005, "fmt": "10.77%"}, "earningsEstimate": {"avg": {"raw": 2.66291, "fmt": "2.66"}, "low": {"raw": 2.51, "fmt": "2.51"}, "high": {"raw": 2.8, "fmt": "2.8"}, "yearAgoEps": {"raw": 2.4, "fmt": "2.4"}, "numberOfAnalysts": {"raw": 29, "fmt": "29", "longFmt": "29"}, "growth": {"raw": 0.1095, "fmt": "10.95%"}, "earningsCurrency": "USD"}, "revenueEstimate": {"avg": {"raw": 138022509470, "fmt": "138.02B", "longFmt": "138,022,509,470"}, "low": {"raw": 136679500000, "fmt": "136.68B", "longFmt": "136,679,500,000"}, "high": {"raw": 140666000000, "fmt": "140.67B", "longFmt": "140,666,000,000"}, "numberOfAnalysts": {"raw": 28, "fmt": "28", "longFmt": "28"}, "yearAgoRevenue": {"raw": 124300000000, "fmt": "124.3B", "longFmt": "124,300,000,000"}, "growth": {"raw": 0.1104, "fmt": "11.04%"}, "revenueCurrency": "USD"}, "epsTrend": {"current": {"raw": 2.66291, "fmt": "2.66"}, "7daysAgo": {"raw": 2.51495, "fmt": "2.51"}, "30daysAgo": {"raw": 2.48185, "fmt": "2.48"}, "60daysAgo": {"raw": 2.47123, "fmt": "2.47"}, "90daysAgo": {"raw": 2.46775, "fmt": "2.47"}, "epsTrendCurrency": "USD"}, "epsRevisions": {"upLast7days": {"raw": 3, "fmt": "3", "longFmt": "3"}, "upLast30days": {"raw": 18, "fmt": "18", "longFmt": "18"}, "downLast30days": {"raw": 1, "fmt": "1", "longFmt": "1"}, "downLast7Days": {"raw": 0, "fmt": null, "longFmt": "0"}, "downLast90days": {}, "epsRevisionsCurrency": "USD"}}, {"maxAge": 1, "period": "+1q", "endDate": "2026-03-31", "growth": {"raw": 0.1125, "fmt": "11.25%"}, "earningsEstimate": {"avg": {"raw": 1.84375, "fmt": "1.84"}, "low": {"raw": 1.7, "fmt": "1.7"}, "high": {"raw": 2.15, "fmt": "2.15"}, "yearAgoEps": {"raw": 1.65, "fmt": "1.65"}, "numberOfAnalysts": {"raw": 27, "fmt": "27", "longFmt": "27"}, "growth": {"raw": 0.1174, "fmt": "11.74%"}, "earningsCurrency": "USD"}, "revenueEstimate": {"avg": {"raw": 104520860820, "fmt": "104.52B", "longFmt": "104,520,860,820"}, "low": {"raw": 98910000000, "fmt": "98.91B", "longFmt": "98,910,000,000"}, "high": {"raw": 109162000000, "fmt": "109.16B", "longFmt": "109,162,000,000"}, "numberOfAnalysts": {"raw": 27, "fmt": "27", "longFmt": "27"}, "yearAgoRevenue": {"raw": 95359000000, "fmt": "95.36B", "longFmt": "95,359,000,000"}, "growth": {"raw": 0.096099995, "fmt": "9.61%"}, "revenueCurrency": "USD"}, "epsTrend": {"current": {"raw": 1.84375, "fmt": "1.84"}, "7daysAgo": {"raw": 1.81896, "fmt": "1.82"}, "30daysAgo": {"raw": 1.7993, "fmt": "1.8"}, "60daysAgo": {"raw": 1.78386, "fmt": "1.78"}, "90daysAgo": {"raw": 1.77886, "fmt": "1.78"}, "epsTrendCurrency": "USD"}, "epsRevisions": {"upLast7days": {"raw": 11, "fmt": "11", "longFmt": "11"}, "upLast30days": {"raw": 13, "fmt": "13", "longFmt": "13"}, "downLast30days": {"raw": 3, "fmt": "3", "longFmt": "3"}, "downLast7Days": {"raw": 4, "fmt": "4", "longFmt": "4"}, "downLast90days": {}, "epsRevisionsCurrency": "USD"}}, {"maxAge": 1, "period": "0y", "endDate": "2026-09-30", "growth": {"raw": 0.1008, "fmt": "10.08%"}, "earningsEstimate": {"avg": {"raw": 8.23519, "fmt": "8.24"}, "low": {"raw": 7.76, "fmt": "7.76"}, "high": {"raw": 8.88, "fmt": "8.88"}, "yearAgoEps": {"raw": 7.46, "fmt": "7.46"}, "numberOfAnalysts": {"raw": 40, "fmt": "40", "longFmt": "40"}, "growth": {"raw": 0.1039, "fmt": "10.39%"}, "earningsCurrency": "USD"}, "revenueEstimate": {"avg": {"raw": 452560816080, "fmt": "452.56B", "longFmt": "452,560,816,080"}, "low": {"raw": 437285400000, "fmt": "437.29B", "longFmt": "437,285,400,000"}, "high": {"raw": 466444000000, "fmt": "466.44B", "longFmt": "466,444,000,000"}, "numberOfAnalysts": {"raw": 34, "fmt": "34", "longFmt": "34"}, "yearAgoRevenue": {"raw": 416161000000, "fmt": "416.16B", "longFmt": "416,161,000,000"}, "growth": {"raw": 0.0875, "fmt": "8.75%"}, "revenueCurrency": "USD"}, "epsTrend": {"current": {"raw": 8.23519, "fmt": "8.24"}, "7daysAgo": {"raw": 8.05089, "fmt": "8.05"}, "30daysAgo": {"raw": 7.99103, "fmt": "7.99"}, "60daysAgo": {"raw": 7.96048, "fmt": "7.96"}, "90daysAgo": {"raw": 7.94996, "fmt": "7.95"}, "epsTrendCurrency": "USD"}, "epsRevisions": {"upLast7days": {"raw": 4, "fmt": "4", "longFmt": "4"}, "upLast30days": {"raw": 12, "fmt": "12", "longFmt": "12"}, "downLast30days": {"raw": 2, "fmt": "2", "longFmt": "2"}, "downLast7Days": {"raw": 0, "fmt": null, "longFmt": "0"}, "downLast90days": {}, "epsRevisionsCurrency": "USD"}}, {"maxAge": 1, "period": "+1y", "endDate": "2027-09-30", "growth": {"raw": 0.1038, "fmt": "10.38%"}, "earningsEstimate": {"avg": {"raw": 9.06519, "fmt": "9.07"}, "low": {"raw": 8.3, "fmt": "8.3"}, "high": {"raw": 10.06, "fmt": "10.06"}, "yearAgoEps": {"raw": 8.23519, "fmt": "8.24"}, "numberOfAnalysts": {"raw": 35, "fmt": "35", "longFmt": "35"}, "growth": {"raw": 0.1008, "fmt": "10.08%"}, "earningsCurrency": "USD"}, "revenueEstimate": {"avg": {"raw": 479211611980, "fmt": "479.21B", "longFmt": "479,211,611,980"}, "low": {"raw": 444291000000, "fmt": "444.29B", "longFmt": "444,291,000,000"}, "high": {"raw": 526330884300, "fmt": "526.33B", "longFmt": "526,330,884,300"}, "numberOfAnalysts": {"raw": 37, "fmt": "37", "longFmt": "37"}, "yearAgoRevenue": {"raw": 452560816080, "fmt": "452.56B", "longFmt": "452,560,816,080"}, "growth": {"raw": 0.0589, "fmt": "5.89%"}, "revenueCurrency": "USD"}, "epsTrend": {"current": {"raw": 9.06519, "fmt": "9.07"}, "7daysAgo": {"raw": 8.90334, "fmt": "8.9"}, "30daysAgo": {"raw": 8.80671, "fmt": "8.81"}, "60daysAgo": {"raw": 8.78004, "fmt": "8.78"}, "90daysAgo": {"raw": 8.78533, "fmt": "8.79"}, "epsTrendCurrency": "USD"}, "epsRevisions": {"upLast7days": {"raw": 2, "fmt": "2", "longFmt": "2"}, "upLast30days": {"raw": 10, "fmt": "10", "longFmt": "10"}, "downLast30days": {"raw": 1, "fmt": "1", "longFmt": "1"}, "downLast7Days": {"raw": 2, "fmt": "2", "longFmt": "2"}, "downLast90days": {}, "epsRevisionsCurrency": "USD"}}], "defaultMethodology": "gaap", "maxAge": 1}, "earningsHistory": {"history": [{"maxAge": 1, "epsActual": {"raw": 2.4, "fmt": "2.4"}, "epsEstimate": {"raw": 2.34102, "fmt": "2.34"}, "epsDifference": {"raw": 0.06, "fmt": "0.06"}, "surprisePercent": {"raw": 0.0252, "fmt": "2.52%"}, "quarter": {"raw": 1735603200, "fmt": "2024-12-31"}, "currency": "USD", "period": "-4q"}, {"maxAge": 1, "epsActual": {"raw": 1.65, "fmt": "1.65"}, "epsEstimate": {"raw": 1.62253, "fmt": "1.62"}, "epsDifference": {"raw": 0.03, "fmt": "0.03"}, "surprisePercent": {"raw": 0.016900001, "fmt": "1.69%"}, "quarter": {"raw": 1743379200, "fmt": "2025-03-31"}, "currency": "USD", "period": "-3q"}, {"maxAge": 1, "epsActual": {"raw": 1.57, "fmt": "1.57"}, "epsEstimate": {"raw": 1.42572, "fmt": "1.43"}, "epsDifference": {"raw": 0.14, "fmt": "0.14"}, "surprisePercent": {"raw": 0.1012, "fmt": "10.12%"}, "quarter": {"raw": 1751241600, "fmt": "2025-06-30"}, "currency": "USD", "period": "-2q"}, {"maxAge": 1, "epsActual": {"raw": 1.85, "fmt": "1.85"}, "epsEstimate": {"raw": 1.76993, "fmt": "1.77"}, "epsDifference": {"raw": 0.08, "fmt": "0.08"}, "surprisePercent": {"raw": 0.0452, "fmt": "4.52%"}, "quarter": {"raw": 1759190400, "fmt": "2025-09-30"}, "currency": "USD", "period": "-1q"}], "defaultMethodology": "gaap", "maxAge": 86400}, "financialData": {"maxAge": 86400, "currentPrice": {"raw": 269.05, "fmt": "269.05"}, "targetHighPrice": {"raw": 345.0, "fmt": "345.00"}, "targetLowPrice": {"raw": 200.0, "fmt": "200.00"}, "targetMeanPrice": {"raw": 278.01633, "fmt": "278.02"}, "targetMedianPrice": {"raw": 272.06, "fmt": "272.06"}, "recommendationMean": {"raw": 2.0, "fmt": "2.00"}, "recommendationKey": "buy", "numberOfAnalystOpinions": {"raw": 41, "fmt": "41", "longFmt": "41"}, "totalCash": {"raw": 54697000960, "fmt": "54.7B", "longFmt": "54,697,000,960"}, "totalCashPerShare": {"raw": 3.702, "fmt": "3.7"}, "ebitda": {"raw": 144748003328, "fmt": "144.75B", "longFmt": "144,748,003,328"}, "totalDebt": {"raw": 112377004032, "fmt": "112.38B", "longFmt": "112,377,004,032"}, "quickRatio": {"raw": 0.771, "fmt": "0.77"}, "currentRatio": {"raw": 0.893, "fmt": "0.89"}, "totalRevenue": {"raw": 416161005568, "fmt": "416.16B", "longFmt": "416,161,005,568"}, "debtToEquity": {"raw": 152.411, "fmt": "152.41%"}, "revenuePerShare": {"raw": 27.84, "fmt": "27.84"}, "returnOnAssets": {"raw": 0.22964, "fmt": "22.96%"}, "returnOnEquity": {"raw": 1.7142199, "fmt": "171.42%"}, "grossProfits": {"raw": 195201007616, "fmt": "195.2B", "longFmt": "195,201,007,616"}, "freeCashflow": {"raw": 78862254080, "fmt": "78.86B", "longFmt": "78,862,254,080"}, "operatingCashflow": {"raw": 111482003456, "fmt": "111.48B", "longFmt": "111,482,003,456"}, "earningsGrowth": {"raw": 0.912, "fmt": "91.20%"}, "revenueGrowth": {"raw": 0.079, "fmt": "7.90%"}, "grossMargins": {"raw": 0.46905, "fmt": "46.90%"}, "ebitdaMargins": {"raw": 0.34782, "fmt": "34.78%"}, "operatingMargins": {"raw": 0.31647, "fmt": "31.65%"}, "profitMargins": {"raw": 0.26915002, "fmt": "26.92%"}, "financialCurrency": "USD"}}