{"assetProfile": {"address1": "4370 La Jolla Village Drive", "address2": "Suite 1050", "city": "San Diego", "state": "CA", "zip": "92122", "country": "United States", "phone": "858 225 7696", "website": "https://aardvarktherapeutics.com", "industry": "Biotechnology", "industryKey": "biotechnology", "industryDisp": "Biotechnology", "sector": "Healthcare", "sectorKey": "healthcare", "sectorDisp": "Healthcare", "longBusinessSummary": "Aardvark Therapeutics, Inc., a clinical-stage biopharmaceutical company, focuses on developing small-molecule therapeutics to activate innate homeostatic pathways for the treatment of metabolic diseases. Its lead product candidate is ARD-101, an oral gut-restricted small-molecule agonist of certain targeting bitter taste receptors expressed in the gut lumen, which is in the Phase 3 clinical trial for hyperphagia associated with Prader-Willi Syndrome, as well as in the Phase 2 clinical trial for hyperphagia associated with acquired hypothalamic obesity resultant from the treatment of craniopharyngioma, including surgery or radiation. The company is also developing ARD-201, which is in the Phase 1 clinical trial for the treatment of obesity. Aardvark Therapeutics, Inc. was incorporated in 2017 and is headquartered in San Diego, California.", "fullTimeEmployees": 31, "companyOfficers": [{"maxAge": 1, "name": "Dr. Tien-Li  Lee M.D.", "age": 49, "title": "CEO, Secretary & Director", "yearBorn": 1975, "fiscalYear": 2024, "totalPay": {"raw": 703099, "fmt": "703.1k", "longFmt": "703,099"}, "exercisedValue": {"raw": 0, "fmt": null, "longFmt": "0"}, "unexercisedValue": {"raw": 0, "fmt": null, "longFmt": "0"}}, {"maxAge": 1, "name": "Dr. Bryan  Jones Ph.D.", "age": 60, "title": "Chief Operating Officer", "yearBorn": 1964, "fiscalYear": 2024, "totalPay": {"raw": 467437, "fmt": "467.44k", "longFmt": "467,437"}, "exercisedValue": {"raw": 0, "fmt": null, "longFmt": "0"}, "unexercisedValue": {"raw": 0, "fmt": null, "longFmt": "0"}}, {"maxAge": 1, "name": "Dr. Manasi Sinha Jaiman M.D., M.P.H.", "age": 43, "title": "Chief Medical Officer", "yearBorn": 1981, "fiscalYear": 2024, "totalPay": {"raw": 503943, "fmt": "503.94k", "longFmt": "503,943"}, "exercisedValue": {"raw": 0, "fmt": null, "longFmt": "0"}, "unexercisedValue": {"raw": 0, "fmt": null, "longFmt": "0"}}, {"maxAge": 1, "name": "Mr. Nelson B. Sun M.B.A.", "age": 47, "title": "Chief Financial Officer", "yearBorn": 1977, "fiscalYear": 2024, "exercisedValue": {"raw": 0, "fmt": null, "longFmt": "0"}, "unexercisedValue": {"raw": 0, "fmt": null, "longFmt": "0"}}, {"maxAge": 1, "name": "Dr. Timothy J. Kieffer Ph.D.", "age": 57, "title": "Chief Scientific Officer", "yearBorn": 1967, "fiscalYear": 2024, "exercisedValue": {"raw": 0, "fmt": null, "longFmt": "0"}, "unexercisedValue": {"raw": 0, "fmt": null, "longFmt": "0"}}, {"maxAge": 1, "name": "Mr. Christian  Zapf J.D.", "title": "General Counsel", "fiscalYear": 2024, "exercisedValue": {"raw": 0, "fmt": null, "longFmt": "0"}, "unexercisedValue": {"raw": 0, "fmt": null, "longFmt": "0"}}, {"maxAge": 1, "name": "Dr. Dvorit  Samid Ph.D.", "title": "Executive Vice President of Medical Affairs", "fiscalYear": 2024, "exercisedValue": {"raw": 0, "fmt": null, "longFmt": "0"}, "unexercisedValue": {"raw": 0, "fmt": null, "longFmt": "0"}}, {"maxAge": 1, "name": "Dr. Zhenhuan  Zheng Ph.D.", "title": "Chief Research Officer", "fiscalYear": 2024, "exercisedValue": {"raw": 0, "fmt": null, "longFmt": "0"}, "unexercisedValue": {"raw": 0, "fmt": null, "longFmt": "0"}}, {"maxAge": 1, "name": "Mr. Ron  Lewis II, Ph.D.", "title": "VP & Head of CMC", "fiscalYear": 2024, "exercisedValue": {"raw": 0, "fmt": null, "longFmt": "0"}, "unexercisedValue": {"raw": 0, "fmt": null, "longFmt": "0"}}, {"maxAge": 1, "name": "Dr. Terrie  Kellmeyer Ph.D.", "title": "Senior Vice President of Regulatory Affairs", "fiscalYear": 2024, "exercisedValue": {"raw": 0, "fmt": null, "longFmt": "0"}, "unexercisedValue": {"raw": 0, "fmt": null, "longFmt": "0"}}], "compensationAsOfEpochDate": 1735603200, "executiveTeam": [], "maxAge": 86400}, "calendarEvents": {"maxAge": 1, "earnings": {"earningsDate": [{"raw": 1763067600, "fmt": "2025-11-13"}], "earningsCallDate": [], "isEarningsDateEstimate": true, "earningsAverage": {"raw": -0.804, "fmt": "-0.80"}, "earningsLow": {"raw": -0.96, "fmt": "-0.96"}, "earningsHigh": {"raw": -0.7, "fmt": "-0.70"}, "revenueAverage": {"raw": 0, "fmt": null, "longFmt": "0"}, "revenueLow": {"raw": 0, "fmt": null, "longFmt": "0"}, "revenueHigh": {"raw": 0, "fmt": null, "longFmt": "0"}}, "exDividendDate": {}, "dividendDate": {}}, "earningsTrend": {"trend": [{"maxAge": 1, "period": "0q", "endDate": "2025-09-30", "growth": {}, "earningsEstimate": {"avg": {"raw": -0.804, "fmt": "-0.8"}, "low": {"raw": -0.96, "fmt": "-0.96"}, "high": {"raw": -0.7, "fmt": "-0.7"}, "yearAgoEps": {}, "numberOfAnalysts": {"raw": 5, "fmt": "5", "longFmt": "5"}, "growth": {}, "earningsCurrency": "USD"}, "revenueEstimate": {"avg": {"raw": 0, "fmt": null, "longFmt": "0"}, "low": {"raw": 0, "fmt": null, "longFmt": "0"}, "high": {"raw": 0, "fmt": null, "longFmt": "0"}, "numberOfAnalysts": {"raw": 5, "fmt": "5", "longFmt": "5"}, "yearAgoRevenue": {}, "growth": {}, "revenueCurrency": "USD"}, "epsTrend": {"current": {"raw": -0.804, "fmt": "-0.8"}, "7daysAgo": {"raw": -0.7975, "fmt": "-0.8"}, "30daysAgo": {"raw": -0.74333, "fmt": "-0.74"}, "60daysAgo": {"raw": -0.67333, "fmt": "-0.67"}, "90daysAgo": {"raw": -0.67333, "fmt": "-0.67"}, "epsTrendCurrency": "USD"}, "epsRevisions": {"upLast7days": {"raw": 1, "fmt": "1", "longFmt": "1"}, "upLast30days": {"raw": 1, "fmt": "1", "longFmt": "1"}, "downLast30days": {"raw": 2, "fmt": "2", "longFmt": "2"}, "downLast7Days": {"raw": 2, "fmt": "2", "longFmt": "2"}, "downLast90days": {}, "epsRevisionsCurrency": "USD"}}, {"maxAge": 1, "period": "+1q", "endDate": "2025-12-31", "growth": {}, "earningsEstimate": {"avg": {"raw": -0.902, "fmt": "-0.9"}, "low": {"raw": -1.17, "fmt": "-1.17"}, "high": {"raw": -0.75, "fmt": "-0.75"}, "yearAgoEps": {}, "numberOfAnalysts": {"raw": 5, "fmt": "5", "longFmt": "5"}, "growth": {}, "earningsCurrency": "USD"}, "revenueEstimate": {"avg": {"raw": 0, "fmt": null, "longFmt": "0"}, "low": {"raw": 0, "fmt": null, "longFmt": "0"}, "high": {"raw": 0, "fmt": null, "longFmt": "0"}, "numberOfAnalysts": {"raw": 5, "fmt": "5", "longFmt": "5"}, "yearAgoRevenue": {}, "growth": {}, "revenueCurrency": "USD"}, "epsTrend": {"current": {"raw": -0.902, "fmt": "-0.9"}, "7daysAgo": {"raw": -0.8975, "fmt": "-0.9"}, "30daysAgo": {"raw": -0.80667, "fmt": "-0.81"}, "60daysAgo": {"raw": -0.72333, "fmt": "-0.72"}, "90daysAgo": {"raw": -0.72333, "fmt": "-0.72"}, "epsTrendCurrency": "USD"}, "epsRevisions": {"upLast7days": {"raw": 1, "fmt": "1", "longFmt": "1"}, "upLast30days": {"raw": 1, "fmt": "1", "longFmt": "1"}, "downLast30days": {"raw": 2, "fmt": "2", "longFmt": "2"}, "downLast7Days": {"raw": 2, "fmt": "2", "longFmt": "2"}, "downLast90days": {}, "epsRevisionsCurrency": "USD"}}, {"maxAge": 1, "period": "0y", "endDate": "2025-12-31", "growth": {"raw": 0.4278, "fmt": "42.78%"}, "earningsEstimate": {"avg": {"raw": -2.94667, "fmt": "-2.95"}, "low": {"raw": -3.58, "fmt": "-3.58"}, "high": {"raw": -2.16, "fmt": "-2.16"}, "yearAgoEps": {"raw": -5.15, "fmt": "-5.15"}, "numberOfAnalysts": {"raw": 6, "fmt": "6", "longFmt": "6"}, "growth": {"raw": 0.4278, "fmt": "42.78%"}, "earningsCurrency": "USD"}, "revenueEstimate": {"avg": {"raw": 0, "fmt": null, "longFmt": "0"}, "low": {"raw": 0, "fmt": null, "longFmt": "0"}, "high": {"raw": 0, "fmt": null, "longFmt": "0"}, "numberOfAnalysts": {"raw": 5, "fmt": "5", "longFmt": "5"}, "yearAgoRevenue": {"raw": 0, "fmt": null, "longFmt": "0"}, "growth": {"raw": 0.0, "fmt": "0.00%"}, "revenueCurrency": "USD"}, "epsTrend": {"current": {"raw": -2.94667, "fmt": "-2.95"}, "7daysAgo": {"raw": -2.902, "fmt": "-2.9"}, "30daysAgo": {"raw": -2.7325, "fmt": "-2.73"}, "60daysAgo": {"raw": -2.4025, "fmt": "-2.4"}, "90daysAgo": {"raw": -2.67, "fmt": "-2.67"}, "epsTrendCurrency": "USD"}, "epsRevisions": {"upLast7days": {"raw": 0, "fmt": null, "longFmt": "0"}, "upLast30days": {"raw": 1, "fmt": "1", "longFmt": "1"}, "downLast30days": {"raw": 3, "fmt": "3", "longFmt": "3"}, "downLast7Days": {"raw": 0, "fmt": null, "longFmt": "0"}, "downLast90days": {}, "epsRevisionsCurrency": "USD"}}, {"maxAge": 1, "period": "+1y", "endDate": "2026-12-31", "growth": {"raw": -0.17930001, "fmt": "-17.93%"}, "earningsEstimate": {"avg": {"raw": -3.475, "fmt": "-3.47"}, "low": {"raw": -5.92, "fmt": "-5.92"}, "high": {"raw": -2.08, "fmt": "-2.08"}, "yearAgoEps": {"raw": -2.94667, "fmt": "-2.95"}, "numberOfAnalysts": {"raw": 6, "fmt": "6", "longFmt": "6"}, "growth": {"raw": -0.17930001, "fmt": "-17.93%"}, "earningsCurrency": "USD"}, "revenueEstimate": {"avg": {"raw": 600000, "fmt": "600k", "longFmt": "600,000"}, "low": {"raw": 0, "fmt": null, "longFmt": "0"}, "high": {"raw": 3000000, "fmt": "3M", "longFmt": "3,000,000"}, "numberOfAnalysts": {"raw": 5, "fmt": "5", "longFmt": "5"}, "yearAgoRevenue": {"raw": 0, "fmt": null, "longFmt": "0"}, "growth": {"raw": 0.0, "fmt": "0.00%"}, "revenueCurrency": "USD"}, "epsTrend": {"current": {"raw": -3.475, "fmt": "-3.47"}, "7daysAgo": {"raw": -2.986, "fmt": "-2.99"}, "30daysAgo": {"raw": -3.06, "fmt": "-3.06"}, "60daysAgo": {"raw": -2.625, "fmt": "-2.62"}, "90daysAgo": {"raw": -2.6175, "fmt": "-2.62"}, "epsTrendCurrency": "USD"}, "epsRevisions": {"upLast7days": {"raw": 0, "fmt": null, "longFmt": "0"}, "upLast30days": {"raw": 1, "fmt": "1", "longFmt": "1"}, "downLast30days": {"raw": 3, "fmt": "3", "longFmt": "3"}, "downLast7Days": {"raw": 1, "fmt": "1", "longFmt": "1"}, "downLast90days": {}, "epsRevisionsCurrency": "USD"}}], "defaultMethodology": "nongaap", "maxAge": 1}, "earningsHistory": {"history": [{"maxAge": 1, "epsActual": {"raw": -2.18, "fmt": "-2.18"}, "epsEstimate": {"raw": -0.2, "fmt": "-0.2"}, "epsDifference": {"raw": -1.98, "fmt": "-1.98"}, "surprisePercent": {"raw": -9.9, "fmt": "-990.00%"}, "quarter": {"raw": 1735603200, "fmt": "2024-12-31"}, "currency": "USD", "period": "-3q"}, {"maxAge": 1, "epsActual": {"raw": -0.71, "fmt": "-0.71"}, "epsEstimate": {"raw": -0.705, "fmt": "-0.7"}, "epsDifference": {"raw": -0.01, "fmt": "-0.01"}, "surprisePercent": {"raw": -0.0070999996, "fmt": "-0.71%"}, "quarter": {"raw": 1743379200, "fmt": "2025-03-31"}, "currency": "USD", "period": "-2q"}, {"maxAge": 1, "epsActual": {"raw": -0.66, "fmt": "-0.66"}, "epsEstimate": {"raw": -0.60333, "fmt": "-0.6"}, "epsDifference": {"raw": -0.06, "fmt": "-0.06"}, "surprisePercent": {"raw": -0.0939, "fmt": "-9.39%"}, "quarter": {"raw": 1751241600, "fmt": "2025-06-30"}, "currency": "USD", "period": "-1q"}], "defaultMethodology": "nongaap", "maxAge": 86400}, "financialData": {"maxAge": 86400, "currentPrice": {"raw": 10.39, "fmt": "10.39"}, "targetHighPrice": {"raw": 50.0, "fmt": "50.00"}, "targetLowPrice": {"raw": 19.0, "fmt": "19.00"}, "targetMeanPrice": {"raw": 31.42857, "fmt": "31.43"}, "targetMedianPrice": {"raw": 29.0, "fmt": "29.00"}, "recommendationMean": {}, "recommendationKey": "none", "numberOfAnalystOpinions": {"raw": 7, "fmt": "7", "longFmt": "7"}, "totalCash": {"raw": 141820000, "fmt": "141.82M", "longFmt": "141,820,000"}, "totalCashPerShare": {"raw": 6.536, "fmt": "6.54"}, "ebitda": {"raw": -40831000, "fmt": "-40.83M", "longFmt": "-40,831,000"}, "totalDebt": {"raw": 645000, "fmt": "645k", "longFmt": "645,000"}, "quickRatio": {"raw": 13.756, "fmt": "13.76"}, "currentRatio": {"raw": 14.042, "fmt": "14.04"}, "totalRevenue": {}, "debtToEquity": {"raw": 0.471, "fmt": "0.47%"}, "revenuePerShare": {}, "returnOnAssets": {"raw": -0.21763, "fmt": "-21.76%"}, "returnOnEquity": {"raw": -0.33087003, "fmt": "-33.09%"}, "grossProfits": {}, "freeCashflow": {"raw": -19389876, "fmt": "-19.39M", "longFmt": "-19,389,876"}, "operatingCashflow": {"raw": -32914000, "fmt": "-32.91M", "longFmt": "-32,914,000"}, "earningsGrowth": {}, "revenueGrowth": {}, "grossMargins": {"raw": 0.0, "fmt": "0.00%"}, "ebitdaMargins": {"raw": 0.0, "fmt": "0.00%"}, "operatingMargins": {"raw": 0.0, "fmt": "0.00%"}, "profitMargins": {"raw": 0.0, "fmt": "0.00%"}, "financialCurrency": "USD"}}