{"assetProfile": {"address1": "100 Washington Street", "address2": "Suite 100", "city": "Reno", "state": "NV", "zip": "89503", "country": "United States", "phone": "775 473 4744", "website": "https://americanbatterytechnology.com", "industry": "Waste Management", "industryKey": "waste-management", "industryDisp": "Waste Management", "sector": "Industrials", "sectorKey": "industrials", "sectorDisp": "Industrials", "longBusinessSummary": "American Battery Technology Company operates as a battery materials company in the United States. It explores for resources of battery metals, such as lithium, nickel, cobalt, and manganese; and develops and commercializes technologies for the extraction and refining of battery metals. It also commercializes an integrated process for the recycling of lithium-ion batteries. The company was formerly known as American Battery Metals Corporation and changed its name to American Battery Technology Company in August 2021. American Battery Technology Company was incorporated in 2011 and is headquartered in Reno, Nevada.", "fullTimeEmployees": 157, "companyOfficers": [{"maxAge": 1, "name": "Mr. Ryan Mitchell Melsert C.F.A.", "age": 42, "title": "CEO, CTO & Director", "yearBorn": 1982, "fiscalYear": 2025, "totalPay": {"raw": 425000, "fmt": "425k", "longFmt": "425,000"}, "exercisedValue": {"raw": 0, "fmt": null, "longFmt": "0"}, "unexercisedValue": {"raw": 0, "fmt": null, "longFmt": "0"}}, {"maxAge": 1, "name": "Mr. Steven  Wu", "age": 34, "title": "Chief Operating Officer", "yearBorn": 1990, "fiscalYear": 2025, "totalPay": {"raw": 312375, "fmt": "312.38k", "longFmt": "312,375"}, "exercisedValue": {"raw": 0, "fmt": null, "longFmt": "0"}, "unexercisedValue": {"raw": 0, "fmt": null, "longFmt": "0"}}, {"maxAge": 1, "name": "Mr. Scott H. Jolcover A.A.", "age": 73, "title": "Chief Resource Officer", "yearBorn": 1951, "fiscalYear": 2025, "totalPay": {"raw": 321900, "fmt": "321.9k", "longFmt": "321,900"}, "exercisedValue": {"raw": 0, "fmt": null, "longFmt": "0"}, "unexercisedValue": {"raw": 0, "fmt": null, "longFmt": "0"}}, {"maxAge": 1, "name": "Mr. Paul E. McGarry", "age": 56, "title": "Interim Chief Financial Officer", "yearBorn": 1968, "fiscalYear": 2025, "exercisedValue": {"raw": 0, "fmt": null, "longFmt": "0"}, "unexercisedValue": {"raw": 0, "fmt": null, "longFmt": "0"}}, {"maxAge": 1, "name": "Mr. Bret  Meich", "age": 41, "title": "General Counsel & Board Secretary", "yearBorn": 1983, "fiscalYear": 2025, "exercisedValue": {"raw": 0, "fmt": null, "longFmt": "0"}, "unexercisedValue": {"raw": 0, "fmt": null, "longFmt": "0"}}, {"maxAge": 1, "name": "Ms. Tiffiany  Moehring", "title": "Head of Communications & Marketing", "fiscalYear": 2025, "exercisedValue": {"raw": 0, "fmt": null, "longFmt": "0"}, "unexercisedValue": {"raw": 0, "fmt": null, "longFmt": "0"}}, {"maxAge": 1, "name": "Mr. Gregory  Kuzma", "age": 71, "title": "Chief Geologist & Consultant", "yearBorn": 1953, "fiscalYear": 2025, "totalPay": {"raw": 60000, "fmt": "60k", "longFmt": "60,000"}, "exercisedValue": {"raw": 0, "fmt": null, "longFmt": "0"}, "unexercisedValue": {"raw": 0, "fmt": null, "longFmt": "0"}}, {"maxAge": 1, "name": "Mr. Doug  Hamilton", "title": "Head of Policy", "fiscalYear": 2025, "exercisedValue": {"raw": 0, "fmt": null, "longFmt": "0"}, "unexercisedValue": {"raw": 0, "fmt": null, "longFmt": "0"}}], "auditRisk": 10, "boardRisk": 3, "compensationRisk": 10, "shareHolderRightsRisk": 3, "overallRisk": 8, "governanceEpochDate": 1761955200, "compensationAsOfEpochDate": 1767139200, "executiveTeam": [], "maxAge": 86400}, "calendarEvents": {"maxAge": 1, "earnings": {"earningsDate": [{"raw": 1763064000, "fmt": "2025-11-13"}], "earningsCallDate": [{"raw": 1758573000, "fmt": "2025-09-22"}], "isEarningsDateEstimate": true, "earningsAverage": {}, "earningsLow": {}, "earningsHigh": {}, "revenueAverage": {}, "revenueLow": {}, "revenueHigh": {}}, "exDividendDate": {}, "dividendDate": {}}, "earningsTrend": {"trend": [{"maxAge": 1, "period": "0q", "endDate": null, "growth": {}, "earningsEstimate": {"avg": {}, "low": {}, "high": {}, "yearAgoEps": {}, "numberOfAnalysts": {}, "growth": {}, "earningsCurrency": null}, "revenueEstimate": {"avg": {"raw": 0, "fmt": null, "longFmt": "0"}, "low": {"raw": 0, "fmt": null, "longFmt": "0"}, "high": {"raw": 0, "fmt": null, "longFmt": "0"}, "numberOfAnalysts": {"raw": 0, "fmt": null, "longFmt": "0"}, "yearAgoRevenue": {}, "growth": {}, "revenueCurrency": null}, "epsTrend": {"current": {}, "7daysAgo": {}, "30daysAgo": {}, "60daysAgo": {}, "90daysAgo": {}, "epsTrendCurrency": null}, "epsRevisions": {"upLast7days": {}, "upLast30days": {}, "downLast30days": {}, "downLast7Days": {}, "downLast90days": {}, "epsRevisionsCurrency": null}}, {"maxAge": 1, "period": "+1q", "endDate": null, "growth": {}, "earningsEstimate": {"avg": {}, "low": {}, "high": {}, "yearAgoEps": {}, "numberOfAnalysts": {}, "growth": {}, "earningsCurrency": null}, "revenueEstimate": {"avg": {"raw": 0, "fmt": null, "longFmt": "0"}, "low": {"raw": 0, "fmt": null, "longFmt": "0"}, "high": {"raw": 0, "fmt": null, "longFmt": "0"}, "numberOfAnalysts": {"raw": 0, "fmt": null, "longFmt": "0"}, "yearAgoRevenue": {}, "growth": {}, "revenueCurrency": null}, "epsTrend": {"current": {}, "7daysAgo": {}, "30daysAgo": {}, "60daysAgo": {}, "90daysAgo": {}, "epsTrendCurrency": null}, "epsRevisions": {"upLast7days": {}, "upLast30days": {}, "downLast30days": {}, "downLast7Days": {}, "downLast90days": {}, "epsRevisionsCurrency": null}}, {"maxAge": 1, "period": "0y", "endDate": "2026-06-30", "growth": {}, "earningsEstimate": {"avg": {"raw": -0.08, "fmt": "-0.08"}, "low": {"raw": -0.08, "fmt": "-0.08"}, "high": {"raw": -0.08, "fmt": "-0.08"}, "yearAgoEps": {"raw": -0.58, "fmt": "-0.58"}, "numberOfAnalysts": {"raw": 1, "fmt": "1", "longFmt": "1"}, "growth": {"raw": 0.8621, "fmt": "86.21%"}, "earningsCurrency": "USD"}, "revenueEstimate": {"avg": {"raw": 44242000, "fmt": "44.24M", "longFmt": "44,242,000"}, "low": {"raw": 44242000, "fmt": "44.24M", "longFmt": "44,242,000"}, "high": {"raw": 44242000, "fmt": "44.24M", "longFmt": "44,242,000"}, "numberOfAnalysts": {"raw": 1, "fmt": "1", "longFmt": "1"}, "yearAgoRevenue": {"raw": 4290220, "fmt": "4.29M", "longFmt": "4,290,220"}, "growth": {"raw": 9.3123, "fmt": "931.23%"}, "revenueCurrency": "USD"}, "epsTrend": {"current": {"raw": -0.08, "fmt": "-0.08"}, "7daysAgo": {"raw": 0.0, "fmt": "0"}, "30daysAgo": {"raw": 0.0, "fmt": "0"}, "60daysAgo": {"raw": 0.0, "fmt": "0"}, "90daysAgo": {"raw": 0.0, "fmt": "0"}, "epsTrendCurrency": "USD"}, "epsRevisions": {"upLast7days": {"raw": 0, "fmt": null, "longFmt": "0"}, "upLast30days": {"raw": 0, "fmt": null, "longFmt": "0"}, "downLast30days": {"raw": 0, "fmt": null, "longFmt": "0"}, "downLast7Days": {"raw": 0, "fmt": null, "longFmt": "0"}, "downLast90days": {}, "epsRevisionsCurrency": "USD"}}, {"maxAge": 1, "period": "+1y", "endDate": "2027-06-30", "growth": {}, "earningsEstimate": {"avg": {}, "low": {}, "high": {}, "yearAgoEps": {}, "numberOfAnalysts": {}, "growth": {}, "earningsCurrency": null}, "revenueEstimate": {"avg": {"raw": 0, "fmt": null, "longFmt": "0"}, "low": {"raw": 0, "fmt": null, "longFmt": "0"}, "high": {"raw": 0, "fmt": null, "longFmt": "0"}, "numberOfAnalysts": {"raw": 0, "fmt": null, "longFmt": "0"}, "yearAgoRevenue": {}, "growth": {}, "revenueCurrency": null}, "epsTrend": {"current": {}, "7daysAgo": {}, "30daysAgo": {}, "60daysAgo": {}, "90daysAgo": {}, "epsTrendCurrency": null}, "epsRevisions": {"upLast7days": {}, "upLast30days": {}, "downLast30days": {}, "downLast7Days": {}, "downLast90days": {}, "epsRevisionsCurrency": null}}], "defaultMethodology": "nongaap", "maxAge": 1}, "earningsHistory": {"history": [{"maxAge": 1, "epsActual": {"raw": -0.17, "fmt": "-0.17"}, "epsEstimate": {"raw": -0.06, "fmt": "-0.06"}, "epsDifference": {"raw": -0.11, "fmt": "-0.11"}, "surprisePercent": {"raw": -1.8333, "fmt": "-183.33%"}, "quarter": {"raw": 1727654400, "fmt": "2024-09-30"}, "currency": "USD", "period": "-4q"}, {"maxAge": 1, "epsActual": {"raw": -0.14, "fmt": "-0.14"}, "epsEstimate": {}, "epsDifference": {}, "surprisePercent": {}, "quarter": {"raw": 1743379200, "fmt": "2025-03-31"}, "currency": "USD", "period": "-2q"}, {"maxAge": 1, "epsActual": {"raw": -0.1, "fmt": "-0.1"}, "epsEstimate": {"raw": -0.08, "fmt": "-0.08"}, "epsDifference": {"raw": -0.02, "fmt": "-0.02"}, "surprisePercent": {"raw": -0.25, "fmt": "-25.00%"}, "quarter": {"raw": 1751241600, "fmt": "2025-06-30"}, "currency": "USD", "period": "-1q"}], "defaultMethodology": "nongaap", "maxAge": 86400}, "financialData": {"maxAge": 86400, "currentPrice": {"raw": 4.23, "fmt": "4.23"}, "targetHighPrice": {"raw": 6.0, "fmt": "6.00"}, "targetLowPrice": {"raw": 6.0, "fmt": "6.00"}, "targetMeanPrice": {"raw": 6.0, "fmt": "6.00"}, "targetMedianPrice": {"raw": 6.0, "fmt": "6.00"}, "recommendationMean": {}, "recommendationKey": "none", "numberOfAnalystOpinions": {"raw": 1, "fmt": "1", "longFmt": "1"}, "totalCash": {"raw": 7474304, "fmt": "7.47M", "longFmt": "7,474,304"}, "totalCashPerShare": {"raw": 0.063, "fmt": "0.06"}, "ebitda": {"raw": -36978392, "fmt": "-36.98M", "longFmt": "-36,978,392"}, "totalDebt": {"raw": 8035781, "fmt": "8.04M", "longFmt": "8,035,781"}, "quickRatio": {"raw": 0.837, "fmt": "0.84"}, "currentRatio": {"raw": 2.161, "fmt": "2.16"}, "totalRevenue": {"raw": 4290224, "fmt": "4.29M", "longFmt": "4,290,224"}, "debtToEquity": {"raw": 11.382, "fmt": "11.38%"}, "revenuePerShare": {"raw": 0.053, "fmt": "0.05"}, "returnOnAssets": {"raw": -0.32399, "fmt": "-32.40%"}, "returnOnEquity": {"raw": -0.70817, "fmt": "-70.82%"}, "grossProfits": {"raw": -10574409, "fmt": "-10.57M", "longFmt": "-10,574,409"}, "freeCashflow": {"raw": -21724000, "fmt": "-21.72M", "longFmt": "-21,724,000"}, "operatingCashflow": {"raw": -28921158, "fmt": "-28.92M", "longFmt": "-28,921,158"}, "earningsGrowth": {}, "revenueGrowth": {"raw": 7.081, "fmt": "708.10%"}, "grossMargins": {"raw": -2.46477, "fmt": "-246.48%"}, "ebitdaMargins": {"raw": 0.0, "fmt": "0.00%"}, "operatingMargins": {"raw": -2.8007002, "fmt": "-280.07%"}, "profitMargins": {"raw": 0.0, "fmt": "0.00%"}, "financialCurrency": "USD"}}