{"assetProfile": {"address1": "150 West 4th Ave", "city": "Vancouver", "state": "BC", "zip": "V5Y 1G6", "country": "Canada", "phone": "604 559 9005", "website": "https://www.abcellera.com", "industry": "Biotechnology", "industryKey": "biotechnology", "industryDisp": "Biotechnology", "sector": "Healthcare", "sectorKey": "healthcare", "sectorDisp": "Healthcare", "longBusinessSummary": "AbCellera Biologics Inc. engages in discovering and developing antibody-based medicines for indications with unmet medical need in the United States. Its product pipeline includes ABCL635, an antibody-drug candidate, which is in preclinical trial to treat metabolic and endocrine conditions; and ABCL575, a fully human, half-life extended monoclonal antibody, which is in preclinical trial for treating T-cell-mediated autoimmune conditions, such as atopic dermatitis. The company has a research collaboration and license agreement with Eli Lilly and Company; and partnership agreement with Viking Global Investors & ArrowMark Partners and Biogen Inc. AbCellera Biologics Inc. was incorporated in 2012 and is headquartered in Vancouver, Canada.", "fullTimeEmployees": 596, "companyOfficers": [{"maxAge": 1, "name": "Dr. Carl L.G. Hansen Ph.D.", "age": 49, "title": "CEO, President & Chairperson", "yearBorn": 1975, "fiscalYear": 2024, "totalPay": {"raw": 746836, "fmt": "746.84k", "longFmt": "746,836"}, "exercisedValue": {"raw": 210706, "fmt": "210.71k", "longFmt": "210,706"}, "unexercisedValue": {"raw": 2408685, "fmt": "2.41M", "longFmt": "2,408,685"}}, {"maxAge": 1, "name": "Mr. Andrew  Booth M.B.A.", "age": 50, "title": "Chief Financial Officer", "yearBorn": 1974, "fiscalYear": 2024, "totalPay": {"raw": 671720, "fmt": "671.72k", "longFmt": "671,720"}, "exercisedValue": {"raw": 0, "fmt": null, "longFmt": "0"}, "unexercisedValue": {"raw": 12299500, "fmt": "12.3M", "longFmt": "12,299,500"}}, {"maxAge": 1, "name": "Dr. Veronique  Lecault Ph.D.", "age": 39, "title": "CTO & Director", "yearBorn": 1985, "fiscalYear": 2024, "totalPay": {"raw": 667706, "fmt": "667.71k", "longFmt": "667,706"}, "exercisedValue": {"raw": 230210, "fmt": "230.21k", "longFmt": "230,210"}, "unexercisedValue": {"raw": 1260000, "fmt": "1.26M", "longFmt": "1,260,000"}}, {"maxAge": 1, "name": "Mr. Tryn T. Stimart Esq., J.D., M.Sc.", "age": 54, "title": "Chief Legal Officer, CCO, Compliance Officer, Corporate Secretary & Privacy Officer", "yearBorn": 1970, "fiscalYear": 2024, "totalPay": {"raw": 685080, "fmt": "685.08k", "longFmt": "685,080"}, "exercisedValue": {"raw": 0, "fmt": null, "longFmt": "0"}, "unexercisedValue": {"raw": 3502170, "fmt": "3.5M", "longFmt": "3,502,170"}}, {"maxAge": 1, "name": "Mr. Andrew  Knowles M.Sc.", "title": "VP of Operations", "fiscalYear": 2024, "exercisedValue": {"raw": 0, "fmt": null, "longFmt": "0"}, "unexercisedValue": {"raw": 0, "fmt": null, "longFmt": "0"}}, {"maxAge": 1, "name": "Marcie  Thiessen CPA, CGA", "title": "Senior Director of Finance & Accounting", "fiscalYear": 2024, "exercisedValue": {"raw": 0, "fmt": null, "longFmt": "0"}, "unexercisedValue": {"raw": 0, "fmt": null, "longFmt": "0"}}, {"maxAge": 1, "name": "Ms. Tiffany  Chiu B.Sc., Ph.D.", "title": "Vice President of Communications", "fiscalYear": 2024, "exercisedValue": {"raw": 0, "fmt": null, "longFmt": "0"}, "unexercisedValue": {"raw": 0, "fmt": null, "longFmt": "0"}}, {"maxAge": 1, "name": "Graham  Craig M.Sc.", "title": "Director of Corporate Development", "fiscalYear": 2024, "exercisedValue": {"raw": 0, "fmt": null, "longFmt": "0"}, "unexercisedValue": {"raw": 0, "fmt": null, "longFmt": "0"}}, {"maxAge": 1, "name": "Caitlin  Webster CIPD, M.Sc.", "title": "Director of Talent Development", "fiscalYear": 2024, "exercisedValue": {"raw": 0, "fmt": null, "longFmt": "0"}, "unexercisedValue": {"raw": 0, "fmt": null, "longFmt": "0"}}, {"maxAge": 1, "name": "Mr. Murray  McCutcheon Ph.D.", "title": "Senior Vice President of Partnering", "fiscalYear": 2024, "exercisedValue": {"raw": 0, "fmt": null, "longFmt": "0"}, "unexercisedValue": {"raw": 0, "fmt": null, "longFmt": "0"}}], "auditRisk": 7, "boardRisk": 9, "compensationRisk": 8, "shareHolderRightsRisk": 5, "overallRisk": 7, "governanceEpochDate": 1761955200, "compensationAsOfEpochDate": 1735603200, "executiveTeam": [], "maxAge": 86400}, "calendarEvents": {"maxAge": 1, "earnings": {"earningsDate": [{"raw": 1762462800, "fmt": "2025-11-06"}], "earningsCallDate": [{"raw": 1762466400, "fmt": "2025-11-06"}], "isEarningsDateEstimate": false, "earningsAverage": {"raw": -0.162, "fmt": "-0.16"}, "earningsLow": {"raw": -0.17, "fmt": "-0.17"}, "earningsHigh": {"raw": -0.14, "fmt": "-0.14"}, "revenueAverage": {"raw": 6332890, "fmt": "6.33M", "longFmt": "6,332,890"}, "revenueLow": {"raw": 4665000, "fmt": "4.67M", "longFmt": "4,665,000"}, "revenueHigh": {"raw": 9723000, "fmt": "9.72M", "longFmt": "9,723,000"}}, "exDividendDate": {}, "dividendDate": {}}, "earningsTrend": {"trend": [{"maxAge": 1, "period": "0q", "endDate": "2025-09-30", "growth": {"raw": 0.0471, "fmt": "4.71%"}, "earningsEstimate": {"avg": {"raw": -0.162, "fmt": "-0.16"}, "low": {"raw": -0.17, "fmt": "-0.17"}, "high": {"raw": -0.14, "fmt": "-0.14"}, "yearAgoEps": {"raw": -0.17, "fmt": "-0.17"}, "numberOfAnalysts": {"raw": 5, "fmt": "5", "longFmt": "5"}, "growth": {"raw": 0.0471, "fmt": "4.71%"}, "earningsCurrency": "USD"}, "revenueEstimate": {"avg": {"raw": 6332890, "fmt": "6.33M", "longFmt": "6,332,890"}, "low": {"raw": 4665000, "fmt": "4.67M", "longFmt": "4,665,000"}, "high": {"raw": 9723000, "fmt": "9.72M", "longFmt": "9,723,000"}, "numberOfAnalysts": {"raw": 9, "fmt": "9", "longFmt": "9"}, "yearAgoRevenue": {"raw": 6507000, "fmt": "6.51M", "longFmt": "6,507,000"}, "growth": {"raw": -0.026800001, "fmt": "-2.68%"}, "revenueCurrency": "USD"}, "epsTrend": {"current": {"raw": -0.162, "fmt": "-0.16"}, "7daysAgo": {"raw": -0.162, "fmt": "-0.16"}, "30daysAgo": {"raw": -0.162, "fmt": "-0.16"}, "60daysAgo": {"raw": -0.158, "fmt": "-0.16"}, "90daysAgo": {"raw": -0.16, "fmt": "-0.16"}, "epsTrendCurrency": "USD"}, "epsRevisions": {"upLast7days": {"raw": 1, "fmt": "1", "longFmt": "1"}, "upLast30days": {"raw": 1, "fmt": "1", "longFmt": "1"}, "downLast30days": {"raw": 1, "fmt": "1", "longFmt": "1"}, "downLast7Days": {"raw": 1, "fmt": "1", "longFmt": "1"}, "downLast90days": {}, "epsRevisionsCurrency": "USD"}}, {"maxAge": 1, "period": "+1q", "endDate": "2025-12-31", "growth": {"raw": -0.35, "fmt": "-35.00%"}, "earningsEstimate": {"avg": {"raw": -0.162, "fmt": "-0.16"}, "low": {"raw": -0.18, "fmt": "-0.18"}, "high": {"raw": -0.14, "fmt": "-0.14"}, "yearAgoEps": {"raw": -0.12, "fmt": "-0.12"}, "numberOfAnalysts": {"raw": 5, "fmt": "5", "longFmt": "5"}, "growth": {"raw": -0.35, "fmt": "-35.00%"}, "earningsCurrency": "USD"}, "revenueEstimate": {"avg": {"raw": 6868380, "fmt": "6.87M", "longFmt": "6,868,380"}, "low": {"raw": 4750000, "fmt": "4.75M", "longFmt": "4,750,000"}, "high": {"raw": 11242000, "fmt": "11.24M", "longFmt": "11,242,000"}, "numberOfAnalysts": {"raw": 8, "fmt": "8", "longFmt": "8"}, "yearAgoRevenue": {"raw": 5100000, "fmt": "5.1M", "longFmt": "5,100,000"}, "growth": {"raw": 0.34669998, "fmt": "34.67%"}, "revenueCurrency": "USD"}, "epsTrend": {"current": {"raw": -0.162, "fmt": "-0.16"}, "7daysAgo": {"raw": -0.162, "fmt": "-0.16"}, "30daysAgo": {"raw": -0.162, "fmt": "-0.16"}, "60daysAgo": {"raw": -0.16, "fmt": "-0.16"}, "90daysAgo": {"raw": -0.16167, "fmt": "-0.16"}, "epsTrendCurrency": "USD"}, "epsRevisions": {"upLast7days": {"raw": 1, "fmt": "1", "longFmt": "1"}, "upLast30days": {"raw": 1, "fmt": "1", "longFmt": "1"}, "downLast30days": {"raw": 1, "fmt": "1", "longFmt": "1"}, "downLast7Days": {"raw": 1, "fmt": "1", "longFmt": "1"}, "downLast90days": {}, "epsRevisionsCurrency": "USD"}}, {"maxAge": 1, "period": "0y", "endDate": "2025-12-31", "growth": {"raw": -0.0955, "fmt": "-9.55%"}, "earningsEstimate": {"avg": {"raw": -0.6025, "fmt": "-0.6"}, "low": {"raw": -0.65, "fmt": "-0.65"}, "high": {"raw": -0.55, "fmt": "-0.55"}, "yearAgoEps": {"raw": -0.55, "fmt": "-0.55"}, "numberOfAnalysts": {"raw": 4, "fmt": "4", "longFmt": "4"}, "growth": {"raw": -0.0955, "fmt": "-9.55%"}, "earningsCurrency": "USD"}, "revenueEstimate": {"avg": {"raw": 34091780, "fmt": "34.09M", "longFmt": "34,091,780"}, "low": {"raw": 30684000, "fmt": "30.68M", "longFmt": "30,684,000"}, "high": {"raw": 42284000, "fmt": "42.28M", "longFmt": "42,284,000"}, "numberOfAnalysts": {"raw": 9, "fmt": "9", "longFmt": "9"}, "yearAgoRevenue": {"raw": 28833000, "fmt": "28.83M", "longFmt": "28,833,000"}, "growth": {"raw": 0.1824, "fmt": "18.24%"}, "revenueCurrency": "USD"}, "epsTrend": {"current": {"raw": -0.6025, "fmt": "-0.6"}, "7daysAgo": {"raw": -0.6025, "fmt": "-0.6"}, "30daysAgo": {"raw": -0.6025, "fmt": "-0.6"}, "60daysAgo": {"raw": -0.6025, "fmt": "-0.6"}, "90daysAgo": {"raw": -0.64833, "fmt": "-0.65"}, "epsTrendCurrency": "USD"}, "epsRevisions": {"upLast7days": {"raw": 1, "fmt": "1", "longFmt": "1"}, "upLast30days": {"raw": 1, "fmt": "1", "longFmt": "1"}, "downLast30days": {"raw": 2, "fmt": "2", "longFmt": "2"}, "downLast7Days": {"raw": 1, "fmt": "1", "longFmt": "1"}, "downLast90days": {}, "epsRevisionsCurrency": "USD"}}, {"maxAge": 1, "period": "+1y", "endDate": "2026-12-31", "growth": {"raw": 0.1618, "fmt": "16.18%"}, "earningsEstimate": {"avg": {"raw": -0.505, "fmt": "-0.5"}, "low": {"raw": -0.83, "fmt": "-0.83"}, "high": {"raw": -0.21, "fmt": "-0.21"}, "yearAgoEps": {"raw": -0.6025, "fmt": "-0.6"}, "numberOfAnalysts": {"raw": 4, "fmt": "4", "longFmt": "4"}, "growth": {"raw": 0.1618, "fmt": "16.18%"}, "earningsCurrency": "USD"}, "revenueEstimate": {"avg": {"raw": 69208500, "fmt": "69.21M", "longFmt": "69,208,500"}, "low": {"raw": 29035000, "fmt": "29.04M", "longFmt": "29,035,000"}, "high": {"raw": 176533000, "fmt": "176.53M", "longFmt": "176,533,000"}, "numberOfAnalysts": {"raw": 8, "fmt": "8", "longFmt": "8"}, "yearAgoRevenue": {"raw": 34091780, "fmt": "34.09M", "longFmt": "34,091,780"}, "growth": {"raw": 1.0301, "fmt": "103.01%"}, "revenueCurrency": "USD"}, "epsTrend": {"current": {"raw": -0.505, "fmt": "-0.5"}, "7daysAgo": {"raw": -0.505, "fmt": "-0.5"}, "30daysAgo": {"raw": -0.505, "fmt": "-0.5"}, "60daysAgo": {"raw": -0.556, "fmt": "-0.56"}, "90daysAgo": {"raw": -0.56, "fmt": "-0.56"}, "epsTrendCurrency": "USD"}, "epsRevisions": {"upLast7days": {"raw": 0, "fmt": null, "longFmt": "0"}, "upLast30days": {"raw": 0, "fmt": null, "longFmt": "0"}, "downLast30days": {"raw": 2, "fmt": "2", "longFmt": "2"}, "downLast7Days": {"raw": 2, "fmt": "2", "longFmt": "2"}, "downLast90days": {}, "epsRevisionsCurrency": "USD"}}], "defaultMethodology": "nongaap", "maxAge": 1}, "earningsHistory": {"history": [{"maxAge": 1, "epsActual": {"raw": -0.17, "fmt": "-0.17"}, "epsEstimate": {"raw": -0.13, "fmt": "-0.13"}, "epsDifference": {"raw": -0.04, "fmt": "-0.04"}, "surprisePercent": {"raw": -0.3077, "fmt": "-30.77%"}, "quarter": {"raw": 1727654400, "fmt": "2024-09-30"}, "currency": "USD", "period": "-4q"}, {"maxAge": 1, "epsActual": {"raw": -0.12, "fmt": "-0.12"}, "epsEstimate": {"raw": -0.15143, "fmt": "-0.15"}, "epsDifference": {"raw": 0.03, "fmt": "0.03"}, "surprisePercent": {"raw": 0.2076, "fmt": "20.76%"}, "quarter": {"raw": 1735603200, "fmt": "2024-12-31"}, "currency": "USD", "period": "-3q"}, {"maxAge": 1, "epsActual": {"raw": -0.15, "fmt": "-0.15"}, "epsEstimate": {"raw": -0.1425, "fmt": "-0.14"}, "epsDifference": {"raw": -0.01, "fmt": "-0.01"}, "surprisePercent": {"raw": -0.052600004, "fmt": "-5.26%"}, "quarter": {"raw": 1743379200, "fmt": "2025-03-31"}, "currency": "USD", "period": "-2q"}, {"maxAge": 1, "epsActual": {"raw": -0.12, "fmt": "-0.12"}, "epsEstimate": {"raw": -0.16333, "fmt": "-0.16"}, "epsDifference": {"raw": 0.04, "fmt": "0.04"}, "surprisePercent": {"raw": 0.2653, "fmt": "26.53%"}, "quarter": {"raw": 1751241600, "fmt": "2025-06-30"}, "currency": "USD", "period": "-1q"}], "defaultMethodology": "nongaap", "maxAge": 86400}, "financialData": {"maxAge": 86400, "currentPrice": {"raw": 5.37, "fmt": "5.37"}, "targetHighPrice": {"raw": 17.0, "fmt": "17.00"}, "targetLowPrice": {"raw": 5.0, "fmt": "5.00"}, "targetMeanPrice": {"raw": 9.33333, "fmt": "9.33"}, "targetMedianPrice": {"raw": 8.5, "fmt": "8.50"}, "recommendationMean": {}, "recommendationKey": "none", "numberOfAnalystOpinions": {"raw": 6, "fmt": "6", "longFmt": "6"}, "totalCash": {"raw": 553078016, "fmt": "553.08M", "longFmt": "553,078,016"}, "totalCashPerShare": {"raw": 1.851, "fmt": "1.85"}, "ebitda": {"raw": -218379008, "fmt": "-218.38M", "longFmt": "-218,379,008"}, "totalDebt": {"raw": 142080000, "fmt": "142.08M", "longFmt": "142,080,000"}, "quickRatio": {"raw": 9.496, "fmt": "9.50"}, "currentRatio": {"raw": 11.073, "fmt": "11.07"}, "totalRevenue": {"raw": 32876000, "fmt": "32.88M", "longFmt": "32,876,000"}, "debtToEquity": {"raw": 14.108, "fmt": "14.11%"}, "revenuePerShare": {"raw": 0.111, "fmt": "0.11"}, "returnOnAssets": {"raw": -0.10955, "fmt": "-10.95%"}, "returnOnEquity": {"raw": -0.15642999, "fmt": "-15.64%"}, "grossProfits": {"raw": -135880000, "fmt": "-135.88M", "longFmt": "-135,880,000"}, "freeCashflow": {"raw": -207588000, "fmt": "-207.59M", "longFmt": "-207,588,000"}, "operatingCashflow": {"raw": -80840000, "fmt": "-80.84M", "longFmt": "-80,840,000"}, "earningsGrowth": {}, "revenueGrowth": {"raw": 1.333, "fmt": "133.30%"}, "grossMargins": {"raw": 0.0, "fmt": "0.00%"}, "ebitdaMargins": {"raw": 0.0, "fmt": "0.00%"}, "operatingMargins": {"raw": -2.90242, "fmt": "-290.24%"}, "profitMargins": {"raw": 0.0, "fmt": "0.00%"}, "financialCurrency": "USD"}}