{"assetProfile": {"address1": "6555 Carnegie Avenue", "address2": "4th Floor", "city": "Cleveland", "state": "OH", "zip": "44103", "country": "United States", "phone": "646 813 4701", "website": "https://www.abeonatherapeutics.com", "industry": "Biotechnology", "industryKey": "biotechnology", "industryDisp": "Biotechnology", "sector": "Healthcare", "sectorKey": "healthcare", "sectorDisp": "Healthcare", "longBusinessSummary": "Abeona Therapeutics Inc., a clinical-stage biopharmaceutical company, develops gene and cell therapies for life-threatening diseases. Its lead clinical program is pz-cel, an autologous, cell-based gene therapy for the treatment of patients with recessive dystrophic epidermolysis bullosa. The company also develops ABO-503 to treat X-linked retinoschisis; ABO-504 for the treatment of stargardt disease; and ABO-505 to treat autosomal dominant optic atrophy. In addition, it is developing AAV-based gene therapy through its AIM vector platform programs. The company was formerly known as PlasmaTech Biopharmaceuticals, Inc. and changed its name to Abeona Therapeutics Inc. in June 2015. Abeona Therapeutics Inc. was founded in 1974 and is headquartered in Cleveland, Ohio.", "fullTimeEmployees": 136, "companyOfficers": [{"maxAge": 1, "name": "Dr. Vishwas  Seshadri M.B.A., Ph.D.", "age": 48, "title": "President, CEO & Director", "yearBorn": 1976, "fiscalYear": 2024, "totalPay": {"raw": 1471508, "fmt": "1.47M", "longFmt": "1,471,508"}, "exercisedValue": {"raw": 0, "fmt": null, "longFmt": "0"}, "unexercisedValue": {"raw": 0, "fmt": null, "longFmt": "0"}}, {"maxAge": 1, "name": "Mr. Joseph Walter Vazzano CPA", "age": 40, "title": "Chief Financial Officer", "yearBorn": 1984, "fiscalYear": 2024, "totalPay": {"raw": 889039, "fmt": "889.04k", "longFmt": "889,039"}, "exercisedValue": {"raw": 0, "fmt": null, "longFmt": "0"}, "unexercisedValue": {"raw": 0, "fmt": null, "longFmt": "0"}}, {"maxAge": 1, "name": "Dr. Brendan M. O'Malley J.D., Ph.D.", "age": 55, "title": "Chief Legal Officer", "yearBorn": 1969, "fiscalYear": 2024, "totalPay": {"raw": 777529, "fmt": "777.53k", "longFmt": "777,529"}, "exercisedValue": {"raw": 0, "fmt": null, "longFmt": "0"}, "unexercisedValue": {"raw": 0, "fmt": null, "longFmt": "0"}}, {"maxAge": 1, "name": "Mr. Brian  Kevany Ph.D.", "title": "Senior VP, CTO & CSO", "fiscalYear": 2024, "exercisedValue": {"raw": 0, "fmt": null, "longFmt": "0"}, "unexercisedValue": {"raw": 0, "fmt": null, "longFmt": "0"}}, {"maxAge": 1, "name": "Mr. Gregory  Gin", "title": "Vice President of Investor Relations & Corporate Communications", "fiscalYear": 2024, "exercisedValue": {"raw": 0, "fmt": null, "longFmt": "0"}, "unexercisedValue": {"raw": 0, "fmt": null, "longFmt": "0"}}, {"maxAge": 1, "name": "Ms. Alison  Hardgrove", "title": "Chief People Officer", "fiscalYear": 2024, "exercisedValue": {"raw": 0, "fmt": null, "longFmt": "0"}, "unexercisedValue": {"raw": 0, "fmt": null, "longFmt": "0"}}, {"maxAge": 1, "name": "Mr. Jon  Voss", "age": 64, "title": "VP & Head of Quality", "yearBorn": 1960, "fiscalYear": 2024, "exercisedValue": {"raw": 0, "fmt": null, "longFmt": "0"}, "unexercisedValue": {"raw": 0, "fmt": null, "longFmt": "0"}}, {"maxAge": 1, "name": "Dr. Madhav  Vasanthavada M.B.A., Ph.D.", "title": "Senior VP, Chief Commercial Officer & Head of Business Development", "fiscalYear": 2024, "exercisedValue": {"raw": 0, "fmt": null, "longFmt": "0"}, "unexercisedValue": {"raw": 0, "fmt": null, "longFmt": "0"}}, {"maxAge": 1, "name": "Mr. Carl  Denny", "title": "Senior Vice President of Regulatory Affairs", "fiscalYear": 2024, "exercisedValue": {"raw": 0, "fmt": null, "longFmt": "0"}, "unexercisedValue": {"raw": 0, "fmt": null, "longFmt": "0"}}, {"maxAge": 1, "name": "Ms. Megan  Callan", "title": "Vice President & Head of Quality", "fiscalYear": 2024, "exercisedValue": {"raw": 0, "fmt": null, "longFmt": "0"}, "unexercisedValue": {"raw": 0, "fmt": null, "longFmt": "0"}}], "auditRisk": 3, "boardRisk": 7, "compensationRisk": 7, "shareHolderRightsRisk": 4, "overallRisk": 5, "governanceEpochDate": 1761955200, "compensationAsOfEpochDate": 1735603200, "irWebsite": "http://www.accesspharma.com/investor-relations/", "executiveTeam": [], "maxAge": 86400}, "calendarEvents": {"maxAge": 1, "earnings": {"earningsDate": [{"raw": 1763040600, "fmt": "2025-11-13"}], "earningsCallDate": [{"raw": 1755171000, "fmt": "2025-08-14"}], "isEarningsDateEstimate": true, "earningsAverage": {"raw": -0.34, "fmt": "-0.34"}, "earningsLow": {"raw": -0.38, "fmt": "-0.38"}, "earningsHigh": {"raw": -0.32, "fmt": "-0.32"}, "revenueAverage": {"raw": 5533430, "fmt": "5.53M", "longFmt": "5,533,430"}, "revenueLow": {"raw": 2332000, "fmt": "2.33M", "longFmt": "2,332,000"}, "revenueHigh": {"raw": 8000000, "fmt": "8M", "longFmt": "8,000,000"}}, "exDividendDate": {}, "dividendDate": {}}, "earningsTrend": {"trend": [{"maxAge": 1, "period": "0q", "endDate": "2025-09-30", "growth": {"raw": -0.08180001, "fmt": "-8.18%"}, "earningsEstimate": {"avg": {"raw": -0.34, "fmt": "-0.34"}, "low": {"raw": -0.38, "fmt": "-0.38"}, "high": {"raw": -0.32, "fmt": "-0.32"}, "yearAgoEps": {"raw": -0.3143, "fmt": "-0.31"}, "numberOfAnalysts": {"raw": 4, "fmt": "4", "longFmt": "4"}, "growth": {"raw": -0.08180001, "fmt": "-8.18%"}, "earningsCurrency": "USD"}, "revenueEstimate": {"avg": {"raw": 5533430, "fmt": "5.53M", "longFmt": "5,533,430"}, "low": {"raw": 2332000, "fmt": "2.33M", "longFmt": "2,332,000"}, "high": {"raw": 8000000, "fmt": "8M", "longFmt": "8,000,000"}, "numberOfAnalysts": {"raw": 7, "fmt": "7", "longFmt": "7"}, "yearAgoRevenue": {"raw": 0, "fmt": null, "longFmt": "0"}, "growth": {"raw": 0.0, "fmt": "0.00%"}, "revenueCurrency": "USD"}, "epsTrend": {"current": {"raw": -0.34, "fmt": "-0.34"}, "7daysAgo": {"raw": 0.275, "fmt": "0.28"}, "30daysAgo": {"raw": 0.275, "fmt": "0.28"}, "60daysAgo": {"raw": 0.275, "fmt": "0.28"}, "90daysAgo": {"raw": -0.29333, "fmt": "-0.29"}, "epsTrendCurrency": "USD"}, "epsRevisions": {"upLast7days": {"raw": 0, "fmt": null, "longFmt": "0"}, "upLast30days": {"raw": 0, "fmt": null, "longFmt": "0"}, "downLast30days": {"raw": 2, "fmt": "2", "longFmt": "2"}, "downLast7Days": {"raw": 2, "fmt": "2", "longFmt": "2"}, "downLast90days": {}, "epsRevisionsCurrency": "USD"}}, {"maxAge": 1, "period": "+1q", "endDate": "2025-12-31", "growth": {"raw": 0.541, "fmt": "54.10%"}, "earningsEstimate": {"avg": {"raw": -0.145, "fmt": "-0.14"}, "low": {"raw": -0.27, "fmt": "-0.27"}, "high": {"raw": -0.05, "fmt": "-0.05"}, "yearAgoEps": {"raw": -0.3159, "fmt": "-0.32"}, "numberOfAnalysts": {"raw": 4, "fmt": "4", "longFmt": "4"}, "growth": {"raw": 0.541, "fmt": "54.10%"}, "earningsCurrency": "USD"}, "revenueEstimate": {"avg": {"raw": 21654710, "fmt": "21.65M", "longFmt": "21,654,710"}, "low": {"raw": 12000000, "fmt": "12M", "longFmt": "12,000,000"}, "high": {"raw": 27181000, "fmt": "27.18M", "longFmt": "27,181,000"}, "numberOfAnalysts": {"raw": 7, "fmt": "7", "longFmt": "7"}, "yearAgoRevenue": {"raw": 0, "fmt": null, "longFmt": "0"}, "growth": {"raw": 0.0, "fmt": "0.00%"}, "revenueCurrency": "USD"}, "epsTrend": {"current": {"raw": -0.145, "fmt": "-0.14"}, "7daysAgo": {"raw": -0.1175, "fmt": "-0.12"}, "30daysAgo": {"raw": -0.1175, "fmt": "-0.12"}, "60daysAgo": {"raw": -0.1175, "fmt": "-0.12"}, "90daysAgo": {"raw": -0.10333, "fmt": "-0.1"}, "epsTrendCurrency": "USD"}, "epsRevisions": {"upLast7days": {"raw": 1, "fmt": "1", "longFmt": "1"}, "upLast30days": {"raw": 1, "fmt": "1", "longFmt": "1"}, "downLast30days": {"raw": 1, "fmt": "1", "longFmt": "1"}, "downLast7Days": {"raw": 1, "fmt": "1", "longFmt": "1"}, "downLast90days": {}, "epsRevisionsCurrency": "USD"}}, {"maxAge": 1, "period": "0y", "endDate": "2025-12-31", "growth": {"raw": 0.7111, "fmt": "71.11%"}, "earningsEstimate": {"avg": {"raw": -0.44333, "fmt": "-0.44"}, "low": {"raw": -1.45, "fmt": "-1.45"}, "high": {"raw": 1.15, "fmt": "1.15"}, "yearAgoEps": {"raw": -1.5343, "fmt": "-1.53"}, "numberOfAnalysts": {"raw": 3, "fmt": "3", "longFmt": "3"}, "growth": {"raw": 0.7111, "fmt": "71.11%"}, "earningsCurrency": "USD"}, "revenueEstimate": {"avg": {"raw": 27531140, "fmt": "27.53M", "longFmt": "27,531,140"}, "low": {"raw": 16400000, "fmt": "16.4M", "longFmt": "16,400,000"}, "high": {"raw": 33072000, "fmt": "33.07M", "longFmt": "33,072,000"}, "numberOfAnalysts": {"raw": 7, "fmt": "7", "longFmt": "7"}, "yearAgoRevenue": {"raw": 0, "fmt": null, "longFmt": "0"}, "growth": {"raw": 0.0, "fmt": "0.00%"}, "revenueCurrency": "USD"}, "epsTrend": {"current": {"raw": -0.44333, "fmt": "-0.44"}, "7daysAgo": {"raw": -0.46, "fmt": "-0.46"}, "30daysAgo": {"raw": -0.46, "fmt": "-0.46"}, "60daysAgo": {"raw": -0.46, "fmt": "-0.46"}, "90daysAgo": {"raw": -1.06333, "fmt": "-1.06"}, "epsTrendCurrency": "USD"}, "epsRevisions": {"upLast7days": {"raw": 1, "fmt": "1", "longFmt": "1"}, "upLast30days": {"raw": 1, "fmt": "1", "longFmt": "1"}, "downLast30days": {"raw": 0, "fmt": null, "longFmt": "0"}, "downLast7Days": {"raw": 0, "fmt": null, "longFmt": "0"}, "downLast90days": {}, "epsRevisionsCurrency": "USD"}}, {"maxAge": 1, "period": "+1y", "endDate": "2026-12-31", "growth": {"raw": 0.8139, "fmt": "81.39%"}, "earningsEstimate": {"avg": {"raw": -0.0825, "fmt": "-0.08"}, "low": {"raw": -0.47, "fmt": "-0.47"}, "high": {"raw": 0.15, "fmt": "0.15"}, "yearAgoEps": {"raw": -0.44333, "fmt": "-0.44"}, "numberOfAnalysts": {"raw": 4, "fmt": "4", "longFmt": "4"}, "growth": {"raw": 0.8139, "fmt": "81.39%"}, "earningsCurrency": "USD"}, "revenueEstimate": {"avg": {"raw": 116682710, "fmt": "116.68M", "longFmt": "116,682,710"}, "low": {"raw": 96100000, "fmt": "96.1M", "longFmt": "96,100,000"}, "high": {"raw": 140300000, "fmt": "140.3M", "longFmt": "140,300,000"}, "numberOfAnalysts": {"raw": 7, "fmt": "7", "longFmt": "7"}, "yearAgoRevenue": {"raw": 27531140, "fmt": "27.53M", "longFmt": "27,531,140"}, "growth": {"raw": 3.2382002, "fmt": "323.82%"}, "revenueCurrency": "USD"}, "epsTrend": {"current": {"raw": -0.0825, "fmt": "-0.08"}, "7daysAgo": {"raw": -0.2075, "fmt": "-0.21"}, "30daysAgo": {"raw": -0.2075, "fmt": "-0.21"}, "60daysAgo": {"raw": -0.2075, "fmt": "-0.21"}, "90daysAgo": {"raw": -0.16, "fmt": "-0.16"}, "epsTrendCurrency": "USD"}, "epsRevisions": {"upLast7days": {"raw": 1, "fmt": "1", "longFmt": "1"}, "upLast30days": {"raw": 1, "fmt": "1", "longFmt": "1"}, "downLast30days": {"raw": 1, "fmt": "1", "longFmt": "1"}, "downLast7Days": {"raw": 1, "fmt": "1", "longFmt": "1"}, "downLast90days": {}, "epsRevisionsCurrency": "USD"}}], "defaultMethodology": "nongaap", "maxAge": 1}, "earningsHistory": {"history": [{"maxAge": 1, "epsActual": {"raw": -0.3143, "fmt": "-0.31"}, "epsEstimate": {"raw": -0.415, "fmt": "-0.41"}, "epsDifference": {"raw": 0.1, "fmt": "0.1"}, "surprisePercent": {"raw": 0.24270001, "fmt": "24.27%"}, "quarter": {"raw": 1727654400, "fmt": "2024-09-30"}, "currency": "USD", "period": "-4q"}, {"maxAge": 1, "epsActual": {"raw": -0.3159, "fmt": "-0.32"}, "epsEstimate": {"raw": -0.34333, "fmt": "-0.34"}, "epsDifference": {"raw": 0.03, "fmt": "0.03"}, "surprisePercent": {"raw": 0.0799, "fmt": "7.99%"}, "quarter": {"raw": 1735603200, "fmt": "2024-12-31"}, "currency": "USD", "period": "-3q"}, {"maxAge": 1, "epsActual": {"raw": -0.24, "fmt": "-0.24"}, "epsEstimate": {"raw": -0.354, "fmt": "-0.35"}, "epsDifference": {"raw": 0.11, "fmt": "0.11"}, "surprisePercent": {"raw": 0.322, "fmt": "32.20%"}, "quarter": {"raw": 1743379200, "fmt": "2025-03-31"}, "currency": "USD", "period": "-2q"}, {"maxAge": 1, "epsActual": {"raw": -0.4669, "fmt": "-0.47"}, "epsEstimate": {"raw": -0.3925, "fmt": "-0.39"}, "epsDifference": {"raw": -0.07, "fmt": "-0.07"}, "surprisePercent": {"raw": -0.18959999, "fmt": "-18.96%"}, "quarter": {"raw": 1751241600, "fmt": "2025-06-30"}, "currency": "USD", "period": "-1q"}], "defaultMethodology": "nongaap", "maxAge": 86400}, "financialData": {"maxAge": 86400, "currentPrice": {"raw": 4.78, "fmt": "4.78"}, "targetHighPrice": {"raw": 27.5, "fmt": "27.50"}, "targetLowPrice": {"raw": 14.0, "fmt": "14.00"}, "targetMeanPrice": {"raw": 20.5, "fmt": "20.50"}, "targetMedianPrice": {"raw": 20.0, "fmt": "20.00"}, "recommendationMean": {}, "recommendationKey": "none", "numberOfAnalystOpinions": {"raw": 7, "fmt": "7", "longFmt": "7"}, "totalCash": {"raw": 225518000, "fmt": "225.52M", "longFmt": "225,518,000"}, "totalCashPerShare": {"raw": 4.398, "fmt": "4.4"}, "ebitda": {"raw": -72432000, "fmt": "-72.43M", "longFmt": "-72,432,000"}, "totalDebt": {"raw": 24076000, "fmt": "24.08M", "longFmt": "24,076,000"}, "quickRatio": {"raw": 6.581, "fmt": "6.58"}, "currentRatio": {"raw": 6.729, "fmt": "6.73"}, "totalRevenue": {"raw": 400000, "fmt": "400k", "longFmt": "400,000"}, "debtToEquity": {"raw": 14.719, "fmt": "14.72%"}, "revenuePerShare": {"raw": 0.008, "fmt": "0.01"}, "returnOnAssets": {"raw": -0.24503, "fmt": "-24.50%"}, "returnOnEquity": {"raw": 0.48343, "fmt": "48.34%"}, "grossProfits": {"raw": -33519000, "fmt": "-33.52M", "longFmt": "-33,519,000"}, "freeCashflow": {"raw": -30065876, "fmt": "-30.07M", "longFmt": "-30,065,876"}, "operatingCashflow": {"raw": -65979000, "fmt": "-65.98M", "longFmt": "-65,979,000"}, "earningsGrowth": {}, "revenueGrowth": {}, "grossMargins": {"raw": 0.0, "fmt": "0.00%"}, "ebitdaMargins": {"raw": 0.0, "fmt": "0.00%"}, "operatingMargins": {"raw": -56.98, "fmt": "-5,698.00%"}, "profitMargins": {"raw": 143.105, "fmt": "14,310.50%"}, "financialCurrency": "USD"}}