{"assetProfile": {"address1": "2101 Park Center Drive", "address2": "Suite 200", "city": "Orlando", "state": "FL", "zip": "32835", "country": "United States", "phone": "800 561 4148", "website": "https://abacusgm.com", "industry": "Insurance - Life", "industryKey": "insurance-life", "industryDisp": "Insurance - Life", "sector": "Financial Services", "sectorKey": "financial-services", "sectorDisp": "Financial Services", "longBusinessSummary": "Abacus Global Management, Inc. operates as an alternative asset manager and market maker in the United States. It operates in five segments: Active Management, Originations, Asset Management, Portfolio Servicing, and Technology Services. The Active Management segment is involved in the buying, selling, and trading of policies; and the maintenance of policies until receipt of death benefits. Its Originations segment originates life insurance policy settlements between investors or buyers, and the sellers, who are often the original policy owners. The Asset Management segment provides asset management services to investors investing in alternative investment and equity portfolio funds based on fund investment agreements. Its Portfolio Servicing segment offers policy services to customers on a contract basis. The Technology Services segment provides real-time mortality verification, missing participant verification, and other services specific to the life insurance market services to customers on a contract basis. It sells its products through financial advisors or agents, direct-to-consumer, and traditional life settlements intermediaries. The company was formerly known as Abacus Life, Inc. and changed its name to Abacus Global Management, Inc. in February 2025. Abacus Global Management, Inc. was founded in 2004 and is headquartered in Orlando, Florida.", "fullTimeEmployees": 157, "companyOfficers": [{"maxAge": 1, "name": "Mr. Jay J. Jackson", "age": 52, "title": "CEO, President & Chairman", "yearBorn": 1972, "fiscalYear": 2024, "totalPay": {"raw": 341282, "fmt": "341.28k", "longFmt": "341,282"}, "exercisedValue": {"raw": 0, "fmt": null, "longFmt": "0"}, "unexercisedValue": {"raw": 0, "fmt": null, "longFmt": "0"}}, {"maxAge": 1, "name": "Mr. Todd  McNealy", "age": 58, "title": "Co-Founder, President & Director", "yearBorn": 1966, "fiscalYear": 2024, "totalPay": {"raw": 339317, "fmt": "339.32k", "longFmt": "339,317"}, "exercisedValue": {"raw": 0, "fmt": null, "longFmt": "0"}, "unexercisedValue": {"raw": 0, "fmt": null, "longFmt": "0"}}, {"maxAge": 1, "name": "Mr. William Hugh McCauley Jr.", "age": 52, "title": "Chief Financial Officer", "yearBorn": 1972, "fiscalYear": 2024, "totalPay": {"raw": 1145368, "fmt": "1.15M", "longFmt": "1,145,368"}, "exercisedValue": {"raw": 0, "fmt": null, "longFmt": "0"}, "unexercisedValue": {"raw": 0, "fmt": null, "longFmt": "0"}}, {"maxAge": 1, "name": "Mr. Matthew A. Ganovsky", "age": 58, "title": "Co-Founder, President & Managing Partner", "yearBorn": 1966, "fiscalYear": 2024, "totalPay": {"raw": 210000, "fmt": "210k", "longFmt": "210,000"}, "exercisedValue": {"raw": 0, "fmt": null, "longFmt": "0"}, "unexercisedValue": {"raw": 0, "fmt": null, "longFmt": "0"}}, {"maxAge": 1, "name": "Mr. Kevin Scott Kirby", "age": 56, "title": "Co-Founder, President & Managing Partner", "yearBorn": 1968, "fiscalYear": 2024, "totalPay": {"raw": 210000, "fmt": "210k", "longFmt": "210,000"}, "exercisedValue": {"raw": 0, "fmt": null, "longFmt": "0"}, "unexercisedValue": {"raw": 0, "fmt": null, "longFmt": "0"}}, {"maxAge": 1, "name": "Krissy  Lubrano", "title": "Managing Director of Operations & HR", "fiscalYear": 2024, "exercisedValue": {"raw": 0, "fmt": null, "longFmt": "0"}, "unexercisedValue": {"raw": 0, "fmt": null, "longFmt": "0"}}, {"maxAge": 1, "name": "Mr. Robert F. Phillips", "title": "Senior VP of Investor Relations & Corporate Affairs", "fiscalYear": 2024, "exercisedValue": {"raw": 0, "fmt": null, "longFmt": "0"}, "unexercisedValue": {"raw": 0, "fmt": null, "longFmt": "0"}}, {"maxAge": 1, "name": "Mr. Christopher David Romaine", "age": 52, "title": "General Counsel", "yearBorn": 1972, "fiscalYear": 2024, "exercisedValue": {"raw": 0, "fmt": null, "longFmt": "0"}, "unexercisedValue": {"raw": 0, "fmt": null, "longFmt": "0"}}, {"maxAge": 1, "name": "Mr. Ralph Anthony Milne", "title": "Chief Compliance Officer", "fiscalYear": 2024, "exercisedValue": {"raw": 0, "fmt": null, "longFmt": "0"}, "unexercisedValue": {"raw": 0, "fmt": null, "longFmt": "0"}}, {"maxAge": 1, "name": "Mr. Jeff  Smith", "title": "Vice President of Marketing", "fiscalYear": 2024, "exercisedValue": {"raw": 0, "fmt": null, "longFmt": "0"}, "unexercisedValue": {"raw": 0, "fmt": null, "longFmt": "0"}}], "compensationAsOfEpochDate": 1735603200, "executiveTeam": [], "maxAge": 86400}, "calendarEvents": {"maxAge": 1, "earnings": {"earningsDate": [{"raw": 1762462800, "fmt": "2025-11-06"}], "earningsCallDate": [{"raw": 1762466400, "fmt": "2025-11-06"}], "isEarningsDateEstimate": false, "earningsAverage": {"raw": 0.184, "fmt": "0.18"}, "earningsLow": {"raw": 0.16, "fmt": "0.16"}, "earningsHigh": {"raw": 0.2, "fmt": "0.20"}, "revenueAverage": {"raw": 47416330, "fmt": "47.42M", "longFmt": "47,416,330"}, "revenueLow": {"raw": 34800000, "fmt": "34.8M", "longFmt": "34,800,000"}, "revenueHigh": {"raw": 55000000, "fmt": "55M", "longFmt": "55,000,000"}}, "exDividendDate": {}, "dividendDate": {}}, "earningsTrend": {"trend": [{"maxAge": 1, "period": "0q", "endDate": "2025-09-30", "growth": {"raw": -0.08, "fmt": "-8.00%"}, "earningsEstimate": {"avg": {"raw": 0.184, "fmt": "0.18"}, "low": {"raw": 0.16, "fmt": "0.16"}, "high": {"raw": 0.2, "fmt": "0.2"}, "yearAgoEps": {"raw": 0.2, "fmt": "0.2"}, "numberOfAnalysts": {"raw": 5, "fmt": "5", "longFmt": "5"}, "growth": {"raw": -0.08, "fmt": "-8.00%"}, "earningsCurrency": "USD"}, "revenueEstimate": {"avg": {"raw": 47416330, "fmt": "47.42M", "longFmt": "47,416,330"}, "low": {"raw": 34800000, "fmt": "34.8M", "longFmt": "34,800,000"}, "high": {"raw": 55000000, "fmt": "55M", "longFmt": "55,000,000"}, "numberOfAnalysts": {"raw": 3, "fmt": "3", "longFmt": "3"}, "yearAgoRevenue": {"raw": 28148490, "fmt": "28.15M", "longFmt": "28,148,490"}, "growth": {"raw": 0.6845, "fmt": "68.45%"}, "revenueCurrency": "USD"}, "epsTrend": {"current": {"raw": 0.184, "fmt": "0.18"}, "7daysAgo": {"raw": 0.185, "fmt": "0.19"}, "30daysAgo": {"raw": 0.185, "fmt": "0.19"}, "60daysAgo": {"raw": 0.185, "fmt": "0.19"}, "90daysAgo": {"raw": 0.196, "fmt": "0.2"}, "epsTrendCurrency": "USD"}, "epsRevisions": {"upLast7days": {"raw": 1, "fmt": "1", "longFmt": "1"}, "upLast30days": {"raw": 2, "fmt": "2", "longFmt": "2"}, "downLast30days": {"raw": 2, "fmt": "2", "longFmt": "2"}, "downLast7Days": {"raw": 1, "fmt": "1", "longFmt": "1"}, "downLast90days": {}, "epsRevisionsCurrency": "USD"}}, {"maxAge": 1, "period": "+1q", "endDate": "2025-12-31", "growth": {"raw": 0.2188, "fmt": "21.88%"}, "earningsEstimate": {"avg": {"raw": 0.195, "fmt": "0.19"}, "low": {"raw": 0.18, "fmt": "0.18"}, "high": {"raw": 0.21, "fmt": "0.21"}, "yearAgoEps": {"raw": 0.16, "fmt": "0.16"}, "numberOfAnalysts": {"raw": 4, "fmt": "4", "longFmt": "4"}, "growth": {"raw": 0.2188, "fmt": "21.88%"}, "earningsCurrency": "USD"}, "revenueEstimate": {"avg": {"raw": 50487000, "fmt": "50.49M", "longFmt": "50,487,000"}, "low": {"raw": 41000000, "fmt": "41M", "longFmt": "41,000,000"}, "high": {"raw": 56000000, "fmt": "56M", "longFmt": "56,000,000"}, "numberOfAnalysts": {"raw": 3, "fmt": "3", "longFmt": "3"}, "yearAgoRevenue": {"raw": 33212010, "fmt": "33.21M", "longFmt": "33,212,010"}, "growth": {"raw": 0.5201, "fmt": "52.01%"}, "revenueCurrency": "USD"}, "epsTrend": {"current": {"raw": 0.195, "fmt": "0.19"}, "7daysAgo": {"raw": 0.195, "fmt": "0.19"}, "30daysAgo": {"raw": 0.195, "fmt": "0.19"}, "60daysAgo": {"raw": 0.195, "fmt": "0.19"}, "90daysAgo": {"raw": 0.222, "fmt": "0.22"}, "epsTrendCurrency": "USD"}, "epsRevisions": {"upLast7days": {"raw": 0, "fmt": null, "longFmt": "0"}, "upLast30days": {"raw": 0, "fmt": null, "longFmt": "0"}, "downLast30days": {"raw": 2, "fmt": "2", "longFmt": "2"}, "downLast7Days": {"raw": 2, "fmt": "2", "longFmt": "2"}, "downLast90days": {}, "epsRevisionsCurrency": "USD"}}, {"maxAge": 1, "period": "0y", "endDate": "2025-12-31", "growth": {"raw": 0.19389999, "fmt": "19.39%"}, "earningsEstimate": {"avg": {"raw": 0.788, "fmt": "0.79"}, "low": {"raw": 0.75, "fmt": "0.75"}, "high": {"raw": 0.82, "fmt": "0.82"}, "yearAgoEps": {"raw": 0.66, "fmt": "0.66"}, "numberOfAnalysts": {"raw": 5, "fmt": "5", "longFmt": "5"}, "growth": {"raw": 0.19389999, "fmt": "19.39%"}, "earningsCurrency": "USD"}, "revenueEstimate": {"avg": {"raw": 198291330, "fmt": "198.29M", "longFmt": "198,291,330"}, "low": {"raw": 176200000, "fmt": "176.2M", "longFmt": "176,200,000"}, "high": {"raw": 211400000, "fmt": "211.4M", "longFmt": "211,400,000"}, "numberOfAnalysts": {"raw": 3, "fmt": "3", "longFmt": "3"}, "yearAgoRevenue": {"raw": 111923790, "fmt": "111.92M", "longFmt": "111,923,790"}, "growth": {"raw": 0.77169997, "fmt": "77.17%"}, "revenueCurrency": "USD"}, "epsTrend": {"current": {"raw": 0.788, "fmt": "0.79"}, "7daysAgo": {"raw": 0.79, "fmt": "0.79"}, "30daysAgo": {"raw": 0.79, "fmt": "0.79"}, "60daysAgo": {"raw": 0.79, "fmt": "0.79"}, "90daysAgo": {"raw": 0.758, "fmt": "0.76"}, "epsTrendCurrency": "USD"}, "epsRevisions": {"upLast7days": {"raw": 0, "fmt": null, "longFmt": "0"}, "upLast30days": {"raw": 0, "fmt": null, "longFmt": "0"}, "downLast30days": {"raw": 0, "fmt": null, "longFmt": "0"}, "downLast7Days": {"raw": 0, "fmt": null, "longFmt": "0"}, "downLast90days": {}, "epsRevisionsCurrency": "USD"}}, {"maxAge": 1, "period": "+1y", "endDate": "2026-12-31", "growth": {"raw": 0.24620001, "fmt": "24.62%"}, "earningsEstimate": {"avg": {"raw": 0.982, "fmt": "0.98"}, "low": {"raw": 0.85, "fmt": "0.85"}, "high": {"raw": 1.04, "fmt": "1.04"}, "yearAgoEps": {"raw": 0.788, "fmt": "0.79"}, "numberOfAnalysts": {"raw": 5, "fmt": "5", "longFmt": "5"}, "growth": {"raw": 0.24620001, "fmt": "24.62%"}, "earningsCurrency": "USD"}, "revenueEstimate": {"avg": {"raw": 238854400, "fmt": "238.85M", "longFmt": "238,854,400"}, "low": {"raw": 217600000, "fmt": "217.6M", "longFmt": "217,600,000"}, "high": {"raw": 258548000, "fmt": "258.55M", "longFmt": "258,548,000"}, "numberOfAnalysts": {"raw": 5, "fmt": "5", "longFmt": "5"}, "yearAgoRevenue": {"raw": 198291330, "fmt": "198.29M", "longFmt": "198,291,330"}, "growth": {"raw": 0.20459999, "fmt": "20.46%"}, "revenueCurrency": "USD"}, "epsTrend": {"current": {"raw": 0.982, "fmt": "0.98"}, "7daysAgo": {"raw": 0.982, "fmt": "0.98"}, "30daysAgo": {"raw": 0.982, "fmt": "0.98"}, "60daysAgo": {"raw": 0.9725, "fmt": "0.97"}, "90daysAgo": {"raw": 0.95, "fmt": "0.95"}, "epsTrendCurrency": "USD"}, "epsRevisions": {"upLast7days": {"raw": 1, "fmt": "1", "longFmt": "1"}, "upLast30days": {"raw": 1, "fmt": "1", "longFmt": "1"}, "downLast30days": {"raw": 0, "fmt": null, "longFmt": "0"}, "downLast7Days": {"raw": 0, "fmt": null, "longFmt": "0"}, "downLast90days": {}, "epsRevisionsCurrency": "USD"}}], "defaultMethodology": "nongaap", "maxAge": 1}, "earningsHistory": {"history": [{"maxAge": 1, "epsActual": {"raw": 0.2, "fmt": "0.2"}, "epsEstimate": {"raw": 0.14, "fmt": "0.14"}, "epsDifference": {"raw": 0.06, "fmt": "0.06"}, "surprisePercent": {"raw": 0.4286, "fmt": "42.86%"}, "quarter": {"raw": 1727654400, "fmt": "2024-09-30"}, "currency": "USD", "period": "-4q"}, {"maxAge": 1, "epsActual": {"raw": 0.16, "fmt": "0.16"}, "epsEstimate": {"raw": 0.14333, "fmt": "0.14"}, "epsDifference": {"raw": 0.02, "fmt": "0.02"}, "surprisePercent": {"raw": 0.1163, "fmt": "11.63%"}, "quarter": {"raw": 1735603200, "fmt": "2024-12-31"}, "currency": "USD", "period": "-3q"}, {"maxAge": 1, "epsActual": {"raw": 0.18, "fmt": "0.18"}, "epsEstimate": {"raw": 0.158, "fmt": "0.16"}, "epsDifference": {"raw": 0.02, "fmt": "0.02"}, "surprisePercent": {"raw": 0.1392, "fmt": "13.92%"}, "quarter": {"raw": 1743379200, "fmt": "2025-03-31"}, "currency": "USD", "period": "-2q"}, {"maxAge": 1, "epsActual": {"raw": 0.22, "fmt": "0.22"}, "epsEstimate": {"raw": 0.16333, "fmt": "0.16"}, "epsDifference": {"raw": 0.06, "fmt": "0.06"}, "surprisePercent": {"raw": 0.347, "fmt": "34.70%"}, "quarter": {"raw": 1751241600, "fmt": "2025-06-30"}, "currency": "USD", "period": "-1q"}], "defaultMethodology": "nongaap", "maxAge": 86400}, "financialData": {"maxAge": 86400, "currentPrice": {"raw": 5.17, "fmt": "5.17"}, "targetHighPrice": {"raw": 15.0, "fmt": "15.00"}, "targetLowPrice": {"raw": 9.0, "fmt": "9.00"}, "targetMeanPrice": {"raw": 13.1, "fmt": "13.10"}, "targetMedianPrice": {"raw": 14.0, "fmt": "14.00"}, "recommendationMean": {"raw": 1.4, "fmt": "1.40"}, "recommendationKey": "strong_buy", "numberOfAnalystOpinions": {"raw": 5, "fmt": "5", "longFmt": "5"}, "totalCash": {"raw": 74836872, "fmt": "74.84M", "longFmt": "74,836,872"}, "totalCashPerShare": {"raw": 0.773, "fmt": "0.77"}, "ebitda": {"raw": 53575032, "fmt": "53.58M", "longFmt": "53,575,032"}, "totalDebt": {"raw": 362421472, "fmt": "362.42M", "longFmt": "362,421,472"}, "quickRatio": {"raw": 0.717, "fmt": "0.72"}, "currentRatio": {"raw": 0.756, "fmt": "0.76"}, "totalRevenue": {"raw": 161724464, "fmt": "161.72M", "longFmt": "161,724,464"}, "debtToEquity": {"raw": 85.977, "fmt": "85.98%"}, "revenuePerShare": {"raw": 1.86, "fmt": "1.86"}, "returnOnAssets": {"raw": 0.03674, "fmt": "3.67%"}, "returnOnEquity": {"raw": -0.00379, "fmt": "-0.38%"}, "grossProfits": {"raw": 142654112, "fmt": "142.65M", "longFmt": "142,654,112"}, "freeCashflow": {"raw": 45224608, "fmt": "45.22M", "longFmt": "45,224,608"}, "operatingCashflow": {"raw": -129756336, "fmt": "-129.76M", "longFmt": "-129,756,336"}, "earningsGrowth": {"raw": 17.002, "fmt": "1,700.20%"}, "revenueGrowth": {"raw": 0.934, "fmt": "93.40%"}, "grossMargins": {"raw": 0.88208, "fmt": "88.21%"}, "ebitdaMargins": {"raw": 0.33126998, "fmt": "33.13%"}, "operatingMargins": {"raw": 0.40537, "fmt": "40.54%"}, "profitMargins": {"raw": -0.00717, "fmt": "-0.72%"}, "financialCurrency": "USD"}}