{"assetProfile": {"address1": "Dushi Headquarters Building", "address2": "Floor 16 No. 168, Middle Xizang Road", "city": "Shanghai", "zip": "200001", "country": "China", "phone": "86 18 5017 70425", "website": "https://en.ableview.com", "industry": "Specialty Retail", "industryKey": "specialty-retail", "industryDisp": "Specialty Retail", "sector": "Consumer Cyclical", "sectorKey": "consumer-cyclical", "sectorDisp": "Consumer Cyclical", "longBusinessSummary": "Able View Global Inc. operates as a brand management partner of beauty and personal care brands in China. The company offers brand management services, such as strategy, branding, digital and social marketing, omni-channel sales, customer services, overseas logistics, and warehouse and fulfilment. It also imports and sells cosmetics and other beauty products to e-commerce platforms and distributors; and operates online stores. Able View Global Inc. was founded in 2022 and is headquartered in Shanghai, China.", "fullTimeEmployees": 89, "companyOfficers": [{"maxAge": 1, "name": "Mr. Jian  Zhu", "age": 43, "title": "CEO & Chairman", "yearBorn": 1981, "exercisedValue": {"raw": 0, "fmt": null, "longFmt": "0"}, "unexercisedValue": {"raw": 0, "fmt": null, "longFmt": "0"}}, {"maxAge": 1, "name": "Mr. Jing  Tang", "age": 50, "title": "CFO & Director", "yearBorn": 1974, "exercisedValue": {"raw": 0, "fmt": null, "longFmt": "0"}, "unexercisedValue": {"raw": 0, "fmt": null, "longFmt": "0"}}], "executiveTeam": [], "maxAge": 86400}, "calendarEvents": {"maxAge": 1, "earnings": {"earningsDate": [], "earningsCallDate": [], "earningsAverage": {}, "earningsLow": {}, "earningsHigh": {}, "revenueAverage": {}, "revenueLow": {}, "revenueHigh": {}}, "exDividendDate": {}, "dividendDate": {}}, "earningsTrend": {"trend": [{"maxAge": 1, "period": "0q", "endDate": null, "growth": {}, "earningsEstimate": {"avg": {}, "low": {}, "high": {}, "yearAgoEps": {}, "numberOfAnalysts": {}, "growth": {}, "earningsCurrency": null}, "revenueEstimate": {"avg": {"raw": 0, "fmt": null, "longFmt": "0"}, "low": {"raw": 0, "fmt": null, "longFmt": "0"}, "high": {"raw": 0, "fmt": null, "longFmt": "0"}, "numberOfAnalysts": {"raw": 0, "fmt": null, "longFmt": "0"}, "yearAgoRevenue": {}, "growth": {}, "revenueCurrency": null}, "epsTrend": {"current": {}, "7daysAgo": {}, "30daysAgo": {}, "60daysAgo": {}, "90daysAgo": {}, "epsTrendCurrency": null}, "epsRevisions": {"upLast7days": {}, "upLast30days": {}, "downLast30days": {}, "downLast7Days": {}, "downLast90days": {}, "epsRevisionsCurrency": null}}, {"maxAge": 1, "period": "+1q", "endDate": null, "growth": {}, "earningsEstimate": {"avg": {}, "low": {}, "high": {}, "yearAgoEps": {}, "numberOfAnalysts": {}, "growth": {}, "earningsCurrency": null}, "revenueEstimate": {"avg": {"raw": 0, "fmt": null, "longFmt": "0"}, "low": {"raw": 0, "fmt": null, "longFmt": "0"}, "high": {"raw": 0, "fmt": null, "longFmt": "0"}, "numberOfAnalysts": {"raw": 0, "fmt": null, "longFmt": "0"}, "yearAgoRevenue": {}, "growth": {}, "revenueCurrency": null}, "epsTrend": {"current": {}, "7daysAgo": {}, "30daysAgo": {}, "60daysAgo": {}, "90daysAgo": {}, "epsTrendCurrency": null}, "epsRevisions": {"upLast7days": {}, "upLast30days": {}, "downLast30days": {}, "downLast7Days": {}, "downLast90days": {}, "epsRevisionsCurrency": null}}, {"maxAge": 1, "period": "0y", "endDate": null, "growth": {}, "earningsEstimate": {"avg": {}, "low": {}, "high": {}, "yearAgoEps": {}, "numberOfAnalysts": {}, "growth": {}, "earningsCurrency": null}, "revenueEstimate": {"avg": {"raw": 0, "fmt": null, "longFmt": "0"}, "low": {"raw": 0, "fmt": null, "longFmt": "0"}, "high": {"raw": 0, "fmt": null, "longFmt": "0"}, "numberOfAnalysts": {"raw": 0, "fmt": null, "longFmt": "0"}, "yearAgoRevenue": {}, "growth": {}, "revenueCurrency": null}, "epsTrend": {"current": {}, "7daysAgo": {}, "30daysAgo": {}, "60daysAgo": {}, "90daysAgo": {}, "epsTrendCurrency": null}, "epsRevisions": {"upLast7days": {}, "upLast30days": {}, "downLast30days": {}, "downLast7Days": {}, "downLast90days": {}, "epsRevisionsCurrency": null}}, {"maxAge": 1, "period": "+1y", "endDate": null, "growth": {}, "earningsEstimate": {"avg": {}, "low": {}, "high": {}, "yearAgoEps": {}, "numberOfAnalysts": {}, "growth": {}, "earningsCurrency": null}, "revenueEstimate": {"avg": {"raw": 0, "fmt": null, "longFmt": "0"}, "low": {"raw": 0, "fmt": null, "longFmt": "0"}, "high": {"raw": 0, "fmt": null, "longFmt": "0"}, "numberOfAnalysts": {"raw": 0, "fmt": null, "longFmt": "0"}, "yearAgoRevenue": {}, "growth": {}, "revenueCurrency": null}, "epsTrend": {"current": {}, "7daysAgo": {}, "30daysAgo": {}, "60daysAgo": {}, "90daysAgo": {}, "epsTrendCurrency": null}, "epsRevisions": {"upLast7days": {}, "upLast30days": {}, "downLast30days": {}, "downLast7Days": {}, "downLast90days": {}, "epsRevisionsCurrency": null}}], "defaultMethodology": "nongaap", "maxAge": 1}, "earningsHistory": {"history": [], "defaultMethodology": "nongaap", "maxAge": 86400}, "financialData": {"maxAge": 86400, "currentPrice": {"raw": 0.9203, "fmt": "0.92"}, "targetHighPrice": {}, "targetLowPrice": {}, "targetMeanPrice": {}, "targetMedianPrice": {}, "recommendationMean": {}, "recommendationKey": "none", "numberOfAnalystOpinions": {}, "totalCash": {"raw": 6283350, "fmt": "6.28M", "longFmt": "6,283,350"}, "totalCashPerShare": {"raw": 0.127, "fmt": "0.13"}, "ebitda": {"raw": -7916623, "fmt": "-7.92M", "longFmt": "-7,916,623"}, "totalDebt": {"raw": 11497127, "fmt": "11.5M", "longFmt": "11,497,127"}, "quickRatio": {"raw": 0.883, "fmt": "0.88"}, "currentRatio": {"raw": 1.439, "fmt": "1.44"}, "totalRevenue": {"raw": 114319872, "fmt": "114.32M", "longFmt": "114,319,872"}, "debtToEquity": {"raw": 119.063, "fmt": "119.06%"}, "revenuePerShare": {"raw": 2.465, "fmt": "2.46"}, "returnOnAssets": {"raw": -0.11314999, "fmt": "-11.31%"}, "returnOnEquity": {"raw": -1.20857, "fmt": "-120.86%"}, "grossProfits": {"raw": 10486240, "fmt": "10.49M", "longFmt": "10,486,240"}, "freeCashflow": {"raw": 3602341, "fmt": "3.6M", "longFmt": "3,602,341"}, "operatingCashflow": {"raw": 1918397, "fmt": "1.92M", "longFmt": "1,918,397"}, "earningsGrowth": {}, "revenueGrowth": {"raw": -0.239, "fmt": "-23.90%"}, "grossMargins": {"raw": 0.091730006, "fmt": "9.17%"}, "ebitdaMargins": {"raw": -0.06925, "fmt": "-6.93%"}, "operatingMargins": {"raw": 0.03203, "fmt": "3.20%"}, "profitMargins": {"raw": 0.02044, "fmt": "2.04%"}, "financialCurrency": "USD"}}