{"assetProfile": {"address1": "888 Brannan Street", "city": "San Francisco", "state": "CA", "zip": "94103", "country": "United States", "phone": "(415) 728-0108", "website": "https://www.airbnb.com", "industry": "Travel Services", "industryKey": "travel-services", "industryDisp": "Travel Services", "sector": "Consumer Cyclical", "sectorKey": "consumer-cyclical", "sectorDisp": "Consumer Cyclical", "longBusinessSummary": "Airbnb, Inc., together with its subsidiaries, operates a platform that enables hosts to offer stays and experiences to guests worldwide. Its marketplace connects hosts and guests online or through mobile devices to book spaces and experiences. It also offers gift cards. The company was formerly known as AirBed & Breakfast, Inc. and changed its name to Airbnb, Inc. in November 2010. Airbnb, Inc. was founded in 2007 and is headquartered in San Francisco, California.", "fullTimeEmployees": 7300, "companyOfficers": [{"maxAge": 1, "name": "Mr. Brian  Chesky", "age": 42, "title": "Co-Founder, CEO, Head of Community & Chairman of the Board", "yearBorn": 1982, "fiscalYear": 2024, "totalPay": {"raw": 186326, "fmt": "186.33k", "longFmt": "186,326"}, "exercisedValue": {"raw": 0, "fmt": null, "longFmt": "0"}, "unexercisedValue": {"raw": 0, "fmt": null, "longFmt": "0"}}, {"maxAge": 1, "name": "Mr. Nathan  Blecharczyk", "age": 40, "title": "Co-Founder, Chief Strategy Officer & Director", "yearBorn": 1984, "fiscalYear": 2024, "totalPay": {"raw": 834700, "fmt": "834.7k", "longFmt": "834,700"}, "exercisedValue": {"raw": 16448774, "fmt": "16.45M", "longFmt": "16,448,774"}, "unexercisedValue": {"raw": 37978440, "fmt": "37.98M", "longFmt": "37,978,440"}}, {"maxAge": 1, "name": "Mr. Joseph  Gebbia", "age": 42, "title": "Co-Founder & Director", "yearBorn": 1982, "fiscalYear": 2024, "totalPay": {"raw": 62500, "fmt": "62.5k", "longFmt": "62,500"}, "exercisedValue": {"raw": 0, "fmt": null, "longFmt": "0"}, "unexercisedValue": {"raw": 0, "fmt": null, "longFmt": "0"}}, {"maxAge": 1, "name": "Ms. Elinor B. Mertz", "age": 47, "title": "Chief Financial Officer", "yearBorn": 1977, "fiscalYear": 2024, "totalPay": {"raw": 1088538, "fmt": "1.09M", "longFmt": "1,088,538"}, "exercisedValue": {"raw": 0, "fmt": null, "longFmt": "0"}, "unexercisedValue": {"raw": 9758068, "fmt": "9.76M", "longFmt": "9,758,068"}}, {"maxAge": 1, "name": "Dr. Aristotle N. Balogh", "age": 60, "title": "Chief Technology Officer", "yearBorn": 1964, "fiscalYear": 2024, "totalPay": {"raw": 1124095, "fmt": "1.12M", "longFmt": "1,124,095"}, "exercisedValue": {"raw": 44511732, "fmt": "44.51M", "longFmt": "44,511,732"}, "unexercisedValue": {"raw": 2928653, "fmt": "2.93M", "longFmt": "2,928,653"}}, {"maxAge": 1, "name": "Mr. David E. Stephenson", "age": 56, "title": "Chief Business Officer & Head of Employee Experience", "yearBorn": 1968, "fiscalYear": 2024, "totalPay": {"raw": 1121638, "fmt": "1.12M", "longFmt": "1,121,638"}, "exercisedValue": {"raw": 14545904, "fmt": "14.55M", "longFmt": "14,545,904"}, "unexercisedValue": {"raw": 5843421, "fmt": "5.84M", "longFmt": "5,843,421"}}, {"maxAge": 1, "name": "Ms. Tara Lynn Bunch", "title": "Global Head of Operations", "fiscalYear": 2024, "exercisedValue": {"raw": 0, "fmt": null, "longFmt": "0"}, "unexercisedValue": {"raw": 0, "fmt": null, "longFmt": "0"}}, {"maxAge": 1, "name": "Mr. David C. Bernstein", "age": 62, "title": "Chief Accounting Officer", "yearBorn": 1962, "fiscalYear": 2024, "exercisedValue": {"raw": 0, "fmt": null, "longFmt": "0"}, "unexercisedValue": {"raw": 0, "fmt": null, "longFmt": "0"}}, {"maxAge": 1, "name": "Ms. Angela  Yang", "title": "Director of Investor Relations", "fiscalYear": 2024, "exercisedValue": {"raw": 0, "fmt": null, "longFmt": "0"}, "unexercisedValue": {"raw": 0, "fmt": null, "longFmt": "0"}}, {"maxAge": 1, "name": "Mr. Ronald A. Klain J.D.", "title": "Chief Legal Officer", "fiscalYear": 2024, "exercisedValue": {"raw": 0, "fmt": null, "longFmt": "0"}, "unexercisedValue": {"raw": 0, "fmt": null, "longFmt": "0"}}], "auditRisk": 9, "boardRisk": 10, "compensationRisk": 10, "shareHolderRightsRisk": 10, "overallRisk": 10, "governanceEpochDate": 1761955200, "compensationAsOfEpochDate": 1735603200, "executiveTeam": [], "maxAge": 86400}, "calendarEvents": {"maxAge": 1, "earnings": {"earningsDate": [{"raw": 1762462800, "fmt": "2025-11-06"}], "earningsCallDate": [{"raw": 1762466400, "fmt": "2025-11-06"}], "isEarningsDateEstimate": false, "earningsAverage": {"raw": 2.30714, "fmt": "2.31"}, "earningsLow": {"raw": 2.2, "fmt": "2.20"}, "earningsHigh": {"raw": 2.4, "fmt": "2.40"}, "revenueAverage": {"raw": 4079364430, "fmt": "4.08B", "longFmt": "4,079,364,430"}, "revenueLow": {"raw": 4030000000, "fmt": "4.03B", "longFmt": "4,030,000,000"}, "revenueHigh": {"raw": 4119500050, "fmt": "4.12B", "longFmt": "4,119,500,050"}}, "exDividendDate": {}, "dividendDate": {}}, "earningsTrend": {"trend": [{"maxAge": 1, "period": "0q", "endDate": "2025-09-30", "growth": {"raw": 0.0832, "fmt": "8.32%"}, "earningsEstimate": {"avg": {"raw": 2.32025, "fmt": "2.32"}, "low": {"raw": 2.13, "fmt": "2.13"}, "high": {"raw": 2.93, "fmt": "2.93"}, "yearAgoEps": {"raw": 2.13, "fmt": "2.13"}, "numberOfAnalysts": {"raw": 31, "fmt": "31", "longFmt": "31"}, "growth": {"raw": 0.08930001, "fmt": "8.93%"}, "earningsCurrency": "USD"}, "revenueEstimate": {"avg": {"raw": 4079364430, "fmt": "4.08B", "longFmt": "4,079,364,430"}, "low": {"raw": 4030000000, "fmt": "4.03B", "longFmt": "4,030,000,000"}, "high": {"raw": 4119500050, "fmt": "4.12B", "longFmt": "4,119,500,050"}, "numberOfAnalysts": {"raw": 35, "fmt": "35", "longFmt": "35"}, "yearAgoRevenue": {"raw": 3732000000, "fmt": "3.73B", "longFmt": "3,732,000,000"}, "growth": {"raw": 0.093100004, "fmt": "9.31%"}, "revenueCurrency": "USD"}, "epsTrend": {"current": {"raw": 2.32025, "fmt": "2.32"}, "7daysAgo": {"raw": 2.31862, "fmt": "2.32"}, "30daysAgo": {"raw": 2.31525, "fmt": "2.32"}, "60daysAgo": {"raw": 2.3144, "fmt": "2.31"}, "90daysAgo": {"raw": 2.29282, "fmt": "2.29"}, "epsTrendCurrency": "USD"}, "epsRevisions": {"upLast7days": {"raw": 3, "fmt": "3", "longFmt": "3"}, "upLast30days": {"raw": 7, "fmt": "7", "longFmt": "7"}, "downLast30days": {"raw": 0, "fmt": null, "longFmt": "0"}, "downLast7Days": {"raw": 0, "fmt": null, "longFmt": "0"}, "downLast90days": {}, "epsRevisionsCurrency": "USD"}}, {"maxAge": 1, "period": "+1q", "endDate": "2025-12-31", "growth": {"raw": -0.0998, "fmt": "-9.98%"}, "earningsEstimate": {"avg": {"raw": 0.65426, "fmt": "0.65"}, "low": {"raw": 0.51, "fmt": "0.51"}, "high": {"raw": 0.83, "fmt": "0.83"}, "yearAgoEps": {"raw": 0.73, "fmt": "0.73"}, "numberOfAnalysts": {"raw": 31, "fmt": "31", "longFmt": "31"}, "growth": {"raw": -0.1038, "fmt": "-10.38%"}, "earningsCurrency": "USD"}, "revenueEstimate": {"avg": {"raw": 2671741810, "fmt": "2.67B", "longFmt": "2,671,741,810"}, "low": {"raw": 2571400000, "fmt": "2.57B", "longFmt": "2,571,400,000"}, "high": {"raw": 2744500000, "fmt": "2.74B", "longFmt": "2,744,500,000"}, "numberOfAnalysts": {"raw": 35, "fmt": "35", "longFmt": "35"}, "yearAgoRevenue": {"raw": 2480000000, "fmt": "2.48B", "longFmt": "2,480,000,000"}, "growth": {"raw": 0.0773, "fmt": "7.73%"}, "revenueCurrency": "USD"}, "epsTrend": {"current": {"raw": 0.65426, "fmt": "0.65"}, "7daysAgo": {"raw": 0.65751, "fmt": "0.66"}, "30daysAgo": {"raw": 0.66136, "fmt": "0.66"}, "60daysAgo": {"raw": 0.66502, "fmt": "0.67"}, "90daysAgo": {"raw": 0.75706, "fmt": "0.76"}, "epsTrendCurrency": "USD"}, "epsRevisions": {"upLast7days": {"raw": 0, "fmt": null, "longFmt": "0"}, "upLast30days": {"raw": 2, "fmt": "2", "longFmt": "2"}, "downLast30days": {"raw": 5, "fmt": "5", "longFmt": "5"}, "downLast7Days": {"raw": 3, "fmt": "3", "longFmt": "3"}, "downLast90days": {}, "epsRevisionsCurrency": "USD"}}, {"maxAge": 1, "period": "0y", "endDate": "2025-12-31", "growth": {"raw": 0.026800001, "fmt": "2.68%"}, "earningsEstimate": {"avg": {"raw": 4.23395, "fmt": "4.23"}, "low": {"raw": 3.8, "fmt": "3.8"}, "high": {"raw": 4.87, "fmt": "4.87"}, "yearAgoEps": {"raw": 4.11, "fmt": "4.11"}, "numberOfAnalysts": {"raw": 39, "fmt": "39", "longFmt": "39"}, "growth": {"raw": 0.030199999, "fmt": "3.02%"}, "earningsCurrency": "USD"}, "revenueEstimate": {"avg": {"raw": 12115296190, "fmt": "12.12B", "longFmt": "12,115,296,190"}, "low": {"raw": 11970000000, "fmt": "11.97B", "longFmt": "11,970,000,000"}, "high": {"raw": 12203500000, "fmt": "12.2B", "longFmt": "12,203,500,000"}, "numberOfAnalysts": {"raw": 43, "fmt": "43", "longFmt": "43"}, "yearAgoRevenue": {"raw": 11102000000, "fmt": "11.1B", "longFmt": "11,102,000,000"}, "growth": {"raw": 0.0913, "fmt": "9.13%"}, "revenueCurrency": "USD"}, "epsTrend": {"current": {"raw": 4.23395, "fmt": "4.23"}, "7daysAgo": {"raw": 4.23522, "fmt": "4.24"}, "30daysAgo": {"raw": 4.23478, "fmt": "4.23"}, "60daysAgo": {"raw": 4.23383, "fmt": "4.23"}, "90daysAgo": {"raw": 4.24213, "fmt": "4.24"}, "epsTrendCurrency": "USD"}, "epsRevisions": {"upLast7days": {"raw": 1, "fmt": "1", "longFmt": "1"}, "upLast30days": {"raw": 4, "fmt": "4", "longFmt": "4"}, "downLast30days": {"raw": 4, "fmt": "4", "longFmt": "4"}, "downLast7Days": {"raw": 2, "fmt": "2", "longFmt": "2"}, "downLast90days": {}, "epsRevisionsCurrency": "USD"}}, {"maxAge": 1, "period": "+1y", "endDate": "2026-12-31", "growth": {"raw": 0.1279, "fmt": "12.79%"}, "earningsEstimate": {"avg": {"raw": 4.78122, "fmt": "4.78"}, "low": {"raw": 4.29, "fmt": "4.29"}, "high": {"raw": 5.44, "fmt": "5.44"}, "yearAgoEps": {"raw": 4.23395, "fmt": "4.23"}, "numberOfAnalysts": {"raw": 37, "fmt": "37", "longFmt": "37"}, "growth": {"raw": 0.1293, "fmt": "12.93%"}, "earningsCurrency": "USD"}, "revenueEstimate": {"avg": {"raw": 13244840930, "fmt": "13.24B", "longFmt": "13,244,840,930"}, "low": {"raw": 12897113820, "fmt": "12.9B", "longFmt": "12,897,113,820"}, "high": {"raw": 13606000000, "fmt": "13.61B", "longFmt": "13,606,000,000"}, "numberOfAnalysts": {"raw": 42, "fmt": "42", "longFmt": "42"}, "yearAgoRevenue": {"raw": 12115296190, "fmt": "12.12B", "longFmt": "12,115,296,190"}, "growth": {"raw": 0.0932, "fmt": "9.32%"}, "revenueCurrency": "USD"}, "epsTrend": {"current": {"raw": 4.78122, "fmt": "4.78"}, "7daysAgo": {"raw": 4.78248, "fmt": "4.78"}, "30daysAgo": {"raw": 4.78407, "fmt": "4.78"}, "60daysAgo": {"raw": 4.78619, "fmt": "4.79"}, "90daysAgo": {"raw": 4.84026, "fmt": "4.84"}, "epsTrendCurrency": "USD"}, "epsRevisions": {"upLast7days": {"raw": 1, "fmt": "1", "longFmt": "1"}, "upLast30days": {"raw": 4, "fmt": "4", "longFmt": "4"}, "downLast30days": {"raw": 4, "fmt": "4", "longFmt": "4"}, "downLast7Days": {"raw": 2, "fmt": "2", "longFmt": "2"}, "downLast90days": {}, "epsRevisionsCurrency": "USD"}}], "defaultMethodology": "gaap", "maxAge": 1}, "earningsHistory": {"history": [{"maxAge": 1, "epsActual": {"raw": 2.13, "fmt": "2.13"}, "epsEstimate": {"raw": 2.14907, "fmt": "2.15"}, "epsDifference": {"raw": -0.02, "fmt": "-0.02"}, "surprisePercent": {"raw": -0.0089, "fmt": "-0.89%"}, "quarter": {"raw": 1727654400, "fmt": "2024-09-30"}, "currency": "USD", "period": "-4q"}, {"maxAge": 1, "epsActual": {"raw": 0.73, "fmt": "0.73"}, "epsEstimate": {"raw": 0.58171, "fmt": "0.58"}, "epsDifference": {"raw": 0.15, "fmt": "0.15"}, "surprisePercent": {"raw": 0.2549, "fmt": "25.49%"}, "quarter": {"raw": 1735603200, "fmt": "2024-12-31"}, "currency": "USD", "period": "-3q"}, {"maxAge": 1, "epsActual": {"raw": 0.24, "fmt": "0.24"}, "epsEstimate": {"raw": 0.23523, "fmt": "0.24"}, "epsDifference": {"raw": 0.0, "fmt": "0"}, "surprisePercent": {"raw": 0.020299999, "fmt": "2.03%"}, "quarter": {"raw": 1743379200, "fmt": "2025-03-31"}, "currency": "USD", "period": "-2q"}, {"maxAge": 1, "epsActual": {"raw": 1.03, "fmt": "1.03"}, "epsEstimate": {"raw": 0.94141, "fmt": "0.94"}, "epsDifference": {"raw": 0.09, "fmt": "0.09"}, "surprisePercent": {"raw": 0.0941, "fmt": "9.41%"}, "quarter": {"raw": 1751241600, "fmt": "2025-06-30"}, "currency": "USD", "period": "-1q"}], "defaultMethodology": "gaap", "maxAge": 86400}, "financialData": {"maxAge": 86400, "currentPrice": {"raw": 126.8, "fmt": "126.80"}, "targetHighPrice": {"raw": 180.0, "fmt": "180.00"}, "targetLowPrice": {"raw": 98.0, "fmt": "98.00"}, "targetMeanPrice": {"raw": 137.88286, "fmt": "137.88"}, "targetMedianPrice": {"raw": 140.0, "fmt": "140.00"}, "recommendationMean": {"raw": 2.57778, "fmt": "2.58"}, "recommendationKey": "hold", "numberOfAnalystOpinions": {"raw": 35, "fmt": "35", "longFmt": "35"}, "totalCash": {"raw": 11356000256, "fmt": "11.36B", "longFmt": "11,356,000,256"}, "totalCashPerShare": {"raw": 18.548, "fmt": "18.55"}, "ebitda": {"raw": 2654000128, "fmt": "2.65B", "longFmt": "2,654,000,128"}, "totalDebt": {"raw": 2281999872, "fmt": "2.28B", "longFmt": "2,281,999,872"}, "quickRatio": {"raw": 0.613, "fmt": "0.61"}, "currentRatio": {"raw": 1.232, "fmt": "1.23"}, "totalRevenue": {"raw": 11580000256, "fmt": "11.58B", "longFmt": "11,580,000,256"}, "debtToEquity": {"raw": 29.324, "fmt": "29.32%"}, "revenuePerShare": {"raw": 18.587, "fmt": "18.59"}, "returnOnAssets": {"raw": 0.061079998, "fmt": "6.11%"}, "returnOnEquity": {"raw": 0.33262002, "fmt": "33.26%"}, "grossProfits": {"raw": 9637999616, "fmt": "9.64B", "longFmt": "9,637,999,616"}, "freeCashflow": {"raw": 3383124992, "fmt": "3.38B", "longFmt": "3,383,124,992"}, "operatingCashflow": {"raw": 4307999744, "fmt": "4.31B", "longFmt": "4,307,999,744"}, "earningsGrowth": {"raw": 0.016, "fmt": "1.60%"}, "revenueGrowth": {"raw": 0.127, "fmt": "12.70%"}, "grossMargins": {"raw": 0.8323, "fmt": "83.23%"}, "ebitdaMargins": {"raw": 0.22919, "fmt": "22.92%"}, "operatingMargins": {"raw": 0.19767, "fmt": "19.77%"}, "profitMargins": {"raw": 0.22668, "fmt": "22.67%"}, "financialCurrency": "USD"}}