{"assetProfile": {"address1": "1210-1220 Washington St.", "address2": "Suite 210", "city": "Newton", "state": "MA", "zip": "02465", "country": "United States", "phone": "617 344 4190", "website": "https://acumenpharm.com", "industry": "Biotechnology", "industryKey": "biotechnology", "industryDisp": "Biotechnology", "sector": "Healthcare", "sectorKey": "healthcare", "sectorDisp": "Healthcare", "longBusinessSummary": "Acumen Pharmaceuticals, Inc., a clinical-stage biopharmaceutical company, develops targeted therapies for the treatment of Alzheimer's disease. The company focuses on advancing a targeted immunotherapy drug candidate Sabirnetug (ACU193), a recombinant humanized immunoglobulin gamma 2, which has completed the INTERCEPT-AD phase 1 clinical trial and in ALTITUDE-AD phase 2 clinical trial to target soluble amyloid-beta oligomers. It has a collaboration and license agreement with Halozyme, Inc. for the development of a subcutaneous formulation of Sabirnetug. Acumen Pharmaceuticals, Inc. was incorporated in 1996 and is headquartered in Newton, Massachusetts.", "fullTimeEmployees": 61, "companyOfficers": [{"maxAge": 1, "name": "Mr. Daniel J. O'Connell M.B.A.", "age": 54, "title": "CEO & Director", "yearBorn": 1970, "fiscalYear": 2024, "totalPay": {"raw": 1047590, "fmt": "1.05M", "longFmt": "1,047,590"}, "exercisedValue": {"raw": 0, "fmt": null, "longFmt": "0"}, "unexercisedValue": {"raw": 1034567, "fmt": "1.03M", "longFmt": "1,034,567"}}, {"maxAge": 1, "name": "Dr. James  Doherty Ph.D.", "age": 56, "title": "President & Chief Development Officer", "yearBorn": 1968, "fiscalYear": 2024, "totalPay": {"raw": 730785, "fmt": "730.78k", "longFmt": "730,785"}, "exercisedValue": {"raw": 0, "fmt": null, "longFmt": "0"}, "unexercisedValue": {"raw": 0, "fmt": null, "longFmt": "0"}}, {"maxAge": 1, "name": "Mr. Matt  Zuga", "title": "CFO & Chief Business Officer", "fiscalYear": 2024, "totalPay": {"raw": 703157, "fmt": "703.16k", "longFmt": "703,157"}, "exercisedValue": {"raw": 0, "fmt": null, "longFmt": "0"}, "unexercisedValue": {"raw": 254161, "fmt": "254.16k", "longFmt": "254,161"}}, {"maxAge": 1, "name": "Dr. Grant A. Krafft Ph.D.", "title": "Co-Founder", "fiscalYear": 2024, "totalPay": {"raw": 42000, "fmt": "42k", "longFmt": "42,000"}, "exercisedValue": {"raw": 0, "fmt": null, "longFmt": "0"}, "unexercisedValue": {"raw": 0, "fmt": null, "longFmt": "0"}}, {"maxAge": 1, "name": "Dr. Caleb E. Finch Ph.D.", "title": "Co-Founder", "fiscalYear": 2024, "exercisedValue": {"raw": 0, "fmt": null, "longFmt": "0"}, "unexercisedValue": {"raw": 0, "fmt": null, "longFmt": "0"}}, {"maxAge": 1, "name": "Dr. William L. Klein Ph.D.", "title": "Co-Founder", "fiscalYear": 2024, "exercisedValue": {"raw": 0, "fmt": null, "longFmt": "0"}, "unexercisedValue": {"raw": 0, "fmt": null, "longFmt": "0"}}, {"maxAge": 1, "name": "Mr. Russell  Barton M.S.", "age": 66, "title": "Chief Operating Officer", "yearBorn": 1958, "fiscalYear": 2024, "totalPay": {"raw": 223680, "fmt": "223.68k", "longFmt": "223,680"}, "exercisedValue": {"raw": 0, "fmt": null, "longFmt": "0"}, "unexercisedValue": {"raw": 0, "fmt": null, "longFmt": "0"}}, {"maxAge": 1, "name": "Ms. Kelly  Carranza", "title": "Vice President, Finance & Accounting and Corporate Controller", "fiscalYear": 2024, "exercisedValue": {"raw": 0, "fmt": null, "longFmt": "0"}, "unexercisedValue": {"raw": 0, "fmt": null, "longFmt": "0"}}, {"maxAge": 1, "name": "Ms. Alex  Braun M.B.A.", "title": "VP & Head of Investor Relations", "fiscalYear": 2024, "exercisedValue": {"raw": 0, "fmt": null, "longFmt": "0"}, "unexercisedValue": {"raw": 0, "fmt": null, "longFmt": "0"}}, {"maxAge": 1, "name": "Mr. Derek M. Meisner Esq., J.D.", "age": 53, "title": "Chief Legal Officer & Corporate Secretary", "yearBorn": 1971, "fiscalYear": 2024, "totalPay": {"raw": 752945, "fmt": "752.95k", "longFmt": "752,945"}, "exercisedValue": {"raw": 0, "fmt": null, "longFmt": "0"}, "unexercisedValue": {"raw": 0, "fmt": null, "longFmt": "0"}}], "auditRisk": 7, "boardRisk": 6, "compensationRisk": 10, "shareHolderRightsRisk": 8, "overallRisk": 9, "governanceEpochDate": 1761955200, "compensationAsOfEpochDate": 1735603200, "executiveTeam": [], "maxAge": 86400}, "calendarEvents": {"maxAge": 1, "earnings": {"earningsDate": [{"raw": 1762867800, "fmt": "2025-11-11"}], "earningsCallDate": [{"raw": 1755000000, "fmt": "2025-08-12"}], "isEarningsDateEstimate": true, "earningsAverage": {"raw": -0.67934, "fmt": "-0.68"}, "earningsLow": {"raw": -0.69801, "fmt": "-0.70"}, "earningsHigh": {"raw": -0.66, "fmt": "-0.66"}, "revenueAverage": {"raw": 0, "fmt": null, "longFmt": "0"}, "revenueLow": {"raw": 0, "fmt": null, "longFmt": "0"}, "revenueHigh": {"raw": 0, "fmt": null, "longFmt": "0"}}, "exDividendDate": {}, "dividendDate": {}}, "earningsTrend": {"trend": [{"maxAge": 1, "period": "0q", "endDate": "2025-09-30", "growth": {"raw": -0.35869998, "fmt": "-35.87%"}, "earningsEstimate": {"avg": {"raw": -0.67934, "fmt": "-0.68"}, "low": {"raw": -0.69801, "fmt": "-0.7"}, "high": {"raw": -0.66, "fmt": "-0.66"}, "yearAgoEps": {"raw": -0.5, "fmt": "-0.5"}, "numberOfAnalysts": {"raw": 3, "fmt": "3", "longFmt": "3"}, "growth": {"raw": -0.35869998, "fmt": "-35.87%"}, "earningsCurrency": "USD"}, "revenueEstimate": {"avg": {"raw": 0, "fmt": null, "longFmt": "0"}, "low": {"raw": 0, "fmt": null, "longFmt": "0"}, "high": {"raw": 0, "fmt": null, "longFmt": "0"}, "numberOfAnalysts": {"raw": 3, "fmt": "3", "longFmt": "3"}, "yearAgoRevenue": {"raw": 0, "fmt": null, "longFmt": "0"}, "growth": {"raw": 0.0, "fmt": "0.00%"}, "revenueCurrency": "USD"}, "epsTrend": {"current": {"raw": -0.67934, "fmt": "-0.68"}, "7daysAgo": {"raw": -0.67934, "fmt": "-0.68"}, "30daysAgo": {"raw": -0.60594, "fmt": "-0.61"}, "60daysAgo": {"raw": -0.58126, "fmt": "-0.58"}, "90daysAgo": {"raw": -0.56363, "fmt": "-0.56"}, "epsTrendCurrency": "USD"}, "epsRevisions": {"upLast7days": {"raw": 2, "fmt": "2", "longFmt": "2"}, "upLast30days": {"raw": 1, "fmt": "1", "longFmt": "1"}, "downLast30days": {"raw": 1, "fmt": "1", "longFmt": "1"}, "downLast7Days": {"raw": 0, "fmt": null, "longFmt": "0"}, "downLast90days": {}, "epsRevisionsCurrency": "USD"}}, {"maxAge": 1, "period": "+1q", "endDate": "2025-12-31", "growth": {"raw": 0.0834, "fmt": "8.34%"}, "earningsEstimate": {"avg": {"raw": -0.56829, "fmt": "-0.57"}, "low": {"raw": -0.67, "fmt": "-0.67"}, "high": {"raw": -0.46, "fmt": "-0.46"}, "yearAgoEps": {"raw": -0.62, "fmt": "-0.62"}, "numberOfAnalysts": {"raw": 3, "fmt": "3", "longFmt": "3"}, "growth": {"raw": 0.0834, "fmt": "8.34%"}, "earningsCurrency": "USD"}, "revenueEstimate": {"avg": {"raw": 0, "fmt": null, "longFmt": "0"}, "low": {"raw": 0, "fmt": null, "longFmt": "0"}, "high": {"raw": 0, "fmt": null, "longFmt": "0"}, "numberOfAnalysts": {"raw": 3, "fmt": "3", "longFmt": "3"}, "yearAgoRevenue": {"raw": 0, "fmt": null, "longFmt": "0"}, "growth": {"raw": 0.0, "fmt": "0.00%"}, "revenueCurrency": "USD"}, "epsTrend": {"current": {"raw": -0.56829, "fmt": "-0.57"}, "7daysAgo": {"raw": -0.56829, "fmt": "-0.57"}, "30daysAgo": {"raw": -0.52904, "fmt": "-0.53"}, "60daysAgo": {"raw": -0.55205, "fmt": "-0.55"}, "90daysAgo": {"raw": -0.60522, "fmt": "-0.61"}, "epsTrendCurrency": "USD"}, "epsRevisions": {"upLast7days": {"raw": 2, "fmt": "2", "longFmt": "2"}, "upLast30days": {"raw": 2, "fmt": "2", "longFmt": "2"}, "downLast30days": {"raw": 0, "fmt": null, "longFmt": "0"}, "downLast7Days": {"raw": 0, "fmt": null, "longFmt": "0"}, "downLast90days": {}, "epsRevisionsCurrency": "USD"}}, {"maxAge": 1, "period": "0y", "endDate": "2025-12-31", "growth": {"raw": -0.39090002, "fmt": "-39.09%"}, "earningsEstimate": {"avg": {"raw": -2.37852, "fmt": "-2.38"}, "low": {"raw": -2.6, "fmt": "-2.6"}, "high": {"raw": -2.07, "fmt": "-2.07"}, "yearAgoEps": {"raw": -1.71, "fmt": "-1.71"}, "numberOfAnalysts": {"raw": 3, "fmt": "3", "longFmt": "3"}, "growth": {"raw": -0.39090002, "fmt": "-39.09%"}, "earningsCurrency": "USD"}, "revenueEstimate": {"avg": {"raw": 0, "fmt": null, "longFmt": "0"}, "low": {"raw": 0, "fmt": null, "longFmt": "0"}, "high": {"raw": 0, "fmt": null, "longFmt": "0"}, "numberOfAnalysts": {"raw": 3, "fmt": "3", "longFmt": "3"}, "yearAgoRevenue": {"raw": 0, "fmt": null, "longFmt": "0"}, "growth": {"raw": 0.0, "fmt": "0.00%"}, "revenueCurrency": "USD"}, "epsTrend": {"current": {"raw": -2.37852, "fmt": "-2.38"}, "7daysAgo": {"raw": -2.37852, "fmt": "-2.38"}, "30daysAgo": {"raw": -2.19471, "fmt": "-2.19"}, "60daysAgo": {"raw": -2.23628, "fmt": "-2.24"}, "90daysAgo": {"raw": -2.26921, "fmt": "-2.27"}, "epsTrendCurrency": "USD"}, "epsRevisions": {"upLast7days": {"raw": 0, "fmt": null, "longFmt": "0"}, "upLast30days": {"raw": 2, "fmt": "2", "longFmt": "2"}, "downLast30days": {"raw": 1, "fmt": "1", "longFmt": "1"}, "downLast7Days": {"raw": 0, "fmt": null, "longFmt": "0"}, "downLast90days": {}, "epsRevisionsCurrency": "USD"}}, {"maxAge": 1, "period": "+1y", "endDate": "2026-12-31", "growth": {"raw": 0.3085, "fmt": "30.85%"}, "earningsEstimate": {"avg": {"raw": -1.6447, "fmt": "-1.64"}, "low": {"raw": -1.66941, "fmt": "-1.67"}, "high": {"raw": -1.62, "fmt": "-1.62"}, "yearAgoEps": {"raw": -2.37852, "fmt": "-2.38"}, "numberOfAnalysts": {"raw": 2, "fmt": "2", "longFmt": "2"}, "growth": {"raw": 0.3085, "fmt": "30.85%"}, "earningsCurrency": "USD"}, "revenueEstimate": {"avg": {"raw": 0, "fmt": null, "longFmt": "0"}, "low": {"raw": 0, "fmt": null, "longFmt": "0"}, "high": {"raw": 0, "fmt": null, "longFmt": "0"}, "numberOfAnalysts": {"raw": 3, "fmt": "3", "longFmt": "3"}, "yearAgoRevenue": {"raw": 0, "fmt": null, "longFmt": "0"}, "growth": {"raw": 0.0, "fmt": "0.00%"}, "revenueCurrency": "USD"}, "epsTrend": {"current": {"raw": -1.6447, "fmt": "-1.64"}, "7daysAgo": {"raw": -1.60275, "fmt": "-1.6"}, "30daysAgo": {"raw": -1.64609, "fmt": "-1.65"}, "60daysAgo": {"raw": -1.68315, "fmt": "-1.68"}, "90daysAgo": {"raw": -1.68315, "fmt": "-1.68"}, "epsTrendCurrency": "USD"}, "epsRevisions": {"upLast7days": {"raw": 1, "fmt": "1", "longFmt": "1"}, "upLast30days": {"raw": 2, "fmt": "2", "longFmt": "2"}, "downLast30days": {"raw": 1, "fmt": "1", "longFmt": "1"}, "downLast7Days": {"raw": 0, "fmt": null, "longFmt": "0"}, "downLast90days": {}, "epsRevisionsCurrency": "USD"}}], "defaultMethodology": "nongaap", "maxAge": 1}, "earningsHistory": {"history": [{"maxAge": 1, "epsActual": {"raw": -0.5, "fmt": "-0.5"}, "epsEstimate": {"raw": -0.29681, "fmt": "-0.3"}, "epsDifference": {"raw": -0.2, "fmt": "-0.2"}, "surprisePercent": {"raw": -0.6846, "fmt": "-68.46%"}, "quarter": {"raw": 1727654400, "fmt": "2024-09-30"}, "currency": "USD", "period": "-4q"}, {"maxAge": 1, "epsActual": {"raw": -0.62, "fmt": "-0.62"}, "epsEstimate": {"raw": -0.36582, "fmt": "-0.37"}, "epsDifference": {"raw": -0.25, "fmt": "-0.25"}, "surprisePercent": {"raw": -0.6948, "fmt": "-69.48%"}, "quarter": {"raw": 1735603200, "fmt": "2024-12-31"}, "currency": "USD", "period": "-3q"}, {"maxAge": 1, "epsActual": {"raw": -0.48, "fmt": "-0.48"}, "epsEstimate": {"raw": -0.54601, "fmt": "-0.55"}, "epsDifference": {"raw": 0.07, "fmt": "0.07"}, "surprisePercent": {"raw": 0.120900005, "fmt": "12.09%"}, "quarter": {"raw": 1743379200, "fmt": "2025-03-31"}, "currency": "USD", "period": "-2q"}, {"maxAge": 1, "epsActual": {"raw": -0.68, "fmt": "-0.68"}, "epsEstimate": {"raw": -0.51856, "fmt": "-0.52"}, "epsDifference": {"raw": -0.16, "fmt": "-0.16"}, "surprisePercent": {"raw": -0.31129998, "fmt": "-31.13%"}, "quarter": {"raw": 1751241600, "fmt": "2025-06-30"}, "currency": "USD", "period": "-1q"}], "defaultMethodology": "nongaap", "maxAge": 86400}, "financialData": {"maxAge": 86400, "currentPrice": {"raw": 2.18, "fmt": "2.18"}, "targetHighPrice": {"raw": 10.0, "fmt": "10.00"}, "targetLowPrice": {"raw": 4.0, "fmt": "4.00"}, "targetMeanPrice": {"raw": 6.75, "fmt": "6.75"}, "targetMedianPrice": {"raw": 6.5, "fmt": "6.50"}, "recommendationMean": {}, "recommendationKey": "none", "numberOfAnalystOpinions": {"raw": 4, "fmt": "4", "longFmt": "4"}, "totalCash": {"raw": 143368992, "fmt": "143.37M", "longFmt": "143,368,992"}, "totalCashPerShare": {"raw": 2.367, "fmt": "2.37"}, "ebitda": {"raw": -143920992, "fmt": "-143.92M", "longFmt": "-143,920,992"}, "totalDebt": {"raw": 30101000, "fmt": "30.1M", "longFmt": "30,101,000"}, "quickRatio": {"raw": 5.789, "fmt": "5.79"}, "currentRatio": {"raw": 5.969, "fmt": "5.97"}, "totalRevenue": {}, "debtToEquity": {"raw": 25.71, "fmt": "25.71%"}, "revenuePerShare": {}, "returnOnAssets": {"raw": -0.39056998, "fmt": "-39.06%"}, "returnOnEquity": {"raw": -0.7571, "fmt": "-75.71%"}, "grossProfits": {"raw": -124207000, "fmt": "-124.21M", "longFmt": "-124,207,000"}, "freeCashflow": {"raw": -71940872, "fmt": "-71.94M", "longFmt": "-71,940,872"}, "operatingCashflow": {"raw": -117764000, "fmt": "-117.76M", "longFmt": "-117,764,000"}, "earningsGrowth": {}, "revenueGrowth": {}, "grossMargins": {"raw": 0.0, "fmt": "0.00%"}, "ebitdaMargins": {"raw": 0.0, "fmt": "0.00%"}, "operatingMargins": {"raw": 0.0, "fmt": "0.00%"}, "profitMargins": {"raw": 0.0, "fmt": "0.00%"}, "financialCurrency": "USD"}}