{"assetProfile": {"address1": "68 Cummings Park Drive", "city": "Woburn", "state": "MA", "zip": "01801", "country": "United States", "phone": "800-396-5890", "website": "https://abpro.co", "industry": "Biotechnology", "industryKey": "biotechnology", "industryDisp": "Biotechnology", "sector": "Healthcare", "sectorKey": "healthcare", "sectorDisp": "Healthcare", "longBusinessSummary": "Abpro Holdings, Inc., a biotechnology company, focuses on novel antibody constructs for immuno-oncology and ophthalmology. Its platforms include DiversImmune, a discovery platform that generates a diverse collection of proprietary antibodies against clinically validated and novel targets; and MultiMab, an engineering platform that provides the flexibility to combine antibody building blocks in different combinations and orientations to create fit for purpose novel full-length multi-specific antibody constructs. The company's lead product candidates include ABP-102, a next generation immuno-oncology TetraBi antibody targeting HER2 and CD3 is developed for the treatment of HER2+ solid tumors, including breast and gastric cancers; and ABP-201, a TetraBi antibody format that simultaneously inhibit VEGF and ANG-2 for the treatment of vascular diseases of the eye, including diabetic macular edema and wet age-related macular degeneration. It also develops ABP-110, a TetraBi antibody targeting GPC3 and CD3 for the treatment of hepatocellular carcinoma; and ABP-150, a TetraBi antibody targeting claudin 18.2 and CD3 for the treatment of gastric cancers. The company has strategic partnership with Celltrion Inc. and Abpro Bio International, Inc. Abpro Holdings, Inc. was incorporated in 2004 and is headquartered in Woburn, Massachusetts.", "fullTimeEmployees": 6, "companyOfficers": [{"maxAge": 1, "name": "Mr. Jin Wook Suk", "age": 55, "title": "CEO & Chairman of the Board", "yearBorn": 1969, "fiscalYear": 2024, "exercisedValue": {"raw": 0, "fmt": null, "longFmt": "0"}, "unexercisedValue": {"raw": 98160, "fmt": "98.16k", "longFmt": "98,160"}}, {"maxAge": 1, "name": "Mr. Eugene Y. Chan M.D.", "age": 50, "title": "Co-Founder", "yearBorn": 1974, "fiscalYear": 2024, "totalPay": {"raw": 250000, "fmt": "250k", "longFmt": "250,000"}, "exercisedValue": {"raw": 0, "fmt": null, "longFmt": "0"}, "unexercisedValue": {"raw": 0, "fmt": null, "longFmt": "0"}}], "compensationAsOfEpochDate": 1735603200, "executiveTeam": [], "maxAge": 86400}, "calendarEvents": {"maxAge": 1, "earnings": {"earningsDate": [], "earningsCallDate": [], "earningsAverage": {}, "earningsLow": {}, "earningsHigh": {}, "revenueAverage": {"raw": 0, "fmt": null, "longFmt": "0"}, "revenueLow": {"raw": 0, "fmt": null, "longFmt": "0"}, "revenueHigh": {"raw": 0, "fmt": null, "longFmt": "0"}}, "exDividendDate": {}, "dividendDate": {}}, "earningsTrend": {"trend": [{"maxAge": 1, "period": "0q", "endDate": "2025-09-30", "growth": {}, "earningsEstimate": {"avg": {"raw": -1.2, "fmt": "-1.2"}, "low": {"raw": -1.2, "fmt": "-1.2"}, "high": {"raw": -1.2, "fmt": "-1.2"}, "yearAgoEps": {}, "numberOfAnalysts": {"raw": 1, "fmt": "1", "longFmt": "1"}, "growth": {}, "earningsCurrency": "USD"}, "revenueEstimate": {"avg": {"raw": 0, "fmt": null, "longFmt": "0"}, "low": {"raw": 0, "fmt": null, "longFmt": "0"}, "high": {"raw": 0, "fmt": null, "longFmt": "0"}, "numberOfAnalysts": {"raw": 1, "fmt": "1", "longFmt": "1"}, "yearAgoRevenue": {}, "growth": {}, "revenueCurrency": "USD"}, "epsTrend": {"current": {"raw": -1.2, "fmt": "-1.2"}, "7daysAgo": {"raw": -1.2, "fmt": "-1.2"}, "30daysAgo": {"raw": -1.2, "fmt": "-1.2"}, "60daysAgo": {"raw": -1.2, "fmt": "-1.2"}, "90daysAgo": {"raw": -1.2, "fmt": "-1.2"}, "epsTrendCurrency": "USD"}, "epsRevisions": {"upLast7days": {"raw": 0, "fmt": null, "longFmt": "0"}, "upLast30days": {"raw": 0, "fmt": null, "longFmt": "0"}, "downLast30days": {"raw": 0, "fmt": null, "longFmt": "0"}, "downLast7Days": {"raw": 0, "fmt": null, "longFmt": "0"}, "downLast90days": {}, "epsRevisionsCurrency": "USD"}}, {"maxAge": 1, "period": "+1q", "endDate": "2025-12-31", "growth": {}, "earningsEstimate": {"avg": {"raw": -1.2, "fmt": "-1.2"}, "low": {"raw": -1.2, "fmt": "-1.2"}, "high": {"raw": -1.2, "fmt": "-1.2"}, "yearAgoEps": {"raw": -9.60001, "fmt": "-9.6"}, "numberOfAnalysts": {"raw": 1, "fmt": "1", "longFmt": "1"}, "growth": {"raw": 0.875, "fmt": "87.50%"}, "earningsCurrency": "USD"}, "revenueEstimate": {"avg": {"raw": 0, "fmt": null, "longFmt": "0"}, "low": {"raw": 0, "fmt": null, "longFmt": "0"}, "high": {"raw": 0, "fmt": null, "longFmt": "0"}, "numberOfAnalysts": {"raw": 1, "fmt": "1", "longFmt": "1"}, "yearAgoRevenue": {"raw": 0, "fmt": null, "longFmt": "0"}, "growth": {"raw": 0.0, "fmt": "0.00%"}, "revenueCurrency": "USD"}, "epsTrend": {"current": {"raw": -1.2, "fmt": "-1.2"}, "7daysAgo": {"raw": -1.2, "fmt": "-1.2"}, "30daysAgo": {"raw": -1.2, "fmt": "-1.2"}, "60daysAgo": {"raw": -1.2, "fmt": "-1.2"}, "90daysAgo": {"raw": -1.2, "fmt": "-1.2"}, "epsTrendCurrency": "USD"}, "epsRevisions": {"upLast7days": {"raw": 0, "fmt": null, "longFmt": "0"}, "upLast30days": {"raw": 0, "fmt": null, "longFmt": "0"}, "downLast30days": {"raw": 0, "fmt": null, "longFmt": "0"}, "downLast7Days": {"raw": 0, "fmt": null, "longFmt": "0"}, "downLast90days": {}, "epsRevisionsCurrency": "USD"}}, {"maxAge": 1, "period": "0y", "endDate": "2025-12-31", "growth": {}, "earningsEstimate": {"avg": {"raw": -6.30001, "fmt": "-6.3"}, "low": {"raw": -6.30001, "fmt": "-6.3"}, "high": {"raw": -6.30001, "fmt": "-6.3"}, "yearAgoEps": {"raw": -22.20002, "fmt": "-22.2"}, "numberOfAnalysts": {"raw": 1, "fmt": "1", "longFmt": "1"}, "growth": {"raw": 0.71620005, "fmt": "71.62%"}, "earningsCurrency": "USD"}, "revenueEstimate": {"avg": {"raw": 0, "fmt": null, "longFmt": "0"}, "low": {"raw": 0, "fmt": null, "longFmt": "0"}, "high": {"raw": 0, "fmt": null, "longFmt": "0"}, "numberOfAnalysts": {"raw": 1, "fmt": "1", "longFmt": "1"}, "yearAgoRevenue": {"raw": 183000, "fmt": "183k", "longFmt": "183,000"}, "growth": {"raw": -1.0, "fmt": "-100.00%"}, "revenueCurrency": "USD"}, "epsTrend": {"current": {"raw": -6.30001, "fmt": "-6.3"}, "7daysAgo": {"raw": -4.8, "fmt": "-4.8"}, "30daysAgo": {"raw": -4.8, "fmt": "-4.8"}, "60daysAgo": {"raw": -4.8, "fmt": "-4.8"}, "90daysAgo": {"raw": -4.8, "fmt": "-4.8"}, "epsTrendCurrency": "USD"}, "epsRevisions": {"upLast7days": {"raw": 0, "fmt": null, "longFmt": "0"}, "upLast30days": {"raw": 0, "fmt": null, "longFmt": "0"}, "downLast30days": {"raw": 1, "fmt": "1", "longFmt": "1"}, "downLast7Days": {"raw": 1, "fmt": "1", "longFmt": "1"}, "downLast90days": {}, "epsRevisionsCurrency": "USD"}}, {"maxAge": 1, "period": "+1y", "endDate": "2026-12-31", "growth": {}, "earningsEstimate": {"avg": {"raw": -6.90001, "fmt": "-6.9"}, "low": {"raw": -6.90001, "fmt": "-6.9"}, "high": {"raw": -6.90001, "fmt": "-6.9"}, "yearAgoEps": {"raw": -6.30001, "fmt": "-6.3"}, "numberOfAnalysts": {"raw": 1, "fmt": "1", "longFmt": "1"}, "growth": {"raw": -0.0952, "fmt": "-9.52%"}, "earningsCurrency": "USD"}, "revenueEstimate": {"avg": {"raw": 0, "fmt": null, "longFmt": "0"}, "low": {"raw": 0, "fmt": null, "longFmt": "0"}, "high": {"raw": 0, "fmt": null, "longFmt": "0"}, "numberOfAnalysts": {"raw": 1, "fmt": "1", "longFmt": "1"}, "yearAgoRevenue": {"raw": 0, "fmt": null, "longFmt": "0"}, "growth": {"raw": 0.0, "fmt": "0.00%"}, "revenueCurrency": "USD"}, "epsTrend": {"current": {"raw": -6.90001, "fmt": "-6.9"}, "7daysAgo": {"raw": -6.00001, "fmt": "-6"}, "30daysAgo": {"raw": -6.00001, "fmt": "-6"}, "60daysAgo": {"raw": -6.00001, "fmt": "-6"}, "90daysAgo": {"raw": -6.00001, "fmt": "-6"}, "epsTrendCurrency": "USD"}, "epsRevisions": {"upLast7days": {"raw": 0, "fmt": null, "longFmt": "0"}, "upLast30days": {"raw": 0, "fmt": null, "longFmt": "0"}, "downLast30days": {"raw": 1, "fmt": "1", "longFmt": "1"}, "downLast7Days": {"raw": 1, "fmt": "1", "longFmt": "1"}, "downLast90days": {}, "epsRevisionsCurrency": "USD"}}], "defaultMethodology": "nongaap", "maxAge": 1}, "earningsHistory": {"history": [{"maxAge": 1, "epsActual": {"raw": -9.60001, "fmt": "-9.6"}, "epsEstimate": {"raw": -1.2, "fmt": "-1.2"}, "epsDifference": {"raw": -8.4, "fmt": "-8.4"}, "surprisePercent": {"raw": -7.0, "fmt": "-700.00%"}, "quarter": {"raw": 1735603200, "fmt": "2024-12-31"}, "currency": "USD", "period": "-3q"}, {"maxAge": 1, "epsActual": {"raw": -2.4, "fmt": "-2.4"}, "epsEstimate": {"raw": -1.2, "fmt": "-1.2"}, "epsDifference": {"raw": -1.2, "fmt": "-1.2"}, "surprisePercent": {"raw": -1.0, "fmt": "-100.00%"}, "quarter": {"raw": 1743379200, "fmt": "2025-03-31"}, "currency": "USD", "period": "-2q"}, {"maxAge": 1, "epsActual": {"raw": -1.5, "fmt": "-1.5"}, "epsEstimate": {"raw": -1.2, "fmt": "-1.2"}, "epsDifference": {"raw": -0.3, "fmt": "-0.3"}, "surprisePercent": {"raw": -0.25, "fmt": "-25.00%"}, "quarter": {"raw": 1751241600, "fmt": "2025-06-30"}, "currency": "USD", "period": "-1q"}], "defaultMethodology": "nongaap", "maxAge": 86400}, "financialData": {"maxAge": 86400, "currentPrice": {"raw": 5.27, "fmt": "5.27"}, "targetHighPrice": {}, "targetLowPrice": {}, "targetMeanPrice": {}, "targetMedianPrice": {}, "recommendationMean": {"raw": 3.0, "fmt": "3.00"}, "recommendationKey": "hold", "numberOfAnalystOpinions": {}, "totalCash": {"raw": 2014000, "fmt": "2.01M", "longFmt": "2,014,000"}, "totalCashPerShare": {"raw": 0.754, "fmt": "0.75"}, "ebitda": {"raw": -9892000, "fmt": "-9.89M", "longFmt": "-9,892,000"}, "totalDebt": {"raw": 2225000, "fmt": "2.23M", "longFmt": "2,225,000"}, "quickRatio": {"raw": 0.115, "fmt": "0.12"}, "currentRatio": {"raw": 0.15, "fmt": "0.15"}, "totalRevenue": {"raw": 183000, "fmt": "183k", "longFmt": "183,000"}, "debtToEquity": {}, "revenuePerShare": {"raw": 0.134, "fmt": "0.13"}, "returnOnAssets": {"raw": -1.8913001, "fmt": "-189.13%"}, "returnOnEquity": {}, "grossProfits": {"raw": 1300000, "fmt": "1.3M", "longFmt": "1,300,000"}, "freeCashflow": {"raw": 7499500, "fmt": "7.5M", "longFmt": "7,499,500"}, "operatingCashflow": {"raw": -7917000, "fmt": "-7.92M", "longFmt": "-7,917,000"}, "earningsGrowth": {}, "revenueGrowth": {}, "grossMargins": {"raw": 7.10383, "fmt": "710.38%"}, "ebitdaMargins": {"raw": 0.0, "fmt": "0.00%"}, "operatingMargins": {"raw": -54.21311, "fmt": "-5,421.31%"}, "profitMargins": {"raw": 0.0, "fmt": "0.00%"}, "financialCurrency": "USD"}}