{"assetProfile": {"address1": "18105 SE Mill Plain Boulevard", "city": "Vancouver", "state": "WA", "zip": "98683", "country": "United States", "phone": "360 949 1041", "website": "https://www.absci.com", "industry": "Biotechnology", "industryKey": "biotechnology", "industryDisp": "Biotechnology", "sector": "Healthcare", "sectorKey": "healthcare", "sectorDisp": "Healthcare", "longBusinessSummary": "Absci Corporation operates as a data-first generative artificial intelligence (AI) drug creation company in the United States. The company combines AI with scalable wet lab technologies to design differentiated antibody therapeutics. Its preclinical development programs include ABS-101 for the treatment of inflammatory bowel disease; ABS-201 for treating androgenic alopecia; ABS-301 for the treatment of immuno-oncology; and ABS-501 for treating oncology. Absci Corporation has collaboration agreements with PrecisionLife, Memorial Sloan Kettering Cancer Center, Twist Bioscience, Owkin, Oracle Corporation, and Advanced Micro Devices, Inc. for joint research and development activities. The company was founded in 2011 and is headquartered in Vancouver, Washington.", "fullTimeEmployees": 156, "companyOfficers": [{"maxAge": 1, "name": "Mr. Sean  McClain", "age": 34, "title": "Founder, CEO, President & Director", "yearBorn": 1990, "fiscalYear": 2024, "totalPay": {"raw": 1070440, "fmt": "1.07M", "longFmt": "1,070,440"}, "exercisedValue": {"raw": 0, "fmt": null, "longFmt": "0"}, "unexercisedValue": {"raw": 1131078, "fmt": "1.13M", "longFmt": "1,131,078"}}, {"maxAge": 1, "name": "Dr. Zachariah  Jonasson Ph.D.", "age": 51, "title": "Chief Business Officer & CFO", "yearBorn": 1973, "fiscalYear": 2024, "totalPay": {"raw": 813300, "fmt": "813.3k", "longFmt": "813,300"}, "exercisedValue": {"raw": 0, "fmt": null, "longFmt": "0"}, "unexercisedValue": {"raw": 250000, "fmt": "250k", "longFmt": "250,000"}}, {"maxAge": 1, "name": "Dr. Andreas  Busch Ph.D.", "age": 61, "title": "Chief Innovation Officer & Member of Scientific Advisory Board", "yearBorn": 1963, "fiscalYear": 2024, "totalPay": {"raw": 1172058, "fmt": "1.17M", "longFmt": "1,172,058"}, "exercisedValue": {"raw": 0, "fmt": null, "longFmt": "0"}, "unexercisedValue": {"raw": 146781, "fmt": "146.78k", "longFmt": "146,781"}}, {"maxAge": 1, "name": "Mr. Todd  Bedrick CPA", "title": "Senior VP & Chief Accounting Officer", "fiscalYear": 2024, "exercisedValue": {"raw": 0, "fmt": null, "longFmt": "0"}, "unexercisedValue": {"raw": 0, "fmt": null, "longFmt": "0"}}, {"maxAge": 1, "name": "Mr. Alexander  Khan CPA", "title": "VP of Finance & Head of Investor Relations", "fiscalYear": 2024, "exercisedValue": {"raw": 0, "fmt": null, "longFmt": "0"}, "unexercisedValue": {"raw": 0, "fmt": null, "longFmt": "0"}}, {"maxAge": 1, "name": "Ms. Shelby  Walker J.D.", "age": 49, "title": "Chief Legal Officer", "yearBorn": 1975, "fiscalYear": 2024, "exercisedValue": {"raw": 0, "fmt": null, "longFmt": "0"}, "unexercisedValue": {"raw": 0, "fmt": null, "longFmt": "0"}}, {"maxAge": 1, "name": "Ms. Karin  Wierinck", "title": "Chief People Officer", "fiscalYear": 2024, "exercisedValue": {"raw": 0, "fmt": null, "longFmt": "0"}, "unexercisedValue": {"raw": 0, "fmt": null, "longFmt": "0"}}, {"maxAge": 1, "name": "Melissa  Patterson Ph.D.", "title": "Chief of Staff", "fiscalYear": 2024, "exercisedValue": {"raw": 0, "fmt": null, "longFmt": "0"}, "unexercisedValue": {"raw": 0, "fmt": null, "longFmt": "0"}}, {"maxAge": 1, "name": "Mr. Wen  Sha", "title": "Chief of Staff", "fiscalYear": 2024, "exercisedValue": {"raw": 0, "fmt": null, "longFmt": "0"}, "unexercisedValue": {"raw": 0, "fmt": null, "longFmt": "0"}}, {"maxAge": 1, "name": "Dr. Christine  Lemke D.V.M., M.B.A., Ph.D.", "title": "Senior Vice President of Portfolio & Growth Strategy", "fiscalYear": 2024, "exercisedValue": {"raw": 0, "fmt": null, "longFmt": "0"}, "unexercisedValue": {"raw": 0, "fmt": null, "longFmt": "0"}}], "auditRisk": 3, "boardRisk": 8, "compensationRisk": 9, "shareHolderRightsRisk": 7, "overallRisk": 8, "governanceEpochDate": 1761955200, "compensationAsOfEpochDate": 1735603200, "executiveTeam": [], "maxAge": 86400}, "calendarEvents": {"maxAge": 1, "earnings": {"earningsDate": [{"raw": 1762981200, "fmt": "2025-11-12"}], "earningsCallDate": [{"raw": 1762983000, "fmt": "2025-11-12"}], "isEarningsDateEstimate": false, "earningsAverage": {"raw": -0.20518, "fmt": "-0.21"}, "earningsLow": {"raw": -0.24, "fmt": "-0.24"}, "earningsHigh": {"raw": -0.16, "fmt": "-0.16"}, "revenueAverage": {"raw": 1579880, "fmt": "1.58M", "longFmt": "1,579,880"}, "revenueLow": {"raw": 1000000, "fmt": "1M", "longFmt": "1,000,000"}, "revenueHigh": {"raw": 2100000, "fmt": "2.1M", "longFmt": "2,100,000"}}, "exDividendDate": {}, "dividendDate": {}}, "earningsTrend": {"trend": [{"maxAge": 1, "period": "0q", "endDate": "2025-09-30", "growth": {"raw": 0.1451, "fmt": "14.51%"}, "earningsEstimate": {"avg": {"raw": -0.20518, "fmt": "-0.21"}, "low": {"raw": -0.24, "fmt": "-0.24"}, "high": {"raw": -0.16, "fmt": "-0.16"}, "yearAgoEps": {"raw": -0.24, "fmt": "-0.24"}, "numberOfAnalysts": {"raw": 8, "fmt": "8", "longFmt": "8"}, "growth": {"raw": 0.1451, "fmt": "14.51%"}, "earningsCurrency": "USD"}, "revenueEstimate": {"avg": {"raw": 1579880, "fmt": "1.58M", "longFmt": "1,579,880"}, "low": {"raw": 1000000, "fmt": "1M", "longFmt": "1,000,000"}, "high": {"raw": 2100000, "fmt": "2.1M", "longFmt": "2,100,000"}, "numberOfAnalysts": {"raw": 8, "fmt": "8", "longFmt": "8"}, "yearAgoRevenue": {"raw": 1701000, "fmt": "1.7M", "longFmt": "1,701,000"}, "growth": {"raw": -0.0712, "fmt": "-7.12%"}, "revenueCurrency": "USD"}, "epsTrend": {"current": {"raw": -0.20518, "fmt": "-0.21"}, "7daysAgo": {"raw": -0.19857, "fmt": "-0.2"}, "30daysAgo": {"raw": -0.19857, "fmt": "-0.2"}, "60daysAgo": {"raw": -0.19571, "fmt": "-0.2"}, "90daysAgo": {"raw": -0.19714, "fmt": "-0.2"}, "epsTrendCurrency": "USD"}, "epsRevisions": {"upLast7days": {"raw": 0, "fmt": null, "longFmt": "0"}, "upLast30days": {"raw": 0, "fmt": null, "longFmt": "0"}, "downLast30days": {"raw": 1, "fmt": "1", "longFmt": "1"}, "downLast7Days": {"raw": 1, "fmt": "1", "longFmt": "1"}, "downLast90days": {}, "epsRevisionsCurrency": "USD"}}, {"maxAge": 1, "period": "+1q", "endDate": "2025-12-31", "growth": {"raw": 0.21180001, "fmt": "21.18%"}, "earningsEstimate": {"avg": {"raw": -0.19705, "fmt": "-0.2"}, "low": {"raw": -0.23, "fmt": "-0.23"}, "high": {"raw": -0.15, "fmt": "-0.15"}, "yearAgoEps": {"raw": -0.25, "fmt": "-0.25"}, "numberOfAnalysts": {"raw": 8, "fmt": "8", "longFmt": "8"}, "growth": {"raw": 0.21180001, "fmt": "21.18%"}, "earningsCurrency": "USD"}, "revenueEstimate": {"avg": {"raw": 1481500, "fmt": "1.48M", "longFmt": "1,481,500"}, "low": {"raw": 800000, "fmt": "800k", "longFmt": "800,000"}, "high": {"raw": 2000000, "fmt": "2M", "longFmt": "2,000,000"}, "numberOfAnalysts": {"raw": 8, "fmt": "8", "longFmt": "8"}, "yearAgoRevenue": {"raw": 665000, "fmt": "665k", "longFmt": "665,000"}, "growth": {"raw": 1.2278, "fmt": "122.78%"}, "revenueCurrency": "USD"}, "epsTrend": {"current": {"raw": -0.19705, "fmt": "-0.2"}, "7daysAgo": {"raw": -0.19286, "fmt": "-0.19"}, "30daysAgo": {"raw": -0.19286, "fmt": "-0.19"}, "60daysAgo": {"raw": -0.19286, "fmt": "-0.19"}, "90daysAgo": {"raw": -0.19571, "fmt": "-0.2"}, "epsTrendCurrency": "USD"}, "epsRevisions": {"upLast7days": {"raw": 0, "fmt": null, "longFmt": "0"}, "upLast30days": {"raw": 0, "fmt": null, "longFmt": "0"}, "downLast30days": {"raw": 1, "fmt": "1", "longFmt": "1"}, "downLast7Days": {"raw": 1, "fmt": "1", "longFmt": "1"}, "downLast90days": {}, "epsRevisionsCurrency": "USD"}}, {"maxAge": 1, "period": "0y", "endDate": "2025-12-31", "growth": {"raw": 0.121400006, "fmt": "12.14%"}, "earningsEstimate": {"avg": {"raw": -0.82591, "fmt": "-0.83"}, "low": {"raw": -0.93, "fmt": "-0.93"}, "high": {"raw": -0.66, "fmt": "-0.66"}, "yearAgoEps": {"raw": -0.94, "fmt": "-0.94"}, "numberOfAnalysts": {"raw": 8, "fmt": "8", "longFmt": "8"}, "growth": {"raw": 0.121400006, "fmt": "12.14%"}, "earningsCurrency": "USD"}, "revenueEstimate": {"avg": {"raw": 4895500, "fmt": "4.9M", "longFmt": "4,895,500"}, "low": {"raw": 2958000, "fmt": "2.96M", "longFmt": "2,958,000"}, "high": {"raw": 6000000, "fmt": "6M", "longFmt": "6,000,000"}, "numberOfAnalysts": {"raw": 8, "fmt": "8", "longFmt": "8"}, "yearAgoRevenue": {"raw": 4534000, "fmt": "4.53M", "longFmt": "4,534,000"}, "growth": {"raw": 0.0797, "fmt": "7.97%"}, "revenueCurrency": "USD"}, "epsTrend": {"current": {"raw": -0.82591, "fmt": "-0.83"}, "7daysAgo": {"raw": -0.81143, "fmt": "-0.81"}, "30daysAgo": {"raw": -0.81143, "fmt": "-0.81"}, "60daysAgo": {"raw": -0.79143, "fmt": "-0.79"}, "90daysAgo": {"raw": -0.79714, "fmt": "-0.8"}, "epsTrendCurrency": "USD"}, "epsRevisions": {"upLast7days": {"raw": 0, "fmt": null, "longFmt": "0"}, "upLast30days": {"raw": 0, "fmt": null, "longFmt": "0"}, "downLast30days": {"raw": 1, "fmt": "1", "longFmt": "1"}, "downLast7Days": {"raw": 1, "fmt": "1", "longFmt": "1"}, "downLast90days": {}, "epsRevisionsCurrency": "USD"}}, {"maxAge": 1, "period": "+1y", "endDate": "2026-12-31", "growth": {"raw": 0.15020001, "fmt": "15.02%"}, "earningsEstimate": {"avg": {"raw": -0.70182, "fmt": "-0.7"}, "low": {"raw": -0.98455, "fmt": "-0.98"}, "high": {"raw": -0.24, "fmt": "-0.24"}, "yearAgoEps": {"raw": -0.82591, "fmt": "-0.83"}, "numberOfAnalysts": {"raw": 8, "fmt": "8", "longFmt": "8"}, "growth": {"raw": 0.15020001, "fmt": "15.02%"}, "earningsCurrency": "USD"}, "revenueEstimate": {"avg": {"raw": 17803750, "fmt": "17.8M", "longFmt": "17,803,750"}, "low": {"raw": 2958000, "fmt": "2.96M", "longFmt": "2,958,000"}, "high": {"raw": 56138000, "fmt": "56.14M", "longFmt": "56,138,000"}, "numberOfAnalysts": {"raw": 8, "fmt": "8", "longFmt": "8"}, "yearAgoRevenue": {"raw": 4895500, "fmt": "4.9M", "longFmt": "4,895,500"}, "growth": {"raw": 2.6367998, "fmt": "263.68%"}, "revenueCurrency": "USD"}, "epsTrend": {"current": {"raw": -0.70182, "fmt": "-0.7"}, "7daysAgo": {"raw": -0.64857, "fmt": "-0.65"}, "30daysAgo": {"raw": -0.64857, "fmt": "-0.65"}, "60daysAgo": {"raw": -0.66286, "fmt": "-0.66"}, "90daysAgo": {"raw": -0.66429, "fmt": "-0.66"}, "epsTrendCurrency": "USD"}, "epsRevisions": {"upLast7days": {"raw": 0, "fmt": null, "longFmt": "0"}, "upLast30days": {"raw": 0, "fmt": null, "longFmt": "0"}, "downLast30days": {"raw": 1, "fmt": "1", "longFmt": "1"}, "downLast7Days": {"raw": 1, "fmt": "1", "longFmt": "1"}, "downLast90days": {}, "epsRevisionsCurrency": "USD"}}], "defaultMethodology": "nongaap", "maxAge": 1}, "earningsHistory": {"history": [{"maxAge": 1, "epsActual": {"raw": -0.24, "fmt": "-0.24"}, "epsEstimate": {"raw": -0.195, "fmt": "-0.19"}, "epsDifference": {"raw": -0.04, "fmt": "-0.04"}, "surprisePercent": {"raw": -0.2308, "fmt": "-23.08%"}, "quarter": {"raw": 1727654400, "fmt": "2024-09-30"}, "currency": "USD", "period": "-4q"}, {"maxAge": 1, "epsActual": {"raw": -0.25, "fmt": "-0.25"}, "epsEstimate": {"raw": -0.22375, "fmt": "-0.22"}, "epsDifference": {"raw": -0.03, "fmt": "-0.03"}, "surprisePercent": {"raw": -0.1173, "fmt": "-11.73%"}, "quarter": {"raw": 1735603200, "fmt": "2024-12-31"}, "currency": "USD", "period": "-3q"}, {"maxAge": 1, "epsActual": {"raw": -0.21, "fmt": "-0.21"}, "epsEstimate": {"raw": -0.22333, "fmt": "-0.22"}, "epsDifference": {"raw": 0.01, "fmt": "0.01"}, "surprisePercent": {"raw": 0.059699997, "fmt": "5.97%"}, "quarter": {"raw": 1743379200, "fmt": "2025-03-31"}, "currency": "USD", "period": "-2q"}, {"maxAge": 1, "epsActual": {"raw": -0.24, "fmt": "-0.24"}, "epsEstimate": {"raw": -0.20857, "fmt": "-0.21"}, "epsDifference": {"raw": -0.03, "fmt": "-0.03"}, "surprisePercent": {"raw": -0.1507, "fmt": "-15.07%"}, "quarter": {"raw": 1751241600, "fmt": "2025-06-30"}, "currency": "USD", "period": "-1q"}], "defaultMethodology": "nongaap", "maxAge": 86400}, "financialData": {"maxAge": 86400, "currentPrice": {"raw": 4.11, "fmt": "4.11"}, "targetHighPrice": {"raw": 10.0, "fmt": "10.00"}, "targetLowPrice": {"raw": 5.89, "fmt": "5.89"}, "targetMeanPrice": {"raw": 8.12714, "fmt": "8.13"}, "targetMedianPrice": {"raw": 8.0, "fmt": "8.00"}, "recommendationMean": {}, "recommendationKey": "none", "numberOfAnalystOpinions": {"raw": 7, "fmt": "7", "longFmt": "7"}, "totalCash": {"raw": 117458000, "fmt": "117.46M", "longFmt": "117,458,000"}, "totalCashPerShare": {"raw": 0.786, "fmt": "0.79"}, "ebitda": {"raw": -103730000, "fmt": "-103.73M", "longFmt": "-103,730,000"}, "totalDebt": {"raw": 7412000, "fmt": "7.41M", "longFmt": "7,412,000"}, "quickRatio": {"raw": 3.772, "fmt": "3.77"}, "currentRatio": {"raw": 4.387, "fmt": "4.39"}, "totalRevenue": {"raw": 4138000, "fmt": "4.14M", "longFmt": "4,138,000"}, "debtToEquity": {"raw": 4.275, "fmt": "4.28%"}, "revenuePerShare": {"raw": 0.034, "fmt": "0.03"}, "returnOnAssets": {"raw": -0.31260002, "fmt": "-31.26%"}, "returnOnEquity": {"raw": -0.57385, "fmt": "-57.38%"}, "grossProfits": {"raw": -67646000, "fmt": "-67.65M", "longFmt": "-67,646,000"}, "freeCashflow": {"raw": -33263124, "fmt": "-33.26M", "longFmt": "-33,263,124"}, "operatingCashflow": {"raw": -76408000, "fmt": "-76.41M", "longFmt": "-76,408,000"}, "earningsGrowth": {}, "revenueGrowth": {"raw": -0.533, "fmt": "-53.30%"}, "grossMargins": {"raw": 0.0, "fmt": "0.00%"}, "ebitdaMargins": {"raw": 0.0, "fmt": "0.00%"}, "operatingMargins": {"raw": -52.939293, "fmt": "-5,293.93%"}, "profitMargins": {"raw": 0.0, "fmt": "0.00%"}, "financialCurrency": "USD"}}