{"assetProfile": {"address1": "1101 Brickell Avenue", "address2": "Suite 1500", "city": "Miami", "state": "FL", "zip": "33131", "country": "United States", "phone": "305-224-6427", "website": "https://www.abtc.com", "industry": "Capital Markets", "industryKey": "capital-markets", "industryDisp": "Capital Markets", "sector": "Financial Services", "sectorKey": "financial-services", "sectorDisp": "Financial Services", "longBusinessSummary": "American Bitcoin Corp., a Bitcoin accumulation platform company, focuses on building Bitcoin infrastructure platform. The company delivers institutional-grade exposure to Bitcoin through business model that integrates self-mining operations with accumulation strategies. The company is based in Miami, Florida. American Bitcoin Corp. operates as a subsidiary of Hut 8 Corp.", "fullTimeEmployees": 1, "companyOfficers": [{"maxAge": 1, "name": "Mr. Asher Kevin Genoot", "age": 28, "title": "Executive Chairman", "yearBorn": 1996, "exercisedValue": {"raw": 0, "fmt": null, "longFmt": "0"}, "unexercisedValue": {"raw": 0, "fmt": null, "longFmt": "0"}}, {"maxAge": 1, "name": "Mr. Michael  Ho", "age": 31, "title": "CEO & Director", "yearBorn": 1993, "exercisedValue": {"raw": 0, "fmt": null, "longFmt": "0"}, "unexercisedValue": {"raw": 0, "fmt": null, "longFmt": "0"}}, {"maxAge": 1, "name": "Mr. Matthew  Prusak", "age": 30, "title": "President & Interim CFO", "yearBorn": 1994, "exercisedValue": {"raw": 0, "fmt": null, "longFmt": "0"}, "unexercisedValue": {"raw": 0, "fmt": null, "longFmt": "0"}}, {"maxAge": 1, "name": "Mr. Eric F. Trump", "title": "Co-Founder & Chief Strategy Officer", "exercisedValue": {"raw": 0, "fmt": null, "longFmt": "0"}, "unexercisedValue": {"raw": 0, "fmt": null, "longFmt": "0"}}], "executiveTeam": [], "maxAge": 86400}, "calendarEvents": {"maxAge": 1, "earnings": {"earningsDate": [{"raw": 1763127000, "fmt": "2025-11-14"}], "earningsCallDate": [{"raw": 1764763200, "fmt": "2025-12-03"}], "isEarningsDateEstimate": false, "earningsAverage": {}, "earningsLow": {}, "earningsHigh": {}, "revenueAverage": {}, "revenueLow": {}, "revenueHigh": {}}, "exDividendDate": {}, "dividendDate": {}}, "earningsTrend": {"trend": [{"maxAge": 1, "period": "0q", "endDate": null, "growth": {}, "earningsEstimate": {"avg": {}, "low": {}, "high": {}, "yearAgoEps": {}, "numberOfAnalysts": {}, "growth": {}, "earningsCurrency": null}, "revenueEstimate": {"avg": {"raw": 0, "fmt": null, "longFmt": "0"}, "low": {"raw": 0, "fmt": null, "longFmt": "0"}, "high": {"raw": 0, "fmt": null, "longFmt": "0"}, "numberOfAnalysts": {"raw": 0, "fmt": null, "longFmt": "0"}, "yearAgoRevenue": {}, "growth": {}, "revenueCurrency": null}, "epsTrend": {"current": {}, "7daysAgo": {}, "30daysAgo": {}, "60daysAgo": {}, "90daysAgo": {}, "epsTrendCurrency": null}, "epsRevisions": {"upLast7days": {}, "upLast30days": {}, "downLast30days": {}, "downLast7Days": {}, "downLast90days": {}, "epsRevisionsCurrency": null}}, {"maxAge": 1, "period": "+1q", "endDate": null, "growth": {}, "earningsEstimate": {"avg": {}, "low": {}, "high": {}, "yearAgoEps": {}, "numberOfAnalysts": {}, "growth": {}, "earningsCurrency": null}, "revenueEstimate": {"avg": {"raw": 0, "fmt": null, "longFmt": "0"}, "low": {"raw": 0, "fmt": null, "longFmt": "0"}, "high": {"raw": 0, "fmt": null, "longFmt": "0"}, "numberOfAnalysts": {"raw": 0, "fmt": null, "longFmt": "0"}, "yearAgoRevenue": {}, "growth": {}, "revenueCurrency": null}, "epsTrend": {"current": {}, "7daysAgo": {}, "30daysAgo": {}, "60daysAgo": {}, "90daysAgo": {}, "epsTrendCurrency": null}, "epsRevisions": {"upLast7days": {}, "upLast30days": {}, "downLast30days": {}, "downLast7Days": {}, "downLast90days": {}, "epsRevisionsCurrency": null}}, {"maxAge": 1, "period": "0y", "endDate": null, "growth": {}, "earningsEstimate": {"avg": {}, "low": {}, "high": {}, "yearAgoEps": {}, "numberOfAnalysts": {}, "growth": {}, "earningsCurrency": null}, "revenueEstimate": {"avg": {"raw": 0, "fmt": null, "longFmt": "0"}, "low": {"raw": 0, "fmt": null, "longFmt": "0"}, "high": {"raw": 0, "fmt": null, "longFmt": "0"}, "numberOfAnalysts": {"raw": 0, "fmt": null, "longFmt": "0"}, "yearAgoRevenue": {}, "growth": {}, "revenueCurrency": null}, "epsTrend": {"current": {}, "7daysAgo": {}, "30daysAgo": {}, "60daysAgo": {}, "90daysAgo": {}, "epsTrendCurrency": null}, "epsRevisions": {"upLast7days": {}, "upLast30days": {}, "downLast30days": {}, "downLast7Days": {}, "downLast90days": {}, "epsRevisionsCurrency": null}}, {"maxAge": 1, "period": "+1y", "endDate": null, "growth": {}, "earningsEstimate": {"avg": {}, "low": {}, "high": {}, "yearAgoEps": {}, "numberOfAnalysts": {}, "growth": {}, "earningsCurrency": null}, "revenueEstimate": {"avg": {"raw": 0, "fmt": null, "longFmt": "0"}, "low": {"raw": 0, "fmt": null, "longFmt": "0"}, "high": {"raw": 0, "fmt": null, "longFmt": "0"}, "numberOfAnalysts": {"raw": 0, "fmt": null, "longFmt": "0"}, "yearAgoRevenue": {}, "growth": {}, "revenueCurrency": null}, "epsTrend": {"current": {}, "7daysAgo": {}, "30daysAgo": {}, "60daysAgo": {}, "90daysAgo": {}, "epsTrendCurrency": null}, "epsRevisions": {"upLast7days": {}, "upLast30days": {}, "downLast30days": {}, "downLast7Days": {}, "downLast90days": {}, "epsRevisionsCurrency": null}}], "defaultMethodology": "nongaap", "maxAge": 1}, "earningsHistory": {"history": [], "defaultMethodology": "nongaap", "maxAge": 86400}, "financialData": {"maxAge": 86400, "currentPrice": {"raw": 4.92, "fmt": "4.92"}, "targetHighPrice": {}, "targetLowPrice": {}, "targetMeanPrice": {}, "targetMedianPrice": {}, "recommendationMean": {}, "recommendationKey": "none", "numberOfAnalystOpinions": {}, "totalCash": {"raw": 205924992, "fmt": "205.92M", "longFmt": "205,924,992"}, "totalCashPerShare": {"raw": 3.348, "fmt": "3.35"}, "ebitda": {"raw": 195422000, "fmt": "195.42M", "longFmt": "195,422,000"}, "totalDebt": {"raw": 49329000, "fmt": "49.33M", "longFmt": "49,329,000"}, "quickRatio": {"raw": 7.435, "fmt": "7.43"}, "currentRatio": {"raw": 7.435, "fmt": "7.43"}, "totalRevenue": {"raw": 69890000, "fmt": "69.89M", "longFmt": "69,890,000"}, "debtToEquity": {"raw": 14.52, "fmt": "14.52%"}, "revenuePerShare": {"raw": 1.136, "fmt": "1.14"}, "returnOnAssets": {}, "returnOnEquity": {}, "grossProfits": {"raw": 31841000, "fmt": "31.84M", "longFmt": "31,841,000"}, "freeCashflow": {}, "operatingCashflow": {"raw": -69444000, "fmt": "-69.44M", "longFmt": "-69,444,000"}, "earningsGrowth": {}, "revenueGrowth": {"raw": 1.177, "fmt": "117.70%"}, "grossMargins": {"raw": 0.45558998, "fmt": "45.56%"}, "ebitdaMargins": {"raw": 2.7961402, "fmt": "279.61%"}, "operatingMargins": {"raw": 0.14502, "fmt": "14.50%"}, "profitMargins": {"raw": 2.32357, "fmt": "232.36%"}, "financialCurrency": "USD"}}