{"assetProfile": {"address1": "Lee Garden One", "address2": "Level 24 33 Hysan Avenue", "city": "Causeway Bay", "country": "Hong Kong", "website": "https://www.abitsgroup.com", "industry": "Capital Markets", "industryKey": "capital-markets", "industryDisp": "Capital Markets", "sector": "Financial Services", "sectorKey": "financial-services", "sectorDisp": "Financial Services", "longBusinessSummary": "Abits Group Inc., through its subsidiary, operates in the bitcoin mining business in the United States. It also provides in-house support services. The company was formerly known as Moxian (BVI) Inc and changed its name to Abits Group Inc. in November 2023. Abits Group Inc. was incorporated in 2021 and is based in Causeway Bay, Hong Kong.", "fullTimeEmployees": 11, "companyOfficers": [{"maxAge": 1, "name": "Mr. Conglin  Deng", "age": 40, "title": "CEO & Director", "yearBorn": 1984, "fiscalYear": 2024, "totalPay": {"raw": 120000, "fmt": "120k", "longFmt": "120,000"}, "exercisedValue": {"raw": 0, "fmt": null, "longFmt": "0"}, "unexercisedValue": {"raw": 0, "fmt": null, "longFmt": "0"}}, {"maxAge": 1, "name": "Mr. Wanhong  Tan", "age": 70, "title": "CFO & Board Secretary", "yearBorn": 1954, "fiscalYear": 2024, "totalPay": {"raw": 120000, "fmt": "120k", "longFmt": "120,000"}, "exercisedValue": {"raw": 0, "fmt": null, "longFmt": "0"}, "unexercisedValue": {"raw": 0, "fmt": null, "longFmt": "0"}}, {"maxAge": 1, "name": "Mr. Boon Hock Ooi", "title": "Vice President of Creative & Marketing", "fiscalYear": 2024, "exercisedValue": {"raw": 0, "fmt": null, "longFmt": "0"}, "unexercisedValue": {"raw": 0, "fmt": null, "longFmt": "0"}}, {"maxAge": 1, "name": "Mr. Zhongwen  Chen", "age": 48, "title": "Vice President of Corporate Affairs", "yearBorn": 1976, "fiscalYear": 2024, "exercisedValue": {"raw": 0, "fmt": null, "longFmt": "0"}, "unexercisedValue": {"raw": 0, "fmt": null, "longFmt": "0"}}], "compensationAsOfEpochDate": 1735603200, "executiveTeam": [], "maxAge": 86400}, "calendarEvents": {"maxAge": 1, "earnings": {"earningsDate": [], "earningsCallDate": [], "earningsAverage": {}, "earningsLow": {}, "earningsHigh": {}, "revenueAverage": {}, "revenueLow": {}, "revenueHigh": {}}, "exDividendDate": {}, "dividendDate": {}}, "earningsTrend": {"trend": [{"maxAge": 1, "period": "0q", "endDate": null, "growth": {}, "earningsEstimate": {"avg": {}, "low": {}, "high": {}, "yearAgoEps": {}, "numberOfAnalysts": {}, "growth": {}, "earningsCurrency": null}, "revenueEstimate": {"avg": {"raw": 0, "fmt": null, "longFmt": "0"}, "low": {"raw": 0, "fmt": null, "longFmt": "0"}, "high": {"raw": 0, "fmt": null, "longFmt": "0"}, "numberOfAnalysts": {"raw": 0, "fmt": null, "longFmt": "0"}, "yearAgoRevenue": {}, "growth": {}, "revenueCurrency": null}, "epsTrend": {"current": {}, "7daysAgo": {}, "30daysAgo": {}, "60daysAgo": {}, "90daysAgo": {}, "epsTrendCurrency": null}, "epsRevisions": {"upLast7days": {}, "upLast30days": {}, "downLast30days": {}, "downLast7Days": {}, "downLast90days": {}, "epsRevisionsCurrency": null}}, {"maxAge": 1, "period": "+1q", "endDate": null, "growth": {}, "earningsEstimate": {"avg": {}, "low": {}, "high": {}, "yearAgoEps": {}, "numberOfAnalysts": {}, "growth": {}, "earningsCurrency": null}, "revenueEstimate": {"avg": {"raw": 0, "fmt": null, "longFmt": "0"}, "low": {"raw": 0, "fmt": null, "longFmt": "0"}, "high": {"raw": 0, "fmt": null, "longFmt": "0"}, "numberOfAnalysts": {"raw": 0, "fmt": null, "longFmt": "0"}, "yearAgoRevenue": {}, "growth": {}, "revenueCurrency": null}, "epsTrend": {"current": {}, "7daysAgo": {}, "30daysAgo": {}, "60daysAgo": {}, "90daysAgo": {}, "epsTrendCurrency": null}, "epsRevisions": {"upLast7days": {}, "upLast30days": {}, "downLast30days": {}, "downLast7Days": {}, "downLast90days": {}, "epsRevisionsCurrency": null}}, {"maxAge": 1, "period": "0y", "endDate": null, "growth": {}, "earningsEstimate": {"avg": {}, "low": {}, "high": {}, "yearAgoEps": {}, "numberOfAnalysts": {}, "growth": {}, "earningsCurrency": null}, "revenueEstimate": {"avg": {"raw": 0, "fmt": null, "longFmt": "0"}, "low": {"raw": 0, "fmt": null, "longFmt": "0"}, "high": {"raw": 0, "fmt": null, "longFmt": "0"}, "numberOfAnalysts": {"raw": 0, "fmt": null, "longFmt": "0"}, "yearAgoRevenue": {}, "growth": {}, "revenueCurrency": null}, "epsTrend": {"current": {}, "7daysAgo": {}, "30daysAgo": {}, "60daysAgo": {}, "90daysAgo": {}, "epsTrendCurrency": null}, "epsRevisions": {"upLast7days": {}, "upLast30days": {}, "downLast30days": {}, "downLast7Days": {}, "downLast90days": {}, "epsRevisionsCurrency": null}}, {"maxAge": 1, "period": "+1y", "endDate": null, "growth": {}, "earningsEstimate": {"avg": {}, "low": {}, "high": {}, "yearAgoEps": {}, "numberOfAnalysts": {}, "growth": {}, "earningsCurrency": null}, "revenueEstimate": {"avg": {"raw": 0, "fmt": null, "longFmt": "0"}, "low": {"raw": 0, "fmt": null, "longFmt": "0"}, "high": {"raw": 0, "fmt": null, "longFmt": "0"}, "numberOfAnalysts": {"raw": 0, "fmt": null, "longFmt": "0"}, "yearAgoRevenue": {}, "growth": {}, "revenueCurrency": null}, "epsTrend": {"current": {}, "7daysAgo": {}, "30daysAgo": {}, "60daysAgo": {}, "90daysAgo": {}, "epsTrendCurrency": null}, "epsRevisions": {"upLast7days": {}, "upLast30days": {}, "downLast30days": {}, "downLast7Days": {}, "downLast90days": {}, "epsRevisionsCurrency": null}}], "defaultMethodology": "nongaap", "maxAge": 1}, "earningsHistory": {"history": [], "defaultMethodology": "nongaap", "maxAge": 86400}, "financialData": {"maxAge": 86400, "currentPrice": {"raw": 6.4, "fmt": "6.40"}, "targetHighPrice": {}, "targetLowPrice": {}, "targetMeanPrice": {}, "targetMedianPrice": {}, "recommendationMean": {}, "recommendationKey": "none", "numberOfAnalystOpinions": {}, "totalCash": {"raw": 145143, "fmt": "145.14k", "longFmt": "145,143"}, "totalCashPerShare": {"raw": 0.061, "fmt": "0.06"}, "ebitda": {"raw": 1392235, "fmt": "1.39M", "longFmt": "1,392,235"}, "totalDebt": {"raw": 2625000, "fmt": "2.62M", "longFmt": "2,625,000"}, "quickRatio": {"raw": 0.184, "fmt": "0.18"}, "currentRatio": {"raw": 0.198, "fmt": "0.20"}, "totalRevenue": {"raw": 7037156, "fmt": "7.04M", "longFmt": "7,037,156"}, "debtToEquity": {"raw": 26.181, "fmt": "26.18%"}, "revenuePerShare": {"raw": 2.969, "fmt": "2.97"}, "returnOnAssets": {"raw": -0.07685, "fmt": "-7.68%"}, "returnOnEquity": {"raw": -0.11737, "fmt": "-11.74%"}, "grossProfits": {"raw": 3492203, "fmt": "3.49M", "longFmt": "3,492,203"}, "freeCashflow": {"raw": -2247378, "fmt": "-2.25M", "longFmt": "-2,247,378"}, "operatingCashflow": {"raw": 119932, "fmt": "119.93k", "longFmt": "119,932"}, "earningsGrowth": {}, "revenueGrowth": {"raw": 0.089, "fmt": "8.90%"}, "grossMargins": {"raw": 0.49625, "fmt": "49.63%"}, "ebitdaMargins": {"raw": 0.19784, "fmt": "19.78%"}, "operatingMargins": {"raw": -0.15387, "fmt": "-15.39%"}, "profitMargins": {"raw": -0.1777, "fmt": "-17.77%"}, "financialCurrency": "USD"}}