{"assetProfile": {"address1": "701 Veterans Circle", "city": "Warminster", "state": "PA", "zip": "18974", "country": "United States", "phone": "267 469 0914", "website": "https://www.arbutusbio.com", "industry": "Biotechnology", "industryKey": "biotechnology", "industryDisp": "Biotechnology", "sector": "Healthcare", "sectorKey": "healthcare", "sectorDisp": "Healthcare", "longBusinessSummary": "Arbutus Biopharma Corporation, a clinical-stage biopharmaceutical company, develops novel therapeutics for infectious disease in the United States. Its chronic Hepatitis B virus product pipeline comprises Imdusiran, conjugated GalNAc, subcutaneously-delivered RNAi therapeutic product candidate which is in phase 1 and phase 2a clinical trials that suppresses all HBV antigens, including HBsAg expression; and AB-101, an oral PD-L1 inhibitor, which is in phase 1a/1b clinical trial that has the potential to reawaken patients' HBV-specific immune response by inhibiting PD-L1. The company has licensing agreement with Alnylam Pharmaceuticals, Inc. to develop and commercialize products with LNP delivery technology. The company was formerly known as Tekmira Pharmaceuticals Corporation and changed its name to Arbutus Biopharma Corporation in July 2015. Arbutus Biopharma Corporation was incorporated in 2005 is headquartered in Warminster, Pennsylvania.", "fullTimeEmployees": 44, "companyOfficers": [{"maxAge": 1, "name": "Ms. Lindsay  Androski J.D., M.B.A.", "age": 47, "title": "President, CEO & Chairman", "yearBorn": 1977, "exercisedValue": {"raw": 0, "fmt": null, "longFmt": "0"}, "unexercisedValue": {"raw": 0, "fmt": null, "longFmt": "0"}}, {"maxAge": 1, "name": "Mr. Tuan  Nguyen", "age": 48, "title": "Chief Financial Officer", "yearBorn": 1976, "exercisedValue": {"raw": 0, "fmt": null, "longFmt": "0"}, "unexercisedValue": {"raw": 0, "fmt": null, "longFmt": "0"}}, {"maxAge": 1, "name": "Mr. Andrew J. Sung", "title": "General Counsel", "exercisedValue": {"raw": 0, "fmt": null, "longFmt": "0"}, "unexercisedValue": {"raw": 0, "fmt": null, "longFmt": "0"}}, {"maxAge": 1, "name": "Mr. R. Hector Mackay-Dunn B.A., J.D., L.L.B., Q.C.", "age": 73, "title": "Corporate Secretary", "yearBorn": 1951, "exercisedValue": {"raw": 0, "fmt": null, "longFmt": "0"}, "unexercisedValue": {"raw": 0, "fmt": null, "longFmt": "0"}}], "auditRisk": 4, "boardRisk": 7, "compensationRisk": 7, "shareHolderRightsRisk": 9, "overallRisk": 7, "governanceEpochDate": 1761955200, "executiveTeam": [], "maxAge": 86400}, "calendarEvents": {"maxAge": 1, "earnings": {"earningsDate": [{"raw": 1762349400, "fmt": "2025-11-05"}], "earningsCallDate": [], "isEarningsDateEstimate": true, "earningsAverage": {"raw": -0.046, "fmt": "-0.05"}, "earningsLow": {"raw": -0.069, "fmt": "-0.07"}, "earningsHigh": {"raw": -0.028, "fmt": "-0.03"}, "revenueAverage": {"raw": 1310250, "fmt": "1.31M", "longFmt": "1,310,250"}, "revenueLow": {"raw": 0, "fmt": null, "longFmt": "0"}, "revenueHigh": {"raw": 2476000, "fmt": "2.48M", "longFmt": "2,476,000"}}, "exDividendDate": {}, "dividendDate": {}}, "earningsTrend": {"trend": [{"maxAge": 1, "period": "0q", "endDate": "2025-09-30", "growth": {"raw": 0.66800004, "fmt": "66.80%"}, "earningsEstimate": {"avg": {"raw": -0.046, "fmt": "-0.05"}, "low": {"raw": -0.069, "fmt": "-0.07"}, "high": {"raw": -0.028, "fmt": "-0.03"}, "yearAgoEps": {"raw": -0.13855, "fmt": "-0.14"}, "numberOfAnalysts": {"raw": 3, "fmt": "3", "longFmt": "3"}, "growth": {"raw": 0.66800004, "fmt": "66.80%"}, "earningsCurrency": "CAD"}, "revenueEstimate": {"avg": {"raw": 1310250, "fmt": "1.31M", "longFmt": "1,310,250"}, "low": {"raw": 0, "fmt": null, "longFmt": "0"}, "high": {"raw": 2476000, "fmt": "2.48M", "longFmt": "2,476,000"}, "numberOfAnalysts": {"raw": 4, "fmt": "4", "longFmt": "4"}, "yearAgoRevenue": {"raw": 1855130, "fmt": "1.86M", "longFmt": "1,855,130"}, "growth": {"raw": -0.2937, "fmt": "-29.37%"}, "revenueCurrency": "CAD"}, "epsTrend": {"current": {"raw": -0.046, "fmt": "-0.05"}, "7daysAgo": {"raw": -0.04567, "fmt": "-0.05"}, "30daysAgo": {"raw": -0.04567, "fmt": "-0.05"}, "60daysAgo": {"raw": -0.0835, "fmt": "-0.08"}, "90daysAgo": {"raw": -0.084, "fmt": "-0.08"}, "epsTrendCurrency": "CAD"}, "epsRevisions": {"upLast7days": {"raw": 0, "fmt": null, "longFmt": "0"}, "upLast30days": {"raw": 0, "fmt": null, "longFmt": "0"}, "downLast30days": {"raw": 1, "fmt": "1", "longFmt": "1"}, "downLast7Days": {"raw": 1, "fmt": "1", "longFmt": "1"}, "downLast90days": {}, "epsRevisionsCurrency": "CAD"}}, {"maxAge": 1, "period": "+1q", "endDate": "2025-12-31", "growth": {"raw": 0.5393, "fmt": "53.93%"}, "earningsEstimate": {"avg": {"raw": -0.046, "fmt": "-0.05"}, "low": {"raw": -0.069, "fmt": "-0.07"}, "high": {"raw": -0.028, "fmt": "-0.03"}, "yearAgoEps": {"raw": -0.09985, "fmt": "-0.1"}, "numberOfAnalysts": {"raw": 3, "fmt": "3", "longFmt": "3"}, "growth": {"raw": 0.5393, "fmt": "53.93%"}, "earningsCurrency": "CAD"}, "revenueEstimate": {"avg": {"raw": 1275750, "fmt": "1.28M", "longFmt": "1,275,750"}, "low": {"raw": 0, "fmt": null, "longFmt": "0"}, "high": {"raw": 2476000, "fmt": "2.48M", "longFmt": "2,476,000"}, "numberOfAnalysts": {"raw": 4, "fmt": "4", "longFmt": "4"}, "yearAgoRevenue": {"raw": 2245150, "fmt": "2.25M", "longFmt": "2,245,150"}, "growth": {"raw": -0.4318, "fmt": "-43.18%"}, "revenueCurrency": "CAD"}, "epsTrend": {"current": {"raw": -0.046, "fmt": "-0.05"}, "7daysAgo": {"raw": -0.04567, "fmt": "-0.05"}, "30daysAgo": {"raw": -0.04567, "fmt": "-0.05"}, "60daysAgo": {"raw": -0.0835, "fmt": "-0.08"}, "90daysAgo": {"raw": -0.084, "fmt": "-0.08"}, "epsTrendCurrency": "CAD"}, "epsRevisions": {"upLast7days": {"raw": 0, "fmt": null, "longFmt": "0"}, "upLast30days": {"raw": 0, "fmt": null, "longFmt": "0"}, "downLast30days": {"raw": 1, "fmt": "1", "longFmt": "1"}, "downLast7Days": {"raw": 1, "fmt": "1", "longFmt": "1"}, "downLast90days": {}, "epsRevisionsCurrency": "CAD"}}, {"maxAge": 1, "period": "0y", "endDate": "2025-12-31", "growth": {"raw": 0.5332, "fmt": "53.32%"}, "earningsEstimate": {"avg": {"raw": -0.253, "fmt": "-0.25"}, "low": {"raw": -0.289, "fmt": "-0.29"}, "high": {"raw": -0.222, "fmt": "-0.22"}, "yearAgoEps": {"raw": -0.54203, "fmt": "-0.54"}, "numberOfAnalysts": {"raw": 3, "fmt": "3", "longFmt": "3"}, "growth": {"raw": 0.5332, "fmt": "53.32%"}, "earningsCurrency": "CAD"}, "revenueEstimate": {"avg": {"raw": 19845840, "fmt": "19.85M", "longFmt": "19,845,840"}, "low": {"raw": 17181370, "fmt": "17.18M", "longFmt": "17,181,370"}, "high": {"raw": 22262000, "fmt": "22.26M", "longFmt": "22,262,000"}, "numberOfAnalysts": {"raw": 4, "fmt": "4", "longFmt": "4"}, "yearAgoRevenue": {"raw": 8802280, "fmt": "8.8M", "longFmt": "8,802,280"}, "growth": {"raw": 1.2546, "fmt": "125.46%"}, "revenueCurrency": "CAD"}, "epsTrend": {"current": {"raw": -0.253, "fmt": "-0.25"}, "7daysAgo": {"raw": -0.25233, "fmt": "-0.25"}, "30daysAgo": {"raw": -0.25233, "fmt": "-0.25"}, "60daysAgo": {"raw": -0.43, "fmt": "-0.43"}, "90daysAgo": {"raw": -0.4335, "fmt": "-0.43"}, "epsTrendCurrency": "CAD"}, "epsRevisions": {"upLast7days": {"raw": 0, "fmt": null, "longFmt": "0"}, "upLast30days": {"raw": 0, "fmt": null, "longFmt": "0"}, "downLast30days": {"raw": 1, "fmt": "1", "longFmt": "1"}, "downLast7Days": {"raw": 1, "fmt": "1", "longFmt": "1"}, "downLast90days": {}, "epsRevisionsCurrency": "CAD"}}, {"maxAge": 1, "period": "+1y", "endDate": "2026-12-31", "growth": {"raw": 0.0013, "fmt": "0.13%"}, "earningsEstimate": {"avg": {"raw": -0.25267, "fmt": "-0.25"}, "low": {"raw": -0.289, "fmt": "-0.29"}, "high": {"raw": -0.234, "fmt": "-0.23"}, "yearAgoEps": {"raw": -0.253, "fmt": "-0.25"}, "numberOfAnalysts": {"raw": 3, "fmt": "3", "longFmt": "3"}, "growth": {"raw": 0.0013, "fmt": "0.13%"}, "earningsCurrency": "CAD"}, "revenueEstimate": {"avg": {"raw": 1798330, "fmt": "1.8M", "longFmt": "1,798,330"}, "low": {"raw": 0, "fmt": null, "longFmt": "0"}, "high": {"raw": 3878000, "fmt": "3.88M", "longFmt": "3,878,000"}, "numberOfAnalysts": {"raw": 3, "fmt": "3", "longFmt": "3"}, "yearAgoRevenue": {"raw": 19845840, "fmt": "19.85M", "longFmt": "19,845,840"}, "growth": {"raw": -0.90940005, "fmt": "-90.94%"}, "revenueCurrency": "CAD"}, "epsTrend": {"current": {"raw": -0.25267, "fmt": "-0.25"}, "7daysAgo": {"raw": -0.25233, "fmt": "-0.25"}, "30daysAgo": {"raw": -0.25233, "fmt": "-0.25"}, "60daysAgo": {"raw": -0.3745, "fmt": "-0.37"}, "90daysAgo": {"raw": -0.3775, "fmt": "-0.38"}, "epsTrendCurrency": "CAD"}, "epsRevisions": {"upLast7days": {"raw": 0, "fmt": null, "longFmt": "0"}, "upLast30days": {"raw": 0, "fmt": null, "longFmt": "0"}, "downLast30days": {"raw": 1, "fmt": "1", "longFmt": "1"}, "downLast7Days": {"raw": 1, "fmt": "1", "longFmt": "1"}, "downLast90days": {}, "epsRevisionsCurrency": "CAD"}}], "defaultMethodology": "nongaap", "maxAge": 1}, "earningsHistory": {"history": [{"maxAge": 1, "epsActual": {"raw": -0.13855, "fmt": "-0.14"}, "epsEstimate": {"raw": -0.1296, "fmt": "-0.13"}, "epsDifference": {"raw": -0.01, "fmt": "-0.01"}, "surprisePercent": {"raw": -0.0691, "fmt": "-6.91%"}, "quarter": {"raw": 1727654400, "fmt": "2024-09-30"}, "currency": "CAD", "period": "-4q"}, {"maxAge": 1, "epsActual": {"raw": -0.09985, "fmt": "-0.1"}, "epsEstimate": {"raw": -0.11675, "fmt": "-0.12"}, "epsDifference": {"raw": 0.02, "fmt": "0.02"}, "surprisePercent": {"raw": 0.14479999, "fmt": "14.48%"}, "quarter": {"raw": 1735603200, "fmt": "2024-12-31"}, "currency": "CAD", "period": "-3q"}, {"maxAge": 1, "epsActual": {"raw": -0.18164, "fmt": "-0.18"}, "epsEstimate": {"raw": -0.15375, "fmt": "-0.15"}, "epsDifference": {"raw": -0.03, "fmt": "-0.03"}, "surprisePercent": {"raw": -0.1814, "fmt": "-18.14%"}, "quarter": {"raw": 1743379200, "fmt": "2025-03-31"}, "currency": "CAD", "period": "-2q"}, {"maxAge": 1, "epsActual": {"raw": 0.01378, "fmt": "0.01"}, "epsEstimate": {"raw": -0.0905, "fmt": "-0.09"}, "epsDifference": {"raw": 0.1, "fmt": "0.1"}, "surprisePercent": {"raw": 1.1523, "fmt": "115.23%"}, "quarter": {"raw": 1751241600, "fmt": "2025-06-30"}, "currency": "CAD", "period": "-1q"}], "defaultMethodology": "nongaap", "maxAge": 86400}, "financialData": {"maxAge": 86400, "currentPrice": {"raw": 4.58, "fmt": "4.58"}, "targetHighPrice": {"raw": 6.8392053, "fmt": "6.84"}, "targetLowPrice": {"raw": 3.9197981, "fmt": "3.92"}, "targetMeanPrice": {"raw": 5.1606884, "fmt": "5.16"}, "targetMedianPrice": {"raw": 4.941875, "fmt": "4.94"}, "recommendationMean": {}, "recommendationKey": "none", "numberOfAnalystOpinions": {"raw": 4, "fmt": "4", "longFmt": "4"}, "totalCash": {"raw": 98088000, "fmt": "98.09M", "longFmt": "98,088,000"}, "totalCashPerShare": {"raw": 0.512, "fmt": "0.51"}, "ebitda": {"raw": -43243000, "fmt": "-43.24M", "longFmt": "-43,243,000"}, "totalDebt": {"raw": 4999000, "fmt": "5M", "longFmt": "4,999,000"}, "quickRatio": {"raw": 19.756, "fmt": "19.76"}, "currentRatio": {"raw": 20.533, "fmt": "20.53"}, "totalRevenue": {"raw": 15416000, "fmt": "15.42M", "longFmt": "15,416,000"}, "debtToEquity": {"raw": 6.025, "fmt": "6.02%"}, "revenuePerShare": {"raw": 0.081, "fmt": "0.08"}, "returnOnAssets": {"raw": -0.21008, "fmt": "-21.01%"}, "returnOnEquity": {"raw": -0.52818, "fmt": "-52.82%"}, "grossProfits": {"raw": -37390000, "fmt": "-37.39M", "longFmt": "-37,390,000"}, "freeCashflow": {"raw": -35017000, "fmt": "-35.02M", "longFmt": "-35,017,000"}, "operatingCashflow": {"raw": -60191000, "fmt": "-60.19M", "longFmt": "-60,191,000"}, "earningsGrowth": {}, "revenueGrowth": {"raw": 5.222, "fmt": "522.20%"}, "grossMargins": {"raw": -2.4254, "fmt": "-242.54%"}, "ebitdaMargins": {"raw": -2.80507, "fmt": "-280.51%"}, "operatingMargins": {"raw": 0.17813998, "fmt": "17.81%"}, "profitMargins": {"raw": 0.0, "fmt": "0.00%"}, "financialCurrency": "USD"}}