{"assetProfile": {"address1": "44370 Old Warm Springs Boulevard", "city": "Fremont", "state": "CA", "zip": "94538", "country": "United States", "phone": "510 668 0881", "website": "https://www.abvcpharma.com", "industry": "Biotechnology", "industryKey": "biotechnology", "industryDisp": "Biotechnology", "sector": "Healthcare", "sectorKey": "healthcare", "sectorDisp": "Healthcare", "longBusinessSummary": "ABVC BioPharma, Inc., a clinical-stage biopharmaceutical company, develops drugs and medical devices to fulfill unmet medical needs in the United States. The company is developing ABV-1501, which is in Phase II clinical trials as a combination therapy for triple negative breast cancer; ABV-1504, which has completed Phase II clinical trials for depressive disorders; ABV-1505, which is in Phase II clinical trials for adult attention deficit hyperactivity disorder; ABV-1702, which is in Phase II clinical trials to treat myelodysplastic syndromes; and ABV-1601, which is in Phase I/II clinical trials for treating depression in cancer patients. It is also developing ABV-1701 Vitargus, which is in Phase II clinical trials for the treatment of retinal detachment or vitreous hemorrhage; and ABV-1519, which is in Phase I/II clinical trials for the treatment of non-small cell lung cancer; ABV-1703, which is in Phase II clinical trials for the treatment of metastatic pancreatic cancer. ABVC BioPharma, Inc. has a co-development agreement with Rgene Corporation and collaboration agreements with BioHopeKing Corporation and BioFirst Corporation. The company is headquartered in Fremont, California. ABVC BioPharma, Inc. operates as a subsidiary of YuanGene Corporation.", "fullTimeEmployees": 16, "companyOfficers": [{"maxAge": 1, "name": "Mr. Eugene  Jiang", "age": 38, "title": "Chairman & Chief Business Officer", "yearBorn": 1986, "fiscalYear": 2024, "totalPay": {"raw": 200000, "fmt": "200k", "longFmt": "200,000"}, "exercisedValue": {"raw": 0, "fmt": null, "longFmt": "0"}, "unexercisedValue": {"raw": 0, "fmt": null, "longFmt": "0"}}, {"maxAge": 1, "name": "Dr. Uttam Yashwant Patil Ph.D.", "age": 38, "title": "CEO & Interim CFO", "yearBorn": 1986, "fiscalYear": 2024, "exercisedValue": {"raw": 0, "fmt": null, "longFmt": "0"}, "unexercisedValue": {"raw": 0, "fmt": null, "longFmt": "0"}}, {"maxAge": 1, "name": "Dr. Tsung-Shann  Jiang EMBA, Ph.D.", "age": 70, "title": "Chief Scientific Officer, Chief Strategy Officer & Director", "yearBorn": 1954, "fiscalYear": 2024, "totalPay": {"raw": 200000, "fmt": "200k", "longFmt": "200,000"}, "exercisedValue": {"raw": 0, "fmt": null, "longFmt": "0"}, "unexercisedValue": {"raw": 0, "fmt": null, "longFmt": "0"}}], "compensationAsOfEpochDate": 1735603200, "executiveTeam": [], "maxAge": 86400}, "calendarEvents": {"maxAge": 1, "earnings": {"earningsDate": [{"raw": 1754996340, "fmt": "2025-08-12"}, {"raw": 1755518400, "fmt": "2025-08-18"}], "earningsCallDate": [], "isEarningsDateEstimate": true, "earningsAverage": {}, "earningsLow": {}, "earningsHigh": {}, "revenueAverage": {}, "revenueLow": {}, "revenueHigh": {}}, "exDividendDate": {}, "dividendDate": {"raw": 1557273600, "fmt": "2019-05-08"}}, "earningsTrend": {"trend": [{"maxAge": 1, "period": "0q", "endDate": "2023-06-30", "growth": {}, "earningsEstimate": {"avg": {}, "low": {}, "high": {}, "yearAgoEps": {}, "numberOfAnalysts": {}, "growth": {}, "earningsCurrency": null}, "revenueEstimate": {"avg": {"raw": 0, "fmt": null, "longFmt": "0"}, "low": {"raw": 0, "fmt": null, "longFmt": "0"}, "high": {"raw": 0, "fmt": null, "longFmt": "0"}, "numberOfAnalysts": {"raw": 0, "fmt": null, "longFmt": "0"}, "yearAgoRevenue": {}, "growth": {}, "revenueCurrency": null}, "epsTrend": {"current": {}, "7daysAgo": {}, "30daysAgo": {}, "60daysAgo": {}, "90daysAgo": {}, "epsTrendCurrency": null}, "epsRevisions": {"upLast7days": {}, "upLast30days": {}, "downLast30days": {}, "downLast7Days": {}, "downLast90days": {}, "epsRevisionsCurrency": null}}, {"maxAge": 1, "period": "+1q", "endDate": null, "growth": {}, "earningsEstimate": {"avg": {}, "low": {}, "high": {}, "yearAgoEps": {}, "numberOfAnalysts": {}, "growth": {}, "earningsCurrency": null}, "revenueEstimate": {"avg": {"raw": 0, "fmt": null, "longFmt": "0"}, "low": {"raw": 0, "fmt": null, "longFmt": "0"}, "high": {"raw": 0, "fmt": null, "longFmt": "0"}, "numberOfAnalysts": {"raw": 0, "fmt": null, "longFmt": "0"}, "yearAgoRevenue": {}, "growth": {}, "revenueCurrency": null}, "epsTrend": {"current": {}, "7daysAgo": {}, "30daysAgo": {}, "60daysAgo": {}, "90daysAgo": {}, "epsTrendCurrency": null}, "epsRevisions": {"upLast7days": {}, "upLast30days": {}, "downLast30days": {}, "downLast7Days": {}, "downLast90days": {}, "epsRevisionsCurrency": null}}, {"maxAge": 1, "period": "0y", "endDate": "2023-12-31", "growth": {}, "earningsEstimate": {"avg": {}, "low": {}, "high": {}, "yearAgoEps": {}, "numberOfAnalysts": {}, "growth": {}, "earningsCurrency": null}, "revenueEstimate": {"avg": {"raw": 0, "fmt": null, "longFmt": "0"}, "low": {"raw": 0, "fmt": null, "longFmt": "0"}, "high": {"raw": 0, "fmt": null, "longFmt": "0"}, "numberOfAnalysts": {"raw": 0, "fmt": null, "longFmt": "0"}, "yearAgoRevenue": {}, "growth": {}, "revenueCurrency": null}, "epsTrend": {"current": {}, "7daysAgo": {}, "30daysAgo": {}, "60daysAgo": {}, "90daysAgo": {}, "epsTrendCurrency": null}, "epsRevisions": {"upLast7days": {}, "upLast30days": {}, "downLast30days": {}, "downLast7Days": {}, "downLast90days": {}, "epsRevisionsCurrency": null}}, {"maxAge": 1, "period": "+1y", "endDate": null, "growth": {}, "earningsEstimate": {"avg": {}, "low": {}, "high": {}, "yearAgoEps": {}, "numberOfAnalysts": {}, "growth": {}, "earningsCurrency": null}, "revenueEstimate": {"avg": {"raw": 0, "fmt": null, "longFmt": "0"}, "low": {"raw": 0, "fmt": null, "longFmt": "0"}, "high": {"raw": 0, "fmt": null, "longFmt": "0"}, "numberOfAnalysts": {"raw": 0, "fmt": null, "longFmt": "0"}, "yearAgoRevenue": {}, "growth": {}, "revenueCurrency": null}, "epsTrend": {"current": {}, "7daysAgo": {}, "30daysAgo": {}, "60daysAgo": {}, "90daysAgo": {}, "epsTrendCurrency": null}, "epsRevisions": {"upLast7days": {}, "upLast30days": {}, "downLast30days": {}, "downLast7Days": {}, "downLast90days": {}, "epsRevisionsCurrency": null}}], "defaultMethodology": "nongaap", "maxAge": 1}, "earningsHistory": {"history": [{"maxAge": 1, "epsActual": {"raw": -0.6, "fmt": "-0.6"}, "epsEstimate": {"raw": -1.25, "fmt": "-1.25"}, "epsDifference": {"raw": 0.65, "fmt": "0.65"}, "surprisePercent": {"raw": 0.52, "fmt": "52.00%"}, "quarter": {"raw": 1656547200, "fmt": "2022-06-30"}, "currency": "USD", "period": "-4q"}, {"maxAge": 1, "epsActual": {"raw": -1.1, "fmt": "-1.1"}, "epsEstimate": {"raw": -2.0, "fmt": "-2"}, "epsDifference": {"raw": 0.9, "fmt": "0.9"}, "surprisePercent": {"raw": 0.45, "fmt": "45.00%"}, "quarter": {"raw": 1664496000, "fmt": "2022-09-30"}, "currency": "USD", "period": "-3q"}, {"maxAge": 1, "epsActual": {"raw": -1.5, "fmt": "-1.5"}, "epsEstimate": {"raw": -1.5, "fmt": "-1.5"}, "epsDifference": {"raw": 0.0, "fmt": "0"}, "surprisePercent": {"raw": 0.0, "fmt": "0.00%"}, "quarter": {"raw": 1672444800, "fmt": "2022-12-31"}, "currency": "USD", "period": "-2q"}, {"maxAge": 1, "epsActual": {"raw": -0.6, "fmt": "-0.6"}, "epsEstimate": {"raw": -0.5, "fmt": "-0.5"}, "epsDifference": {"raw": -0.1, "fmt": "-0.1"}, "surprisePercent": {"raw": -0.2, "fmt": "-20.00%"}, "quarter": {"raw": 1680220800, "fmt": "2023-03-31"}, "currency": "USD", "period": "-1q"}], "defaultMethodology": "nongaap", "maxAge": 86400}, "financialData": {"maxAge": 86400, "currentPrice": {"raw": 2.96, "fmt": "2.96"}, "targetHighPrice": {}, "targetLowPrice": {}, "targetMeanPrice": {}, "targetMedianPrice": {}, "recommendationMean": {}, "recommendationKey": "none", "numberOfAnalystOpinions": {}, "totalCash": {"raw": 453462, "fmt": "453.46k", "longFmt": "453,462"}, "totalCashPerShare": {"raw": 0.02, "fmt": "0.02"}, "ebitda": {"raw": -3963716, "fmt": "-3.96M", "longFmt": "-3,963,716"}, "totalDebt": {"raw": 2175607, "fmt": "2.18M", "longFmt": "2,175,607"}, "quickRatio": {"raw": 0.069, "fmt": "0.07"}, "currentRatio": {"raw": 0.424, "fmt": "0.42"}, "totalRevenue": {"raw": 391242, "fmt": "391.24k", "longFmt": "391,242"}, "debtToEquity": {"raw": 22.926, "fmt": "22.93%"}, "revenuePerShare": {"raw": 0.027, "fmt": "0.03"}, "returnOnAssets": {"raw": -0.16174, "fmt": "-16.17%"}, "returnOnEquity": {"raw": -0.52673, "fmt": "-52.67%"}, "grossProfits": {"raw": 390946, "fmt": "390.95k", "longFmt": "390,946"}, "freeCashflow": {"raw": -570175, "fmt": "-570.17k", "longFmt": "-570,175"}, "operatingCashflow": {"raw": -2075911, "fmt": "-2.08M", "longFmt": "-2,075,911"}, "earningsGrowth": {}, "revenueGrowth": {}, "grossMargins": {"raw": 0.99924004, "fmt": "99.92%"}, "ebitdaMargins": {"raw": 0.0, "fmt": "0.00%"}, "operatingMargins": {"raw": -10.21073, "fmt": "-1,021.07%"}, "profitMargins": {"raw": 0.0, "fmt": "0.00%"}, "financialCurrency": "USD"}}