{"assetProfile": {"address1": "2305 Victoria Avenue #001", "city": "Regina", "state": "SK", "zip": "S4P 0S7", "country": "Canada", "phone": "306 779 2268", "website": "https://abovefood.com", "industry": "Packaged Foods", "industryKey": "packaged-foods", "industryDisp": "Packaged Foods", "sector": "Consumer Defensive", "sectorKey": "consumer-defensive", "sectorDisp": "Consumer Defensive", "longBusinessSummary": "Above Food Ingredients Inc., a regenerative ingredient company, produces vertically integrated supply chain products in Canada, the United States, Mexico, China, France, Turkey, and internationally. It operates through two segments: Disruptive Agriculture and Rudimentary Ingredients, and Consumer Packaged Goods. The Disruptive Agriculture and Rudimentary Ingredients segment engages in the provisioning of discrete genetics, origination, purchasing, grading, processing, and sale of regeneratively grown grain; and origination, purchase, and sale of bespoke ingredients products. The Consumer Packaged Goods segment formulates, manufactures, sells, distributes, and markets proprietary consumer product formulations in owned brands; and focuses on manufacturing and distribution for private-labeled retail owned brands. Above Food Ingredients Inc. is based in Regina, Canada.", "companyOfficers": [{"maxAge": 1, "name": "Mr. Lionel  Kambeitz", "age": 70, "title": "Co-Founder, Executive Chairman, CEO & President", "yearBorn": 1954, "fiscalYear": 2024, "totalPay": {"raw": 142686, "fmt": "142.69k", "longFmt": "142,686"}, "exercisedValue": {"raw": 0, "fmt": null, "longFmt": "0"}, "unexercisedValue": {"raw": 0, "fmt": null, "longFmt": "0"}}, {"maxAge": 1, "name": "Mr. Martin  Williams", "age": 48, "title": "Co-Founder & VP of Consumer Brands", "yearBorn": 1976, "fiscalYear": 2024, "totalPay": {"raw": 196193, "fmt": "196.19k", "longFmt": "196,193"}, "exercisedValue": {"raw": 0, "fmt": null, "longFmt": "0"}, "unexercisedValue": {"raw": 0, "fmt": null, "longFmt": "0"}}, {"maxAge": 1, "name": "Mr. Tyler  West", "age": 34, "title": "Co-Founder & VP of Disruptive", "yearBorn": 1990, "fiscalYear": 2024, "totalPay": {"raw": 142686, "fmt": "142.69k", "longFmt": "142,686"}, "exercisedValue": {"raw": 0, "fmt": null, "longFmt": "0"}, "unexercisedValue": {"raw": 0, "fmt": null, "longFmt": "0"}}, {"maxAge": 1, "name": "Mr. Jason  Zhao", "age": 40, "title": "Executive VP, Chief Financial Officer & Director", "yearBorn": 1984, "fiscalYear": 2024, "totalPay": {"raw": 196193, "fmt": "196.19k", "longFmt": "196,193"}, "exercisedValue": {"raw": 0, "fmt": null, "longFmt": "0"}, "unexercisedValue": {"raw": 0, "fmt": null, "longFmt": "0"}}], "compensationAsOfEpochDate": 1735603200, "executiveTeam": [], "maxAge": 86400}, "calendarEvents": {"maxAge": 1, "earnings": {"earningsDate": [], "earningsCallDate": [], "earningsAverage": {}, "earningsLow": {}, "earningsHigh": {}, "revenueAverage": {}, "revenueLow": {}, "revenueHigh": {}}, "exDividendDate": {}, "dividendDate": {}}, "earningsTrend": {"trend": [{"maxAge": 1, "period": "0q", "endDate": null, "growth": {}, "earningsEstimate": {"avg": {}, "low": {}, "high": {}, "yearAgoEps": {}, "numberOfAnalysts": {}, "growth": {}, "earningsCurrency": null}, "revenueEstimate": {"avg": {"raw": 0, "fmt": null, "longFmt": "0"}, "low": {"raw": 0, "fmt": null, "longFmt": "0"}, "high": {"raw": 0, "fmt": null, "longFmt": "0"}, "numberOfAnalysts": {"raw": 0, "fmt": null, "longFmt": "0"}, "yearAgoRevenue": {}, "growth": {}, "revenueCurrency": null}, "epsTrend": {"current": {}, "7daysAgo": {}, "30daysAgo": {}, "60daysAgo": {}, "90daysAgo": {}, "epsTrendCurrency": null}, "epsRevisions": {"upLast7days": {}, "upLast30days": {}, "downLast30days": {}, "downLast7Days": {}, "downLast90days": {}, "epsRevisionsCurrency": null}}, {"maxAge": 1, "period": "+1q", "endDate": null, "growth": {}, "earningsEstimate": {"avg": {}, "low": {}, "high": {}, "yearAgoEps": {}, "numberOfAnalysts": {}, "growth": {}, "earningsCurrency": null}, "revenueEstimate": {"avg": {"raw": 0, "fmt": null, "longFmt": "0"}, "low": {"raw": 0, "fmt": null, "longFmt": "0"}, "high": {"raw": 0, "fmt": null, "longFmt": "0"}, "numberOfAnalysts": {"raw": 0, "fmt": null, "longFmt": "0"}, "yearAgoRevenue": {}, "growth": {}, "revenueCurrency": null}, "epsTrend": {"current": {}, "7daysAgo": {}, "30daysAgo": {}, "60daysAgo": {}, "90daysAgo": {}, "epsTrendCurrency": null}, "epsRevisions": {"upLast7days": {}, "upLast30days": {}, "downLast30days": {}, "downLast7Days": {}, "downLast90days": {}, "epsRevisionsCurrency": null}}, {"maxAge": 1, "period": "0y", "endDate": null, "growth": {}, "earningsEstimate": {"avg": {}, "low": {}, "high": {}, "yearAgoEps": {}, "numberOfAnalysts": {}, "growth": {}, "earningsCurrency": null}, "revenueEstimate": {"avg": {"raw": 0, "fmt": null, "longFmt": "0"}, "low": {"raw": 0, "fmt": null, "longFmt": "0"}, "high": {"raw": 0, "fmt": null, "longFmt": "0"}, "numberOfAnalysts": {"raw": 0, "fmt": null, "longFmt": "0"}, "yearAgoRevenue": {}, "growth": {}, "revenueCurrency": null}, "epsTrend": {"current": {}, "7daysAgo": {}, "30daysAgo": {}, "60daysAgo": {}, "90daysAgo": {}, "epsTrendCurrency": null}, "epsRevisions": {"upLast7days": {}, "upLast30days": {}, "downLast30days": {}, "downLast7Days": {}, "downLast90days": {}, "epsRevisionsCurrency": null}}, {"maxAge": 1, "period": "+1y", "endDate": null, "growth": {}, "earningsEstimate": {"avg": {}, "low": {}, "high": {}, "yearAgoEps": {}, "numberOfAnalysts": {}, "growth": {}, "earningsCurrency": null}, "revenueEstimate": {"avg": {"raw": 0, "fmt": null, "longFmt": "0"}, "low": {"raw": 0, "fmt": null, "longFmt": "0"}, "high": {"raw": 0, "fmt": null, "longFmt": "0"}, "numberOfAnalysts": {"raw": 0, "fmt": null, "longFmt": "0"}, "yearAgoRevenue": {}, "growth": {}, "revenueCurrency": null}, "epsTrend": {"current": {}, "7daysAgo": {}, "30daysAgo": {}, "60daysAgo": {}, "90daysAgo": {}, "epsTrendCurrency": null}, "epsRevisions": {"upLast7days": {}, "upLast30days": {}, "downLast30days": {}, "downLast7Days": {}, "downLast90days": {}, "epsRevisionsCurrency": null}}], "defaultMethodology": "nongaap", "maxAge": 1}, "earningsHistory": {"history": [], "defaultMethodology": "nongaap", "maxAge": 86400}, "financialData": {"maxAge": 86400, "currentPrice": {"raw": 3.43, "fmt": "3.43"}, "targetHighPrice": {}, "targetLowPrice": {}, "targetMeanPrice": {}, "targetMedianPrice": {}, "recommendationMean": {}, "recommendationKey": "none", "numberOfAnalystOpinions": {}, "totalCash": {"raw": 664430, "fmt": "664.43k", "longFmt": "664,430"}, "totalCashPerShare": {"raw": 0.023, "fmt": "0.02"}, "ebitda": {"raw": -40343004, "fmt": "-40.34M", "longFmt": "-40,343,004"}, "totalDebt": {"raw": 133839864, "fmt": "133.84M", "longFmt": "133,839,864"}, "quickRatio": {"raw": 0.071, "fmt": "0.07"}, "currentRatio": {"raw": 0.232, "fmt": "0.23"}, "totalRevenue": {"raw": 294839648, "fmt": "294.84M", "longFmt": "294,839,648"}, "debtToEquity": {}, "revenuePerShare": {"raw": 4.753, "fmt": "4.75"}, "returnOnAssets": {}, "returnOnEquity": {}, "grossProfits": {"raw": -8133029, "fmt": "-8.13M", "longFmt": "-8,133,029"}, "freeCashflow": {}, "operatingCashflow": {"raw": -9080686, "fmt": "-9.08M", "longFmt": "-9,080,686"}, "earningsGrowth": {}, "revenueGrowth": {"raw": -0.45, "fmt": "-45.00%"}, "grossMargins": {"raw": -0.027579999, "fmt": "-2.76%"}, "ebitdaMargins": {"raw": -0.13683, "fmt": "-13.68%"}, "operatingMargins": {"raw": -0.23252001, "fmt": "-23.25%"}, "profitMargins": {"raw": -0.23358, "fmt": "-23.36%"}, "financialCurrency": "CAD"}}