{"assetProfile": {"address1": "7-11 boulevard Haussmann", "city": "Paris", "zip": "75009", "country": "France", "phone": "33 1 53 83 09 63", "website": "https://www.abivax.com", "industry": "Biotechnology", "industryKey": "biotechnology", "industryDisp": "Biotechnology", "sector": "Healthcare", "sectorKey": "healthcare", "sectorDisp": "Healthcare", "longBusinessSummary": "ABIVAX Soci\u00e9t\u00e9 Anonyme, a clinical-stage biotechnology company, focuses on developing therapeutics that harness the body's natural regulatory mechanisms to stabilize the immune response in patients with chronic inflammatory diseases. Its lead drug candidate includes obefazimod that is in Phase 3 clinical trials for the treatment of adults with moderately to severely active ulcerative colitis, as well as in Phase 2b clinical trial to treat patients with Crohn's disease. The company was incorporated in 2013 and is headquartered in Paris, France.", "fullTimeEmployees": 69, "companyOfficers": [{"maxAge": 1, "name": "Mr. Marc M. P. de Garidel M.B.A.", "age": 66, "title": "CEO & Director", "yearBorn": 1958, "fiscalYear": 2024, "totalPay": {"raw": 727281, "fmt": "727.28k", "longFmt": "727,281"}, "exercisedValue": {"raw": 0, "fmt": null, "longFmt": "0"}, "unexercisedValue": {"raw": 0, "fmt": null, "longFmt": "0"}}, {"maxAge": 1, "name": "Mr. Didier  Blondel", "age": 60, "title": "EVP, CFO & Board Secretary", "yearBorn": 1964, "fiscalYear": 2024, "exercisedValue": {"raw": 0, "fmt": null, "longFmt": "0"}, "unexercisedValue": {"raw": 0, "fmt": null, "longFmt": "0"}}, {"maxAge": 1, "name": "Mr. Didier  Scherrer Ph.D.", "age": 54, "title": "Chief Scientific Officer", "yearBorn": 1970, "fiscalYear": 2024, "exercisedValue": {"raw": 0, "fmt": null, "longFmt": "0"}, "unexercisedValue": {"raw": 0, "fmt": null, "longFmt": "0"}}, {"maxAge": 1, "name": "Mr. Patrick  Malloy", "title": "Senior Vice President of Investor Relations", "fiscalYear": 2024, "exercisedValue": {"raw": 0, "fmt": null, "longFmt": "0"}, "unexercisedValue": {"raw": 0, "fmt": null, "longFmt": "0"}}, {"maxAge": 1, "name": "Ms. Ida  Hatoum", "age": 49, "title": "Chief People & Compliance Officer", "yearBorn": 1975, "fiscalYear": 2024, "exercisedValue": {"raw": 0, "fmt": null, "longFmt": "0"}, "unexercisedValue": {"raw": 0, "fmt": null, "longFmt": "0"}}, {"maxAge": 1, "name": "Mr. Pierre  Courteille M.B.A.", "age": 56, "title": "Chief Business Officer", "yearBorn": 1968, "fiscalYear": 2024, "exercisedValue": {"raw": 0, "fmt": null, "longFmt": "0"}, "unexercisedValue": {"raw": 0, "fmt": null, "longFmt": "0"}}, {"maxAge": 1, "name": "Mr. Jerome  Denis Ph.D.", "title": "Executive Vice President of Process Development & Manufacturing", "fiscalYear": 2024, "exercisedValue": {"raw": 0, "fmt": null, "longFmt": "0"}, "unexercisedValue": {"raw": 0, "fmt": null, "longFmt": "0"}}, {"maxAge": 1, "name": "Hema  Keshava", "title": "Senior Vice President of Finance", "fiscalYear": 2024, "exercisedValue": {"raw": 0, "fmt": null, "longFmt": "0"}, "unexercisedValue": {"raw": 0, "fmt": null, "longFmt": "0"}}, {"maxAge": 1, "name": "Chris  Rabbat Ph.D.", "title": "VP & Global Head of Medical Affairs", "fiscalYear": 2024, "exercisedValue": {"raw": 0, "fmt": null, "longFmt": "0"}, "unexercisedValue": {"raw": 0, "fmt": null, "longFmt": "0"}}, {"maxAge": 1, "name": "Kevin  Shan Ph.D.", "title": "VP & Global Head of Biometrics", "fiscalYear": 2024, "exercisedValue": {"raw": 0, "fmt": null, "longFmt": "0"}, "unexercisedValue": {"raw": 0, "fmt": null, "longFmt": "0"}}], "compensationAsOfEpochDate": 1735603200, "executiveTeam": [], "maxAge": 86400}, "calendarEvents": {"maxAge": 1, "earnings": {"earningsDate": [{"raw": 1754920800, "fmt": "2025-08-11"}], "earningsCallDate": [], "isEarningsDateEstimate": false, "earningsAverage": {"raw": -0.703, "fmt": "-0.70"}, "earningsLow": {"raw": -0.703, "fmt": "-0.70"}, "earningsHigh": {"raw": -0.703, "fmt": "-0.70"}, "revenueAverage": {"raw": 1125000, "fmt": "1.12M", "longFmt": "1,125,000"}, "revenueLow": {"raw": 1125000, "fmt": "1.12M", "longFmt": "1,125,000"}, "revenueHigh": {"raw": 1125000, "fmt": "1.12M", "longFmt": "1,125,000"}}, "exDividendDate": {}, "dividendDate": {}}, "earningsTrend": {"trend": [{"maxAge": 1, "period": "0q", "endDate": "2025-09-30", "growth": {}, "earningsEstimate": {"avg": {"raw": -0.703, "fmt": "-0.7"}, "low": {"raw": -0.703, "fmt": "-0.7"}, "high": {"raw": -0.703, "fmt": "-0.7"}, "yearAgoEps": {}, "numberOfAnalysts": {"raw": 1, "fmt": "1", "longFmt": "1"}, "growth": {}, "earningsCurrency": "USD"}, "revenueEstimate": {"avg": {"raw": 1125000, "fmt": "1.12M", "longFmt": "1,125,000"}, "low": {"raw": 1125000, "fmt": "1.12M", "longFmt": "1,125,000"}, "high": {"raw": 1125000, "fmt": "1.12M", "longFmt": "1,125,000"}, "numberOfAnalysts": {"raw": 1, "fmt": "1", "longFmt": "1"}, "yearAgoRevenue": {}, "growth": {}, "revenueCurrency": "EUR"}, "epsTrend": {"current": {"raw": -0.703, "fmt": "-0.7"}, "7daysAgo": {"raw": -0.703, "fmt": "-0.7"}, "30daysAgo": {"raw": -0.915, "fmt": "-0.92"}, "60daysAgo": {"raw": -0.915, "fmt": "-0.92"}, "90daysAgo": {"raw": -0.887, "fmt": "-0.89"}, "epsTrendCurrency": "USD"}, "epsRevisions": {"upLast7days": {"raw": 1, "fmt": "1", "longFmt": "1"}, "upLast30days": {"raw": 1, "fmt": "1", "longFmt": "1"}, "downLast30days": {"raw": 0, "fmt": null, "longFmt": "0"}, "downLast7Days": {"raw": 0, "fmt": null, "longFmt": "0"}, "downLast90days": {}, "epsRevisionsCurrency": "USD"}}, {"maxAge": 1, "period": "+1q", "endDate": "2025-12-31", "growth": {}, "earningsEstimate": {"avg": {"raw": -0.609, "fmt": "-0.61"}, "low": {"raw": -0.609, "fmt": "-0.61"}, "high": {"raw": -0.609, "fmt": "-0.61"}, "yearAgoEps": {}, "numberOfAnalysts": {"raw": 1, "fmt": "1", "longFmt": "1"}, "growth": {}, "earningsCurrency": "USD"}, "revenueEstimate": {"avg": {"raw": 1280000, "fmt": "1.28M", "longFmt": "1,280,000"}, "low": {"raw": 1280000, "fmt": "1.28M", "longFmt": "1,280,000"}, "high": {"raw": 1280000, "fmt": "1.28M", "longFmt": "1,280,000"}, "numberOfAnalysts": {"raw": 1, "fmt": "1", "longFmt": "1"}, "yearAgoRevenue": {}, "growth": {}, "revenueCurrency": "EUR"}, "epsTrend": {"current": {"raw": -0.609, "fmt": "-0.61"}, "7daysAgo": {"raw": -0.609, "fmt": "-0.61"}, "30daysAgo": {"raw": -0.657, "fmt": "-0.66"}, "60daysAgo": {"raw": -0.657, "fmt": "-0.66"}, "90daysAgo": {"raw": -0.637, "fmt": "-0.64"}, "epsTrendCurrency": "USD"}, "epsRevisions": {"upLast7days": {"raw": 1, "fmt": "1", "longFmt": "1"}, "upLast30days": {"raw": 1, "fmt": "1", "longFmt": "1"}, "downLast30days": {"raw": 0, "fmt": null, "longFmt": "0"}, "downLast7Days": {"raw": 0, "fmt": null, "longFmt": "0"}, "downLast90days": {}, "epsRevisionsCurrency": "USD"}}, {"maxAge": 1, "period": "0y", "endDate": "2025-12-31", "growth": {"raw": -0.1282, "fmt": "-12.82%"}, "earningsEstimate": {"avg": {"raw": -3.4132, "fmt": "-3.41"}, "low": {"raw": -3.63, "fmt": "-3.63"}, "high": {"raw": -3.057, "fmt": "-3.06"}, "yearAgoEps": {"raw": -3.02539, "fmt": "-3.03"}, "numberOfAnalysts": {"raw": 5, "fmt": "5", "longFmt": "5"}, "growth": {"raw": -0.1282, "fmt": "-12.82%"}, "earningsCurrency": "USD"}, "revenueEstimate": {"avg": {"raw": 4730260, "fmt": "4.73M", "longFmt": "4,730,260"}, "low": {"raw": 0, "fmt": null, "longFmt": "0"}, "high": {"raw": 10000000, "fmt": "10M", "longFmt": "10,000,000"}, "numberOfAnalysts": {"raw": 10, "fmt": "10", "longFmt": "10"}, "yearAgoRevenue": {"raw": 12500000, "fmt": "12.5M", "longFmt": "12,500,000"}, "growth": {"raw": -0.6216, "fmt": "-62.16%"}, "revenueCurrency": "EUR"}, "epsTrend": {"current": {"raw": -3.4132, "fmt": "-3.41"}, "7daysAgo": {"raw": -3.4218, "fmt": "-3.42"}, "30daysAgo": {"raw": -3.444, "fmt": "-3.44"}, "60daysAgo": {"raw": -3.472, "fmt": "-3.47"}, "90daysAgo": {"raw": -3.508, "fmt": "-3.51"}, "epsTrendCurrency": "USD"}, "epsRevisions": {"upLast7days": {"raw": 3, "fmt": "3", "longFmt": "3"}, "upLast30days": {"raw": 3, "fmt": "3", "longFmt": "3"}, "downLast30days": {"raw": 1, "fmt": "1", "longFmt": "1"}, "downLast7Days": {"raw": 0, "fmt": null, "longFmt": "0"}, "downLast90days": {}, "epsRevisionsCurrency": "USD"}}, {"maxAge": 1, "period": "+1y", "endDate": "2026-12-31", "growth": {"raw": 0.1441, "fmt": "14.41%"}, "earningsEstimate": {"avg": {"raw": -2.92125, "fmt": "-2.92"}, "low": {"raw": -3.748, "fmt": "-3.75"}, "high": {"raw": -2.049, "fmt": "-2.05"}, "yearAgoEps": {"raw": -3.4132, "fmt": "-3.41"}, "numberOfAnalysts": {"raw": 4, "fmt": "4", "longFmt": "4"}, "growth": {"raw": 0.1441, "fmt": "14.41%"}, "earningsCurrency": "USD"}, "revenueEstimate": {"avg": {"raw": 42466110, "fmt": "42.47M", "longFmt": "42,466,110"}, "low": {"raw": 0, "fmt": null, "longFmt": "0"}, "high": {"raw": 342900000, "fmt": "342.9M", "longFmt": "342,900,000"}, "numberOfAnalysts": {"raw": 9, "fmt": "9", "longFmt": "9"}, "yearAgoRevenue": {"raw": 4730260, "fmt": "4.73M", "longFmt": "4,730,260"}, "growth": {"raw": 7.9775, "fmt": "797.75%"}, "revenueCurrency": "EUR"}, "epsTrend": {"current": {"raw": -2.92125, "fmt": "-2.92"}, "7daysAgo": {"raw": -2.93725, "fmt": "-2.94"}, "30daysAgo": {"raw": -2.817, "fmt": "-2.82"}, "60daysAgo": {"raw": -2.817, "fmt": "-2.82"}, "90daysAgo": {"raw": -2.7165, "fmt": "-2.72"}, "epsTrendCurrency": "USD"}, "epsRevisions": {"upLast7days": {"raw": 3, "fmt": "3", "longFmt": "3"}, "upLast30days": {"raw": 2, "fmt": "2", "longFmt": "2"}, "downLast30days": {"raw": 2, "fmt": "2", "longFmt": "2"}, "downLast7Days": {"raw": 0, "fmt": null, "longFmt": "0"}, "downLast90days": {}, "epsRevisionsCurrency": "USD"}}], "defaultMethodology": "nongaap", "maxAge": 1}, "earningsHistory": {"history": [{"maxAge": 1, "epsActual": {}, "epsEstimate": {"raw": -0.672, "fmt": "-0.67"}, "epsDifference": {}, "surprisePercent": {}, "quarter": {"raw": 1727654400, "fmt": "2024-09-30"}, "currency": "USD", "period": "-4q"}, {"maxAge": 1, "epsActual": {}, "epsEstimate": {"raw": -0.704, "fmt": "-0.7"}, "epsDifference": {}, "surprisePercent": {}, "quarter": {"raw": 1735603200, "fmt": "2024-12-31"}, "currency": "USD", "period": "-3q"}, {"maxAge": 1, "epsActual": {"raw": -0.94922, "fmt": "-0.95"}, "epsEstimate": {"raw": -0.757, "fmt": "-0.76"}, "epsDifference": {"raw": -0.19, "fmt": "-0.19"}, "surprisePercent": {"raw": -0.2539, "fmt": "-25.39%"}, "quarter": {"raw": 1743379200, "fmt": "2025-03-31"}, "currency": "USD", "period": "-2q"}, {"maxAge": 1, "epsActual": {"raw": -0.89296, "fmt": "-0.89"}, "epsEstimate": {"raw": -0.951, "fmt": "-0.95"}, "epsDifference": {"raw": 0.06, "fmt": "0.06"}, "surprisePercent": {"raw": 0.061, "fmt": "6.10%"}, "quarter": {"raw": 1751241600, "fmt": "2025-06-30"}, "currency": "USD", "period": "-1q"}], "defaultMethodology": "nongaap", "maxAge": 86400}, "financialData": {"maxAge": 86400, "currentPrice": {"raw": 98.85, "fmt": "98.85"}, "targetHighPrice": {"raw": 150.0, "fmt": "150.00"}, "targetLowPrice": {"raw": 101.0, "fmt": "101.00"}, "targetMeanPrice": {"raw": 117.25, "fmt": "117.25"}, "targetMedianPrice": {"raw": 114.5, "fmt": "114.50"}, "recommendationMean": {}, "recommendationKey": "none", "numberOfAnalystOpinions": {"raw": 8, "fmt": "8", "longFmt": "8"}, "totalCash": {"raw": 60946000, "fmt": "60.95M", "longFmt": "60,946,000"}, "totalCashPerShare": {"raw": 0.96, "fmt": "0.96"}, "ebitda": {"raw": -185652000, "fmt": "-185.65M", "longFmt": "-185,652,000"}, "totalDebt": {"raw": 98708000, "fmt": "98.71M", "longFmt": "98,708,000"}, "quickRatio": {"raw": 0.674, "fmt": "0.67"}, "currentRatio": {"raw": 0.766, "fmt": "0.77"}, "totalRevenue": {"raw": 6023000, "fmt": "6.02M", "longFmt": "6,023,000"}, "debtToEquity": {}, "revenuePerShare": {"raw": 0.095, "fmt": "0.09"}, "returnOnAssets": {"raw": -0.57742, "fmt": "-57.74%"}, "returnOnEquity": {"raw": -4.9977703, "fmt": "-499.78%"}, "grossProfits": {"raw": 6023000, "fmt": "6.02M", "longFmt": "6,023,000"}, "freeCashflow": {"raw": -88009752, "fmt": "-88.01M", "longFmt": "-88,009,752"}, "operatingCashflow": {"raw": -135515008, "fmt": "-135.52M", "longFmt": "-135,515,008"}, "earningsGrowth": {}, "revenueGrowth": {"raw": -0.813, "fmt": "-81.30%"}, "grossMargins": {"raw": 1.0, "fmt": "100.00%"}, "ebitdaMargins": {"raw": 0.0, "fmt": "0.00%"}, "operatingMargins": {"raw": -44.40879, "fmt": "-4,440.88%"}, "profitMargins": {"raw": 0.0, "fmt": "0.00%"}, "financialCurrency": "EUR"}}