{"assetProfile": {"address1": "12830 El Camino Real", "address2": "Suite 400", "city": "San Diego", "state": "CA", "zip": "92130", "country": "United States", "phone": "858 558 2871", "fax": "858 212 0513", "website": "https://www.acadia.com", "industry": "Biotechnology", "industryKey": "biotechnology", "industryDisp": "Biotechnology", "sector": "Healthcare", "sectorKey": "healthcare", "sectorDisp": "Healthcare", "longBusinessSummary": "ACADIA Pharmaceuticals Inc., a biopharmaceutical company, focuses on the development and commercialization of medicines for central nervous system (CNS) disorders and rare diseases in the United States. The company offers NUPLAZID (pimavanserin) for the treatment of hallucinations and delusions associated with Parkinson's disease psychosis; and DAYBUE, a novel synthetic analog of the amino-terminal tripeptide of insulin-like growth factor 1 for treatment of Rett Syndrome. It also develops Pimavanserin which completed Phase III clinical trial to treat the negative symptoms of schizophrenia; ACP-101, which completed phase III clinical trial for the treatment of hyperphagia in Prader-Willi syndrome; ACP-204 that completed phase II clinical trial for the treatment of Alzheimer's disease psychosis and Lewy Body Dementia with psychosis; ACP-711, which is in phase I clinical trial for the treatment of essential tremor; ACP-211 that is in phase I clinical trial for the treatment of treatment-resistant depression; ACP-2591 that is in Phase I development for Rett syndrome and Fragile X syndrome; and ACP-271, a GPR88 agonist used in evaluation of neurology and is in the IND-enabling stage. The company has a license agreement with Neuren Pharmaceuticals Limited to trofinetide for Rett syndrome and other indications; and a license and collaboration agreement with Stoke Therapeutics, Inc. to discover, develop and commercialize novel RNA-based medicines for the potential treatment of severe and rare genetic neurodevelopmental diseases of the CNS. The company was formerly known as Receptor Technologies, Inc. and changed its name ACADIA Pharmaceuticals Inc. in 1997. ACADIA Pharmaceuticals Inc. was incorporated in 1993 and is headquartered in San Diego, California.", "fullTimeEmployees": 653, "companyOfficers": [{"maxAge": 1, "name": "Ms. Catherine E. Owen Adams", "age": 54, "title": "CEO & Director", "yearBorn": 1970, "fiscalYear": 2024, "totalPay": {"raw": 955940, "fmt": "955.94k", "longFmt": "955,940"}, "exercisedValue": {"raw": 0, "fmt": null, "longFmt": "0"}, "unexercisedValue": {"raw": 0, "fmt": null, "longFmt": "0"}}, {"maxAge": 1, "name": "Mr. Mark C. Schneyer", "age": 50, "title": "Executive VP & CFO", "yearBorn": 1974, "fiscalYear": 2024, "totalPay": {"raw": 791900, "fmt": "791.9k", "longFmt": "791,900"}, "exercisedValue": {"raw": 0, "fmt": null, "longFmt": "0"}, "unexercisedValue": {"raw": 0, "fmt": null, "longFmt": "0"}}, {"maxAge": 1, "name": "Ms. Jennifer J. Rhodes J.D.", "age": 54, "title": "Executive VP, Chief Legal Officer & Secretary", "yearBorn": 1970, "fiscalYear": 2024, "totalPay": {"raw": 732924, "fmt": "732.92k", "longFmt": "732,924"}, "exercisedValue": {"raw": 0, "fmt": null, "longFmt": "0"}, "unexercisedValue": {"raw": 0, "fmt": null, "longFmt": "0"}}, {"maxAge": 1, "name": "Dr. Elizabeth H. Z. Thompson Ph.D.", "age": 49, "title": "Executive VP and Head of Research & Development", "yearBorn": 1975, "fiscalYear": 2024, "totalPay": {"raw": 507080, "fmt": "507.08k", "longFmt": "507,080"}, "exercisedValue": {"raw": 0, "fmt": null, "longFmt": "0"}, "unexercisedValue": {"raw": 0, "fmt": null, "longFmt": "0"}}, {"maxAge": 1, "name": "Mr. Thomas Andrew Garner", "age": 48, "title": "Executive VP & Chief Commercial Officer", "yearBorn": 1976, "fiscalYear": 2024, "totalPay": {"raw": 737001, "fmt": "737k", "longFmt": "737,001"}, "exercisedValue": {"raw": 0, "fmt": null, "longFmt": "0"}, "unexercisedValue": {"raw": 0, "fmt": null, "longFmt": "0"}}, {"maxAge": 1, "name": "Mr. Scott  Cenci", "title": "Senior VP, Chief Information & Data Officer", "fiscalYear": 2024, "exercisedValue": {"raw": 0, "fmt": null, "longFmt": "0"}, "unexercisedValue": {"raw": 0, "fmt": null, "longFmt": "0"}}, {"maxAge": 1, "name": "Mr. Rob  Ackles", "title": "Senior VP & Chief People Officer", "fiscalYear": 2024, "exercisedValue": {"raw": 0, "fmt": null, "longFmt": "0"}, "unexercisedValue": {"raw": 0, "fmt": null, "longFmt": "0"}}, {"maxAge": 1, "name": "Mr. James K. Kihara", "age": 43, "title": "Senior Vice President of Finance", "yearBorn": 1981, "fiscalYear": 2024, "exercisedValue": {"raw": 0, "fmt": null, "longFmt": "0"}, "unexercisedValue": {"raw": 0, "fmt": null, "longFmt": "0"}}, {"maxAge": 1, "name": "Ms. Allyson McMillan Youngblood", "title": "Senior Vice President of Rare Disease Franchise", "fiscalYear": 2024, "exercisedValue": {"raw": 0, "fmt": null, "longFmt": "0"}, "unexercisedValue": {"raw": 0, "fmt": null, "longFmt": "0"}}, {"maxAge": 1, "name": "Ms. Konstantina  Katcheves", "title": "Senior VP, Chief Business & Strategy Officer", "fiscalYear": 2024, "exercisedValue": {"raw": 0, "fmt": null, "longFmt": "0"}, "unexercisedValue": {"raw": 0, "fmt": null, "longFmt": "0"}}], "auditRisk": 7, "boardRisk": 3, "compensationRisk": 4, "shareHolderRightsRisk": 8, "overallRisk": 5, "governanceEpochDate": 1761955200, "compensationAsOfEpochDate": 1735603200, "irWebsite": "http://ir.acadia-pharm.com/phoenix.zhtml?c=125180&p=irol-irhome", "executiveTeam": [], "maxAge": 86400}, "calendarEvents": {"maxAge": 1, "earnings": {"earningsDate": [{"raw": 1762376400, "fmt": "2025-11-05"}], "earningsCallDate": [{"raw": 1762378200, "fmt": "2025-11-05"}], "isEarningsDateEstimate": false, "earningsAverage": {"raw": 0.14532, "fmt": "0.15"}, "earningsLow": {"raw": 0.08, "fmt": "0.08"}, "earningsHigh": {"raw": 0.22, "fmt": "0.22"}, "revenueAverage": {"raw": 276541060, "fmt": "276.54M", "longFmt": "276,541,060"}, "revenueLow": {"raw": 272000000, "fmt": "272M", "longFmt": "272,000,000"}, "revenueHigh": {"raw": 282900000, "fmt": "282.9M", "longFmt": "282,900,000"}}, "exDividendDate": {}, "dividendDate": {}}, "earningsTrend": {"trend": [{"maxAge": 1, "period": "0q", "endDate": "2025-09-30", "growth": {"raw": -0.2734, "fmt": "-27.34%"}, "earningsEstimate": {"avg": {"raw": 0.14532, "fmt": "0.15"}, "low": {"raw": 0.08, "fmt": "0.08"}, "high": {"raw": 0.22, "fmt": "0.22"}, "yearAgoEps": {"raw": 0.2, "fmt": "0.2"}, "numberOfAnalysts": {"raw": 16, "fmt": "16", "longFmt": "16"}, "growth": {"raw": -0.2734, "fmt": "-27.34%"}, "earningsCurrency": "USD"}, "revenueEstimate": {"avg": {"raw": 276541060, "fmt": "276.54M", "longFmt": "276,541,060"}, "low": {"raw": 272000000, "fmt": "272M", "longFmt": "272,000,000"}, "high": {"raw": 282900000, "fmt": "282.9M", "longFmt": "282,900,000"}, "numberOfAnalysts": {"raw": 19, "fmt": "19", "longFmt": "19"}, "yearAgoRevenue": {"raw": 250401000, "fmt": "250.4M", "longFmt": "250,401,000"}, "growth": {"raw": 0.104399994, "fmt": "10.44%"}, "revenueCurrency": "USD"}, "epsTrend": {"current": {"raw": 0.14532, "fmt": "0.15"}, "7daysAgo": {"raw": 0.14742, "fmt": "0.15"}, "30daysAgo": {"raw": 0.14953, "fmt": "0.15"}, "60daysAgo": {"raw": 0.14953, "fmt": "0.15"}, "90daysAgo": {"raw": 0.13375, "fmt": "0.13"}, "epsTrendCurrency": "USD"}, "epsRevisions": {"upLast7days": {"raw": 0, "fmt": null, "longFmt": "0"}, "upLast30days": {"raw": 1, "fmt": "1", "longFmt": "1"}, "downLast30days": {"raw": 3, "fmt": "3", "longFmt": "3"}, "downLast7Days": {"raw": 2, "fmt": "2", "longFmt": "2"}, "downLast90days": {}, "epsRevisionsCurrency": "USD"}}, {"maxAge": 1, "period": "+1q", "endDate": "2025-12-31", "growth": {"raw": -0.8622, "fmt": "-86.22%"}, "earningsEstimate": {"avg": {"raw": 0.11853, "fmt": "0.12"}, "low": {"raw": -0.01, "fmt": "-0.01"}, "high": {"raw": 0.27, "fmt": "0.27"}, "yearAgoEps": {"raw": 0.86, "fmt": "0.86"}, "numberOfAnalysts": {"raw": 15, "fmt": "15", "longFmt": "15"}, "growth": {"raw": -0.8622, "fmt": "-86.22%"}, "earningsCurrency": "USD"}, "revenueEstimate": {"avg": {"raw": 285415590, "fmt": "285.42M", "longFmt": "285,415,590"}, "low": {"raw": 278800000, "fmt": "278.8M", "longFmt": "278,800,000"}, "high": {"raw": 297000000, "fmt": "297M", "longFmt": "297,000,000"}, "numberOfAnalysts": {"raw": 18, "fmt": "18", "longFmt": "18"}, "yearAgoRevenue": {"raw": 259602000, "fmt": "259.6M", "longFmt": "259,602,000"}, "growth": {"raw": 0.0994, "fmt": "9.94%"}, "revenueCurrency": "USD"}, "epsTrend": {"current": {"raw": 0.11853, "fmt": "0.12"}, "7daysAgo": {"raw": 0.13037, "fmt": "0.13"}, "30daysAgo": {"raw": 0.13254, "fmt": "0.13"}, "60daysAgo": {"raw": 0.13254, "fmt": "0.13"}, "90daysAgo": {"raw": 0.12773, "fmt": "0.13"}, "epsTrendCurrency": "USD"}, "epsRevisions": {"upLast7days": {"raw": 1, "fmt": "1", "longFmt": "1"}, "upLast30days": {"raw": 3, "fmt": "3", "longFmt": "3"}, "downLast30days": {"raw": 2, "fmt": "2", "longFmt": "2"}, "downLast7Days": {"raw": 1, "fmt": "1", "longFmt": "1"}, "downLast90days": {}, "epsRevisionsCurrency": "USD"}}, {"maxAge": 1, "period": "0y", "endDate": "2025-12-31", "growth": {"raw": -0.6028, "fmt": "-60.28%"}, "earningsEstimate": {"avg": {"raw": 0.54015, "fmt": "0.54"}, "low": {"raw": 0.44, "fmt": "0.44"}, "high": {"raw": 0.76, "fmt": "0.76"}, "yearAgoEps": {"raw": 1.36, "fmt": "1.36"}, "numberOfAnalysts": {"raw": 16, "fmt": "16", "longFmt": "16"}, "growth": {"raw": -0.6028, "fmt": "-60.28%"}, "earningsCurrency": "USD"}, "revenueEstimate": {"avg": {"raw": 1071296260, "fmt": "1.07B", "longFmt": "1,071,296,260"}, "low": {"raw": 1061000000, "fmt": "1.06B", "longFmt": "1,061,000,000"}, "high": {"raw": 1088200000, "fmt": "1.09B", "longFmt": "1,088,200,000"}, "numberOfAnalysts": {"raw": 20, "fmt": "20", "longFmt": "20"}, "yearAgoRevenue": {"raw": 957797000, "fmt": "957.8M", "longFmt": "957,797,000"}, "growth": {"raw": 0.1185, "fmt": "11.85%"}, "revenueCurrency": "USD"}, "epsTrend": {"current": {"raw": 0.54015, "fmt": "0.54"}, "7daysAgo": {"raw": 0.56103, "fmt": "0.56"}, "30daysAgo": {"raw": 0.54094, "fmt": "0.54"}, "60daysAgo": {"raw": 0.54094, "fmt": "0.54"}, "90daysAgo": {"raw": 0.50859, "fmt": "0.51"}, "epsTrendCurrency": "USD"}, "epsRevisions": {"upLast7days": {"raw": 1, "fmt": "1", "longFmt": "1"}, "upLast30days": {"raw": 3, "fmt": "3", "longFmt": "3"}, "downLast30days": {"raw": 2, "fmt": "2", "longFmt": "2"}, "downLast7Days": {"raw": 2, "fmt": "2", "longFmt": "2"}, "downLast90days": {}, "epsRevisionsCurrency": "USD"}}, {"maxAge": 1, "period": "+1y", "endDate": "2026-12-31", "growth": {"raw": 0.64019996, "fmt": "64.02%"}, "earningsEstimate": {"avg": {"raw": 0.88597, "fmt": "0.89"}, "low": {"raw": 0.42069, "fmt": "0.42"}, "high": {"raw": 1.93, "fmt": "1.93"}, "yearAgoEps": {"raw": 0.54015, "fmt": "0.54"}, "numberOfAnalysts": {"raw": 15, "fmt": "15", "longFmt": "15"}, "growth": {"raw": 0.64019996, "fmt": "64.02%"}, "earningsCurrency": "USD"}, "revenueEstimate": {"avg": {"raw": 1192725510, "fmt": "1.19B", "longFmt": "1,192,725,510"}, "low": {"raw": 1118559400, "fmt": "1.12B", "longFmt": "1,118,559,400"}, "high": {"raw": 1326900000, "fmt": "1.33B", "longFmt": "1,326,900,000"}, "numberOfAnalysts": {"raw": 19, "fmt": "19", "longFmt": "19"}, "yearAgoRevenue": {"raw": 1071296260, "fmt": "1.07B", "longFmt": "1,071,296,260"}, "growth": {"raw": 0.113299996, "fmt": "11.33%"}, "revenueCurrency": "USD"}, "epsTrend": {"current": {"raw": 0.88597, "fmt": "0.89"}, "7daysAgo": {"raw": 0.88793, "fmt": "0.89"}, "30daysAgo": {"raw": 0.85682, "fmt": "0.86"}, "60daysAgo": {"raw": 0.85569, "fmt": "0.86"}, "90daysAgo": {"raw": 0.81565, "fmt": "0.82"}, "epsTrendCurrency": "USD"}, "epsRevisions": {"upLast7days": {"raw": 1, "fmt": "1", "longFmt": "1"}, "upLast30days": {"raw": 4, "fmt": "4", "longFmt": "4"}, "downLast30days": {"raw": 1, "fmt": "1", "longFmt": "1"}, "downLast7Days": {"raw": 0, "fmt": null, "longFmt": "0"}, "downLast90days": {}, "epsRevisionsCurrency": "USD"}}], "defaultMethodology": "nongaap", "maxAge": 1}, "earningsHistory": {"history": [{"maxAge": 1, "epsActual": {"raw": 0.2, "fmt": "0.2"}, "epsEstimate": {"raw": 0.14161, "fmt": "0.14"}, "epsDifference": {"raw": 0.06, "fmt": "0.06"}, "surprisePercent": {"raw": 0.4123, "fmt": "41.23%"}, "quarter": {"raw": 1727654400, "fmt": "2024-09-30"}, "currency": "USD", "period": "-4q"}, {"maxAge": 1, "epsActual": {"raw": 0.86, "fmt": "0.86"}, "epsEstimate": {"raw": 0.21903, "fmt": "0.22"}, "epsDifference": {"raw": 0.64, "fmt": "0.64"}, "surprisePercent": {"raw": 2.9264002, "fmt": "292.64%"}, "quarter": {"raw": 1735603200, "fmt": "2024-12-31"}, "currency": "USD", "period": "-3q"}, {"maxAge": 1, "epsActual": {"raw": 0.11, "fmt": "0.11"}, "epsEstimate": {"raw": 0.10528, "fmt": "0.11"}, "epsDifference": {"raw": 0.0, "fmt": "0"}, "surprisePercent": {"raw": 0.0448, "fmt": "4.48%"}, "quarter": {"raw": 1743379200, "fmt": "2025-03-31"}, "currency": "USD", "period": "-2q"}, {"maxAge": 1, "epsActual": {"raw": 0.16, "fmt": "0.16"}, "epsEstimate": {"raw": 0.13681, "fmt": "0.14"}, "epsDifference": {"raw": 0.02, "fmt": "0.02"}, "surprisePercent": {"raw": 0.16950001, "fmt": "16.95%"}, "quarter": {"raw": 1751241600, "fmt": "2025-06-30"}, "currency": "USD", "period": "-1q"}], "defaultMethodology": "nongaap", "maxAge": 86400}, "financialData": {"maxAge": 86400, "currentPrice": {"raw": 22.37, "fmt": "22.37"}, "targetHighPrice": {"raw": 39.0, "fmt": "39.00"}, "targetLowPrice": {"raw": 17.0, "fmt": "17.00"}, "targetMeanPrice": {"raw": 29.05, "fmt": "29.05"}, "targetMedianPrice": {"raw": 29.5, "fmt": "29.50"}, "recommendationMean": {"raw": 2.0, "fmt": "2.00"}, "recommendationKey": "buy", "numberOfAnalystOpinions": {"raw": 20, "fmt": "20", "longFmt": "20"}, "totalCash": {"raw": 761996032, "fmt": "762M", "longFmt": "761,996,032"}, "totalCashPerShare": {"raw": 4.517, "fmt": "4.52"}, "ebitda": {"raw": 103965000, "fmt": "103.97M", "longFmt": "103,965,000"}, "totalDebt": {"raw": 56294000, "fmt": "56.29M", "longFmt": "56,294,000"}, "quickRatio": {"raw": 2.672, "fmt": "2.67"}, "currentRatio": {"raw": 2.911, "fmt": "2.91"}, "totalRevenue": {"raw": 1018884992, "fmt": "1.02B", "longFmt": "1,018,884,992"}, "debtToEquity": {"raw": 6.845, "fmt": "6.84%"}, "revenuePerShare": {"raw": 6.109, "fmt": "6.11"}, "returnOnAssets": {"raw": 0.052750003, "fmt": "5.28%"}, "returnOnEquity": {"raw": 0.33181, "fmt": "33.18%"}, "grossProfits": {"raw": 613545984, "fmt": "613.55M", "longFmt": "613,545,984"}, "freeCashflow": {"raw": 53147376, "fmt": "53.15M", "longFmt": "53,147,376"}, "operatingCashflow": {"raw": 187906000, "fmt": "187.91M", "longFmt": "187,906,000"}, "earningsGrowth": {"raw": -0.206, "fmt": "-20.60%"}, "revenueGrowth": {"raw": 0.093, "fmt": "9.30%"}, "grossMargins": {"raw": 0.60217, "fmt": "60.22%"}, "ebitdaMargins": {"raw": 0.10204001, "fmt": "10.20%"}, "operatingMargins": {"raw": 0.122370005, "fmt": "12.24%"}, "profitMargins": {"raw": 0.21804, "fmt": "21.80%"}, "financialCurrency": "USD"}}