{"assetProfile": {"address1": "90B Street SW", "address2": "Suite 2207", "city": "Edmonton", "state": "AB", "zip": "T6X 1V8", "country": "Canada", "phone": "855 279 4652", "website": "https://www.auroramj.com", "industry": "Drug Manufacturers - Specialty & Generic", "industryKey": "drug-manufacturers-specialty-generic", "industryDisp": "Drug Manufacturers - Specialty & Generic", "sector": "Healthcare", "sectorKey": "healthcare", "sectorDisp": "Healthcare", "longBusinessSummary": "Aurora Cannabis Inc., together with its subsidiaries, engages in the production, distribution, and sale of cannabis and cannabis-derivative products in Canada and internationally. It operates through two segments, Canadian Cannabis and Plant Propagation. The company offers pharmaceutical-grade cannabis products; medical and consumer cannabis products; and engages in the propagation of vegetables and floral plants. It also provides dried and fresh cannabis, cannabis oils, trims, concentrates, ingestibles, capsules, vaporizers, edible cannabis, cannabis extracts, and cannabis topicals; and patient counseling and outreach services. Its brand portfolio includes San Rafael '71, Greybeard, Drift, Daily Special, Being, CanniMed, MedReleaf, Aurora, and WMMC, as well as international brands include Pedanios, Bidiol, IndiMed, and CraftPlant. The company was founded in 2013 and is headquartered in Edmonton, Canada.", "companyOfficers": [{"maxAge": 1, "name": "Mr. Miguel  Martin", "age": 51, "title": "CEO & Executive Chairman", "yearBorn": 1973, "fiscalYear": 2025, "totalPay": {"raw": 2272810, "fmt": "2.27M", "longFmt": "2,272,810"}, "exercisedValue": {"raw": 0, "fmt": null, "longFmt": "0"}, "unexercisedValue": {"raw": 0, "fmt": null, "longFmt": "0"}}, {"maxAge": 1, "name": "Ms. Simona  King CPA", "age": 52, "title": "Chief Financial Officer", "yearBorn": 1972, "fiscalYear": 2025, "totalPay": {"raw": 858343, "fmt": "858.34k", "longFmt": "858,343"}, "exercisedValue": {"raw": 0, "fmt": null, "longFmt": "0"}, "unexercisedValue": {"raw": 0, "fmt": null, "longFmt": "0"}}, {"maxAge": 1, "name": "Mr. Alex  Miller", "title": "Executive VP of Operations & Supply Chain", "fiscalYear": 2025, "totalPay": {"raw": 613284, "fmt": "613.28k", "longFmt": "613,284"}, "exercisedValue": {"raw": 0, "fmt": null, "longFmt": "0"}, "unexercisedValue": {"raw": 0, "fmt": null, "longFmt": "0"}}, {"maxAge": 1, "name": "Ms. Nathalie  Clark", "title": "Executive VP, General Counsel & Corporate Secretary", "fiscalYear": 2025, "totalPay": {"raw": 582665, "fmt": "582.66k", "longFmt": "582,665"}, "exercisedValue": {"raw": 0, "fmt": null, "longFmt": "0"}, "unexercisedValue": {"raw": 0, "fmt": null, "longFmt": "0"}}, {"maxAge": 1, "name": "Ms. Lori  Schick", "title": "Executive Vice President of Human Resources", "fiscalYear": 2025, "totalPay": {"raw": 577774, "fmt": "577.77k", "longFmt": "577,774"}, "exercisedValue": {"raw": 0, "fmt": null, "longFmt": "0"}, "unexercisedValue": {"raw": 0, "fmt": null, "longFmt": "0"}}, {"maxAge": 1, "name": "Ms. Michelle  Lefler", "title": "Vice President of Communications & Public Relations", "fiscalYear": 2025, "exercisedValue": {"raw": 0, "fmt": null, "longFmt": "0"}, "unexercisedValue": {"raw": 0, "fmt": null, "longFmt": "0"}}, {"maxAge": 1, "name": "Mr. Andre  Jerome", "title": "Executive Vice President of Global Business Development", "fiscalYear": 2025, "totalPay": {"raw": 498476, "fmt": "498.48k", "longFmt": "498,476"}, "exercisedValue": {"raw": 0, "fmt": null, "longFmt": "0"}, "unexercisedValue": {"raw": 0, "fmt": null, "longFmt": "0"}}, {"maxAge": 1, "name": "Mr. Rick  Savone", "title": "Senior Vice President of Global Government Relations", "fiscalYear": 2025, "exercisedValue": {"raw": 0, "fmt": null, "longFmt": "0"}, "unexercisedValue": {"raw": 0, "fmt": null, "longFmt": "0"}}, {"maxAge": 1, "name": "Mr. David  Aird", "title": "Executive Vice President of Information Technology", "fiscalYear": 2025, "exercisedValue": {"raw": 0, "fmt": null, "longFmt": "0"}, "unexercisedValue": {"raw": 0, "fmt": null, "longFmt": "0"}}], "auditRisk": 10, "boardRisk": 6, "compensationRisk": 9, "shareHolderRightsRisk": 8, "overallRisk": 8, "governanceEpochDate": 1761955200, "compensationAsOfEpochDate": 1767139200, "executiveTeam": [], "maxAge": 86400}, "calendarEvents": {"maxAge": 1, "earnings": {"earningsDate": [{"raw": 1762349400, "fmt": "2025-11-05"}], "earningsCallDate": [{"raw": 1762347600, "fmt": "2025-11-05"}], "isEarningsDateEstimate": false, "earningsAverage": {}, "earningsLow": {}, "earningsHigh": {}, "revenueAverage": {"raw": 86450000, "fmt": "86.45M", "longFmt": "86,450,000"}, "revenueLow": {"raw": 83000000, "fmt": "83M", "longFmt": "83,000,000"}, "revenueHigh": {"raw": 93700000, "fmt": "93.7M", "longFmt": "93,700,000"}}, "exDividendDate": {}, "dividendDate": {"raw": 1589155200, "fmt": "2020-05-11"}}, "earningsTrend": {"trend": [{"maxAge": 1, "period": "0q", "endDate": "2025-09-30", "growth": {}, "earningsEstimate": {"avg": {"raw": -0.1, "fmt": "-0.1"}, "low": {"raw": -0.1, "fmt": "-0.1"}, "high": {"raw": -0.1, "fmt": "-0.1"}, "yearAgoEps": {}, "numberOfAnalysts": {"raw": 1, "fmt": "1", "longFmt": "1"}, "growth": {}, "earningsCurrency": "CAD"}, "revenueEstimate": {"avg": {"raw": 86450000, "fmt": "86.45M", "longFmt": "86,450,000"}, "low": {"raw": 83000000, "fmt": "83M", "longFmt": "83,000,000"}, "high": {"raw": 93700000, "fmt": "93.7M", "longFmt": "93,700,000"}, "numberOfAnalysts": {"raw": 4, "fmt": "4", "longFmt": "4"}, "yearAgoRevenue": {"raw": 81122000, "fmt": "81.12M", "longFmt": "81,122,000"}, "growth": {"raw": 0.0657, "fmt": "6.57%"}, "revenueCurrency": "CAD"}, "epsTrend": {"current": {"raw": -0.1, "fmt": "-0.1"}, "7daysAgo": {"raw": -0.08, "fmt": "-0.08"}, "30daysAgo": {"raw": -0.08, "fmt": "-0.08"}, "60daysAgo": {"raw": 0.0, "fmt": "0"}, "90daysAgo": {"raw": 0.0, "fmt": "0"}, "epsTrendCurrency": "CAD"}, "epsRevisions": {"upLast7days": {"raw": 0, "fmt": null, "longFmt": "0"}, "upLast30days": {"raw": 0, "fmt": null, "longFmt": "0"}, "downLast30days": {"raw": 0, "fmt": null, "longFmt": "0"}, "downLast7Days": {"raw": 0, "fmt": null, "longFmt": "0"}, "downLast90days": {}, "epsRevisionsCurrency": "CAD"}}, {"maxAge": 1, "period": "+1q", "endDate": "2025-12-31", "growth": {}, "earningsEstimate": {"avg": {"raw": -0.05, "fmt": "-0.05"}, "low": {"raw": -0.05, "fmt": "-0.05"}, "high": {"raw": -0.05, "fmt": "-0.05"}, "yearAgoEps": {"raw": 0.58, "fmt": "0.58"}, "numberOfAnalysts": {"raw": 1, "fmt": "1", "longFmt": "1"}, "growth": {"raw": -1.0862, "fmt": "-108.62%"}, "earningsCurrency": "CAD"}, "revenueEstimate": {"avg": {"raw": 91075000, "fmt": "91.08M", "longFmt": "91,075,000"}, "low": {"raw": 84900000, "fmt": "84.9M", "longFmt": "84,900,000"}, "high": {"raw": 102800000, "fmt": "102.8M", "longFmt": "102,800,000"}, "numberOfAnalysts": {"raw": 4, "fmt": "4", "longFmt": "4"}, "yearAgoRevenue": {"raw": 88198000, "fmt": "88.2M", "longFmt": "88,198,000"}, "growth": {"raw": 0.0326, "fmt": "3.26%"}, "revenueCurrency": "CAD"}, "epsTrend": {"current": {"raw": -0.05, "fmt": "-0.05"}, "7daysAgo": {"raw": -0.04, "fmt": "-0.04"}, "30daysAgo": {"raw": -0.04, "fmt": "-0.04"}, "60daysAgo": {"raw": 0.0, "fmt": "0"}, "90daysAgo": {"raw": 0.0, "fmt": "0"}, "epsTrendCurrency": "CAD"}, "epsRevisions": {"upLast7days": {"raw": 0, "fmt": null, "longFmt": "0"}, "upLast30days": {"raw": 0, "fmt": null, "longFmt": "0"}, "downLast30days": {"raw": 0, "fmt": null, "longFmt": "0"}, "downLast7Days": {"raw": 0, "fmt": null, "longFmt": "0"}, "downLast90days": {}, "epsRevisionsCurrency": "CAD"}}, {"maxAge": 1, "period": "0y", "endDate": "2026-03-31", "growth": {}, "earningsEstimate": {"avg": {"raw": -0.3, "fmt": "-0.3"}, "low": {"raw": -0.43, "fmt": "-0.43"}, "high": {"raw": -0.17, "fmt": "-0.17"}, "yearAgoEps": {"raw": 0.04, "fmt": "0.04"}, "numberOfAnalysts": {"raw": 2, "fmt": "2", "longFmt": "2"}, "growth": {"raw": -8.5, "fmt": "-850.00%"}, "earningsCurrency": "CAD"}, "revenueEstimate": {"avg": {"raw": 371925000, "fmt": "371.93M", "longFmt": "371,925,000"}, "low": {"raw": 357300000, "fmt": "357.3M", "longFmt": "357,300,000"}, "high": {"raw": 399500000, "fmt": "399.5M", "longFmt": "399,500,000"}, "numberOfAnalysts": {"raw": 4, "fmt": "4", "longFmt": "4"}, "yearAgoRevenue": {"raw": 343293000, "fmt": "343.29M", "longFmt": "343,293,000"}, "growth": {"raw": 0.0834, "fmt": "8.34%"}, "revenueCurrency": "CAD"}, "epsTrend": {"current": {"raw": -0.3, "fmt": "-0.3"}, "7daysAgo": {"raw": 0.16, "fmt": "0.16"}, "30daysAgo": {"raw": 0.16, "fmt": "0.16"}, "60daysAgo": {"raw": 0.24, "fmt": "0.24"}, "90daysAgo": {"raw": 0.0975, "fmt": "0.1"}, "epsTrendCurrency": "CAD"}, "epsRevisions": {"upLast7days": {"raw": 0, "fmt": null, "longFmt": "0"}, "upLast30days": {"raw": 0, "fmt": null, "longFmt": "0"}, "downLast30days": {"raw": 3, "fmt": "3", "longFmt": "3"}, "downLast7Days": {"raw": 3, "fmt": "3", "longFmt": "3"}, "downLast90days": {}, "epsRevisionsCurrency": "CAD"}}, {"maxAge": 1, "period": "+1y", "endDate": "2027-03-31", "growth": {}, "earningsEstimate": {"avg": {"raw": 0.105, "fmt": "0.1"}, "low": {"raw": -0.09, "fmt": "-0.09"}, "high": {"raw": 0.3, "fmt": "0.3"}, "yearAgoEps": {"raw": -0.3, "fmt": "-0.3"}, "numberOfAnalysts": {"raw": 2, "fmt": "2", "longFmt": "2"}, "growth": {"raw": 1.35, "fmt": "135.00%"}, "earningsCurrency": "CAD"}, "revenueEstimate": {"avg": {"raw": 383166670, "fmt": "383.17M", "longFmt": "383,166,670"}, "low": {"raw": 381500000, "fmt": "381.5M", "longFmt": "381,500,000"}, "high": {"raw": 385000000, "fmt": "385M", "longFmt": "385,000,000"}, "numberOfAnalysts": {"raw": 3, "fmt": "3", "longFmt": "3"}, "yearAgoRevenue": {"raw": 371925000, "fmt": "371.93M", "longFmt": "371,925,000"}, "growth": {"raw": 0.030199999, "fmt": "3.02%"}, "revenueCurrency": "CAD"}, "epsTrend": {"current": {"raw": 0.105, "fmt": "0.1"}, "7daysAgo": {"raw": 0.35333, "fmt": "0.35"}, "30daysAgo": {"raw": 0.35333, "fmt": "0.35"}, "60daysAgo": {"raw": 0.4, "fmt": "0.4"}, "90daysAgo": {"raw": 0.2925, "fmt": "0.29"}, "epsTrendCurrency": "CAD"}, "epsRevisions": {"upLast7days": {"raw": 1, "fmt": "1", "longFmt": "1"}, "upLast30days": {"raw": 1, "fmt": "1", "longFmt": "1"}, "downLast30days": {"raw": 2, "fmt": "2", "longFmt": "2"}, "downLast7Days": {"raw": 2, "fmt": "2", "longFmt": "2"}, "downLast90days": {}, "epsRevisionsCurrency": "CAD"}}], "defaultMethodology": "nongaap", "maxAge": 1}, "earningsHistory": {"history": [{"maxAge": 1, "epsActual": {}, "epsEstimate": {"raw": -0.2, "fmt": "-0.2"}, "epsDifference": {}, "surprisePercent": {}, "quarter": {"raw": 1727654400, "fmt": "2024-09-30"}, "currency": "CAD", "period": "-4q"}, {"maxAge": 1, "epsActual": {"raw": 0.2265, "fmt": "0.23"}, "epsEstimate": {"raw": -0.03, "fmt": "-0.03"}, "epsDifference": {"raw": 0.26, "fmt": "0.26"}, "surprisePercent": {"raw": 8.55, "fmt": "855.00%"}, "quarter": {"raw": 1735603200, "fmt": "2024-12-31"}, "currency": "CAD", "period": "-3q"}, {"maxAge": 1, "epsActual": {"raw": -0.43, "fmt": "-0.43"}, "epsEstimate": {"raw": 0.13, "fmt": "0.13"}, "epsDifference": {"raw": -0.56, "fmt": "-0.56"}, "surprisePercent": {"raw": -4.3076997, "fmt": "-430.77%"}, "quarter": {"raw": 1743379200, "fmt": "2025-03-31"}, "currency": "CAD", "period": "-2q"}, {"maxAge": 1, "epsActual": {"raw": -0.27, "fmt": "-0.27"}, "epsEstimate": {"raw": -0.02, "fmt": "-0.02"}, "epsDifference": {"raw": -0.25, "fmt": "-0.25"}, "surprisePercent": {"raw": -12.5, "fmt": "-1,250.00%"}, "quarter": {"raw": 1751241600, "fmt": "2025-06-30"}, "currency": "CAD", "period": "-1q"}], "defaultMethodology": "nongaap", "maxAge": 86400}, "financialData": {"maxAge": 86400, "currentPrice": {"raw": 4.88, "fmt": "4.88"}, "targetHighPrice": {"raw": 6.204317, "fmt": "6.20"}, "targetLowPrice": {"raw": 6.204317, "fmt": "6.20"}, "targetMeanPrice": {"raw": 6.204317, "fmt": "6.20"}, "targetMedianPrice": {"raw": 6.204317, "fmt": "6.20"}, "recommendationMean": {}, "recommendationKey": "none", "numberOfAnalystOpinions": {"raw": 1, "fmt": "1", "longFmt": "1"}, "totalCash": {"raw": 140160000, "fmt": "140.16M", "longFmt": "140,160,000"}, "totalCashPerShare": {"raw": 2.483, "fmt": "2.48"}, "ebitda": {"raw": 11860000, "fmt": "11.86M", "longFmt": "11,860,000"}, "totalDebt": {"raw": 101629000, "fmt": "101.63M", "longFmt": "101,629,000"}, "quickRatio": {"raw": 1.143, "fmt": "1.14"}, "currentRatio": {"raw": 2.966, "fmt": "2.97"}, "totalRevenue": {"raw": 357880992, "fmt": "357.88M", "longFmt": "357,880,992"}, "debtToEquity": {"raw": 17.264, "fmt": "17.26%"}, "revenuePerShare": {"raw": 6.395, "fmt": "6.39"}, "returnOnAssets": {"raw": -0.0081, "fmt": "-0.81%"}, "returnOnEquity": {"raw": -0.0118700005, "fmt": "-1.19%"}, "grossProfits": {"raw": 172640992, "fmt": "172.64M", "longFmt": "172,640,992"}, "freeCashflow": {"raw": 35599500, "fmt": "35.6M", "longFmt": "35,599,500"}, "operatingCashflow": {"raw": 17751000, "fmt": "17.75M", "longFmt": "17,751,000"}, "earningsGrowth": {}, "revenueGrowth": {"raw": 0.175, "fmt": "17.50%"}, "grossMargins": {"raw": 0.48240003, "fmt": "48.24%"}, "ebitdaMargins": {"raw": 0.03314, "fmt": "3.31%"}, "operatingMargins": {"raw": -0.20629999, "fmt": "-20.63%"}, "profitMargins": {"raw": -0.050479997, "fmt": "-5.05%"}, "financialCurrency": "CAD"}}