{"assetProfile": {"address1": "Unit 2406", "address2": "24/F Low Block Grand Millennium Plaza 181 Queen\u2019s Road Central", "city": "Sheung Wan", "country": "Hong Kong", "phone": "852 3521 2888", "fax": "852 3521 2800", "website": "https://www.accoladegroup.com.hk", "industry": "Consulting Services", "industryKey": "consulting-services", "industryDisp": "Consulting Services", "sector": "Industrials", "sectorKey": "industrials", "sectorDisp": "Industrials", "longBusinessSummary": "Acco Group Holdings Limited, through its subsidiaries, operates as an IT-driven corporate service provider in Hong Kong and Singapore. The company offers corporate secretarial and accounting services, as well as intellectual properties registration services under the Accolade brand name. It serves individual clients, small and medium-sized enterprises, and multinational corporations. Acco Group Holdings Limited was founded in 2009 and is based in Sheung Wan, Hong Kong. Acco Group Holdings Limited operates as a subsidiary of Star Blessings Limited.", "fullTimeEmployees": 17, "companyOfficers": [{"maxAge": 1, "name": "Mr. Yuen Yuk  Hau", "age": 42, "title": "CFO & Chairman", "yearBorn": 1982, "exercisedValue": {"raw": 0, "fmt": null, "longFmt": "0"}, "unexercisedValue": {"raw": 0, "fmt": null, "longFmt": "0"}}, {"maxAge": 1, "name": "Mr. Cheung Po  Lui", "age": 43, "title": "CEO & Director", "yearBorn": 1981, "exercisedValue": {"raw": 0, "fmt": null, "longFmt": "0"}, "unexercisedValue": {"raw": 0, "fmt": null, "longFmt": "0"}}], "executiveTeam": [], "maxAge": 86400}, "calendarEvents": {"maxAge": 1, "earnings": {"earningsDate": [], "earningsCallDate": [], "earningsAverage": {}, "earningsLow": {}, "earningsHigh": {}, "revenueAverage": {}, "revenueLow": {}, "revenueHigh": {}}, "exDividendDate": {}, "dividendDate": {}}, "earningsTrend": {"trend": [{"maxAge": 1, "period": "0q", "endDate": null, "growth": {}, "earningsEstimate": {"avg": {}, "low": {}, "high": {}, "yearAgoEps": {}, "numberOfAnalysts": {}, "growth": {}, "earningsCurrency": null}, "revenueEstimate": {"avg": {"raw": 0, "fmt": null, "longFmt": "0"}, "low": {"raw": 0, "fmt": null, "longFmt": "0"}, "high": {"raw": 0, "fmt": null, "longFmt": "0"}, "numberOfAnalysts": {"raw": 0, "fmt": null, "longFmt": "0"}, "yearAgoRevenue": {}, "growth": {}, "revenueCurrency": null}, "epsTrend": {"current": {}, "7daysAgo": {}, "30daysAgo": {}, "60daysAgo": {}, "90daysAgo": {}, "epsTrendCurrency": null}, "epsRevisions": {"upLast7days": {}, "upLast30days": {}, "downLast30days": {}, "downLast7Days": {}, "downLast90days": {}, "epsRevisionsCurrency": null}}, {"maxAge": 1, "period": "+1q", "endDate": null, "growth": {}, "earningsEstimate": {"avg": {}, "low": {}, "high": {}, "yearAgoEps": {}, "numberOfAnalysts": {}, "growth": {}, "earningsCurrency": null}, "revenueEstimate": {"avg": {"raw": 0, "fmt": null, "longFmt": "0"}, "low": {"raw": 0, "fmt": null, "longFmt": "0"}, "high": {"raw": 0, "fmt": null, "longFmt": "0"}, "numberOfAnalysts": {"raw": 0, "fmt": null, "longFmt": "0"}, "yearAgoRevenue": {}, "growth": {}, "revenueCurrency": null}, "epsTrend": {"current": {}, "7daysAgo": {}, "30daysAgo": {}, "60daysAgo": {}, "90daysAgo": {}, "epsTrendCurrency": null}, "epsRevisions": {"upLast7days": {}, "upLast30days": {}, "downLast30days": {}, "downLast7Days": {}, "downLast90days": {}, "epsRevisionsCurrency": null}}, {"maxAge": 1, "period": "0y", "endDate": null, "growth": {}, "earningsEstimate": {"avg": {}, "low": {}, "high": {}, "yearAgoEps": {}, "numberOfAnalysts": {}, "growth": {}, "earningsCurrency": null}, "revenueEstimate": {"avg": {"raw": 0, "fmt": null, "longFmt": "0"}, "low": {"raw": 0, "fmt": null, "longFmt": "0"}, "high": {"raw": 0, "fmt": null, "longFmt": "0"}, "numberOfAnalysts": {"raw": 0, "fmt": null, "longFmt": "0"}, "yearAgoRevenue": {}, "growth": {}, "revenueCurrency": null}, "epsTrend": {"current": {}, "7daysAgo": {}, "30daysAgo": {}, "60daysAgo": {}, "90daysAgo": {}, "epsTrendCurrency": null}, "epsRevisions": {"upLast7days": {}, "upLast30days": {}, "downLast30days": {}, "downLast7Days": {}, "downLast90days": {}, "epsRevisionsCurrency": null}}, {"maxAge": 1, "period": "+1y", "endDate": null, "growth": {}, "earningsEstimate": {"avg": {}, "low": {}, "high": {}, "yearAgoEps": {}, "numberOfAnalysts": {}, "growth": {}, "earningsCurrency": null}, "revenueEstimate": {"avg": {"raw": 0, "fmt": null, "longFmt": "0"}, "low": {"raw": 0, "fmt": null, "longFmt": "0"}, "high": {"raw": 0, "fmt": null, "longFmt": "0"}, "numberOfAnalysts": {"raw": 0, "fmt": null, "longFmt": "0"}, "yearAgoRevenue": {}, "growth": {}, "revenueCurrency": null}, "epsTrend": {"current": {}, "7daysAgo": {}, "30daysAgo": {}, "60daysAgo": {}, "90daysAgo": {}, "epsTrendCurrency": null}, "epsRevisions": {"upLast7days": {}, "upLast30days": {}, "downLast30days": {}, "downLast7Days": {}, "downLast90days": {}, "epsRevisionsCurrency": null}}], "defaultMethodology": "nongaap", "maxAge": 1}, "earningsHistory": {"history": [], "defaultMethodology": "nongaap", "maxAge": 86400}, "financialData": {"maxAge": 86400, "currentPrice": {"raw": 4.37, "fmt": "4.37"}, "targetHighPrice": {}, "targetLowPrice": {}, "targetMeanPrice": {}, "targetMedianPrice": {}, "recommendationMean": {}, "recommendationKey": "none", "numberOfAnalystOpinions": {}, "totalCash": {"raw": 2070555, "fmt": "2.07M", "longFmt": "2,070,555"}, "totalCashPerShare": {"raw": 0.149, "fmt": "0.15"}, "ebitda": {"raw": 1247101, "fmt": "1.25M", "longFmt": "1,247,101"}, "totalDebt": {"raw": 341956, "fmt": "341.96k", "longFmt": "341,956"}, "quickRatio": {"raw": 1.848, "fmt": "1.85"}, "currentRatio": {"raw": 2.231, "fmt": "2.23"}, "totalRevenue": {"raw": 4874058, "fmt": "4.87M", "longFmt": "4,874,058"}, "debtToEquity": {"raw": 20.014, "fmt": "20.01%"}, "revenuePerShare": {"raw": 0.39, "fmt": "0.39"}, "returnOnAssets": {}, "returnOnEquity": {}, "grossProfits": {"raw": 2300861, "fmt": "2.3M", "longFmt": "2,300,861"}, "freeCashflow": {}, "operatingCashflow": {"raw": 1373122, "fmt": "1.37M", "longFmt": "1,373,122"}, "earningsGrowth": {"raw": 0.454, "fmt": "45.40%"}, "revenueGrowth": {"raw": 0.24, "fmt": "24.00%"}, "grossMargins": {"raw": 0.47206002, "fmt": "47.21%"}, "ebitdaMargins": {"raw": 0.25586998, "fmt": "25.59%"}, "operatingMargins": {"raw": 0.22198999, "fmt": "22.20%"}, "profitMargins": {"raw": 0.23968, "fmt": "23.97%"}, "financialCurrency": "USD"}}