{"assetProfile": {"address1": "333 Shops Boulevard", "address2": "Suite 301", "city": "Willow Park", "state": "TX", "zip": "76087", "country": "United States", "phone": "254 776 3722", "website": "https://www.pfholdingscorp.com", "industry": "Oil & Gas Equipment & Services", "industryKey": "oil-gas-equipment-services", "industryDisp": "Oil & Gas Equipment & Services", "sector": "Energy", "sectorKey": "energy", "sectorDisp": "Energy", "longBusinessSummary": "ProFrac Holding Corp. operates as a technology-focused energy services holding company in the United States. It operates through three segments: Stimulation Services, Proppant Production, and Manufacturing. The company offers hydraulic fracturing, proppant production, well stimulation, in-basin frac sand, and other completion services and complementary products and services to upstream oil and natural gas companies engaged in the exploration and production of unconventional oil and natural gas resources. It also manufactures and sells high horsepower pumps, valves, piping, swivels, large-bore manifold systems, and fluid ends, as well as other auxiliary equipment. The company was founded in 2016 and is headquartered in Willow Park, Texas.", "fullTimeEmployees": 3077, "companyOfficers": [{"maxAge": 1, "name": "Mr. Matthew D. Wilks", "age": 41, "title": "Executive Chairman & President", "yearBorn": 1983, "fiscalYear": 2024, "totalPay": {"raw": 626785, "fmt": "626.78k", "longFmt": "626,785"}, "exercisedValue": {"raw": 0, "fmt": null, "longFmt": "0"}, "unexercisedValue": {"raw": 0, "fmt": null, "longFmt": "0"}}, {"maxAge": 1, "name": "Mr. Johnathan Ladd Wilks", "age": 38, "title": "Chief Executive Officer", "yearBorn": 1986, "fiscalYear": 2024, "totalPay": {"raw": 652322, "fmt": "652.32k", "longFmt": "652,322"}, "exercisedValue": {"raw": 0, "fmt": null, "longFmt": "0"}, "unexercisedValue": {"raw": 0, "fmt": null, "longFmt": "0"}}, {"maxAge": 1, "name": "Mr. Matthew  Greenwood", "age": 39, "title": "Chief Commercial Officer", "yearBorn": 1985, "fiscalYear": 2024, "totalPay": {"raw": 667802, "fmt": "667.8k", "longFmt": "667,802"}, "exercisedValue": {"raw": 0, "fmt": null, "longFmt": "0"}, "unexercisedValue": {"raw": 0, "fmt": null, "longFmt": "0"}}, {"maxAge": 1, "name": "Mr. Austin  Harbour", "age": 43, "title": "Chief Financial Officer", "yearBorn": 1981, "fiscalYear": 2024, "exercisedValue": {"raw": 0, "fmt": null, "longFmt": "0"}, "unexercisedValue": {"raw": 0, "fmt": null, "longFmt": "0"}}, {"maxAge": 1, "name": "Mr. Jeremy  Spriggs", "title": "Senior Vice President of Operations", "fiscalYear": 2024, "exercisedValue": {"raw": 0, "fmt": null, "longFmt": "0"}, "unexercisedValue": {"raw": 0, "fmt": null, "longFmt": "0"}}, {"maxAge": 1, "name": "Mr. Michael S. Henry", "age": 52, "title": "Principal Accounting Officer", "yearBorn": 1972, "fiscalYear": 2024, "exercisedValue": {"raw": 0, "fmt": null, "longFmt": "0"}, "unexercisedValue": {"raw": 0, "fmt": null, "longFmt": "0"}}, {"maxAge": 1, "name": "Mr. Steven  Scrogham", "age": 48, "title": "Chief Legal Officer, Chief Compliance Officer & Corporate Secretary", "yearBorn": 1976, "fiscalYear": 2024, "exercisedValue": {"raw": 0, "fmt": null, "longFmt": "0"}, "unexercisedValue": {"raw": 0, "fmt": null, "longFmt": "0"}}, {"maxAge": 1, "name": "Mr. Paul  Kaster", "title": "Senior Vice President of HSE, Compliance & Training", "fiscalYear": 2024, "exercisedValue": {"raw": 0, "fmt": null, "longFmt": "0"}, "unexercisedValue": {"raw": 0, "fmt": null, "longFmt": "0"}}], "auditRisk": 7, "boardRisk": 10, "compensationRisk": 6, "shareHolderRightsRisk": 5, "overallRisk": 8, "governanceEpochDate": 1761955200, "compensationAsOfEpochDate": 1735603200, "executiveTeam": [], "maxAge": 86400}, "calendarEvents": {"maxAge": 1, "earnings": {"earningsDate": [{"raw": 1762781400, "fmt": "2025-11-10"}], "earningsCallDate": [{"raw": 1762790400, "fmt": "2025-11-10"}], "isEarningsDateEstimate": false, "earningsAverage": {"raw": -0.425, "fmt": "-0.43"}, "earningsLow": {"raw": -0.46, "fmt": "-0.46"}, "earningsHigh": {"raw": -0.37, "fmt": "-0.37"}, "revenueAverage": {"raw": 419291270, "fmt": "419.29M", "longFmt": "419,291,270"}, "revenueLow": {"raw": 325000000, "fmt": "325M", "longFmt": "325,000,000"}, "revenueHigh": {"raw": 480973810, "fmt": "480.97M", "longFmt": "480,973,810"}}, "exDividendDate": {}, "dividendDate": {}}, "earningsTrend": {"trend": [{"maxAge": 1, "period": "0q", "endDate": "2025-09-30", "growth": {"raw": -3.0323, "fmt": "-303.23%"}, "earningsEstimate": {"avg": {"raw": -0.425, "fmt": "-0.43"}, "low": {"raw": -0.46, "fmt": "-0.46"}, "high": {"raw": -0.37, "fmt": "-0.37"}, "yearAgoEps": {"raw": -0.1054, "fmt": "-0.11"}, "numberOfAnalysts": {"raw": 4, "fmt": "4", "longFmt": "4"}, "growth": {"raw": -3.0323, "fmt": "-303.23%"}, "earningsCurrency": "USD"}, "revenueEstimate": {"avg": {"raw": 419291270, "fmt": "419.29M", "longFmt": "419,291,270"}, "low": {"raw": 325000000, "fmt": "325M", "longFmt": "325,000,000"}, "high": {"raw": 480973810, "fmt": "480.97M", "longFmt": "480,973,810"}, "numberOfAnalysts": {"raw": 3, "fmt": "3", "longFmt": "3"}, "yearAgoRevenue": {"raw": 575300000, "fmt": "575.3M", "longFmt": "575,300,000"}, "growth": {"raw": -0.2712, "fmt": "-27.12%"}, "revenueCurrency": "USD"}, "epsTrend": {"current": {"raw": -0.425, "fmt": "-0.43"}, "7daysAgo": {"raw": -0.34, "fmt": "-0.34"}, "30daysAgo": {"raw": -0.34, "fmt": "-0.34"}, "60daysAgo": {"raw": -0.2975, "fmt": "-0.3"}, "90daysAgo": {"raw": -0.27, "fmt": "-0.27"}, "epsTrendCurrency": "USD"}, "epsRevisions": {"upLast7days": {"raw": 0, "fmt": null, "longFmt": "0"}, "upLast30days": {"raw": 0, "fmt": null, "longFmt": "0"}, "downLast30days": {"raw": 1, "fmt": "1", "longFmt": "1"}, "downLast7Days": {"raw": 1, "fmt": "1", "longFmt": "1"}, "downLast90days": {}, "epsRevisionsCurrency": "USD"}}, {"maxAge": 1, "period": "+1q", "endDate": "2025-12-31", "growth": {"raw": 0.1649, "fmt": "16.49%"}, "earningsEstimate": {"avg": {"raw": -0.4475, "fmt": "-0.45"}, "low": {"raw": -0.5, "fmt": "-0.5"}, "high": {"raw": -0.39, "fmt": "-0.39"}, "yearAgoEps": {"raw": -0.53585, "fmt": "-0.54"}, "numberOfAnalysts": {"raw": 4, "fmt": "4", "longFmt": "4"}, "growth": {"raw": 0.1649, "fmt": "16.49%"}, "earningsCurrency": "USD"}, "revenueEstimate": {"avg": {"raw": 380118360, "fmt": "380.12M", "longFmt": "380,118,360"}, "low": {"raw": 295000000, "fmt": "295M", "longFmt": "295,000,000"}, "high": {"raw": 445555090, "fmt": "445.56M", "longFmt": "445,555,090"}, "numberOfAnalysts": {"raw": 3, "fmt": "3", "longFmt": "3"}, "yearAgoRevenue": {"raw": 454700000, "fmt": "454.7M", "longFmt": "454,700,000"}, "growth": {"raw": -0.16399999, "fmt": "-16.40%"}, "revenueCurrency": "USD"}, "epsTrend": {"current": {"raw": -0.4475, "fmt": "-0.45"}, "7daysAgo": {"raw": -0.32, "fmt": "-0.32"}, "30daysAgo": {"raw": -0.32, "fmt": "-0.32"}, "60daysAgo": {"raw": -0.3625, "fmt": "-0.36"}, "90daysAgo": {"raw": -0.3325, "fmt": "-0.33"}, "epsTrendCurrency": "USD"}, "epsRevisions": {"upLast7days": {"raw": 0, "fmt": null, "longFmt": "0"}, "upLast30days": {"raw": 0, "fmt": null, "longFmt": "0"}, "downLast30days": {"raw": 1, "fmt": "1", "longFmt": "1"}, "downLast7Days": {"raw": 1, "fmt": "1", "longFmt": "1"}, "downLast90days": {}, "epsRevisionsCurrency": "USD"}}, {"maxAge": 1, "period": "0y", "endDate": "2025-12-31", "growth": {"raw": -1.3989, "fmt": "-139.89%"}, "earningsEstimate": {"avg": {"raw": -1.5275, "fmt": "-1.53"}, "low": {"raw": -1.73, "fmt": "-1.73"}, "high": {"raw": -1.36, "fmt": "-1.36"}, "yearAgoEps": {"raw": -0.63675, "fmt": "-0.64"}, "numberOfAnalysts": {"raw": 4, "fmt": "4", "longFmt": "4"}, "growth": {"raw": -1.3989, "fmt": "-139.89%"}, "earningsCurrency": "USD"}, "revenueEstimate": {"avg": {"raw": 1910996040, "fmt": "1.91B", "longFmt": "1,910,996,040"}, "low": {"raw": 1722000000, "fmt": "1.72B", "longFmt": "1,722,000,000"}, "high": {"raw": 2028728890, "fmt": "2.03B", "longFmt": "2,028,728,890"}, "numberOfAnalysts": {"raw": 4, "fmt": "4", "longFmt": "4"}, "yearAgoRevenue": {"raw": 2190900000, "fmt": "2.19B", "longFmt": "2,190,900,000"}, "growth": {"raw": -0.1278, "fmt": "-12.78%"}, "revenueCurrency": "USD"}, "epsTrend": {"current": {"raw": -1.5275, "fmt": "-1.53"}, "7daysAgo": {"raw": -1.13333, "fmt": "-1.13"}, "30daysAgo": {"raw": -1.13333, "fmt": "-1.13"}, "60daysAgo": {"raw": -0.996, "fmt": "-1"}, "90daysAgo": {"raw": -0.945, "fmt": "-0.94"}, "epsTrendCurrency": "USD"}, "epsRevisions": {"upLast7days": {"raw": 0, "fmt": null, "longFmt": "0"}, "upLast30days": {"raw": 0, "fmt": null, "longFmt": "0"}, "downLast30days": {"raw": 1, "fmt": "1", "longFmt": "1"}, "downLast7Days": {"raw": 1, "fmt": "1", "longFmt": "1"}, "downLast90days": {}, "epsRevisionsCurrency": "USD"}}, {"maxAge": 1, "period": "+1y", "endDate": "2026-12-31", "growth": {"raw": 0.17379999, "fmt": "17.38%"}, "earningsEstimate": {"avg": {"raw": -1.262, "fmt": "-1.26"}, "low": {"raw": -1.53, "fmt": "-1.53"}, "high": {"raw": -0.93, "fmt": "-0.93"}, "yearAgoEps": {"raw": -1.5275, "fmt": "-1.53"}, "numberOfAnalysts": {"raw": 5, "fmt": "5", "longFmt": "5"}, "growth": {"raw": 0.17379999, "fmt": "17.38%"}, "earningsCurrency": "USD"}, "revenueEstimate": {"avg": {"raw": 1816865060, "fmt": "1.82B", "longFmt": "1,816,865,060"}, "low": {"raw": 1664400000, "fmt": "1.66B", "longFmt": "1,664,400,000"}, "high": {"raw": 2109762670, "fmt": "2.11B", "longFmt": "2,109,762,670"}, "numberOfAnalysts": {"raw": 4, "fmt": "4", "longFmt": "4"}, "yearAgoRevenue": {"raw": 1910996040, "fmt": "1.91B", "longFmt": "1,910,996,040"}, "growth": {"raw": -0.0493, "fmt": "-4.93%"}, "revenueCurrency": "USD"}, "epsTrend": {"current": {"raw": -1.262, "fmt": "-1.26"}, "7daysAgo": {"raw": -0.9375, "fmt": "-0.94"}, "30daysAgo": {"raw": -0.9375, "fmt": "-0.94"}, "60daysAgo": {"raw": -0.9575, "fmt": "-0.96"}, "90daysAgo": {"raw": -0.8, "fmt": "-0.8"}, "epsTrendCurrency": "USD"}, "epsRevisions": {"upLast7days": {"raw": 0, "fmt": null, "longFmt": "0"}, "upLast30days": {"raw": 0, "fmt": null, "longFmt": "0"}, "downLast30days": {"raw": 1, "fmt": "1", "longFmt": "1"}, "downLast7Days": {"raw": 1, "fmt": "1", "longFmt": "1"}, "downLast90days": {}, "epsRevisionsCurrency": "USD"}}], "defaultMethodology": "nongaap", "maxAge": 1}, "earningsHistory": {"history": [{"maxAge": 1, "epsActual": {"raw": -0.1054, "fmt": "-0.11"}, "epsEstimate": {"raw": -0.14449, "fmt": "-0.14"}, "epsDifference": {"raw": 0.04, "fmt": "0.04"}, "surprisePercent": {"raw": 0.2705, "fmt": "27.05%"}, "quarter": {"raw": 1727654400, "fmt": "2024-09-30"}, "currency": "USD", "period": "-4q"}, {"maxAge": 1, "epsActual": {"raw": -0.53585, "fmt": "-0.54"}, "epsEstimate": {"raw": -0.3325, "fmt": "-0.33"}, "epsDifference": {"raw": -0.2, "fmt": "-0.2"}, "surprisePercent": {"raw": -0.6116, "fmt": "-61.16%"}, "quarter": {"raw": 1735603200, "fmt": "2024-12-31"}, "currency": "USD", "period": "-3q"}, {"maxAge": 1, "epsActual": {"raw": -0.0924, "fmt": "-0.09"}, "epsEstimate": {"raw": -0.3259, "fmt": "-0.33"}, "epsDifference": {"raw": 0.23, "fmt": "0.23"}, "surprisePercent": {"raw": 0.71650004, "fmt": "71.65%"}, "quarter": {"raw": 1743379200, "fmt": "2025-03-31"}, "currency": "USD", "period": "-2q"}, {"maxAge": 1, "epsActual": {"raw": -0.4245, "fmt": "-0.42"}, "epsEstimate": {"raw": -0.262, "fmt": "-0.26"}, "epsDifference": {"raw": -0.16, "fmt": "-0.16"}, "surprisePercent": {"raw": -0.6202, "fmt": "-62.02%"}, "quarter": {"raw": 1751241600, "fmt": "2025-06-30"}, "currency": "USD", "period": "-1q"}], "defaultMethodology": "nongaap", "maxAge": 86400}, "financialData": {"maxAge": 86400, "currentPrice": {"raw": 5.54, "fmt": "5.54"}, "targetHighPrice": {"raw": 6.0, "fmt": "6.00"}, "targetLowPrice": {"raw": 2.0, "fmt": "2.00"}, "targetMeanPrice": {"raw": 4.2, "fmt": "4.20"}, "targetMedianPrice": {"raw": 4.5, "fmt": "4.50"}, "recommendationMean": {}, "recommendationKey": "none", "numberOfAnalystOpinions": {"raw": 5, "fmt": "5", "longFmt": "5"}, "totalCash": {"raw": 26000000, "fmt": "26M", "longFmt": "26,000,000"}, "totalCashPerShare": {"raw": 0.162, "fmt": "0.16"}, "ebitda": {"raw": 375300000, "fmt": "375.3M", "longFmt": "375,300,000"}, "totalDebt": {"raw": 1227500032, "fmt": "1.23B", "longFmt": "1,227,500,032"}, "quickRatio": {"raw": 0.592, "fmt": "0.59"}, "currentRatio": {"raw": 0.907, "fmt": "0.91"}, "totalRevenue": {"raw": 2132199936, "fmt": "2.13B", "longFmt": "2,132,199,936"}, "debtToEquity": {"raw": 120.544, "fmt": "120.54%"}, "revenuePerShare": {"raw": 13.314, "fmt": "13.31"}, "returnOnAssets": {"raw": -0.0128, "fmt": "-1.28%"}, "returnOnEquity": {"raw": -0.23061001, "fmt": "-23.06%"}, "grossProfits": {"raw": 609800000, "fmt": "609.8M", "longFmt": "609,800,000"}, "freeCashflow": {"raw": 182424992, "fmt": "182.42M", "longFmt": "182,424,992"}, "operatingCashflow": {"raw": 313800000, "fmt": "313.8M", "longFmt": "313,800,000"}, "earningsGrowth": {}, "revenueGrowth": {"raw": -0.134, "fmt": "-13.40%"}, "grossMargins": {"raw": 0.286, "fmt": "28.60%"}, "ebitdaMargins": {"raw": 0.17602, "fmt": "17.60%"}, "operatingMargins": {"raw": -0.08966, "fmt": "-8.97%"}, "profitMargins": {"raw": -0.12832, "fmt": "-12.83%"}, "financialCurrency": "USD"}}