{"assetProfile": {"address1": "131 Dartmouth Street", "address2": "3rd Floor", "city": "Boston", "state": "MA", "zip": "02116", "country": "United States", "phone": "650 503 9095", "website": "https://www.adicetbio.com", "industry": "Biotechnology", "industryKey": "biotechnology", "industryDisp": "Biotechnology", "sector": "Healthcare", "sectorKey": "healthcare", "sectorDisp": "Healthcare", "longBusinessSummary": "Adicet Bio, Inc., a clinical stage biotechnology company, discovers and develops allogeneic gamma delta T cell therapies for autoimmune diseases and cancer in the United States. It offers gamma delta T cells engineered with chimeric antigen receptors (CARs) to facilitate durable activity in patients. The company's lead product candidate is ADI-001, an allogeneic gamma delta T cell therapy expressing a CAR targeting CD20, which is in Phase I clinical trial for the potential treatment of autoimmune diseases and relapsed/refractory B-cell non-hodgkin's lymphoma. It also develops ADI-270, an armored gamma delta CAR T cell product candidate to treat multiple CD70+ solid tumor and hematological malignancies indications, with renal cell carcinoma. The company was founded in 2014 and is based in Boston, Massachusetts.", "fullTimeEmployees": 152, "companyOfficers": [{"maxAge": 1, "name": "Mr. Chen  Schor BA, CPA, M.B.A.", "age": 52, "title": "CEO, President & Director", "yearBorn": 1972, "fiscalYear": 2024, "totalPay": {"raw": 888012, "fmt": "888.01k", "longFmt": "888,012"}, "exercisedValue": {"raw": 0, "fmt": null, "longFmt": "0"}, "unexercisedValue": {"raw": 0, "fmt": null, "longFmt": "0"}}, {"maxAge": 1, "name": "Mr. Brian Nicholas Harvey", "age": 63, "title": "Chief Financial Officer", "yearBorn": 1961, "fiscalYear": 2024, "totalPay": {"raw": 611141, "fmt": "611.14k", "longFmt": "611,141"}, "exercisedValue": {"raw": 0, "fmt": null, "longFmt": "0"}, "unexercisedValue": {"raw": 0, "fmt": null, "longFmt": "0"}}, {"maxAge": 1, "name": "Dr. Blake  Aftab Ph.D.", "age": 43, "title": "Senior VP & Chief Scientific Officer", "yearBorn": 1981, "fiscalYear": 2024, "totalPay": {"raw": 693817, "fmt": "693.82k", "longFmt": "693,817"}, "exercisedValue": {"raw": 0, "fmt": null, "longFmt": "0"}, "unexercisedValue": {"raw": 0, "fmt": null, "longFmt": "0"}}, {"maxAge": 1, "name": "Dr. Donald  Healey Ph.D.", "age": 62, "title": "Chief Technology Officer", "yearBorn": 1962, "fiscalYear": 2024, "totalPay": {"raw": 606337, "fmt": "606.34k", "longFmt": "606,337"}, "exercisedValue": {"raw": 0, "fmt": null, "longFmt": "0"}, "unexercisedValue": {"raw": 0, "fmt": null, "longFmt": "0"}}, {"maxAge": 1, "name": "Ms. Amy  Locke", "title": "Chief Human Resource Officer", "fiscalYear": 2024, "exercisedValue": {"raw": 0, "fmt": null, "longFmt": "0"}, "unexercisedValue": {"raw": 0, "fmt": null, "longFmt": "0"}}, {"maxAge": 1, "name": "Dr. Julie  Maltzman M.D.", "title": "Chief Medical Officer", "fiscalYear": 2024, "exercisedValue": {"raw": 0, "fmt": null, "longFmt": "0"}, "unexercisedValue": {"raw": 0, "fmt": null, "longFmt": "0"}}], "auditRisk": 9, "boardRisk": 10, "compensationRisk": 10, "shareHolderRightsRisk": 6, "overallRisk": 10, "governanceEpochDate": 1761955200, "compensationAsOfEpochDate": 1735603200, "executiveTeam": [], "maxAge": 86400}, "calendarEvents": {"maxAge": 1, "earnings": {"earningsDate": [{"raw": 1762376400, "fmt": "2025-11-05"}], "earningsCallDate": [], "isEarningsDateEstimate": true, "earningsAverage": {"raw": -0.31667, "fmt": "-0.32"}, "earningsLow": {"raw": -0.35, "fmt": "-0.35"}, "earningsHigh": {"raw": -0.27, "fmt": "-0.27"}, "revenueAverage": {"raw": 0, "fmt": null, "longFmt": "0"}, "revenueLow": {"raw": 0, "fmt": null, "longFmt": "0"}, "revenueHigh": {"raw": 0, "fmt": null, "longFmt": "0"}}, "exDividendDate": {}, "dividendDate": {"raw": 1600214400, "fmt": "2020-09-16"}}, "earningsTrend": {"trend": [{"maxAge": 1, "period": "0q", "endDate": "2025-09-30", "growth": {"raw": 0.0686, "fmt": "6.86%"}, "earningsEstimate": {"avg": {"raw": -0.31667, "fmt": "-0.32"}, "low": {"raw": -0.35, "fmt": "-0.35"}, "high": {"raw": -0.27, "fmt": "-0.27"}, "yearAgoEps": {"raw": -0.34, "fmt": "-0.34"}, "numberOfAnalysts": {"raw": 6, "fmt": "6", "longFmt": "6"}, "growth": {"raw": 0.0686, "fmt": "6.86%"}, "earningsCurrency": "USD"}, "revenueEstimate": {"avg": {"raw": 0, "fmt": null, "longFmt": "0"}, "low": {"raw": 0, "fmt": null, "longFmt": "0"}, "high": {"raw": 0, "fmt": null, "longFmt": "0"}, "numberOfAnalysts": {"raw": 8, "fmt": "8", "longFmt": "8"}, "yearAgoRevenue": {"raw": 0, "fmt": null, "longFmt": "0"}, "growth": {"raw": 0.0, "fmt": "0.00%"}, "revenueCurrency": "USD"}, "epsTrend": {"current": {"raw": -0.31667, "fmt": "-0.32"}, "7daysAgo": {"raw": -0.31667, "fmt": "-0.32"}, "30daysAgo": {"raw": -0.31667, "fmt": "-0.32"}, "60daysAgo": {"raw": -0.31667, "fmt": "-0.32"}, "90daysAgo": {"raw": -0.298, "fmt": "-0.3"}, "epsTrendCurrency": "USD"}, "epsRevisions": {"upLast7days": {"raw": 3, "fmt": "3", "longFmt": "3"}, "upLast30days": {"raw": 2, "fmt": "2", "longFmt": "2"}, "downLast30days": {"raw": 3, "fmt": "3", "longFmt": "3"}, "downLast7Days": {"raw": 2, "fmt": "2", "longFmt": "2"}, "downLast90days": {}, "epsRevisionsCurrency": "USD"}}, {"maxAge": 1, "period": "+1q", "endDate": "2025-12-31", "growth": {"raw": 0.1667, "fmt": "16.67%"}, "earningsEstimate": {"avg": {"raw": -0.26667, "fmt": "-0.27"}, "low": {"raw": -0.31, "fmt": "-0.31"}, "high": {"raw": -0.17, "fmt": "-0.17"}, "yearAgoEps": {"raw": -0.32, "fmt": "-0.32"}, "numberOfAnalysts": {"raw": 6, "fmt": "6", "longFmt": "6"}, "growth": {"raw": 0.1667, "fmt": "16.67%"}, "earningsCurrency": "USD"}, "revenueEstimate": {"avg": {"raw": 2500000, "fmt": "2.5M", "longFmt": "2,500,000"}, "low": {"raw": 0, "fmt": null, "longFmt": "0"}, "high": {"raw": 20000000, "fmt": "20M", "longFmt": "20,000,000"}, "numberOfAnalysts": {"raw": 8, "fmt": "8", "longFmt": "8"}, "yearAgoRevenue": {"raw": 0, "fmt": null, "longFmt": "0"}, "growth": {"raw": 0.0, "fmt": "0.00%"}, "revenueCurrency": "USD"}, "epsTrend": {"current": {"raw": -0.26667, "fmt": "-0.27"}, "7daysAgo": {"raw": -0.26667, "fmt": "-0.27"}, "30daysAgo": {"raw": -0.28, "fmt": "-0.28"}, "60daysAgo": {"raw": -0.28, "fmt": "-0.28"}, "90daysAgo": {"raw": -0.266, "fmt": "-0.27"}, "epsTrendCurrency": "USD"}, "epsRevisions": {"upLast7days": {"raw": 1, "fmt": "1", "longFmt": "1"}, "upLast30days": {"raw": 1, "fmt": "1", "longFmt": "1"}, "downLast30days": {"raw": 0, "fmt": null, "longFmt": "0"}, "downLast7Days": {"raw": 0, "fmt": null, "longFmt": "0"}, "downLast90days": {}, "epsRevisionsCurrency": "USD"}}, {"maxAge": 1, "period": "0y", "endDate": "2025-12-31", "growth": {"raw": 0.092700005, "fmt": "9.27%"}, "earningsEstimate": {"avg": {"raw": -1.20667, "fmt": "-1.21"}, "low": {"raw": -1.3, "fmt": "-1.3"}, "high": {"raw": -1.05, "fmt": "-1.05"}, "yearAgoEps": {"raw": -1.33, "fmt": "-1.33"}, "numberOfAnalysts": {"raw": 6, "fmt": "6", "longFmt": "6"}, "growth": {"raw": 0.092700005, "fmt": "9.27%"}, "earningsCurrency": "USD"}, "revenueEstimate": {"avg": {"raw": 2500000, "fmt": "2.5M", "longFmt": "2,500,000"}, "low": {"raw": 0, "fmt": null, "longFmt": "0"}, "high": {"raw": 20000000, "fmt": "20M", "longFmt": "20,000,000"}, "numberOfAnalysts": {"raw": 8, "fmt": "8", "longFmt": "8"}, "yearAgoRevenue": {"raw": 0, "fmt": null, "longFmt": "0"}, "growth": {"raw": 0.0, "fmt": "0.00%"}, "revenueCurrency": "USD"}, "epsTrend": {"current": {"raw": -1.20667, "fmt": "-1.21"}, "7daysAgo": {"raw": -1.20667, "fmt": "-1.21"}, "30daysAgo": {"raw": -1.23167, "fmt": "-1.23"}, "60daysAgo": {"raw": -1.23167, "fmt": "-1.23"}, "90daysAgo": {"raw": -1.146, "fmt": "-1.15"}, "epsTrendCurrency": "USD"}, "epsRevisions": {"upLast7days": {"raw": 1, "fmt": "1", "longFmt": "1"}, "upLast30days": {"raw": 1, "fmt": "1", "longFmt": "1"}, "downLast30days": {"raw": 0, "fmt": null, "longFmt": "0"}, "downLast7Days": {"raw": 0, "fmt": null, "longFmt": "0"}, "downLast90days": {}, "epsRevisionsCurrency": "USD"}}, {"maxAge": 1, "period": "+1y", "endDate": "2026-12-31", "growth": {"raw": 0.1685, "fmt": "16.85%"}, "earningsEstimate": {"avg": {"raw": -1.00333, "fmt": "-1"}, "low": {"raw": -1.21, "fmt": "-1.21"}, "high": {"raw": -0.73, "fmt": "-0.73"}, "yearAgoEps": {"raw": -1.20667, "fmt": "-1.21"}, "numberOfAnalysts": {"raw": 6, "fmt": "6", "longFmt": "6"}, "growth": {"raw": 0.1685, "fmt": "16.85%"}, "earningsCurrency": "USD"}, "revenueEstimate": {"avg": {"raw": 2500000, "fmt": "2.5M", "longFmt": "2,500,000"}, "low": {"raw": 0, "fmt": null, "longFmt": "0"}, "high": {"raw": 20000000, "fmt": "20M", "longFmt": "20,000,000"}, "numberOfAnalysts": {"raw": 8, "fmt": "8", "longFmt": "8"}, "yearAgoRevenue": {"raw": 2500000, "fmt": "2.5M", "longFmt": "2,500,000"}, "growth": {"raw": 0.0, "fmt": "0.00%"}, "revenueCurrency": "USD"}, "epsTrend": {"current": {"raw": -1.00333, "fmt": "-1"}, "7daysAgo": {"raw": -1.00333, "fmt": "-1"}, "30daysAgo": {"raw": -1.06, "fmt": "-1.06"}, "60daysAgo": {"raw": -1.06, "fmt": "-1.06"}, "90daysAgo": {"raw": -1.002, "fmt": "-1"}, "epsTrendCurrency": "USD"}, "epsRevisions": {"upLast7days": {"raw": 1, "fmt": "1", "longFmt": "1"}, "upLast30days": {"raw": 1, "fmt": "1", "longFmt": "1"}, "downLast30days": {"raw": 0, "fmt": null, "longFmt": "0"}, "downLast7Days": {"raw": 0, "fmt": null, "longFmt": "0"}, "downLast90days": {}, "epsRevisionsCurrency": "USD"}}], "defaultMethodology": "nongaap", "maxAge": 1}, "earningsHistory": {"history": [{"maxAge": 1, "epsActual": {"raw": -0.34, "fmt": "-0.34"}, "epsEstimate": {"raw": -0.33286, "fmt": "-0.33"}, "epsDifference": {"raw": -0.01, "fmt": "-0.01"}, "surprisePercent": {"raw": -0.0215, "fmt": "-2.15%"}, "quarter": {"raw": 1727654400, "fmt": "2024-09-30"}, "currency": "USD", "period": "-4q"}, {"maxAge": 1, "epsActual": {"raw": -0.32, "fmt": "-0.32"}, "epsEstimate": {"raw": -0.355, "fmt": "-0.35"}, "epsDifference": {"raw": 0.03, "fmt": "0.03"}, "surprisePercent": {"raw": 0.0986, "fmt": "9.86%"}, "quarter": {"raw": 1735603200, "fmt": "2024-12-31"}, "currency": "USD", "period": "-3q"}, {"maxAge": 1, "epsActual": {"raw": -0.31, "fmt": "-0.31"}, "epsEstimate": {"raw": -0.336, "fmt": "-0.34"}, "epsDifference": {"raw": 0.03, "fmt": "0.03"}, "surprisePercent": {"raw": 0.0774, "fmt": "7.74%"}, "quarter": {"raw": 1743379200, "fmt": "2025-03-31"}, "currency": "USD", "period": "-2q"}, {"maxAge": 1, "epsActual": {"raw": -0.34, "fmt": "-0.34"}, "epsEstimate": {"raw": -0.29667, "fmt": "-0.3"}, "epsDifference": {"raw": -0.04, "fmt": "-0.04"}, "surprisePercent": {"raw": -0.1461, "fmt": "-14.61%"}, "quarter": {"raw": 1751241600, "fmt": "2025-06-30"}, "currency": "USD", "period": "-1q"}], "defaultMethodology": "nongaap", "maxAge": 86400}, "financialData": {"maxAge": 86400, "currentPrice": {"raw": 0.73, "fmt": "0.73"}, "targetHighPrice": {"raw": 8.0, "fmt": "8.00"}, "targetLowPrice": {"raw": 4.0, "fmt": "4.00"}, "targetMeanPrice": {"raw": 6.16667, "fmt": "6.17"}, "targetMedianPrice": {"raw": 6.5, "fmt": "6.50"}, "recommendationMean": {}, "recommendationKey": "none", "numberOfAnalystOpinions": {"raw": 6, "fmt": "6", "longFmt": "6"}, "totalCash": {"raw": 124963000, "fmt": "124.96M", "longFmt": "124,963,000"}, "totalCashPerShare": {"raw": 1.363, "fmt": "1.36"}, "ebitda": {"raw": -119623000, "fmt": "-119.62M", "longFmt": "-119,623,000"}, "totalDebt": {"raw": 15358000, "fmt": "15.36M", "longFmt": "15,358,000"}, "quickRatio": {"raw": 7.317, "fmt": "7.32"}, "currentRatio": {"raw": 7.479, "fmt": "7.48"}, "totalRevenue": {}, "debtToEquity": {"raw": 11.515, "fmt": "11.52%"}, "revenuePerShare": {}, "returnOnAssets": {"raw": -0.36523998, "fmt": "-36.52%"}, "returnOnEquity": {"raw": -0.64392, "fmt": "-64.39%"}, "grossProfits": {}, "freeCashflow": {"raw": -56622376, "fmt": "-56.62M", "longFmt": "-56,622,376"}, "operatingCashflow": {"raw": -98137000, "fmt": "-98.14M", "longFmt": "-98,137,000"}, "earningsGrowth": {}, "revenueGrowth": {}, "grossMargins": {"raw": 0.0, "fmt": "0.00%"}, "ebitdaMargins": {"raw": 0.0, "fmt": "0.00%"}, "operatingMargins": {"raw": 0.0, "fmt": "0.00%"}, "profitMargins": {"raw": 0.0, "fmt": "0.00%"}, "financialCurrency": "USD"}}