{"assetProfile": {"address1": "1000 N West Street", "address2": "Suite 1200", "city": "Wilmington", "state": "DE", "zip": "19801", "country": "United States", "phone": "770 209 0012", "website": "https://www.acornenergy.com", "industry": "Scientific & Technical Instruments", "industryKey": "scientific-technical-instruments", "industryDisp": "Scientific & Technical Instruments", "sector": "Technology", "sectorKey": "technology", "sectorDisp": "Technology", "longBusinessSummary": "Acorn Energy, Inc., through its subsidiary, develops and markets wireless remote monitoring and control systems in the United States and internationally. It operates in two segments, Power Generation Monitoring and Cathodic Protection Monitoring. The company offers wireless remote monitoring and control systems and IoT applications for residential and commercial/industrial power generation equipment; and power generator monitors and AIRGuard products, which remotely monitors and controls industrial air compressors. It also provides remote monitoring and control products for cathodic protection systems on gas pipelines serving the gas utilities market and pipeline operators; and first RAD, a remote AC mitigation disconnect that mounts onto existing solid-state decouplers in the field and can remotely disconnect/connect these AC mitigation tools. The company was incorporated in 1986 and is based in Wilmington, Delaware.", "fullTimeEmployees": 25, "companyOfficers": [{"maxAge": 1, "name": "Mr. Jan H. Loeb", "age": 65, "title": "President, CEO & Director", "yearBorn": 1959, "fiscalYear": 2024, "totalPay": {"raw": 321360, "fmt": "321.36k", "longFmt": "321,360"}, "exercisedValue": {"raw": 0, "fmt": null, "longFmt": "0"}, "unexercisedValue": {"raw": 118426, "fmt": "118.43k", "longFmt": "118,426"}}, {"maxAge": 1, "name": "Ms. Tracy S. Clifford", "age": 55, "title": "Chief Financial Officer", "yearBorn": 1969, "fiscalYear": 2024, "totalPay": {"raw": 216300, "fmt": "216.3k", "longFmt": "216,300"}, "exercisedValue": {"raw": 0, "fmt": null, "longFmt": "0"}, "unexercisedValue": {"raw": 281285, "fmt": "281.29k", "longFmt": "281,285"}}, {"maxAge": 1, "name": "Mr. George  Morgenstern", "age": 91, "title": "Founder & Chairman Emeritus", "yearBorn": 1933, "fiscalYear": 2024, "totalPay": {"raw": 97541, "fmt": "97.54k", "longFmt": "97,541"}, "exercisedValue": {"raw": 0, "fmt": null, "longFmt": "0"}, "unexercisedValue": {"raw": 0, "fmt": null, "longFmt": "0"}}], "compensationAsOfEpochDate": 1735603200, "executiveTeam": [], "maxAge": 86400}, "calendarEvents": {"maxAge": 1, "earnings": {"earningsDate": [{"raw": 1754483400, "fmt": "2025-08-06"}, {"raw": 1754915400, "fmt": "2025-08-11"}], "earningsCallDate": [], "isEarningsDateEstimate": false, "earningsAverage": {}, "earningsLow": {}, "earningsHigh": {}, "revenueAverage": {}, "revenueLow": {}, "revenueHigh": {}}, "exDividendDate": {"raw": 1360886400, "fmt": "2013-02-15"}, "dividendDate": {"raw": 1362355200, "fmt": "2013-03-04"}}, "earningsTrend": {"trend": [{"maxAge": 1, "period": "0q", "endDate": null, "growth": {}, "earningsEstimate": {"avg": {}, "low": {}, "high": {}, "yearAgoEps": {}, "numberOfAnalysts": {}, "growth": {}, "earningsCurrency": null}, "revenueEstimate": {"avg": {"raw": 0, "fmt": null, "longFmt": "0"}, "low": {"raw": 0, "fmt": null, "longFmt": "0"}, "high": {"raw": 0, "fmt": null, "longFmt": "0"}, "numberOfAnalysts": {"raw": 0, "fmt": null, "longFmt": "0"}, "yearAgoRevenue": {}, "growth": {}, "revenueCurrency": null}, "epsTrend": {"current": {}, "7daysAgo": {}, "30daysAgo": {}, "60daysAgo": {}, "90daysAgo": {}, "epsTrendCurrency": null}, "epsRevisions": {"upLast7days": {}, "upLast30days": {}, "downLast30days": {}, "downLast7Days": {}, "downLast90days": {}, "epsRevisionsCurrency": null}}, {"maxAge": 1, "period": "+1q", "endDate": "2015-09-30", "growth": {}, "earningsEstimate": {"avg": {}, "low": {}, "high": {}, "yearAgoEps": {}, "numberOfAnalysts": {}, "growth": {}, "earningsCurrency": null}, "revenueEstimate": {"avg": {"raw": 0, "fmt": null, "longFmt": "0"}, "low": {"raw": 0, "fmt": null, "longFmt": "0"}, "high": {"raw": 0, "fmt": null, "longFmt": "0"}, "numberOfAnalysts": {"raw": 0, "fmt": null, "longFmt": "0"}, "yearAgoRevenue": {}, "growth": {}, "revenueCurrency": null}, "epsTrend": {"current": {}, "7daysAgo": {}, "30daysAgo": {}, "60daysAgo": {}, "90daysAgo": {}, "epsTrendCurrency": null}, "epsRevisions": {"upLast7days": {}, "upLast30days": {}, "downLast30days": {}, "downLast7Days": {}, "downLast90days": {}, "epsRevisionsCurrency": null}}, {"maxAge": 1, "period": "0y", "endDate": "2015-12-31", "growth": {}, "earningsEstimate": {"avg": {}, "low": {}, "high": {}, "yearAgoEps": {}, "numberOfAnalysts": {}, "growth": {}, "earningsCurrency": null}, "revenueEstimate": {"avg": {"raw": 0, "fmt": null, "longFmt": "0"}, "low": {"raw": 0, "fmt": null, "longFmt": "0"}, "high": {"raw": 0, "fmt": null, "longFmt": "0"}, "numberOfAnalysts": {"raw": 0, "fmt": null, "longFmt": "0"}, "yearAgoRevenue": {}, "growth": {}, "revenueCurrency": null}, "epsTrend": {"current": {}, "7daysAgo": {}, "30daysAgo": {}, "60daysAgo": {}, "90daysAgo": {}, "epsTrendCurrency": null}, "epsRevisions": {"upLast7days": {}, "upLast30days": {}, "downLast30days": {}, "downLast7Days": {}, "downLast90days": {}, "epsRevisionsCurrency": null}}, {"maxAge": 1, "period": "+1y", "endDate": null, "growth": {}, "earningsEstimate": {"avg": {}, "low": {}, "high": {}, "yearAgoEps": {}, "numberOfAnalysts": {}, "growth": {}, "earningsCurrency": null}, "revenueEstimate": {"avg": {"raw": 0, "fmt": null, "longFmt": "0"}, "low": {"raw": 0, "fmt": null, "longFmt": "0"}, "high": {"raw": 0, "fmt": null, "longFmt": "0"}, "numberOfAnalysts": {"raw": 0, "fmt": null, "longFmt": "0"}, "yearAgoRevenue": {}, "growth": {}, "revenueCurrency": null}, "epsTrend": {"current": {}, "7daysAgo": {}, "30daysAgo": {}, "60daysAgo": {}, "90daysAgo": {}, "epsTrendCurrency": null}, "epsRevisions": {"upLast7days": {}, "upLast30days": {}, "downLast30days": {}, "downLast7Days": {}, "downLast90days": {}, "epsRevisionsCurrency": null}}], "defaultMethodology": "nongaap", "maxAge": 1}, "earningsHistory": {"history": [{"maxAge": 1, "epsActual": {"raw": -3.51728, "fmt": "-3.52"}, "epsEstimate": {"raw": -2.4, "fmt": "-2.4"}, "epsDifference": {"raw": -1.12, "fmt": "-1.12"}, "surprisePercent": {"raw": -0.4655, "fmt": "-46.55%"}, "quarter": {"raw": 1404086400, "fmt": "2014-06-30"}, "currency": "USD", "period": "-4q"}, {"maxAge": 1, "epsActual": {"raw": -2.6432, "fmt": "-2.64"}, "epsEstimate": {"raw": -2.24, "fmt": "-2.24"}, "epsDifference": {"raw": -0.4, "fmt": "-0.4"}, "surprisePercent": {"raw": -0.18, "fmt": "-18.00%"}, "quarter": {"raw": 1412035200, "fmt": "2014-09-30"}, "currency": "USD", "period": "-3q"}, {"maxAge": 1, "epsActual": {"raw": -8.384, "fmt": "-8.38"}, "epsEstimate": {"raw": -2.08, "fmt": "-2.08"}, "epsDifference": {"raw": -6.3, "fmt": "-6.3"}, "surprisePercent": {"raw": -3.0307999, "fmt": "-303.08%"}, "quarter": {"raw": 1419984000, "fmt": "2014-12-31"}, "currency": "USD", "period": "-2q"}, {"maxAge": 1, "epsActual": {"raw": -1.76, "fmt": "-1.76"}, "epsEstimate": {"raw": -2.72, "fmt": "-2.72"}, "epsDifference": {"raw": 0.96, "fmt": "0.96"}, "surprisePercent": {"raw": 0.3529, "fmt": "35.29%"}, "quarter": {"raw": 1427760000, "fmt": "2015-03-31"}, "currency": "USD", "period": "-1q"}], "defaultMethodology": "nongaap", "maxAge": 86400}, "financialData": {"maxAge": 86400, "currentPrice": {"raw": 24.18, "fmt": "24.18"}, "targetHighPrice": {}, "targetLowPrice": {}, "targetMeanPrice": {}, "targetMedianPrice": {}, "recommendationMean": {}, "recommendationKey": "none", "numberOfAnalystOpinions": {}, "totalCash": {"raw": 3253000, "fmt": "3.25M", "longFmt": "3,253,000"}, "totalCashPerShare": {"raw": 1.3, "fmt": "1.3"}, "ebitda": {"raw": 3271000, "fmt": "3.27M", "longFmt": "3,271,000"}, "totalDebt": {"raw": 1063000, "fmt": "1.06M", "longFmt": "1,063,000"}, "quickRatio": {"raw": 1.315, "fmt": "1.32"}, "currentRatio": {"raw": 1.665, "fmt": "1.66"}, "totalRevenue": {"raw": 13202000, "fmt": "13.2M", "longFmt": "13,202,000"}, "debtToEquity": {"raw": 15.359, "fmt": "15.36%"}, "revenuePerShare": {"raw": 5.303, "fmt": "5.30"}, "returnOnAssets": {"raw": 0.22767, "fmt": "22.77%"}, "returnOnEquity": {"raw": 2.21455, "fmt": "221.46%"}, "grossProfits": {"raw": 9708000, "fmt": "9.71M", "longFmt": "9,708,000"}, "freeCashflow": {"raw": 838000, "fmt": "838k", "longFmt": "838,000"}, "operatingCashflow": {"raw": 1764000, "fmt": "1.76M", "longFmt": "1,764,000"}, "earningsGrowth": {"raw": 1.57, "fmt": "157.00%"}, "revenueGrowth": {"raw": 0.549, "fmt": "54.90%"}, "grossMargins": {"raw": 0.73533994, "fmt": "73.53%"}, "ebitdaMargins": {"raw": 0.24777001, "fmt": "24.78%"}, "operatingMargins": {"raw": 0.26865, "fmt": "26.86%"}, "profitMargins": {"raw": 0.54098, "fmt": "54.10%"}, "financialCurrency": "USD"}}