{"assetProfile": {"address1": "Waterloo House", "address2": "Ground Floor 100 Pitts Bay Road", "city": "Pembroke", "zip": "HM 08", "country": "Bermuda", "phone": "441 278 9250", "fax": "441 278 9255", "website": "https://www.archgroup.com", "industry": "Insurance - Diversified", "industryKey": "insurance-diversified", "industryDisp": "Insurance - Diversified", "sector": "Financial Services", "sectorKey": "financial-services", "sectorDisp": "Financial Services", "longBusinessSummary": "Arch Capital Group Ltd., together with its subsidiaries, provides insurance, reinsurance, and mortgage insurance products in the United States, Canada, Bermuda, the United Kingdom, Europe, and Australia. The Insurance segment offers commercial automobile; commercial multiperil; financial and professional line liability; admitted, excess, and surplus casualty lines; property and short-tail specialty; workers compensation; casualty; marine and aviation; excess and surplus casualty; construction and national accounts; alternative market risks and employer's liability; travel, accident, and health; contract and commercial surety coverage; and other insurance products, as well as Lloyd's syndicates; programs; and warranty and lenders solutions. Its Reinsurance segment provides reinsurance products for casualty; marine and aviation; property catastrophe; property excluding property catastrophe; and other specialty products. The Mortgage segment offers U.S. primary mortgage insurance business written predominantly on loans sold to the Federal National Mortgage Association and Federal Home Loan Mortgage Corporation; reinsurance and underwriting services related to the U.S. credit-risk transfer business and other U.S. mortgage reinsurance transactions; and international mortgage insurance and reinsurance business covering loans. It markets its products through a group of licensed independent retail and wholesale brokers. The company was formerly known as Risk Capital Holdings, Inc. Arch Capital Group Ltd. was founded in 1995 and is headquartered in Pembroke, Bermuda.", "fullTimeEmployees": 7200, "companyOfficers": [{"maxAge": 1, "name": "Mr. Nicolas Alain Emmanuel Papadopoulo", "age": 62, "title": "CEO & Director", "yearBorn": 1962, "fiscalYear": 2024, "totalPay": {"raw": 5204819, "fmt": "5.2M", "longFmt": "5,204,819"}, "exercisedValue": {"raw": 0, "fmt": null, "longFmt": "0"}, "unexercisedValue": {"raw": 28114000, "fmt": "28.11M", "longFmt": "28,114,000"}}, {"maxAge": 1, "name": "Mr. Maamoun Jamil Rajeh", "age": 54, "title": "President", "yearBorn": 1970, "fiscalYear": 2024, "totalPay": {"raw": 4314940, "fmt": "4.31M", "longFmt": "4,314,940"}, "exercisedValue": {"raw": 0, "fmt": null, "longFmt": "0"}, "unexercisedValue": {"raw": 18233052, "fmt": "18.23M", "longFmt": "18,233,052"}}, {"maxAge": 1, "name": "Mr. David Evan Gansberg", "age": 52, "title": "President", "yearBorn": 1972, "fiscalYear": 2024, "totalPay": {"raw": 3955940, "fmt": "3.96M", "longFmt": "3,955,940"}, "exercisedValue": {"raw": 0, "fmt": null, "longFmt": "0"}, "unexercisedValue": {"raw": 10139598, "fmt": "10.14M", "longFmt": "10,139,598"}}, {"maxAge": 1, "name": "Mr. Francois  Morin", "age": 57, "title": "Executive VP, CFO & Treasurer", "yearBorn": 1967, "fiscalYear": 2024, "totalPay": {"raw": 3581502, "fmt": "3.58M", "longFmt": "3,581,502"}, "exercisedValue": {"raw": 1657764, "fmt": "1.66M", "longFmt": "1,657,764"}, "unexercisedValue": {"raw": 17870316, "fmt": "17.87M", "longFmt": "17,870,316"}}, {"maxAge": 1, "name": "Ms. Christine Lee Todd CFA", "age": 57, "title": "Executive VP & Chief Investment Officer", "yearBorn": 1967, "fiscalYear": 2024, "totalPay": {"raw": 3182311, "fmt": "3.18M", "longFmt": "3,182,311"}, "exercisedValue": {"raw": 0, "fmt": null, "longFmt": "0"}, "unexercisedValue": {"raw": 2006340, "fmt": "2.01M", "longFmt": "2,006,340"}}, {"maxAge": 1, "name": "Mr. John Donald Vollaro", "age": 79, "title": "Senior Advisor & Director", "yearBorn": 1945, "fiscalYear": 2024, "totalPay": {"raw": 569114, "fmt": "569.11k", "longFmt": "569,114"}, "exercisedValue": {"raw": 0, "fmt": null, "longFmt": "0"}, "unexercisedValue": {"raw": 0, "fmt": null, "longFmt": "0"}}, {"maxAge": 1, "name": "Mr. Christopher Andrew Hovey", "age": 57, "title": "Chief Operations Officer", "yearBorn": 1967, "fiscalYear": 2024, "exercisedValue": {"raw": 0, "fmt": null, "longFmt": "0"}, "unexercisedValue": {"raw": 0, "fmt": null, "longFmt": "0"}}, {"maxAge": 1, "name": "Mr. Louis T. Petrillo", "age": 58, "title": "General Counsel", "yearBorn": 1966, "fiscalYear": 2024, "totalPay": {"raw": 744350, "fmt": "744.35k", "longFmt": "744,350"}, "exercisedValue": {"raw": 0, "fmt": null, "longFmt": "0"}, "unexercisedValue": {"raw": 3347745, "fmt": "3.35M", "longFmt": "3,347,745"}}, {"maxAge": 1, "name": "Mr. Greg  Hare", "title": "Chief Communications Officer", "fiscalYear": 2024, "exercisedValue": {"raw": 0, "fmt": null, "longFmt": "0"}, "unexercisedValue": {"raw": 0, "fmt": null, "longFmt": "0"}}, {"maxAge": 1, "name": "Ms. Jennifer  Centrone", "age": 51, "title": "Executive VP & Chief Human Resources Officer of Arch Capital Services LLC", "yearBorn": 1973, "fiscalYear": 2024, "exercisedValue": {"raw": 0, "fmt": null, "longFmt": "0"}, "unexercisedValue": {"raw": 0, "fmt": null, "longFmt": "0"}}], "compensationAsOfEpochDate": 1735603200, "irWebsite": "http://www.archcapgroup.bm/InvestorRelations.aspx", "executiveTeam": [], "maxAge": 86400}, "calendarEvents": {"maxAge": 1, "earnings": {"earningsDate": [], "earningsCallDate": [], "isEarningsDateEstimate": false, "earningsAverage": {}, "earningsLow": {}, "earningsHigh": {}, "revenueAverage": {"raw": 3869000000, "fmt": "3.87B", "longFmt": "3,869,000,000"}, "revenueLow": {"raw": 3869000000, "fmt": "3.87B", "longFmt": "3,869,000,000"}, "revenueHigh": {"raw": 3869000000, "fmt": "3.87B", "longFmt": "3,869,000,000"}}, "exDividendDate": {"raw": 1757894400, "fmt": "2025-09-15"}, "dividendDate": {"raw": 1759190400, "fmt": "2025-09-30"}}, "earningsTrend": {"trend": [{"maxAge": 1, "period": "0q", "endDate": "2025-12-31", "growth": {}, "earningsEstimate": {"avg": {}, "low": {}, "high": {}, "yearAgoEps": {}, "numberOfAnalysts": {}, "growth": {}, "earningsCurrency": null}, "revenueEstimate": {"avg": {"raw": 3869000000, "fmt": "3.87B", "longFmt": "3,869,000,000"}, "low": {"raw": 3869000000, "fmt": "3.87B", "longFmt": "3,869,000,000"}, "high": {"raw": 3869000000, "fmt": "3.87B", "longFmt": "3,869,000,000"}, "numberOfAnalysts": {"raw": 1, "fmt": "1", "longFmt": "1"}, "yearAgoRevenue": {"raw": 3819000000, "fmt": "3.82B", "longFmt": "3,819,000,000"}, "growth": {"raw": 0.013099999, "fmt": "1.31%"}, "revenueCurrency": "USD"}, "epsTrend": {"current": {}, "7daysAgo": {}, "30daysAgo": {}, "60daysAgo": {}, "90daysAgo": {}, "epsTrendCurrency": null}, "epsRevisions": {"upLast7days": {}, "upLast30days": {}, "downLast30days": {}, "downLast7Days": {}, "downLast90days": {}, "epsRevisionsCurrency": null}}, {"maxAge": 1, "period": "+1q", "endDate": "2026-03-31", "growth": {}, "earningsEstimate": {"avg": {}, "low": {}, "high": {}, "yearAgoEps": {}, "numberOfAnalysts": {}, "growth": {}, "earningsCurrency": null}, "revenueEstimate": {"avg": {"raw": 4726350000, "fmt": "4.73B", "longFmt": "4,726,350,000"}, "low": {"raw": 4721000000, "fmt": "4.72B", "longFmt": "4,721,000,000"}, "high": {"raw": 4731700000, "fmt": "4.73B", "longFmt": "4,731,700,000"}, "numberOfAnalysts": {"raw": 2, "fmt": "2", "longFmt": "2"}, "yearAgoRevenue": {"raw": 4515000000, "fmt": "4.51B", "longFmt": "4,515,000,000"}, "growth": {"raw": 0.0468, "fmt": "4.68%"}, "revenueCurrency": "USD"}, "epsTrend": {"current": {}, "7daysAgo": {}, "30daysAgo": {}, "60daysAgo": {}, "90daysAgo": {}, "epsTrendCurrency": null}, "epsRevisions": {"upLast7days": {}, "upLast30days": {}, "downLast30days": {}, "downLast7Days": {}, "downLast90days": {}, "epsRevisionsCurrency": null}}, {"maxAge": 1, "period": "0y", "endDate": "2025-12-31", "growth": {}, "earningsEstimate": {"avg": {}, "low": {}, "high": {}, "yearAgoEps": {}, "numberOfAnalysts": {}, "growth": {}, "earningsCurrency": null}, "revenueEstimate": {"avg": {"raw": 17515275000, "fmt": "17.52B", "longFmt": "17,515,275,000"}, "low": {"raw": 16695800000, "fmt": "16.7B", "longFmt": "16,695,800,000"}, "high": {"raw": 18770000000, "fmt": "18.77B", "longFmt": "18,770,000,000"}, "numberOfAnalysts": {"raw": 4, "fmt": "4", "longFmt": "4"}, "yearAgoRevenue": {"raw": 15732000000, "fmt": "15.73B", "longFmt": "15,732,000,000"}, "growth": {"raw": 0.113400005, "fmt": "11.34%"}, "revenueCurrency": "USD"}, "epsTrend": {"current": {}, "7daysAgo": {}, "30daysAgo": {}, "60daysAgo": {}, "90daysAgo": {}, "epsTrendCurrency": null}, "epsRevisions": {"upLast7days": {}, "upLast30days": {}, "downLast30days": {}, "downLast7Days": {}, "downLast90days": {}, "epsRevisionsCurrency": null}}, {"maxAge": 1, "period": "+1y", "endDate": "2026-12-31", "growth": {}, "earningsEstimate": {"avg": {}, "low": {}, "high": {}, "yearAgoEps": {}, "numberOfAnalysts": {}, "growth": {}, "earningsCurrency": null}, "revenueEstimate": {"avg": {"raw": 18337933330, "fmt": "18.34B", "longFmt": "18,337,933,330"}, "low": {"raw": 17450900000, "fmt": "17.45B", "longFmt": "17,450,900,000"}, "high": {"raw": 19460000000, "fmt": "19.46B", "longFmt": "19,460,000,000"}, "numberOfAnalysts": {"raw": 3, "fmt": "3", "longFmt": "3"}, "yearAgoRevenue": {"raw": 17515275000, "fmt": "17.52B", "longFmt": "17,515,275,000"}, "growth": {"raw": 0.047, "fmt": "4.70%"}, "revenueCurrency": "USD"}, "epsTrend": {"current": {}, "7daysAgo": {}, "30daysAgo": {}, "60daysAgo": {}, "90daysAgo": {}, "epsTrendCurrency": null}, "epsRevisions": {"upLast7days": {}, "upLast30days": {}, "downLast30days": {}, "downLast7Days": {}, "downLast90days": {}, "epsRevisionsCurrency": null}}], "defaultMethodology": "nongaap", "maxAge": 1}, "earningsHistory": {"history": [], "defaultMethodology": "nongaap", "maxAge": 86400}, "financialData": {"maxAge": 86400, "currentPrice": {"raw": 21.35, "fmt": "21.35"}, "targetHighPrice": {}, "targetLowPrice": {}, "targetMeanPrice": {}, "targetMedianPrice": {}, "recommendationMean": {}, "recommendationKey": "none", "numberOfAnalystOpinions": {}, "totalCash": {"raw": 3475000064, "fmt": "3.48B", "longFmt": "3,475,000,064"}, "totalCashPerShare": {"raw": 9.5, "fmt": "9.5"}, "ebitda": {"raw": 5011999744, "fmt": "5.01B", "longFmt": "5,011,999,744"}, "totalDebt": {"raw": 2728000000, "fmt": "2.73B", "longFmt": "2,728,000,000"}, "quickRatio": {"raw": 0.277, "fmt": "0.28"}, "currentRatio": {"raw": 0.544, "fmt": "0.54"}, "totalRevenue": {"raw": 19542999040, "fmt": "19.54B", "longFmt": "19,542,999,040"}, "debtToEquity": {"raw": 11.501, "fmt": "11.50%"}, "revenuePerShare": {"raw": 52.56, "fmt": "52.56"}, "returnOnAssets": {"raw": 0.03899, "fmt": "3.90%"}, "returnOnEquity": {"raw": 0.17811, "fmt": "17.81%"}, "grossProfits": {"raw": 6965000192, "fmt": "6.97B", "longFmt": "6,965,000,192"}, "freeCashflow": {"raw": 7586500096, "fmt": "7.59B", "longFmt": "7,586,500,096"}, "operatingCashflow": {"raw": 6341000192, "fmt": "6.34B", "longFmt": "6,341,000,192"}, "earningsGrowth": {"raw": 0.391, "fmt": "39.10%"}, "revenueGrowth": {"raw": 0.082, "fmt": "8.20%"}, "grossMargins": {"raw": 0.35639, "fmt": "35.64%"}, "ebitdaMargins": {"raw": 0.25646, "fmt": "25.65%"}, "operatingMargins": {"raw": 0.30691, "fmt": "30.69%"}, "profitMargins": {"raw": 0.20959, "fmt": "20.96%"}, "financialCurrency": "USD"}}