{"assetProfile": {"address1": "6100 Tower Circle", "address2": "Suite 1000", "city": "Franklin", "state": "TN", "zip": "37067", "country": "United States", "phone": "615 861 6000", "website": "https://www.acadiahealthcare.com", "industry": "Medical Care Facilities", "industryKey": "medical-care-facilities", "industryDisp": "Medical Care Facilities", "sector": "Healthcare", "sectorKey": "healthcare", "sectorDisp": "Healthcare", "longBusinessSummary": "Acadia Healthcare Company, Inc. provides behavioral healthcare services in the United States and Puerto Rico. The company develops and operates acute inpatient psychiatric facilities; specialty treatment facilities comprising residential recovery facilities and eating disorder facilities; comprehensive treatment centers; and residential treatment centers, as well as facilities providing outpatient behavioral healthcare services for the behavioral healthcare and recovery needs of communities. Acadia Healthcare Company, Inc. was founded in 2005 and is headquartered in Franklin, Tennessee.", "fullTimeEmployees": 19192, "companyOfficers": [{"maxAge": 1, "name": "Mr. Christopher Howal Hunter", "age": 56, "title": "CEO & Director", "yearBorn": 1968, "fiscalYear": 2024, "totalPay": {"raw": 1989242, "fmt": "1.99M", "longFmt": "1,989,242"}, "exercisedValue": {"raw": 0, "fmt": null, "longFmt": "0"}, "unexercisedValue": {"raw": 0, "fmt": null, "longFmt": "0"}}, {"maxAge": 1, "name": "Dr. Nasser  Khan M.D.", "age": 44, "title": "Chief Operating Officer", "yearBorn": 1980, "fiscalYear": 2024, "totalPay": {"raw": 1165832, "fmt": "1.17M", "longFmt": "1,165,832"}, "exercisedValue": {"raw": 8241, "fmt": "8.24k", "longFmt": "8,241"}, "unexercisedValue": {"raw": 0, "fmt": null, "longFmt": "0"}}, {"maxAge": 1, "name": "Mr. Brian P. Farley J.D.", "age": 54, "title": "Executive VP, General Counsel & Secretary", "yearBorn": 1970, "fiscalYear": 2024, "totalPay": {"raw": 1389759, "fmt": "1.39M", "longFmt": "1,389,759"}, "exercisedValue": {"raw": 0, "fmt": null, "longFmt": "0"}, "unexercisedValue": {"raw": 0, "fmt": null, "longFmt": "0"}}], "auditRisk": 9, "boardRisk": 6, "compensationRisk": 2, "shareHolderRightsRisk": 5, "overallRisk": 5, "governanceEpochDate": 1761955200, "compensationAsOfEpochDate": 1735603200, "irWebsite": "http://phx.corporate-ir.net/phoenix.zhtml?c=71354&p=irol-irhome", "executiveTeam": [], "maxAge": 86400}, "calendarEvents": {"maxAge": 1, "earnings": {"earningsDate": [{"raw": 1762376400, "fmt": "2025-11-05"}], "earningsCallDate": [{"raw": 1762437600, "fmt": "2025-11-06"}], "isEarningsDateEstimate": false, "earningsAverage": {"raw": 0.67965, "fmt": "0.68"}, "earningsLow": {"raw": 0.588, "fmt": "0.59"}, "earningsHigh": {"raw": 0.78, "fmt": "0.78"}, "revenueAverage": {"raw": 848467910, "fmt": "848.47M", "longFmt": "848,467,910"}, "revenueLow": {"raw": 816756250, "fmt": "816.76M", "longFmt": "816,756,250"}, "revenueHigh": {"raw": 878200000, "fmt": "878.2M", "longFmt": "878,200,000"}}, "exDividendDate": {}, "dividendDate": {}}, "earningsTrend": {"trend": [{"maxAge": 1, "period": "0q", "endDate": "2025-09-30", "growth": {"raw": -0.2531, "fmt": "-25.31%"}, "earningsEstimate": {"avg": {"raw": 0.67965, "fmt": "0.68"}, "low": {"raw": 0.588, "fmt": "0.59"}, "high": {"raw": 0.78, "fmt": "0.78"}, "yearAgoEps": {"raw": 0.91, "fmt": "0.91"}, "numberOfAnalysts": {"raw": 13, "fmt": "13", "longFmt": "13"}, "growth": {"raw": -0.2531, "fmt": "-25.31%"}, "earningsCurrency": "USD"}, "revenueEstimate": {"avg": {"raw": 848467910, "fmt": "848.47M", "longFmt": "848,467,910"}, "low": {"raw": 816756250, "fmt": "816.76M", "longFmt": "816,756,250"}, "high": {"raw": 878200000, "fmt": "878.2M", "longFmt": "878,200,000"}, "numberOfAnalysts": {"raw": 12, "fmt": "12", "longFmt": "12"}, "yearAgoRevenue": {"raw": 815634000, "fmt": "815.63M", "longFmt": "815,634,000"}, "growth": {"raw": 0.0403, "fmt": "4.03%"}, "revenueCurrency": "USD"}, "epsTrend": {"current": {"raw": 0.67965, "fmt": "0.68"}, "7daysAgo": {"raw": 0.68119, "fmt": "0.68"}, "30daysAgo": {"raw": 0.70727, "fmt": "0.71"}, "60daysAgo": {"raw": 0.70727, "fmt": "0.71"}, "90daysAgo": {"raw": 0.85276, "fmt": "0.85"}, "epsTrendCurrency": "USD"}, "epsRevisions": {"upLast7days": {"raw": 0, "fmt": null, "longFmt": "0"}, "upLast30days": {"raw": 0, "fmt": null, "longFmt": "0"}, "downLast30days": {"raw": 5, "fmt": "5", "longFmt": "5"}, "downLast7Days": {"raw": 1, "fmt": "1", "longFmt": "1"}, "downLast90days": {}, "epsRevisionsCurrency": "USD"}}, {"maxAge": 1, "period": "+1q", "endDate": "2025-12-31", "growth": {"raw": -0.0507, "fmt": "-5.07%"}, "earningsEstimate": {"avg": {"raw": 0.60754, "fmt": "0.61"}, "low": {"raw": 0.49, "fmt": "0.49"}, "high": {"raw": 0.79, "fmt": "0.79"}, "yearAgoEps": {"raw": 0.64, "fmt": "0.64"}, "numberOfAnalysts": {"raw": 13, "fmt": "13", "longFmt": "13"}, "growth": {"raw": -0.0507, "fmt": "-5.07%"}, "earningsCurrency": "USD"}, "revenueEstimate": {"avg": {"raw": 829994000, "fmt": "829.99M", "longFmt": "829,994,000"}, "low": {"raw": 813000000, "fmt": "813M", "longFmt": "813,000,000"}, "high": {"raw": 865667110, "fmt": "865.67M", "longFmt": "865,667,110"}, "numberOfAnalysts": {"raw": 12, "fmt": "12", "longFmt": "12"}, "yearAgoRevenue": {"raw": 774238000, "fmt": "774.24M", "longFmt": "774,238,000"}, "growth": {"raw": 0.072, "fmt": "7.20%"}, "revenueCurrency": "USD"}, "epsTrend": {"current": {"raw": 0.60754, "fmt": "0.61"}, "7daysAgo": {"raw": 0.61293, "fmt": "0.61"}, "30daysAgo": {"raw": 0.62243, "fmt": "0.62"}, "60daysAgo": {"raw": 0.62243, "fmt": "0.62"}, "90daysAgo": {"raw": 0.68702, "fmt": "0.69"}, "epsTrendCurrency": "USD"}, "epsRevisions": {"upLast7days": {"raw": 0, "fmt": null, "longFmt": "0"}, "upLast30days": {"raw": 2, "fmt": "2", "longFmt": "2"}, "downLast30days": {"raw": 4, "fmt": "4", "longFmt": "4"}, "downLast7Days": {"raw": 1, "fmt": "1", "longFmt": "1"}, "downLast90days": {}, "epsRevisionsCurrency": "USD"}}, {"maxAge": 1, "period": "0y", "endDate": "2025-12-31", "growth": {"raw": -0.245, "fmt": "-24.50%"}, "earningsEstimate": {"avg": {"raw": 2.49166, "fmt": "2.49"}, "low": {"raw": 2.329, "fmt": "2.33"}, "high": {"raw": 2.58, "fmt": "2.58"}, "yearAgoEps": {"raw": 3.3, "fmt": "3.3"}, "numberOfAnalysts": {"raw": 13, "fmt": "13", "longFmt": "13"}, "growth": {"raw": -0.245, "fmt": "-24.50%"}, "earningsCurrency": "USD"}, "revenueEstimate": {"avg": {"raw": 3314813740, "fmt": "3.31B", "longFmt": "3,314,813,740"}, "low": {"raw": 3297000000, "fmt": "3.3B", "longFmt": "3,297,000,000"}, "high": {"raw": 3327500000, "fmt": "3.33B", "longFmt": "3,327,500,000"}, "numberOfAnalysts": {"raw": 12, "fmt": "12", "longFmt": "12"}, "yearAgoRevenue": {"raw": 3153963000, "fmt": "3.15B", "longFmt": "3,153,963,000"}, "growth": {"raw": 0.051, "fmt": "5.10%"}, "revenueCurrency": "USD"}, "epsTrend": {"current": {"raw": 2.49166, "fmt": "2.49"}, "7daysAgo": {"raw": 2.49781, "fmt": "2.5"}, "30daysAgo": {"raw": 2.53242, "fmt": "2.53"}, "60daysAgo": {"raw": 2.53242, "fmt": "2.53"}, "90daysAgo": {"raw": 2.6231, "fmt": "2.62"}, "epsTrendCurrency": "USD"}, "epsRevisions": {"upLast7days": {"raw": 0, "fmt": null, "longFmt": "0"}, "upLast30days": {"raw": 0, "fmt": null, "longFmt": "0"}, "downLast30days": {"raw": 5, "fmt": "5", "longFmt": "5"}, "downLast7Days": {"raw": 1, "fmt": "1", "longFmt": "1"}, "downLast90days": {}, "epsRevisionsCurrency": "USD"}}, {"maxAge": 1, "period": "+1y", "endDate": "2026-12-31", "growth": {"raw": 0.0716, "fmt": "7.16%"}, "earningsEstimate": {"avg": {"raw": 2.67008, "fmt": "2.67"}, "low": {"raw": 2.267, "fmt": "2.27"}, "high": {"raw": 2.97, "fmt": "2.97"}, "yearAgoEps": {"raw": 2.49166, "fmt": "2.49"}, "numberOfAnalysts": {"raw": 13, "fmt": "13", "longFmt": "13"}, "growth": {"raw": 0.0716, "fmt": "7.16%"}, "earningsCurrency": "USD"}, "revenueEstimate": {"avg": {"raw": 3538931210, "fmt": "3.54B", "longFmt": "3,538,931,210"}, "low": {"raw": 3464800000, "fmt": "3.46B", "longFmt": "3,464,800,000"}, "high": {"raw": 3639800000, "fmt": "3.64B", "longFmt": "3,639,800,000"}, "numberOfAnalysts": {"raw": 12, "fmt": "12", "longFmt": "12"}, "yearAgoRevenue": {"raw": 3314813740, "fmt": "3.31B", "longFmt": "3,314,813,740"}, "growth": {"raw": 0.067600004, "fmt": "6.76%"}, "revenueCurrency": "USD"}, "epsTrend": {"current": {"raw": 2.67008, "fmt": "2.67"}, "7daysAgo": {"raw": 2.69392, "fmt": "2.69"}, "30daysAgo": {"raw": 2.75925, "fmt": "2.76"}, "60daysAgo": {"raw": 2.75925, "fmt": "2.76"}, "90daysAgo": {"raw": 2.95019, "fmt": "2.95"}, "epsTrendCurrency": "USD"}, "epsRevisions": {"upLast7days": {"raw": 0, "fmt": null, "longFmt": "0"}, "upLast30days": {"raw": 0, "fmt": null, "longFmt": "0"}, "downLast30days": {"raw": 6, "fmt": "6", "longFmt": "6"}, "downLast7Days": {"raw": 1, "fmt": "1", "longFmt": "1"}, "downLast90days": {}, "epsRevisionsCurrency": "USD"}}], "defaultMethodology": "nongaap", "maxAge": 1}, "earningsHistory": {"history": [{"maxAge": 1, "epsActual": {"raw": 0.91, "fmt": "0.91"}, "epsEstimate": {"raw": 0.8992, "fmt": "0.9"}, "epsDifference": {"raw": 0.01, "fmt": "0.01"}, "surprisePercent": {"raw": 0.012, "fmt": "1.20%"}, "quarter": {"raw": 1727654400, "fmt": "2024-09-30"}, "currency": "USD", "period": "-4q"}, {"maxAge": 1, "epsActual": {"raw": 0.64, "fmt": "0.64"}, "epsEstimate": {"raw": 0.71464, "fmt": "0.71"}, "epsDifference": {"raw": -0.07, "fmt": "-0.07"}, "surprisePercent": {"raw": -0.104399994, "fmt": "-10.44%"}, "quarter": {"raw": 1735603200, "fmt": "2024-12-31"}, "currency": "USD", "period": "-3q"}, {"maxAge": 1, "epsActual": {"raw": 0.4, "fmt": "0.4"}, "epsEstimate": {"raw": 0.35702, "fmt": "0.36"}, "epsDifference": {"raw": 0.04, "fmt": "0.04"}, "surprisePercent": {"raw": 0.1204, "fmt": "12.04%"}, "quarter": {"raw": 1743379200, "fmt": "2025-03-31"}, "currency": "USD", "period": "-2q"}, {"maxAge": 1, "epsActual": {"raw": 0.83, "fmt": "0.83"}, "epsEstimate": {"raw": 0.70725, "fmt": "0.71"}, "epsDifference": {"raw": 0.12, "fmt": "0.12"}, "surprisePercent": {"raw": 0.1736, "fmt": "17.36%"}, "quarter": {"raw": 1751241600, "fmt": "2025-06-30"}, "currency": "USD", "period": "-1q"}], "defaultMethodology": "nongaap", "maxAge": 86400}, "financialData": {"maxAge": 86400, "currentPrice": {"raw": 21.31, "fmt": "21.31"}, "targetHighPrice": {"raw": 38.0, "fmt": "38.00"}, "targetLowPrice": {"raw": 20.0, "fmt": "20.00"}, "targetMeanPrice": {"raw": 28.35714, "fmt": "28.36"}, "targetMedianPrice": {"raw": 28.0, "fmt": "28.00"}, "recommendationMean": {}, "recommendationKey": "none", "numberOfAnalystOpinions": {"raw": 14, "fmt": "14", "longFmt": "14"}, "totalCash": {"raw": 131421000, "fmt": "131.42M", "longFmt": "131,421,000"}, "totalCashPerShare": {"raw": 1.423, "fmt": "1.42"}, "ebitda": {"raw": 644668032, "fmt": "644.67M", "longFmt": "644,668,032"}, "totalDebt": {"raw": 2409163008, "fmt": "2.41B", "longFmt": "2,409,163,008"}, "quickRatio": {"raw": 1.174, "fmt": "1.17"}, "currentRatio": {"raw": 1.32, "fmt": "1.32"}, "totalRevenue": {"raw": 3229608960, "fmt": "3.23B", "longFmt": "3,229,608,960"}, "debtToEquity": {"raw": 74.737, "fmt": "74.74%"}, "revenuePerShare": {"raw": 35.348, "fmt": "35.35"}, "returnOnAssets": {"raw": 0.04917, "fmt": "4.92%"}, "returnOnEquity": {"raw": 0.048309997, "fmt": "4.83%"}, "grossProfits": {"raw": 1363120000, "fmt": "1.36B", "longFmt": "1,363,120,000"}, "freeCashflow": {"raw": -267134000, "fmt": "-267.13M", "longFmt": "-267,134,000"}, "operatingCashflow": {"raw": 424811008, "fmt": "424.81M", "longFmt": "424,811,008"}, "earningsGrowth": {"raw": -0.612, "fmt": "-61.20%"}, "revenueGrowth": {"raw": 0.092, "fmt": "9.20%"}, "grossMargins": {"raw": 0.42207, "fmt": "42.21%"}, "ebitdaMargins": {"raw": 0.19961001, "fmt": "19.96%"}, "operatingMargins": {"raw": 0.16371, "fmt": "16.37%"}, "profitMargins": {"raw": 0.043119997, "fmt": "4.31%"}, "financialCurrency": "USD"}}