{"assetProfile": {"address1": "22722 29th Dr. SE", "address2": "Suite 100", "city": "Bothell", "state": "WA", "zip": "98021", "country": "United States", "phone": "604 210 2217", "website": "https://www.achievelifesciences.com", "industry": "Biotechnology", "industryKey": "biotechnology", "industryDisp": "Biotechnology", "sector": "Healthcare", "sectorKey": "healthcare", "sectorDisp": "Healthcare", "longBusinessSummary": "Achieve Life Sciences, Inc., a late-stage pharmaceutical company, develops and commercializes cytisinicline for nicotine independence in Canada, the United States, and the United Kingdom. The company offers cytisinicline, a plant-based alkaloid that interacts with nicotine receptors in the brain that reduce the severity of nicotine withdrawal symptoms. It has license and supply agreement with Sopharma AD and University of Bristol. Achieve Life Sciences, Inc., is headquartered in Bothell, Washington.", "fullTimeEmployees": 25, "companyOfficers": [{"maxAge": 1, "name": "Dr. Richard A. B. Stewart", "age": 65, "title": "CEO & Executive Director", "yearBorn": 1959, "fiscalYear": 2024, "totalPay": {"raw": 892132, "fmt": "892.13k", "longFmt": "892,132"}, "exercisedValue": {"raw": 0, "fmt": null, "longFmt": "0"}, "unexercisedValue": {"raw": 0, "fmt": null, "longFmt": "0"}}, {"maxAge": 1, "name": "Mr. Mark K. Oki CPA", "age": 55, "title": "Chief Financial Officer", "yearBorn": 1969, "fiscalYear": 2024, "totalPay": {"raw": 425244, "fmt": "425.24k", "longFmt": "425,244"}, "exercisedValue": {"raw": 0, "fmt": null, "longFmt": "0"}, "unexercisedValue": {"raw": 0, "fmt": null, "longFmt": "0"}}, {"maxAge": 1, "name": "Mr. Craig  Donnelly", "title": "Chief Operations Officer", "fiscalYear": 2024, "exercisedValue": {"raw": 0, "fmt": null, "longFmt": "0"}, "unexercisedValue": {"raw": 0, "fmt": null, "longFmt": "0"}}, {"maxAge": 1, "name": "Mr. Jerry  Wan", "age": 42, "title": "VP of Finance & Principal Accounting Officer", "yearBorn": 1982, "fiscalYear": 2024, "exercisedValue": {"raw": 0, "fmt": null, "longFmt": "0"}, "unexercisedValue": {"raw": 0, "fmt": null, "longFmt": "0"}}, {"maxAge": 1, "name": "Mr. Erik  Atkisson", "age": 52, "title": "Chief Legal Officer", "yearBorn": 1972, "fiscalYear": 2024, "exercisedValue": {"raw": 0, "fmt": null, "longFmt": "0"}, "unexercisedValue": {"raw": 0, "fmt": null, "longFmt": "0"}}, {"maxAge": 1, "name": "Ms. Jaime  Xinos", "age": 47, "title": "Chief Commercial Officer", "yearBorn": 1977, "fiscalYear": 2024, "exercisedValue": {"raw": 0, "fmt": null, "longFmt": "0"}, "unexercisedValue": {"raw": 0, "fmt": null, "longFmt": "0"}}, {"maxAge": 1, "name": "Dr. Mark L. Rubinstein", "title": "Interim Chief Medical Officer", "fiscalYear": 2024, "exercisedValue": {"raw": 0, "fmt": null, "longFmt": "0"}, "unexercisedValue": {"raw": 0, "fmt": null, "longFmt": "0"}}], "compensationAsOfEpochDate": 1735603200, "irWebsite": "http://ir.oncogenex.com/index.cfm", "executiveTeam": [], "maxAge": 86400}, "calendarEvents": {"maxAge": 1, "earnings": {"earningsDate": [{"raw": 1762435800, "fmt": "2025-11-06"}], "earningsCallDate": [{"raw": 1762435800, "fmt": "2025-11-06"}], "isEarningsDateEstimate": false, "earningsAverage": {"raw": -0.26, "fmt": "-0.26"}, "earningsLow": {"raw": -0.36, "fmt": "-0.36"}, "earningsHigh": {"raw": -0.23, "fmt": "-0.23"}, "revenueAverage": {"raw": 0, "fmt": null, "longFmt": "0"}, "revenueLow": {"raw": 0, "fmt": null, "longFmt": "0"}, "revenueHigh": {"raw": 0, "fmt": null, "longFmt": "0"}}, "exDividendDate": {}, "dividendDate": {"raw": 1596153600, "fmt": "2020-07-31"}}, "earningsTrend": {"trend": [{"maxAge": 1, "period": "0q", "endDate": "2025-09-30", "growth": {"raw": 0.2778, "fmt": "27.78%"}, "earningsEstimate": {"avg": {"raw": -0.26, "fmt": "-0.26"}, "low": {"raw": -0.36, "fmt": "-0.36"}, "high": {"raw": -0.23, "fmt": "-0.23"}, "yearAgoEps": {"raw": -0.36, "fmt": "-0.36"}, "numberOfAnalysts": {"raw": 6, "fmt": "6", "longFmt": "6"}, "growth": {"raw": 0.2778, "fmt": "27.78%"}, "earningsCurrency": "USD"}, "revenueEstimate": {"avg": {"raw": 0, "fmt": null, "longFmt": "0"}, "low": {"raw": 0, "fmt": null, "longFmt": "0"}, "high": {"raw": 0, "fmt": null, "longFmt": "0"}, "numberOfAnalysts": {"raw": 8, "fmt": "8", "longFmt": "8"}, "yearAgoRevenue": {"raw": 0, "fmt": null, "longFmt": "0"}, "growth": {"raw": 0.0, "fmt": "0.00%"}, "revenueCurrency": "USD"}, "epsTrend": {"current": {"raw": -0.26, "fmt": "-0.26"}, "7daysAgo": {"raw": -0.26, "fmt": "-0.26"}, "30daysAgo": {"raw": -0.26, "fmt": "-0.26"}, "60daysAgo": {"raw": -0.275, "fmt": "-0.28"}, "90daysAgo": {"raw": -0.26, "fmt": "-0.26"}, "epsTrendCurrency": "USD"}, "epsRevisions": {"upLast7days": {"raw": 0, "fmt": null, "longFmt": "0"}, "upLast30days": {"raw": 0, "fmt": null, "longFmt": "0"}, "downLast30days": {"raw": 1, "fmt": "1", "longFmt": "1"}, "downLast7Days": {"raw": 1, "fmt": "1", "longFmt": "1"}, "downLast90days": {}, "epsRevisionsCurrency": "USD"}}, {"maxAge": 1, "period": "+1q", "endDate": "2025-12-31", "growth": {"raw": 0.2917, "fmt": "29.17%"}, "earningsEstimate": {"avg": {"raw": -0.255, "fmt": "-0.25"}, "low": {"raw": -0.34, "fmt": "-0.34"}, "high": {"raw": -0.21, "fmt": "-0.21"}, "yearAgoEps": {"raw": -0.36, "fmt": "-0.36"}, "numberOfAnalysts": {"raw": 6, "fmt": "6", "longFmt": "6"}, "growth": {"raw": 0.2917, "fmt": "29.17%"}, "earningsCurrency": "USD"}, "revenueEstimate": {"avg": {"raw": 0, "fmt": null, "longFmt": "0"}, "low": {"raw": 0, "fmt": null, "longFmt": "0"}, "high": {"raw": 0, "fmt": null, "longFmt": "0"}, "numberOfAnalysts": {"raw": 8, "fmt": "8", "longFmt": "8"}, "yearAgoRevenue": {"raw": 0, "fmt": null, "longFmt": "0"}, "growth": {"raw": 0.0, "fmt": "0.00%"}, "revenueCurrency": "USD"}, "epsTrend": {"current": {"raw": -0.255, "fmt": "-0.25"}, "7daysAgo": {"raw": -0.255, "fmt": "-0.25"}, "30daysAgo": {"raw": -0.255, "fmt": "-0.25"}, "60daysAgo": {"raw": -0.2725, "fmt": "-0.27"}, "90daysAgo": {"raw": -0.262, "fmt": "-0.26"}, "epsTrendCurrency": "USD"}, "epsRevisions": {"upLast7days": {"raw": 1, "fmt": "1", "longFmt": "1"}, "upLast30days": {"raw": 1, "fmt": "1", "longFmt": "1"}, "downLast30days": {"raw": 0, "fmt": null, "longFmt": "0"}, "downLast7Days": {"raw": 0, "fmt": null, "longFmt": "0"}, "downLast90days": {}, "epsRevisionsCurrency": "USD"}}, {"maxAge": 1, "period": "0y", "endDate": "2025-12-31", "growth": {"raw": 0.0047999998, "fmt": "0.48%"}, "earningsEstimate": {"avg": {"raw": -1.234, "fmt": "-1.23"}, "low": {"raw": -1.43, "fmt": "-1.43"}, "high": {"raw": -1.13, "fmt": "-1.13"}, "yearAgoEps": {"raw": -1.24, "fmt": "-1.24"}, "numberOfAnalysts": {"raw": 5, "fmt": "5", "longFmt": "5"}, "growth": {"raw": 0.0047999998, "fmt": "0.48%"}, "earningsCurrency": "USD"}, "revenueEstimate": {"avg": {"raw": 0, "fmt": null, "longFmt": "0"}, "low": {"raw": 0, "fmt": null, "longFmt": "0"}, "high": {"raw": 0, "fmt": null, "longFmt": "0"}, "numberOfAnalysts": {"raw": 8, "fmt": "8", "longFmt": "8"}, "yearAgoRevenue": {"raw": 0, "fmt": null, "longFmt": "0"}, "growth": {"raw": 0.0, "fmt": "0.00%"}, "revenueCurrency": "USD"}, "epsTrend": {"current": {"raw": -1.234, "fmt": "-1.23"}, "7daysAgo": {"raw": -1.234, "fmt": "-1.23"}, "30daysAgo": {"raw": -1.26167, "fmt": "-1.26"}, "60daysAgo": {"raw": -1.288, "fmt": "-1.29"}, "90daysAgo": {"raw": -1.25667, "fmt": "-1.26"}, "epsTrendCurrency": "USD"}, "epsRevisions": {"upLast7days": {"raw": 1, "fmt": "1", "longFmt": "1"}, "upLast30days": {"raw": 1, "fmt": "1", "longFmt": "1"}, "downLast30days": {"raw": 0, "fmt": null, "longFmt": "0"}, "downLast7Days": {"raw": 0, "fmt": null, "longFmt": "0"}, "downLast90days": {}, "epsRevisionsCurrency": "USD"}}, {"maxAge": 1, "period": "+1y", "endDate": "2026-12-31", "growth": {"raw": 0.1586, "fmt": "15.86%"}, "earningsEstimate": {"avg": {"raw": -1.03833, "fmt": "-1.04"}, "low": {"raw": -1.38, "fmt": "-1.38"}, "high": {"raw": -0.6, "fmt": "-0.6"}, "yearAgoEps": {"raw": -1.234, "fmt": "-1.23"}, "numberOfAnalysts": {"raw": 6, "fmt": "6", "longFmt": "6"}, "growth": {"raw": 0.1586, "fmt": "15.86%"}, "earningsCurrency": "USD"}, "revenueEstimate": {"avg": {"raw": 15727860, "fmt": "15.73M", "longFmt": "15,727,860"}, "low": {"raw": 0, "fmt": null, "longFmt": "0"}, "high": {"raw": 28395000, "fmt": "28.39M", "longFmt": "28,395,000"}, "numberOfAnalysts": {"raw": 7, "fmt": "7", "longFmt": "7"}, "yearAgoRevenue": {"raw": 0, "fmt": null, "longFmt": "0"}, "growth": {"raw": 0.0, "fmt": "0.00%"}, "revenueCurrency": "USD"}, "epsTrend": {"current": {"raw": -1.03833, "fmt": "-1.04"}, "7daysAgo": {"raw": -1.03833, "fmt": "-1.04"}, "30daysAgo": {"raw": -0.70286, "fmt": "-0.7"}, "60daysAgo": {"raw": -0.62833, "fmt": "-0.63"}, "90daysAgo": {"raw": -0.69833, "fmt": "-0.7"}, "epsTrendCurrency": "USD"}, "epsRevisions": {"upLast7days": {"raw": 1, "fmt": "1", "longFmt": "1"}, "upLast30days": {"raw": 1, "fmt": "1", "longFmt": "1"}, "downLast30days": {"raw": 0, "fmt": null, "longFmt": "0"}, "downLast7Days": {"raw": 0, "fmt": null, "longFmt": "0"}, "downLast90days": {}, "epsRevisionsCurrency": "USD"}}], "defaultMethodology": "nongaap", "maxAge": 1}, "earningsHistory": {"history": [{"maxAge": 1, "epsActual": {"raw": -0.36, "fmt": "-0.36"}, "epsEstimate": {"raw": -0.288, "fmt": "-0.29"}, "epsDifference": {"raw": -0.07, "fmt": "-0.07"}, "surprisePercent": {"raw": -0.25, "fmt": "-25.00%"}, "quarter": {"raw": 1727654400, "fmt": "2024-09-30"}, "currency": "USD", "period": "-4q"}, {"maxAge": 1, "epsActual": {"raw": -0.36, "fmt": "-0.36"}, "epsEstimate": {"raw": -0.36, "fmt": "-0.36"}, "epsDifference": {"raw": 0.0, "fmt": "0"}, "surprisePercent": {"raw": 0.0, "fmt": "0.00%"}, "quarter": {"raw": 1735603200, "fmt": "2024-12-31"}, "currency": "USD", "period": "-3q"}, {"maxAge": 1, "epsActual": {"raw": -0.37, "fmt": "-0.37"}, "epsEstimate": {"raw": -0.36571, "fmt": "-0.37"}, "epsDifference": {"raw": -0.0, "fmt": "-0"}, "surprisePercent": {"raw": -0.0117, "fmt": "-1.17%"}, "quarter": {"raw": 1743379200, "fmt": "2025-03-31"}, "currency": "USD", "period": "-2q"}, {"maxAge": 1, "epsActual": {"raw": -0.37, "fmt": "-0.37"}, "epsEstimate": {"raw": -0.354, "fmt": "-0.35"}, "epsDifference": {"raw": -0.02, "fmt": "-0.02"}, "surprisePercent": {"raw": -0.0452, "fmt": "-4.52%"}, "quarter": {"raw": 1751241600, "fmt": "2025-06-30"}, "currency": "USD", "period": "-1q"}], "defaultMethodology": "nongaap", "maxAge": 86400}, "financialData": {"maxAge": 86400, "currentPrice": {"raw": 5.11, "fmt": "5.11"}, "targetHighPrice": {"raw": 25.0, "fmt": "25.00"}, "targetLowPrice": {"raw": 10.0, "fmt": "10.00"}, "targetMeanPrice": {"raw": 15.5, "fmt": "15.50"}, "targetMedianPrice": {"raw": 13.0, "fmt": "13.00"}, "recommendationMean": {}, "recommendationKey": "none", "numberOfAnalystOpinions": {"raw": 8, "fmt": "8", "longFmt": "8"}, "totalCash": {"raw": 55397000, "fmt": "55.4M", "longFmt": "55,397,000"}, "totalCashPerShare": {"raw": 1.084, "fmt": "1.08"}, "ebitda": {"raw": -49881000, "fmt": "-49.88M", "longFmt": "-49,881,000"}, "totalDebt": {"raw": 9960000, "fmt": "9.96M", "longFmt": "9,960,000"}, "quickRatio": {"raw": 6.462, "fmt": "6.46"}, "currentRatio": {"raw": 6.637, "fmt": "6.64"}, "totalRevenue": {}, "debtToEquity": {"raw": 23.903, "fmt": "23.90%"}, "revenuePerShare": {}, "returnOnAssets": {"raw": -0.50629, "fmt": "-50.63%"}, "returnOnEquity": {"raw": -1.20108, "fmt": "-120.11%"}, "grossProfits": {}, "freeCashflow": {"raw": -21803500, "fmt": "-21.8M", "longFmt": "-21,803,500"}, "operatingCashflow": {"raw": -39718000, "fmt": "-39.72M", "longFmt": "-39,718,000"}, "earningsGrowth": {}, "revenueGrowth": {}, "grossMargins": {"raw": 0.0, "fmt": "0.00%"}, "ebitdaMargins": {"raw": 0.0, "fmt": "0.00%"}, "operatingMargins": {"raw": 0.0, "fmt": "0.00%"}, "profitMargins": {"raw": 0.0, "fmt": "0.00%"}, "financialCurrency": "USD"}}