{"assetProfile": {"address1": "570 Carillon Parkway", "address2": "Suite 100", "city": "Saint Petersburg", "state": "FL", "zip": "33716", "country": "United States", "phone": "727 633 0851", "website": "https://www.amcoastal.com", "industry": "Insurance - Property & Casualty", "industryKey": "insurance-property-casualty", "industryDisp": "Insurance - Property & Casualty", "sector": "Financial Services", "sectorKey": "financial-services", "sectorDisp": "Financial Services", "longBusinessSummary": "American Coastal Insurance Corporation, through its subsidiaries, primarily engages in the commercial and personal property and casualty insurance business in the United States. The company provides structure, content, and liability coverage for standard single-family homeowners, renters, and condominium unit owners. It also offers commercial multi-peril property insurance for residential condominium associations and apartments, as well as coverage to policyholders for loss or damage to dwellings and buildings, inventory, detached structures, and equipment caused by fire, wind, hail, water, theft, and vandalism. In addition, the company provides equipment breakdown, identity theft, and cyber security policies. The company markets and distributes its products through a network of independent agencies. The company was formerly known as United Insurance Holdings Corp. and changed its name to American Coastal Insurance Corporation in August 2023. American Coastal Insurance Corporation was founded in 1999 and is based in Saint Petersburg, Florida.", "fullTimeEmployees": 65, "companyOfficers": [{"maxAge": 1, "name": "Mr. Robert Daniel Peed", "age": 61, "title": "Executive Chairman", "yearBorn": 1963, "fiscalYear": 2024, "totalPay": {"raw": 150000, "fmt": "150k", "longFmt": "150,000"}, "exercisedValue": {"raw": 0, "fmt": null, "longFmt": "0"}, "unexercisedValue": {"raw": 0, "fmt": null, "longFmt": "0"}}, {"maxAge": 1, "name": "Mr. Bennett Bradford Martz CPA", "age": 53, "title": "President & CEO", "yearBorn": 1971, "fiscalYear": 2024, "totalPay": {"raw": 1014773, "fmt": "1.01M", "longFmt": "1,014,773"}, "exercisedValue": {"raw": 247984, "fmt": "247.98k", "longFmt": "247,984"}, "unexercisedValue": {"raw": 1240873, "fmt": "1.24M", "longFmt": "1,240,873"}}, {"maxAge": 1, "name": "Ms. Svetlana  Castle CPA, J.D.", "age": 42, "title": "Chief Financial Officer", "yearBorn": 1982, "fiscalYear": 2024, "totalPay": {"raw": 647357, "fmt": "647.36k", "longFmt": "647,357"}, "exercisedValue": {"raw": 0, "fmt": null, "longFmt": "0"}, "unexercisedValue": {"raw": 0, "fmt": null, "longFmt": "0"}}, {"maxAge": 1, "name": "Mr. Christopher Lee Griffith", "age": 48, "title": "COO & Chief Information Officer", "yearBorn": 1976, "fiscalYear": 2024, "totalPay": {"raw": 825561, "fmt": "825.56k", "longFmt": "825,561"}, "exercisedValue": {"raw": 569534, "fmt": "569.53k", "longFmt": "569,534"}, "unexercisedValue": {"raw": 432583, "fmt": "432.58k", "longFmt": "432,583"}}, {"maxAge": 1, "name": "Ms. Brooke Eileen Adler", "age": 47, "title": "General Counsel & Corporate Secretary", "yearBorn": 1977, "fiscalYear": 2024, "totalPay": {"raw": 744979, "fmt": "744.98k", "longFmt": "744,979"}, "exercisedValue": {"raw": 0, "fmt": null, "longFmt": "0"}, "unexercisedValue": {"raw": 639526, "fmt": "639.53k", "longFmt": "639,526"}}, {"maxAge": 1, "name": "Mr. James Andrew Gray Jr., CPA", "age": 61, "title": "Chief Compliance & Risk Officer", "yearBorn": 1963, "fiscalYear": 2024, "exercisedValue": {"raw": 0, "fmt": null, "longFmt": "0"}, "unexercisedValue": {"raw": 0, "fmt": null, "longFmt": "0"}}, {"maxAge": 1, "name": "Mr. Antonio  Gonzalez", "title": "Senior Vice President of Sales & Agency Relations", "fiscalYear": 2024, "exercisedValue": {"raw": 0, "fmt": null, "longFmt": "0"}, "unexercisedValue": {"raw": 0, "fmt": null, "longFmt": "0"}}, {"maxAge": 1, "name": "Mr. Troy Joseph Crawford", "title": "Chief Underwriting Officer", "fiscalYear": 2024, "exercisedValue": {"raw": 0, "fmt": null, "longFmt": "0"}, "unexercisedValue": {"raw": 0, "fmt": null, "longFmt": "0"}}], "auditRisk": 10, "boardRisk": 6, "compensationRisk": 1, "shareHolderRightsRisk": 2, "overallRisk": 4, "governanceEpochDate": 1761955200, "compensationAsOfEpochDate": 1735603200, "executiveTeam": [], "maxAge": 86400}, "calendarEvents": {"maxAge": 1, "earnings": {"earningsDate": [{"raw": 1762376400, "fmt": "2025-11-05"}], "earningsCallDate": [{"raw": 1762380000, "fmt": "2025-11-05"}], "isEarningsDateEstimate": false, "earningsAverage": {"raw": 0.39, "fmt": "0.39"}, "earningsLow": {"raw": 0.39, "fmt": "0.39"}, "earningsHigh": {"raw": 0.39, "fmt": "0.39"}, "revenueAverage": {}, "revenueLow": {}, "revenueHigh": {}}, "exDividendDate": {"raw": 1735776000, "fmt": "2025-01-02"}, "dividendDate": {"raw": 1736467200, "fmt": "2025-01-10"}}, "earningsTrend": {"trend": [{"maxAge": 1, "period": "0q", "endDate": "2025-09-30", "growth": {"raw": -0.2778, "fmt": "-27.78%"}, "earningsEstimate": {"avg": {"raw": 0.39, "fmt": "0.39"}, "low": {"raw": 0.39, "fmt": "0.39"}, "high": {"raw": 0.39, "fmt": "0.39"}, "yearAgoEps": {"raw": 0.54, "fmt": "0.54"}, "numberOfAnalysts": {"raw": 1, "fmt": "1", "longFmt": "1"}, "growth": {"raw": -0.2778, "fmt": "-27.78%"}, "earningsCurrency": "USD"}, "revenueEstimate": {"avg": {"raw": 0, "fmt": null, "longFmt": "0"}, "low": {"raw": 0, "fmt": null, "longFmt": "0"}, "high": {"raw": 0, "fmt": null, "longFmt": "0"}, "numberOfAnalysts": {"raw": 0, "fmt": null, "longFmt": "0"}, "yearAgoRevenue": {}, "growth": {}, "revenueCurrency": null}, "epsTrend": {"current": {"raw": 0.39, "fmt": "0.39"}, "7daysAgo": {"raw": -0.05, "fmt": "-0.05"}, "30daysAgo": {"raw": -0.05, "fmt": "-0.05"}, "60daysAgo": {"raw": 0.05, "fmt": "0.05"}, "90daysAgo": {"raw": 0.05, "fmt": "0.05"}, "epsTrendCurrency": "USD"}, "epsRevisions": {"upLast7days": {"raw": 0, "fmt": null, "longFmt": "0"}, "upLast30days": {"raw": 0, "fmt": null, "longFmt": "0"}, "downLast30days": {"raw": 1, "fmt": "1", "longFmt": "1"}, "downLast7Days": {"raw": 1, "fmt": "1", "longFmt": "1"}, "downLast90days": {}, "epsRevisionsCurrency": "USD"}}, {"maxAge": 1, "period": "+1q", "endDate": "2025-12-31", "growth": {"raw": -1.0, "fmt": "-100.00%"}, "earningsEstimate": {"avg": {"raw": 0.0, "fmt": "0"}, "low": {"raw": 0.0, "fmt": "0"}, "high": {"raw": 0.0, "fmt": "0"}, "yearAgoEps": {"raw": 0.12, "fmt": "0.12"}, "numberOfAnalysts": {"raw": 1, "fmt": "1", "longFmt": "1"}, "growth": {"raw": -1.0, "fmt": "-100.00%"}, "earningsCurrency": "USD"}, "revenueEstimate": {"avg": {"raw": 0, "fmt": null, "longFmt": "0"}, "low": {"raw": 0, "fmt": null, "longFmt": "0"}, "high": {"raw": 0, "fmt": null, "longFmt": "0"}, "numberOfAnalysts": {"raw": 0, "fmt": null, "longFmt": "0"}, "yearAgoRevenue": {}, "growth": {}, "revenueCurrency": null}, "epsTrend": {"current": {"raw": 0.0, "fmt": "0"}, "7daysAgo": {"raw": 0.44, "fmt": "0.44"}, "30daysAgo": {"raw": 0.44, "fmt": "0.44"}, "60daysAgo": {"raw": 0.5, "fmt": "0.5"}, "90daysAgo": {"raw": 0.5, "fmt": "0.5"}, "epsTrendCurrency": "USD"}, "epsRevisions": {"upLast7days": {"raw": 0, "fmt": null, "longFmt": "0"}, "upLast30days": {"raw": 0, "fmt": null, "longFmt": "0"}, "downLast30days": {"raw": 1, "fmt": "1", "longFmt": "1"}, "downLast7Days": {"raw": 1, "fmt": "1", "longFmt": "1"}, "downLast90days": {}, "epsRevisionsCurrency": "USD"}}, {"maxAge": 1, "period": "0y", "endDate": "2025-12-31", "growth": {"raw": -0.1346, "fmt": "-13.46%"}, "earningsEstimate": {"avg": {"raw": 1.35, "fmt": "1.35"}, "low": {"raw": 1.35, "fmt": "1.35"}, "high": {"raw": 1.35, "fmt": "1.35"}, "yearAgoEps": {"raw": 1.56, "fmt": "1.56"}, "numberOfAnalysts": {"raw": 1, "fmt": "1", "longFmt": "1"}, "growth": {"raw": -0.1346, "fmt": "-13.46%"}, "earningsCurrency": "USD"}, "revenueEstimate": {"avg": {"raw": 327773000, "fmt": "327.77M", "longFmt": "327,773,000"}, "low": {"raw": 327773000, "fmt": "327.77M", "longFmt": "327,773,000"}, "high": {"raw": 327773000, "fmt": "327.77M", "longFmt": "327,773,000"}, "numberOfAnalysts": {"raw": 1, "fmt": "1", "longFmt": "1"}, "yearAgoRevenue": {"raw": 296657000, "fmt": "296.66M", "longFmt": "296,657,000"}, "growth": {"raw": 0.104899995, "fmt": "10.49%"}, "revenueCurrency": "USD"}, "epsTrend": {"current": {"raw": 1.35, "fmt": "1.35"}, "7daysAgo": {"raw": 1.35, "fmt": "1.35"}, "30daysAgo": {"raw": 1.35, "fmt": "1.35"}, "60daysAgo": {"raw": 1.35, "fmt": "1.35"}, "90daysAgo": {"raw": 1.35, "fmt": "1.35"}, "epsTrendCurrency": "USD"}, "epsRevisions": {"upLast7days": {"raw": 0, "fmt": null, "longFmt": "0"}, "upLast30days": {"raw": 0, "fmt": null, "longFmt": "0"}, "downLast30days": {"raw": 1, "fmt": "1", "longFmt": "1"}, "downLast7Days": {"raw": 1, "fmt": "1", "longFmt": "1"}, "downLast90days": {}, "epsRevisionsCurrency": "USD"}}, {"maxAge": 1, "period": "+1y", "endDate": "2026-12-31", "growth": {"raw": 0.037, "fmt": "3.70%"}, "earningsEstimate": {"avg": {"raw": 1.4, "fmt": "1.4"}, "low": {"raw": 1.4, "fmt": "1.4"}, "high": {"raw": 1.4, "fmt": "1.4"}, "yearAgoEps": {"raw": 1.35, "fmt": "1.35"}, "numberOfAnalysts": {"raw": 1, "fmt": "1", "longFmt": "1"}, "growth": {"raw": 0.037, "fmt": "3.70%"}, "earningsCurrency": "USD"}, "revenueEstimate": {"avg": {"raw": 338389000, "fmt": "338.39M", "longFmt": "338,389,000"}, "low": {"raw": 338389000, "fmt": "338.39M", "longFmt": "338,389,000"}, "high": {"raw": 338389000, "fmt": "338.39M", "longFmt": "338,389,000"}, "numberOfAnalysts": {"raw": 1, "fmt": "1", "longFmt": "1"}, "yearAgoRevenue": {"raw": 327773000, "fmt": "327.77M", "longFmt": "327,773,000"}, "growth": {"raw": 0.0324, "fmt": "3.24%"}, "revenueCurrency": "USD"}, "epsTrend": {"current": {"raw": 1.4, "fmt": "1.4"}, "7daysAgo": {"raw": 1.4, "fmt": "1.4"}, "30daysAgo": {"raw": 1.4, "fmt": "1.4"}, "60daysAgo": {"raw": 1.45, "fmt": "1.45"}, "90daysAgo": {"raw": 1.45, "fmt": "1.45"}, "epsTrendCurrency": "USD"}, "epsRevisions": {"upLast7days": {"raw": 0, "fmt": null, "longFmt": "0"}, "upLast30days": {"raw": 0, "fmt": null, "longFmt": "0"}, "downLast30days": {"raw": 1, "fmt": "1", "longFmt": "1"}, "downLast7Days": {"raw": 1, "fmt": "1", "longFmt": "1"}, "downLast90days": {}, "epsRevisionsCurrency": "USD"}}], "defaultMethodology": "nongaap", "maxAge": 1}, "earningsHistory": {"history": [{"maxAge": 1, "epsActual": {"raw": 0.54, "fmt": "0.54"}, "epsEstimate": {"raw": 0.35, "fmt": "0.35"}, "epsDifference": {"raw": 0.19, "fmt": "0.19"}, "surprisePercent": {"raw": 0.5429, "fmt": "54.29%"}, "quarter": {"raw": 1727654400, "fmt": "2024-09-30"}, "currency": "USD", "period": "-4q"}, {"maxAge": 1, "epsActual": {"raw": 0.12, "fmt": "0.12"}, "epsEstimate": {"raw": 0.16, "fmt": "0.16"}, "epsDifference": {"raw": -0.04, "fmt": "-0.04"}, "surprisePercent": {"raw": -0.25, "fmt": "-25.00%"}, "quarter": {"raw": 1735603200, "fmt": "2024-12-31"}, "currency": "USD", "period": "-3q"}, {"maxAge": 1, "epsActual": {"raw": 0.42, "fmt": "0.42"}, "epsEstimate": {"raw": 0.4, "fmt": "0.4"}, "epsDifference": {"raw": 0.02, "fmt": "0.02"}, "surprisePercent": {"raw": 0.05, "fmt": "5.00%"}, "quarter": {"raw": 1743379200, "fmt": "2025-03-31"}, "currency": "USD", "period": "-2q"}, {"maxAge": 1, "epsActual": {"raw": 0.54, "fmt": "0.54"}, "epsEstimate": {"raw": 0.38, "fmt": "0.38"}, "epsDifference": {"raw": 0.16, "fmt": "0.16"}, "surprisePercent": {"raw": 0.42110002, "fmt": "42.11%"}, "quarter": {"raw": 1751241600, "fmt": "2025-06-30"}, "currency": "USD", "period": "-1q"}], "defaultMethodology": "nongaap", "maxAge": 86400}, "financialData": {"maxAge": 86400, "currentPrice": {"raw": 11.74, "fmt": "11.74"}, "targetHighPrice": {"raw": 14.0, "fmt": "14.00"}, "targetLowPrice": {"raw": 14.0, "fmt": "14.00"}, "targetMeanPrice": {"raw": 14.0, "fmt": "14.00"}, "targetMedianPrice": {"raw": 14.0, "fmt": "14.00"}, "recommendationMean": {}, "recommendationKey": "none", "numberOfAnalystOpinions": {"raw": 1, "fmt": "1", "longFmt": "1"}, "totalCash": {"raw": 188275008, "fmt": "188.28M", "longFmt": "188,275,008"}, "totalCashPerShare": {"raw": 4.357, "fmt": "4.36"}, "ebitda": {"raw": 125382000, "fmt": "125.38M", "longFmt": "125,382,000"}, "totalDebt": {"raw": 159190000, "fmt": "159.19M", "longFmt": "159,190,000"}, "quickRatio": {"raw": 0.435, "fmt": "0.44"}, "currentRatio": {"raw": 1.017, "fmt": "1.02"}, "totalRevenue": {"raw": 320072000, "fmt": "320.07M", "longFmt": "320,072,000"}, "debtToEquity": {"raw": 46.73, "fmt": "46.73%"}, "revenuePerShare": {"raw": 6.642, "fmt": "6.64"}, "returnOnAssets": {"raw": 0.05528, "fmt": "5.53%"}, "returnOnEquity": {"raw": 0.31544, "fmt": "31.54%"}, "grossProfits": {"raw": 156396000, "fmt": "156.4M", "longFmt": "156,396,000"}, "freeCashflow": {"raw": 100017872, "fmt": "100.02M", "longFmt": "100,017,872"}, "operatingCashflow": {"raw": 147015008, "fmt": "147.02M", "longFmt": "147,015,008"}, "earningsGrowth": {}, "revenueGrowth": {"raw": -0.235, "fmt": "-23.50%"}, "grossMargins": {"raw": 0.48863, "fmt": "48.86%"}, "ebitdaMargins": {"raw": 0.39173, "fmt": "39.17%"}, "operatingMargins": {"raw": -0.1003, "fmt": "-10.03%"}, "profitMargins": {"raw": 0.25261998, "fmt": "25.26%"}, "financialCurrency": "USD"}}