{"assetProfile": {"address1": "Building B", "address2": "EPFL Innovation Park", "city": "Lausanne", "zip": "1015", "country": "Switzerland", "phone": "41 21 345 91 21", "fax": "41 21 345 91 20", "website": "https://www.acimmune.com", "industry": "Biotechnology", "industryKey": "biotechnology", "industryDisp": "Biotechnology", "sector": "Healthcare", "sectorKey": "healthcare", "sectorDisp": "Healthcare", "longBusinessSummary": "AC Immune SA, a clinical stage biopharmaceutical company, discovers, designs, and develops medicines, and therapeutic and diagnostic products for the prevention and treatment of neurodegenerative diseases associated with protein misfolding. The company's SupraAntigen and Morphomer platforms are designed to generate biologics and small molecules, which selectively interact with misfolded proteins that are common in a range of neurodegenerative diseases. It develops Crenezumab, a humanized, conformation specific monoclonal antibody used to slow Alzheimer's disease (AD) progression; and Semorinemab, an investigational monoclonal anti Tau antibody that targets the N-terminal portion of the Tau protein and is designed to bind to Tau and slow its spread between neurons for the treatment of AD. The company is also developing ACI-24.060 for the treatment of down syndrome related AD; ACI-7104.056 to treat Parkinson's disease; and ACI-35.030, designs to stimulate a patient's immune system to produce antibodies against pathological phosphorylated Tau. In addition, it develops diagnostic programs consisting of PI-2620, a Tau diagnostic for AD, as well as non-AD Tauopathies; and ACI-12589, a-sync PET tracer that supports the differential diagnosis of multiple system atrophy from other neurodegenerative disease. Further, the company is researching and developing Morphomer Tau aggregation inhibitors to evaluate candidates in AD; Morphomer a-syn to compete with small molecule inhibitors of a-syn aggregation; and NeuroOrphan Tauopathies. Additionally, it generates discovery and preclinical stage molecules targeting range of neurodegenerative diseases, which include diagnostics targeting TDP-43, alpha-synuclein, and NLRP3. The company has license agreements and collaborations with Genentech, Inc.; Janssen Pharmaceuticals, Inc.; Life Molecular Imaging SA; and Eli Lilly and Company. AC Immune SA was incorporated in 2003 and is headquartered in Lausanne, Switzerland.", "fullTimeEmployees": 133, "companyOfficers": [{"maxAge": 1, "name": "Dr. Andrea  Pfeifer Ph.D.", "age": 67, "title": "Co-Founder, CEO & Director", "yearBorn": 1957, "fiscalYear": 2023, "totalPay": {"raw": 1490580, "fmt": "1.49M", "longFmt": "1,490,580"}, "exercisedValue": {"raw": 0, "fmt": null, "longFmt": "0"}, "unexercisedValue": {"raw": 0, "fmt": null, "longFmt": "0"}}, {"maxAge": 1, "name": "Mr. Christopher  Roberts", "age": 34, "title": "CFO & VP of Finance", "yearBorn": 1990, "fiscalYear": 2023, "exercisedValue": {"raw": 0, "fmt": null, "longFmt": "0"}, "unexercisedValue": {"raw": 0, "fmt": null, "longFmt": "0"}}, {"maxAge": 1, "name": "Mr. Piergiorgio  Donati", "age": 53, "title": "Chief Technical Operations Officer", "yearBorn": 1971, "fiscalYear": 2023, "exercisedValue": {"raw": 0, "fmt": null, "longFmt": "0"}, "unexercisedValue": {"raw": 0, "fmt": null, "longFmt": "0"}}, {"maxAge": 1, "name": "Mr. Howard  Donovan", "age": 49, "title": "Chief Human Resources Officer", "yearBorn": 1975, "fiscalYear": 2023, "exercisedValue": {"raw": 0, "fmt": null, "longFmt": "0"}, "unexercisedValue": {"raw": 0, "fmt": null, "longFmt": "0"}}, {"maxAge": 1, "name": "Dr. Gary Anthony Waanders Ph.D.", "age": 60, "title": "Senior VP of Investor Relations & Corporate Communications", "yearBorn": 1964, "fiscalYear": 2023, "exercisedValue": {"raw": 0, "fmt": null, "longFmt": "0"}, "unexercisedValue": {"raw": 0, "fmt": null, "longFmt": "0"}}, {"maxAge": 1, "name": "Dr. Matthias  Maurer Ph.D.", "title": "Senior VP & General Counsel", "fiscalYear": 2023, "exercisedValue": {"raw": 0, "fmt": null, "longFmt": "0"}, "unexercisedValue": {"raw": 0, "fmt": null, "longFmt": "0"}}, {"maxAge": 1, "name": "Dr. Oliver  Sol M.D.", "age": 56, "title": "VP & Head of Clinical Development", "yearBorn": 1968, "fiscalYear": 2023, "exercisedValue": {"raw": 0, "fmt": null, "longFmt": "0"}, "unexercisedValue": {"raw": 0, "fmt": null, "longFmt": "0"}}, {"maxAge": 1, "name": "Dr. Julien  Rongere Ph.D.", "age": 45, "title": "Senior Vice President of Regulatory Affairs & Quality Assurance", "yearBorn": 1979, "fiscalYear": 2023, "exercisedValue": {"raw": 0, "fmt": null, "longFmt": "0"}, "unexercisedValue": {"raw": 0, "fmt": null, "longFmt": "0"}}, {"maxAge": 1, "name": "Mr. Mark  Danton", "age": 60, "title": "Executive Vice President of Information Systems & Artificial Intelligence", "yearBorn": 1964, "fiscalYear": 2023, "exercisedValue": {"raw": 0, "fmt": null, "longFmt": "0"}, "unexercisedValue": {"raw": 0, "fmt": null, "longFmt": "0"}}, {"maxAge": 1, "name": "Dr. G\u00fcnther  Staffler Ph.D.", "age": 55, "title": "Interim Executive Vice President of Development", "yearBorn": 1969, "fiscalYear": 2023, "exercisedValue": {"raw": 0, "fmt": null, "longFmt": "0"}, "unexercisedValue": {"raw": 0, "fmt": null, "longFmt": "0"}}], "compensationAsOfEpochDate": 1703980800, "executiveTeam": [], "maxAge": 86400}, "calendarEvents": {"maxAge": 1, "earnings": {"earningsDate": [{"raw": 1762263000, "fmt": "2025-11-04"}], "earningsCallDate": [], "isEarningsDateEstimate": false, "earningsAverage": {"raw": -0.1745, "fmt": "-0.17"}, "earningsLow": {"raw": -0.18, "fmt": "-0.18"}, "earningsHigh": {"raw": -0.169, "fmt": "-0.17"}, "revenueAverage": {"raw": 805880, "fmt": "805.88k", "longFmt": "805,880"}, "revenueLow": {"raw": 0, "fmt": null, "longFmt": "0"}, "revenueHigh": {"raw": 1500000, "fmt": "1.5M", "longFmt": "1,500,000"}}, "exDividendDate": {}, "dividendDate": {}}, "earningsTrend": {"trend": [{"maxAge": 1, "period": "0q", "endDate": "2025-09-30", "growth": {"raw": -4.49, "fmt": "-449.00%"}, "earningsEstimate": {"avg": {"raw": -0.1745, "fmt": "-0.17"}, "low": {"raw": -0.18, "fmt": "-0.18"}, "high": {"raw": -0.169, "fmt": "-0.17"}, "yearAgoEps": {"raw": 0.05, "fmt": "0.05"}, "numberOfAnalysts": {"raw": 2, "fmt": "2", "longFmt": "2"}, "growth": {"raw": -4.49, "fmt": "-449.00%"}, "earningsCurrency": "CHF"}, "revenueEstimate": {"avg": {"raw": 805880, "fmt": "805.88k", "longFmt": "805,880"}, "low": {"raw": 0, "fmt": null, "longFmt": "0"}, "high": {"raw": 1500000, "fmt": "1.5M", "longFmt": "1,500,000"}, "numberOfAnalysts": {"raw": 3, "fmt": "3", "longFmt": "3"}, "yearAgoRevenue": {"raw": 25485000, "fmt": "25.48M", "longFmt": "25,485,000"}, "growth": {"raw": -0.96839994, "fmt": "-96.84%"}, "revenueCurrency": "CHF"}, "epsTrend": {"current": {"raw": -0.1745, "fmt": "-0.17"}, "7daysAgo": {"raw": -0.1845, "fmt": "-0.18"}, "30daysAgo": {"raw": -0.1845, "fmt": "-0.18"}, "60daysAgo": {"raw": -0.1845, "fmt": "-0.18"}, "90daysAgo": {"raw": -0.1925, "fmt": "-0.19"}, "epsTrendCurrency": "CHF"}, "epsRevisions": {"upLast7days": {"raw": 1, "fmt": "1", "longFmt": "1"}, "upLast30days": {"raw": 1, "fmt": "1", "longFmt": "1"}, "downLast30days": {"raw": 0, "fmt": null, "longFmt": "0"}, "downLast7Days": {"raw": 0, "fmt": null, "longFmt": "0"}, "downLast90days": {}, "epsRevisionsCurrency": "CHF"}}, {"maxAge": 1, "period": "+1q", "endDate": "2025-12-31", "growth": {"raw": -0.09060001, "fmt": "-9.06%"}, "earningsEstimate": {"avg": {"raw": -0.1745, "fmt": "-0.17"}, "low": {"raw": -0.18, "fmt": "-0.18"}, "high": {"raw": -0.169, "fmt": "-0.17"}, "yearAgoEps": {"raw": -0.16, "fmt": "-0.16"}, "numberOfAnalysts": {"raw": 2, "fmt": "2", "longFmt": "2"}, "growth": {"raw": -0.09060001, "fmt": "-9.06%"}, "earningsCurrency": "CHF"}, "revenueEstimate": {"avg": {"raw": 1039210, "fmt": "1.04M", "longFmt": "1,039,210"}, "low": {"raw": 0, "fmt": null, "longFmt": "0"}, "high": {"raw": 2200000, "fmt": "2.2M", "longFmt": "2,200,000"}, "numberOfAnalysts": {"raw": 3, "fmt": "3", "longFmt": "3"}, "yearAgoRevenue": {"raw": 1137000, "fmt": "1.14M", "longFmt": "1,137,000"}, "growth": {"raw": -0.086, "fmt": "-8.60%"}, "revenueCurrency": "CHF"}, "epsTrend": {"current": {"raw": -0.1745, "fmt": "-0.17"}, "7daysAgo": {"raw": -0.1845, "fmt": "-0.18"}, "30daysAgo": {"raw": -0.1845, "fmt": "-0.18"}, "60daysAgo": {"raw": -0.1845, "fmt": "-0.18"}, "90daysAgo": {"raw": -0.2125, "fmt": "-0.21"}, "epsTrendCurrency": "CHF"}, "epsRevisions": {"upLast7days": {"raw": 1, "fmt": "1", "longFmt": "1"}, "upLast30days": {"raw": 1, "fmt": "1", "longFmt": "1"}, "downLast30days": {"raw": 0, "fmt": null, "longFmt": "0"}, "downLast7Days": {"raw": 0, "fmt": null, "longFmt": "0"}, "downLast90days": {}, "epsRevisionsCurrency": "CHF"}}, {"maxAge": 1, "period": "0y", "endDate": "2025-12-31", "growth": {"raw": -0.42349997, "fmt": "-42.35%"}, "earningsEstimate": {"avg": {"raw": -0.726, "fmt": "-0.73"}, "low": {"raw": -0.75, "fmt": "-0.75"}, "high": {"raw": -0.702, "fmt": "-0.7"}, "yearAgoEps": {"raw": -0.51, "fmt": "-0.51"}, "numberOfAnalysts": {"raw": 2, "fmt": "2", "longFmt": "2"}, "growth": {"raw": -0.42349997, "fmt": "-42.35%"}, "earningsCurrency": "CHF"}, "revenueEstimate": {"avg": {"raw": 3988300, "fmt": "3.99M", "longFmt": "3,988,300"}, "low": {"raw": 2296000, "fmt": "2.3M", "longFmt": "2,296,000"}, "high": {"raw": 6000000, "fmt": "6M", "longFmt": "6,000,000"}, "numberOfAnalysts": {"raw": 3, "fmt": "3", "longFmt": "3"}, "yearAgoRevenue": {"raw": 27309000, "fmt": "27.31M", "longFmt": "27,309,000"}, "growth": {"raw": -0.85400003, "fmt": "-85.40%"}, "revenueCurrency": "CHF"}, "epsTrend": {"current": {"raw": -0.726, "fmt": "-0.73"}, "7daysAgo": {"raw": -0.751, "fmt": "-0.75"}, "30daysAgo": {"raw": -0.751, "fmt": "-0.75"}, "60daysAgo": {"raw": -0.751, "fmt": "-0.75"}, "90daysAgo": {"raw": -0.754, "fmt": "-0.75"}, "epsTrendCurrency": "CHF"}, "epsRevisions": {"upLast7days": {"raw": 1, "fmt": "1", "longFmt": "1"}, "upLast30days": {"raw": 1, "fmt": "1", "longFmt": "1"}, "downLast30days": {"raw": 0, "fmt": null, "longFmt": "0"}, "downLast7Days": {"raw": 0, "fmt": null, "longFmt": "0"}, "downLast90days": {}, "epsRevisionsCurrency": "CHF"}}, {"maxAge": 1, "period": "+1y", "endDate": "2026-12-31", "growth": {"raw": 0.177, "fmt": "17.70%"}, "earningsEstimate": {"avg": {"raw": -0.5975, "fmt": "-0.6"}, "low": {"raw": -0.645, "fmt": "-0.64"}, "high": {"raw": -0.55, "fmt": "-0.55"}, "yearAgoEps": {"raw": -0.726, "fmt": "-0.73"}, "numberOfAnalysts": {"raw": 2, "fmt": "2", "longFmt": "2"}, "growth": {"raw": 0.177, "fmt": "17.70%"}, "earningsCurrency": "CHF"}, "revenueEstimate": {"avg": {"raw": 36464220, "fmt": "36.46M", "longFmt": "36,464,220"}, "low": {"raw": 6000000, "fmt": "6M", "longFmt": "6,000,000"}, "high": {"raw": 90000000, "fmt": "90M", "longFmt": "90,000,000"}, "numberOfAnalysts": {"raw": 3, "fmt": "3", "longFmt": "3"}, "yearAgoRevenue": {"raw": 3988300, "fmt": "3.99M", "longFmt": "3,988,300"}, "growth": {"raw": 8.1428, "fmt": "814.28%"}, "revenueCurrency": "CHF"}, "epsTrend": {"current": {"raw": -0.5975, "fmt": "-0.6"}, "7daysAgo": {"raw": -0.5975, "fmt": "-0.6"}, "30daysAgo": {"raw": -0.5975, "fmt": "-0.6"}, "60daysAgo": {"raw": -0.685, "fmt": "-0.69"}, "90daysAgo": {"raw": -0.703, "fmt": "-0.7"}, "epsTrendCurrency": "CHF"}, "epsRevisions": {"upLast7days": {"raw": 1, "fmt": "1", "longFmt": "1"}, "upLast30days": {"raw": 1, "fmt": "1", "longFmt": "1"}, "downLast30days": {"raw": 0, "fmt": null, "longFmt": "0"}, "downLast7Days": {"raw": 0, "fmt": null, "longFmt": "0"}, "downLast90days": {}, "epsRevisionsCurrency": "CHF"}}], "defaultMethodology": "nongaap", "maxAge": 1}, "earningsHistory": {"history": [{"maxAge": 1, "epsActual": {"raw": 0.05, "fmt": "0.05"}, "epsEstimate": {"raw": -0.19333, "fmt": "-0.19"}, "epsDifference": {"raw": 0.24, "fmt": "0.24"}, "surprisePercent": {"raw": 1.2586, "fmt": "125.86%"}, "quarter": {"raw": 1727654400, "fmt": "2024-09-30"}, "currency": "CHF", "period": "-4q"}, {"maxAge": 1, "epsActual": {"raw": -0.16, "fmt": "-0.16"}, "epsEstimate": {"raw": -0.19033, "fmt": "-0.19"}, "epsDifference": {"raw": 0.03, "fmt": "0.03"}, "surprisePercent": {"raw": 0.1594, "fmt": "15.94%"}, "quarter": {"raw": 1735603200, "fmt": "2024-12-31"}, "currency": "CHF", "period": "-3q"}, {"maxAge": 1, "epsActual": {"raw": -0.19, "fmt": "-0.19"}, "epsEstimate": {"raw": -0.207, "fmt": "-0.21"}, "epsDifference": {"raw": 0.02, "fmt": "0.02"}, "surprisePercent": {"raw": 0.082100004, "fmt": "8.21%"}, "quarter": {"raw": 1743379200, "fmt": "2025-03-31"}, "currency": "CHF", "period": "-2q"}, {"maxAge": 1, "epsActual": {"raw": -0.21, "fmt": "-0.21"}, "epsEstimate": {"raw": -0.1625, "fmt": "-0.16"}, "epsDifference": {"raw": -0.05, "fmt": "-0.05"}, "surprisePercent": {"raw": -0.2923, "fmt": "-29.23%"}, "quarter": {"raw": 1751241600, "fmt": "2025-06-30"}, "currency": "CHF", "period": "-1q"}], "defaultMethodology": "nongaap", "maxAge": 86400}, "financialData": {"maxAge": 86400, "currentPrice": {"raw": 3.18, "fmt": "3.18"}, "targetHighPrice": {"raw": 11.804439, "fmt": "11.80"}, "targetLowPrice": {"raw": 7.8964295, "fmt": "7.90"}, "targetMeanPrice": {"raw": 9.519101, "fmt": "9.52"}, "targetMedianPrice": {"raw": 8.856421, "fmt": "8.86"}, "recommendationMean": {"raw": 1.25, "fmt": "1.25"}, "recommendationKey": "strong_buy", "numberOfAnalystOpinions": {"raw": 3, "fmt": "3", "longFmt": "3"}, "totalCash": {"raw": 127135000, "fmt": "127.14M", "longFmt": "127,135,000"}, "totalCashPerShare": {"raw": 1.263, "fmt": "1.26"}, "ebitda": {"raw": -48666000, "fmt": "-48.67M", "longFmt": "-48,666,000"}, "totalDebt": {"raw": 4919000, "fmt": "4.92M", "longFmt": "4,919,000"}, "quickRatio": {"raw": 1.306, "fmt": "1.31"}, "currentRatio": {"raw": 1.332, "fmt": "1.33"}, "totalRevenue": {"raw": 28918000, "fmt": "28.92M", "longFmt": "28,918,000"}, "debtToEquity": {"raw": 6.581, "fmt": "6.58%"}, "revenuePerShare": {"raw": 0.289, "fmt": "0.29"}, "returnOnAssets": {"raw": -0.14643, "fmt": "-14.64%"}, "returnOnEquity": {"raw": -0.50979, "fmt": "-50.98%"}, "grossProfits": {"raw": -34091000, "fmt": "-34.09M", "longFmt": "-34,091,000"}, "freeCashflow": {"raw": -26417250, "fmt": "-26.42M", "longFmt": "-26,417,250"}, "operatingCashflow": {"raw": -42623000, "fmt": "-42.62M", "longFmt": "-42,623,000"}, "earningsGrowth": {}, "revenueGrowth": {"raw": 0.901, "fmt": "90.10%"}, "grossMargins": {"raw": -1.17889, "fmt": "-117.89%"}, "ebitdaMargins": {"raw": -1.6829, "fmt": "-168.29%"}, "operatingMargins": {"raw": -14.845329, "fmt": "-1,484.53%"}, "profitMargins": {"raw": -1.7467301, "fmt": "-174.67%"}, "financialCurrency": "CHF"}}