{"assetProfile": {"address1": "6060 Coventry Drive", "city": "Elkhorn", "state": "NE", "zip": "68022-6482", "country": "United States", "phone": "402 390 7600", "website": "https://www.aciworldwide.com", "industry": "Software - Infrastructure", "industryKey": "software-infrastructure", "industryDisp": "Software - Infrastructure", "sector": "Technology", "sectorKey": "technology", "sectorDisp": "Technology", "longBusinessSummary": "ACI Worldwide, Inc. develops, markets, installs, and supports software products and services for facilitating electronic payments in the United States and internationally. It operates through Banks, Merchants, and Billers segments. The company offers ACI Acquiring, a solution to process credit, debit, and prepaid card transactions, deliver digital innovation, enhance fraud prevention, and reduce interchange fees; ACI Issuing, a digital payment issuing solution; and ACI Enterprise Payments Platform to provide payment players payment processing and orchestration for digital payments. It also provides account-to-account payments to support processing for banks and intermediaries, as well as regulatory compliance. In addition, the company offers ACI Payments Orchestration Platform, an omnichannel payments platform that orchestrates and optimizes payments; ACI Fraud Management for merchants, billers, and financial institutions, as well as ACI Fraud Scoring Services with artificial and human insights with data intelligence; and ACI Speedpay, an integrated suite of digital billing, payment, disbursement, and communication services. It offers electronic bill presentment and payment services to consumer finance, insurance, healthcare, higher education, utility, government, subscription provider, telecommunications, and mortgage sectors; product installations and configurations, and custom software modifications; and business and technical consultancy, on-site support, product education, and testing services, as well as distributes or acts as a sales agent for software developed by third parties. The company markets its products and services under the ACI Worldwide brand. The company was formerly known as Transaction Systems Architects, Inc. and changed its name to ACI Worldwide, Inc. in July 2007. The company was founded in 1975 and is headquartered in Elkhorn, Nebraska.", "fullTimeEmployees": 3103, "companyOfficers": [{"maxAge": 1, "name": "Mr. Thomas Woodrow Warsop III", "age": 58, "title": "CEO, President & Director", "yearBorn": 1966, "fiscalYear": 2024, "totalPay": {"raw": 1923777, "fmt": "1.92M", "longFmt": "1,923,777"}, "exercisedValue": {"raw": 0, "fmt": null, "longFmt": "0"}, "unexercisedValue": {"raw": 0, "fmt": null, "longFmt": "0"}}, {"maxAge": 1, "name": "Mr. Abraham  Kuruvilla", "age": 52, "title": "Executive VP and Chief Technology & Operations Officer", "yearBorn": 1972, "fiscalYear": 2024, "totalPay": {"raw": 1746805, "fmt": "1.75M", "longFmt": "1,746,805"}, "exercisedValue": {"raw": 0, "fmt": null, "longFmt": "0"}, "unexercisedValue": {"raw": 0, "fmt": null, "longFmt": "0"}}, {"maxAge": 1, "name": "Mr. Robert  Leibrock", "title": "Chief Financial Officer", "fiscalYear": 2024, "exercisedValue": {"raw": 0, "fmt": null, "longFmt": "0"}, "unexercisedValue": {"raw": 0, "fmt": null, "longFmt": "0"}}, {"maxAge": 1, "name": "Mr. Dennis P. Byrnes J.D.", "age": 61, "title": "Executive VP, Chief Legal and Risk Officer, General Counsel & Secretary", "yearBorn": 1963, "fiscalYear": 2024, "totalPay": {"raw": 902863, "fmt": "902.86k", "longFmt": "902,863"}, "exercisedValue": {"raw": 1327319, "fmt": "1.33M", "longFmt": "1,327,319"}, "unexercisedValue": {"raw": 5436351, "fmt": "5.44M", "longFmt": "5,436,351"}}, {"maxAge": 1, "name": "Ms. Praveena  Nathawat", "title": "Chief Human Resources Officer", "fiscalYear": 2024, "exercisedValue": {"raw": 0, "fmt": null, "longFmt": "0"}, "unexercisedValue": {"raw": 0, "fmt": null, "longFmt": "0"}}, {"maxAge": 1, "name": "Mr. Craig A. Maki", "age": 58, "title": "Chief Development Officer", "yearBorn": 1966, "fiscalYear": 2024, "totalPay": {"raw": 506983, "fmt": "506.98k", "longFmt": "506,983"}, "exercisedValue": {"raw": 0, "fmt": null, "longFmt": "0"}, "unexercisedValue": {"raw": 3642407, "fmt": "3.64M", "longFmt": "3,642,407"}}, {"maxAge": 1, "name": "Mr. John  Kraft", "title": "Head of Strategy & Finance", "fiscalYear": 2024, "exercisedValue": {"raw": 0, "fmt": null, "longFmt": "0"}, "unexercisedValue": {"raw": 0, "fmt": null, "longFmt": "0"}}, {"maxAge": 1, "name": "Mr. Craig  Ramsey", "title": "Head of Real-Time Payments, Product Management", "fiscalYear": 2024, "exercisedValue": {"raw": 0, "fmt": null, "longFmt": "0"}, "unexercisedValue": {"raw": 0, "fmt": null, "longFmt": "0"}}, {"maxAge": 1, "name": "Mr. Nick  Karoglou", "title": "Head of Communications & Corporate Affairs", "fiscalYear": 2024, "exercisedValue": {"raw": 0, "fmt": null, "longFmt": "0"}, "unexercisedValue": {"raw": 0, "fmt": null, "longFmt": "0"}}, {"maxAge": 1, "name": "Mr. Philip  Bruno", "title": "Chief Strategy & Growth Officer", "fiscalYear": 2024, "exercisedValue": {"raw": 0, "fmt": null, "longFmt": "0"}, "unexercisedValue": {"raw": 0, "fmt": null, "longFmt": "0"}}], "auditRisk": 3, "boardRisk": 2, "compensationRisk": 3, "shareHolderRightsRisk": 1, "overallRisk": 1, "governanceEpochDate": 1761955200, "compensationAsOfEpochDate": 1735603200, "irWebsite": "http://www.aciworldwide.com/en/Who-we-are/Investor-relations.aspx", "executiveTeam": [], "maxAge": 86400}, "calendarEvents": {"maxAge": 1, "earnings": {"earningsDate": [{"raw": 1762435800, "fmt": "2025-11-06"}], "earningsCallDate": [{"raw": 1762435800, "fmt": "2025-11-06"}], "isEarningsDateEstimate": false, "earningsAverage": {"raw": 0.986, "fmt": "0.99"}, "earningsLow": {"raw": 0.96, "fmt": "0.96"}, "earningsHigh": {"raw": 1.01, "fmt": "1.01"}, "revenueAverage": {"raw": 465093800, "fmt": "465.09M", "longFmt": "465,093,800"}, "revenueLow": {"raw": 462601000, "fmt": "462.6M", "longFmt": "462,601,000"}, "revenueHigh": {"raw": 467600000, "fmt": "467.6M", "longFmt": "467,600,000"}}, "exDividendDate": {}, "dividendDate": {}}, "earningsTrend": {"trend": [{"maxAge": 1, "period": "0q", "endDate": "2025-09-30", "growth": {"raw": 0.0165, "fmt": "1.65%"}, "earningsEstimate": {"avg": {"raw": 0.986, "fmt": "0.99"}, "low": {"raw": 0.96, "fmt": "0.96"}, "high": {"raw": 1.01, "fmt": "1.01"}, "yearAgoEps": {"raw": 0.97, "fmt": "0.97"}, "numberOfAnalysts": {"raw": 5, "fmt": "5", "longFmt": "5"}, "growth": {"raw": 0.0165, "fmt": "1.65%"}, "earningsCurrency": "USD"}, "revenueEstimate": {"avg": {"raw": 465093800, "fmt": "465.09M", "longFmt": "465,093,800"}, "low": {"raw": 462601000, "fmt": "462.6M", "longFmt": "462,601,000"}, "high": {"raw": 467600000, "fmt": "467.6M", "longFmt": "467,600,000"}, "numberOfAnalysts": {"raw": 5, "fmt": "5", "longFmt": "5"}, "yearAgoRevenue": {"raw": 451752000, "fmt": "451.75M", "longFmt": "451,752,000"}, "growth": {"raw": 0.0295, "fmt": "2.95%"}, "revenueCurrency": "USD"}, "epsTrend": {"current": {"raw": 0.986, "fmt": "0.99"}, "7daysAgo": {"raw": 0.986, "fmt": "0.99"}, "30daysAgo": {"raw": 0.986, "fmt": "0.99"}, "60daysAgo": {"raw": 0.986, "fmt": "0.99"}, "90daysAgo": {"raw": 0.822, "fmt": "0.82"}, "epsTrendCurrency": "USD"}, "epsRevisions": {"upLast7days": {"raw": 3, "fmt": "3", "longFmt": "3"}, "upLast30days": {"raw": 4, "fmt": "4", "longFmt": "4"}, "downLast30days": {"raw": 1, "fmt": "1", "longFmt": "1"}, "downLast7Days": {"raw": 1, "fmt": "1", "longFmt": "1"}, "downLast90days": {}, "epsRevisionsCurrency": "USD"}}, {"maxAge": 1, "period": "+1q", "endDate": "2025-12-31", "growth": {"raw": -0.0519, "fmt": "-5.19%"}, "earningsEstimate": {"avg": {"raw": 1.024, "fmt": "1.02"}, "low": {"raw": 0.97, "fmt": "0.97"}, "high": {"raw": 1.07, "fmt": "1.07"}, "yearAgoEps": {"raw": 1.08, "fmt": "1.08"}, "numberOfAnalysts": {"raw": 5, "fmt": "5", "longFmt": "5"}, "growth": {"raw": -0.0519, "fmt": "-5.19%"}, "earningsCurrency": "USD"}, "revenueEstimate": {"avg": {"raw": 466538600, "fmt": "466.54M", "longFmt": "466,538,600"}, "low": {"raw": 461876000, "fmt": "461.88M", "longFmt": "461,876,000"}, "high": {"raw": 473800000, "fmt": "473.8M", "longFmt": "473,800,000"}, "numberOfAnalysts": {"raw": 5, "fmt": "5", "longFmt": "5"}, "yearAgoRevenue": {"raw": 453038000, "fmt": "453.04M", "longFmt": "453,038,000"}, "growth": {"raw": 0.0298, "fmt": "2.98%"}, "revenueCurrency": "USD"}, "epsTrend": {"current": {"raw": 1.024, "fmt": "1.02"}, "7daysAgo": {"raw": 1.028, "fmt": "1.03"}, "30daysAgo": {"raw": 1.028, "fmt": "1.03"}, "60daysAgo": {"raw": 1.028, "fmt": "1.03"}, "90daysAgo": {"raw": 1.226, "fmt": "1.23"}, "epsTrendCurrency": "USD"}, "epsRevisions": {"upLast7days": {"raw": 0, "fmt": null, "longFmt": "0"}, "upLast30days": {"raw": 0, "fmt": null, "longFmt": "0"}, "downLast30days": {"raw": 1, "fmt": "1", "longFmt": "1"}, "downLast7Days": {"raw": 1, "fmt": "1", "longFmt": "1"}, "downLast90days": {}, "epsRevisionsCurrency": "USD"}}, {"maxAge": 1, "period": "0y", "endDate": "2025-12-31", "growth": {"raw": 0.0841, "fmt": "8.41%"}, "earningsEstimate": {"avg": {"raw": 2.862, "fmt": "2.86"}, "low": {"raw": 2.81, "fmt": "2.81"}, "high": {"raw": 2.9, "fmt": "2.9"}, "yearAgoEps": {"raw": 2.64, "fmt": "2.64"}, "numberOfAnalysts": {"raw": 5, "fmt": "5", "longFmt": "5"}, "growth": {"raw": 0.0841, "fmt": "8.41%"}, "earningsCurrency": "USD"}, "revenueEstimate": {"avg": {"raw": 1727481600, "fmt": "1.73B", "longFmt": "1,727,481,600"}, "low": {"raw": 1720300000, "fmt": "1.72B", "longFmt": "1,720,300,000"}, "high": {"raw": 1737300000, "fmt": "1.74B", "longFmt": "1,737,300,000"}, "numberOfAnalysts": {"raw": 5, "fmt": "5", "longFmt": "5"}, "yearAgoRevenue": {"raw": 1594288000, "fmt": "1.59B", "longFmt": "1,594,288,000"}, "growth": {"raw": 0.083500005, "fmt": "8.35%"}, "revenueCurrency": "USD"}, "epsTrend": {"current": {"raw": 2.862, "fmt": "2.86"}, "7daysAgo": {"raw": 2.862, "fmt": "2.86"}, "30daysAgo": {"raw": 2.868, "fmt": "2.87"}, "60daysAgo": {"raw": 2.868, "fmt": "2.87"}, "90daysAgo": {"raw": 2.814, "fmt": "2.81"}, "epsTrendCurrency": "USD"}, "epsRevisions": {"upLast7days": {"raw": 0, "fmt": null, "longFmt": "0"}, "upLast30days": {"raw": 0, "fmt": null, "longFmt": "0"}, "downLast30days": {"raw": 1, "fmt": "1", "longFmt": "1"}, "downLast7Days": {"raw": 1, "fmt": "1", "longFmt": "1"}, "downLast90days": {}, "epsRevisionsCurrency": "USD"}}, {"maxAge": 1, "period": "+1y", "endDate": "2026-12-31", "growth": {"raw": 0.14739999, "fmt": "14.74%"}, "earningsEstimate": {"avg": {"raw": 3.284, "fmt": "3.28"}, "low": {"raw": 3.08, "fmt": "3.08"}, "high": {"raw": 3.38, "fmt": "3.38"}, "yearAgoEps": {"raw": 2.862, "fmt": "2.86"}, "numberOfAnalysts": {"raw": 5, "fmt": "5", "longFmt": "5"}, "growth": {"raw": 0.14739999, "fmt": "14.74%"}, "earningsCurrency": "USD"}, "revenueEstimate": {"avg": {"raw": 1844548400, "fmt": "1.84B", "longFmt": "1,844,548,400"}, "low": {"raw": 1798068000, "fmt": "1.8B", "longFmt": "1,798,068,000"}, "high": {"raw": 1890800000, "fmt": "1.89B", "longFmt": "1,890,800,000"}, "numberOfAnalysts": {"raw": 5, "fmt": "5", "longFmt": "5"}, "yearAgoRevenue": {"raw": 1727481600, "fmt": "1.73B", "longFmt": "1,727,481,600"}, "growth": {"raw": 0.0678, "fmt": "6.78%"}, "revenueCurrency": "USD"}, "epsTrend": {"current": {"raw": 3.284, "fmt": "3.28"}, "7daysAgo": {"raw": 3.284, "fmt": "3.28"}, "30daysAgo": {"raw": 3.292, "fmt": "3.29"}, "60daysAgo": {"raw": 3.292, "fmt": "3.29"}, "90daysAgo": {"raw": 3.16, "fmt": "3.16"}, "epsTrendCurrency": "USD"}, "epsRevisions": {"upLast7days": {"raw": 0, "fmt": null, "longFmt": "0"}, "upLast30days": {"raw": 0, "fmt": null, "longFmt": "0"}, "downLast30days": {"raw": 1, "fmt": "1", "longFmt": "1"}, "downLast7Days": {"raw": 1, "fmt": "1", "longFmt": "1"}, "downLast90days": {}, "epsRevisionsCurrency": "USD"}}], "defaultMethodology": "nongaap", "maxAge": 1}, "earningsHistory": {"history": [{"maxAge": 1, "epsActual": {"raw": 0.97, "fmt": "0.97"}, "epsEstimate": {"raw": 0.596, "fmt": "0.6"}, "epsDifference": {"raw": 0.37, "fmt": "0.37"}, "surprisePercent": {"raw": 0.6275, "fmt": "62.75%"}, "quarter": {"raw": 1727654400, "fmt": "2024-09-30"}, "currency": "USD", "period": "-4q"}, {"maxAge": 1, "epsActual": {"raw": 1.08, "fmt": "1.08"}, "epsEstimate": {"raw": 0.756, "fmt": "0.76"}, "epsDifference": {"raw": 0.32, "fmt": "0.32"}, "surprisePercent": {"raw": 0.4286, "fmt": "42.86%"}, "quarter": {"raw": 1735603200, "fmt": "2024-12-31"}, "currency": "USD", "period": "-3q"}, {"maxAge": 1, "epsActual": {"raw": 0.51, "fmt": "0.51"}, "epsEstimate": {"raw": 0.344, "fmt": "0.34"}, "epsDifference": {"raw": 0.17, "fmt": "0.17"}, "surprisePercent": {"raw": 0.48259997, "fmt": "48.26%"}, "quarter": {"raw": 1743379200, "fmt": "2025-03-31"}, "currency": "USD", "period": "-2q"}, {"maxAge": 1, "epsActual": {"raw": 0.35, "fmt": "0.35"}, "epsEstimate": {"raw": 0.266, "fmt": "0.27"}, "epsDifference": {"raw": 0.08, "fmt": "0.08"}, "surprisePercent": {"raw": 0.3158, "fmt": "31.58%"}, "quarter": {"raw": 1751241600, "fmt": "2025-06-30"}, "currency": "USD", "period": "-1q"}], "defaultMethodology": "nongaap", "maxAge": 86400}, "financialData": {"maxAge": 86400, "currentPrice": {"raw": 47.67, "fmt": "47.67"}, "targetHighPrice": {"raw": 77.0, "fmt": "77.00"}, "targetLowPrice": {"raw": 60.0, "fmt": "60.00"}, "targetMeanPrice": {"raw": 64.6, "fmt": "64.60"}, "targetMedianPrice": {"raw": 60.0, "fmt": "60.00"}, "recommendationMean": {"raw": 1.33333, "fmt": "1.33"}, "recommendationKey": "strong_buy", "numberOfAnalystOpinions": {"raw": 5, "fmt": "5", "longFmt": "5"}, "totalCash": {"raw": 189696992, "fmt": "189.7M", "longFmt": "189,696,992"}, "totalCashPerShare": {"raw": 1.838, "fmt": "1.84"}, "ebitda": {"raw": 386300992, "fmt": "386.3M", "longFmt": "386,300,992"}, "totalDebt": {"raw": 955785024, "fmt": "955.79M", "longFmt": "955,785,024"}, "quickRatio": {"raw": 0.759, "fmt": "0.76"}, "currentRatio": {"raw": 1.478, "fmt": "1.48"}, "totalRevenue": {"raw": 1700612992, "fmt": "1.7B", "longFmt": "1,700,612,992"}, "debtToEquity": {"raw": 68.589, "fmt": "68.59%"}, "revenuePerShare": {"raw": 16.216, "fmt": "16.22"}, "returnOnAssets": {"raw": 0.06729, "fmt": "6.73%"}, "returnOnEquity": {"raw": 0.1909, "fmt": "19.09%"}, "grossProfits": {"raw": 854996992, "fmt": "855M", "longFmt": "854,996,992"}, "freeCashflow": {"raw": 285156000, "fmt": "285.16M", "longFmt": "285,156,000"}, "operatingCashflow": {"raw": 308508000, "fmt": "308.51M", "longFmt": "308,508,000"}, "earningsGrowth": {"raw": -0.597, "fmt": "-59.70%"}, "revenueGrowth": {"raw": 0.074, "fmt": "7.40%"}, "grossMargins": {"raw": 0.50276, "fmt": "50.28%"}, "ebitdaMargins": {"raw": 0.22715001, "fmt": "22.72%"}, "operatingMargins": {"raw": 0.099580005, "fmt": "9.96%"}, "profitMargins": {"raw": 0.14762999, "fmt": "14.76%"}, "financialCurrency": "USD"}}