{"assetProfile": {"address1": "108 Cherry Hill Drive", "city": "Beverly", "state": "MA", "zip": "01915-1088", "country": "United States", "phone": "978 787 4000", "fax": "978 787 3000", "website": "https://www.axcelis.com", "industry": "Semiconductor Equipment & Materials", "industryKey": "semiconductor-equipment-materials", "industryDisp": "Semiconductor Equipment & Materials", "sector": "Technology", "sectorKey": "technology", "sectorDisp": "Technology", "longBusinessSummary": "Axcelis Technologies, Inc. designs, manufactures, and services ion implantation and other processing equipment used in the fabrication of semiconductor chips in the United States, Europe, and the Asia Pacific. The company offers high energy, high current, and medium current implanters for various application requirements. It also provides aftermarket lifecycle products and services, including used tools, spare parts, equipment upgrades, maintenance services, and customer training. The company sells its equipment and services to semiconductor chip manufacturers through its direct sales force. Axcelis Technologies, Inc. was founded in 1978 and is headquartered in Beverly, Massachusetts.", "fullTimeEmployees": 1524, "companyOfficers": [{"maxAge": 1, "name": "Dr. Russell J. Low Ph.D.", "age": 53, "title": "CEO, President & Director", "yearBorn": 1971, "fiscalYear": 2024, "totalPay": {"raw": 1076073, "fmt": "1.08M", "longFmt": "1,076,073"}, "exercisedValue": {"raw": 0, "fmt": null, "longFmt": "0"}, "unexercisedValue": {"raw": 0, "fmt": null, "longFmt": "0"}}, {"maxAge": 1, "name": "Mr. James G. Coogan", "age": 43, "title": "Executive VP & CFO", "yearBorn": 1981, "fiscalYear": 2024, "totalPay": {"raw": 727906, "fmt": "727.91k", "longFmt": "727,906"}, "exercisedValue": {"raw": 0, "fmt": null, "longFmt": "0"}, "unexercisedValue": {"raw": 0, "fmt": null, "longFmt": "0"}}, {"maxAge": 1, "name": "Mr. Gregory F. Redinbo Ph.D.", "age": 59, "title": "Executive Vice President of Marketing & Applications", "yearBorn": 1965, "fiscalYear": 2024, "totalPay": {"raw": 462321, "fmt": "462.32k", "longFmt": "462,321"}, "exercisedValue": {"raw": 0, "fmt": null, "longFmt": "0"}, "unexercisedValue": {"raw": 0, "fmt": null, "longFmt": "0"}}, {"maxAge": 1, "name": "Mr. Gerald M. Blumenstock", "age": 55, "title": "Executive Vice President of Research, Development & Engineering", "yearBorn": 1969, "fiscalYear": 2024, "totalPay": {"raw": 469221, "fmt": "469.22k", "longFmt": "469,221"}, "exercisedValue": {"raw": 0, "fmt": null, "longFmt": "0"}, "unexercisedValue": {"raw": 0, "fmt": null, "longFmt": "0"}}, {"maxAge": 1, "name": "Dr. Christopher J. Tatnall Ph.D.", "age": 51, "title": "Executive Vice President of Global Customer Operations", "yearBorn": 1973, "fiscalYear": 2024, "totalPay": {"raw": 469221, "fmt": "469.22k", "longFmt": "469,221"}, "exercisedValue": {"raw": 0, "fmt": null, "longFmt": "0"}, "unexercisedValue": {"raw": 0, "fmt": null, "longFmt": "0"}}, {"maxAge": 1, "name": "Mr. Robert  Mahoney", "title": "Senior Vice President of Global Operations", "fiscalYear": 2024, "exercisedValue": {"raw": 0, "fmt": null, "longFmt": "0"}, "unexercisedValue": {"raw": 0, "fmt": null, "longFmt": "0"}}, {"maxAge": 1, "name": "Mr. David  Ryzhik", "title": "Senior Vice President of Investor Relations and Corporate Strategy", "fiscalYear": 2024, "exercisedValue": {"raw": 0, "fmt": null, "longFmt": "0"}, "unexercisedValue": {"raw": 0, "fmt": null, "longFmt": "0"}}, {"maxAge": 1, "name": "Ms. Eileen J. Evans Esq.", "age": 56, "title": "Executive VP of Human Resources and Legal, General Counsel & Secretary", "yearBorn": 1968, "fiscalYear": 2024, "exercisedValue": {"raw": 0, "fmt": null, "longFmt": "0"}, "unexercisedValue": {"raw": 0, "fmt": null, "longFmt": "0"}}], "auditRisk": 4, "boardRisk": 1, "compensationRisk": 3, "shareHolderRightsRisk": 6, "overallRisk": 3, "governanceEpochDate": 1761955200, "compensationAsOfEpochDate": 1735603200, "irWebsite": "http://investor.axcelis.com/phoenix.zhtml?c=121859&p=irol-IRHome", "executiveTeam": [], "maxAge": 86400}, "calendarEvents": {"maxAge": 1, "earnings": {"earningsDate": [{"raw": 1762263000, "fmt": "2025-11-04"}], "earningsCallDate": [{"raw": 1762263000, "fmt": "2025-11-04"}], "isEarningsDateEstimate": false, "earningsAverage": {"raw": 1.00286, "fmt": "1.00"}, "earningsLow": {"raw": 1.0, "fmt": "1.00"}, "earningsHigh": {"raw": 1.01, "fmt": "1.01"}, "revenueAverage": {"raw": 200060470, "fmt": "200.06M", "longFmt": "200,060,470"}, "revenueLow": {"raw": 199300000, "fmt": "199.3M", "longFmt": "199,300,000"}, "revenueHigh": {"raw": 200600000, "fmt": "200.6M", "longFmt": "200,600,000"}}, "exDividendDate": {}, "dividendDate": {}}, "earningsTrend": {"trend": [{"maxAge": 1, "period": "0q", "endDate": "2025-09-30", "growth": {"raw": -0.32689998, "fmt": "-32.69%"}, "earningsEstimate": {"avg": {"raw": 1.00286, "fmt": "1"}, "low": {"raw": 1.0, "fmt": "1"}, "high": {"raw": 1.01, "fmt": "1.01"}, "yearAgoEps": {"raw": 1.49, "fmt": "1.49"}, "numberOfAnalysts": {"raw": 7, "fmt": "7", "longFmt": "7"}, "growth": {"raw": -0.32689998, "fmt": "-32.69%"}, "earningsCurrency": "USD"}, "revenueEstimate": {"avg": {"raw": 200060470, "fmt": "200.06M", "longFmt": "200,060,470"}, "low": {"raw": 199300000, "fmt": "199.3M", "longFmt": "199,300,000"}, "high": {"raw": 200600000, "fmt": "200.6M", "longFmt": "200,600,000"}, "numberOfAnalysts": {"raw": 7, "fmt": "7", "longFmt": "7"}, "yearAgoRevenue": {"raw": 256564000, "fmt": "256.56M", "longFmt": "256,564,000"}, "growth": {"raw": -0.2202, "fmt": "-22.02%"}, "revenueCurrency": "USD"}, "epsTrend": {"current": {"raw": 1.00286, "fmt": "1"}, "7daysAgo": {"raw": 1.00286, "fmt": "1"}, "30daysAgo": {"raw": 1.00286, "fmt": "1"}, "60daysAgo": {"raw": 1.00286, "fmt": "1"}, "90daysAgo": {"raw": 0.70429, "fmt": "0.7"}, "epsTrendCurrency": "USD"}, "epsRevisions": {"upLast7days": {"raw": 6, "fmt": "6", "longFmt": "6"}, "upLast30days": {"raw": 6, "fmt": "6", "longFmt": "6"}, "downLast30days": {"raw": 0, "fmt": null, "longFmt": "0"}, "downLast7Days": {"raw": 0, "fmt": null, "longFmt": "0"}, "downLast90days": {}, "epsRevisionsCurrency": "USD"}}, {"maxAge": 1, "period": "+1q", "endDate": "2025-12-31", "growth": {"raw": -0.3803, "fmt": "-38.03%"}, "earningsEstimate": {"avg": {"raw": 0.95429, "fmt": "0.95"}, "low": {"raw": 0.92, "fmt": "0.92"}, "high": {"raw": 0.99, "fmt": "0.99"}, "yearAgoEps": {"raw": 1.54, "fmt": "1.54"}, "numberOfAnalysts": {"raw": 7, "fmt": "7", "longFmt": "7"}, "growth": {"raw": -0.3803, "fmt": "-38.03%"}, "earningsCurrency": "USD"}, "revenueEstimate": {"avg": {"raw": 199717620, "fmt": "199.72M", "longFmt": "199,717,620"}, "low": {"raw": 195000000, "fmt": "195M", "longFmt": "195,000,000"}, "high": {"raw": 202000000, "fmt": "202M", "longFmt": "202,000,000"}, "numberOfAnalysts": {"raw": 7, "fmt": "7", "longFmt": "7"}, "yearAgoRevenue": {"raw": 252417000, "fmt": "252.42M", "longFmt": "252,417,000"}, "growth": {"raw": -0.20879999, "fmt": "-20.88%"}, "revenueCurrency": "USD"}, "epsTrend": {"current": {"raw": 0.95429, "fmt": "0.95"}, "7daysAgo": {"raw": 0.95429, "fmt": "0.95"}, "30daysAgo": {"raw": 0.95429, "fmt": "0.95"}, "60daysAgo": {"raw": 0.95429, "fmt": "0.95"}, "90daysAgo": {"raw": 0.73143, "fmt": "0.73"}, "epsTrendCurrency": "USD"}, "epsRevisions": {"upLast7days": {"raw": 6, "fmt": "6", "longFmt": "6"}, "upLast30days": {"raw": 6, "fmt": "6", "longFmt": "6"}, "downLast30days": {"raw": 0, "fmt": null, "longFmt": "0"}, "downLast7Days": {"raw": 0, "fmt": null, "longFmt": "0"}, "downLast90days": {}, "epsRevisionsCurrency": "USD"}}, {"maxAge": 1, "period": "0y", "endDate": "2025-12-31", "growth": {"raw": -0.32849997, "fmt": "-32.85%"}, "earningsEstimate": {"avg": {"raw": 4.13, "fmt": "4.13"}, "low": {"raw": 4.1, "fmt": "4.1"}, "high": {"raw": 4.18, "fmt": "4.18"}, "yearAgoEps": {"raw": 6.15, "fmt": "6.15"}, "numberOfAnalysts": {"raw": 7, "fmt": "7", "longFmt": "7"}, "growth": {"raw": -0.32849997, "fmt": "-32.85%"}, "earningsCurrency": "USD"}, "revenueEstimate": {"avg": {"raw": 786895520, "fmt": "786.9M", "longFmt": "786,895,520"}, "low": {"raw": 782100000, "fmt": "782.1M", "longFmt": "782,100,000"}, "high": {"raw": 789700000, "fmt": "789.7M", "longFmt": "789,700,000"}, "numberOfAnalysts": {"raw": 7, "fmt": "7", "longFmt": "7"}, "yearAgoRevenue": {"raw": 1017865000, "fmt": "1.02B", "longFmt": "1,017,865,000"}, "growth": {"raw": -0.22690001, "fmt": "-22.69%"}, "revenueCurrency": "USD"}, "epsTrend": {"current": {"raw": 4.13, "fmt": "4.13"}, "7daysAgo": {"raw": 4.13, "fmt": "4.13"}, "30daysAgo": {"raw": 4.13, "fmt": "4.13"}, "60daysAgo": {"raw": 4.13, "fmt": "4.13"}, "90daysAgo": {"raw": 3.17, "fmt": "3.17"}, "epsTrendCurrency": "USD"}, "epsRevisions": {"upLast7days": {"raw": 6, "fmt": "6", "longFmt": "6"}, "upLast30days": {"raw": 6, "fmt": "6", "longFmt": "6"}, "downLast30days": {"raw": 0, "fmt": null, "longFmt": "0"}, "downLast7Days": {"raw": 0, "fmt": null, "longFmt": "0"}, "downLast90days": {}, "epsRevisionsCurrency": "USD"}}, {"maxAge": 1, "period": "+1y", "endDate": "2026-12-31", "growth": {"raw": 0.0235, "fmt": "2.35%"}, "earningsEstimate": {"avg": {"raw": 4.22714, "fmt": "4.23"}, "low": {"raw": 3.68, "fmt": "3.68"}, "high": {"raw": 4.5, "fmt": "4.5"}, "yearAgoEps": {"raw": 4.13, "fmt": "4.13"}, "numberOfAnalysts": {"raw": 7, "fmt": "7", "longFmt": "7"}, "growth": {"raw": 0.0235, "fmt": "2.35%"}, "earningsCurrency": "USD"}, "revenueEstimate": {"avg": {"raw": 831807440, "fmt": "831.81M", "longFmt": "831,807,440"}, "low": {"raw": 780000000, "fmt": "780M", "longFmt": "780,000,000"}, "high": {"raw": 859700000, "fmt": "859.7M", "longFmt": "859,700,000"}, "numberOfAnalysts": {"raw": 7, "fmt": "7", "longFmt": "7"}, "yearAgoRevenue": {"raw": 786895520, "fmt": "786.9M", "longFmt": "786,895,520"}, "growth": {"raw": 0.0571, "fmt": "5.71%"}, "revenueCurrency": "USD"}, "epsTrend": {"current": {"raw": 4.22714, "fmt": "4.23"}, "7daysAgo": {"raw": 4.24, "fmt": "4.24"}, "30daysAgo": {"raw": 4.24, "fmt": "4.24"}, "60daysAgo": {"raw": 4.24, "fmt": "4.24"}, "90daysAgo": {"raw": 3.67, "fmt": "3.67"}, "epsTrendCurrency": "USD"}, "epsRevisions": {"upLast7days": {"raw": 0, "fmt": null, "longFmt": "0"}, "upLast30days": {"raw": 0, "fmt": null, "longFmt": "0"}, "downLast30days": {"raw": 1, "fmt": "1", "longFmt": "1"}, "downLast7Days": {"raw": 1, "fmt": "1", "longFmt": "1"}, "downLast90days": {}, "epsRevisionsCurrency": "USD"}}], "defaultMethodology": "nongaap", "maxAge": 1}, "earningsHistory": {"history": [{"maxAge": 1, "epsActual": {"raw": 1.49, "fmt": "1.49"}, "epsEstimate": {"raw": 1.43, "fmt": "1.43"}, "epsDifference": {"raw": 0.06, "fmt": "0.06"}, "surprisePercent": {"raw": 0.042, "fmt": "4.20%"}, "quarter": {"raw": 1727654400, "fmt": "2024-09-30"}, "currency": "USD", "period": "-4q"}, {"maxAge": 1, "epsActual": {"raw": 1.54, "fmt": "1.54"}, "epsEstimate": {"raw": 1.25, "fmt": "1.25"}, "epsDifference": {"raw": 0.29, "fmt": "0.29"}, "surprisePercent": {"raw": 0.23200001, "fmt": "23.20%"}, "quarter": {"raw": 1735603200, "fmt": "2024-12-31"}, "currency": "USD", "period": "-3q"}, {"maxAge": 1, "epsActual": {"raw": 1.04, "fmt": "1.04"}, "epsEstimate": {"raw": 0.38333, "fmt": "0.38"}, "epsDifference": {"raw": 0.66, "fmt": "0.66"}, "surprisePercent": {"raw": 1.7131, "fmt": "171.31%"}, "quarter": {"raw": 1743379200, "fmt": "2025-03-31"}, "currency": "USD", "period": "-2q"}, {"maxAge": 1, "epsActual": {"raw": 1.13, "fmt": "1.13"}, "epsEstimate": {"raw": 0.71, "fmt": "0.71"}, "epsDifference": {"raw": 0.42, "fmt": "0.42"}, "surprisePercent": {"raw": 0.59150004, "fmt": "59.15%"}, "quarter": {"raw": 1751241600, "fmt": "2025-06-30"}, "currency": "USD", "period": "-1q"}], "defaultMethodology": "nongaap", "maxAge": 86400}, "financialData": {"maxAge": 86400, "currentPrice": {"raw": 82.74, "fmt": "82.74"}, "targetHighPrice": {"raw": 110.0, "fmt": "110.00"}, "targetLowPrice": {"raw": 85.0, "fmt": "85.00"}, "targetMeanPrice": {"raw": 97.0, "fmt": "97.00"}, "targetMedianPrice": {"raw": 95.0, "fmt": "95.00"}, "recommendationMean": {}, "recommendationKey": "none", "numberOfAnalystOpinions": {"raw": 5, "fmt": "5", "longFmt": "5"}, "totalCash": {"raw": 549841984, "fmt": "549.84M", "longFmt": "549,841,984"}, "totalCashPerShare": {"raw": 17.5, "fmt": "17.5"}, "ebitda": {"raw": 169766000, "fmt": "169.77M", "longFmt": "169,766,000"}, "totalDebt": {"raw": 71941000, "fmt": "71.94M", "longFmt": "71,941,000"}, "quickRatio": {"raw": 3.889, "fmt": "3.89"}, "currentRatio": {"raw": 6.01, "fmt": "6.01"}, "totalRevenue": {"raw": 896089024, "fmt": "896.09M", "longFmt": "896,089,024"}, "debtToEquity": {"raw": 7.037, "fmt": "7.04%"}, "revenuePerShare": {"raw": 27.77, "fmt": "27.77"}, "returnOnAssets": {"raw": 0.07637, "fmt": "7.64%"}, "returnOnEquity": {"raw": 0.16194001, "fmt": "16.19%"}, "grossProfits": {"raw": 402304992, "fmt": "402.3M", "longFmt": "402,304,992"}, "freeCashflow": {"raw": 67295128, "fmt": "67.3M", "longFmt": "67,295,128"}, "operatingCashflow": {"raw": 138050000, "fmt": "138.05M", "longFmt": "138,050,000"}, "earningsGrowth": {"raw": -0.368, "fmt": "-36.80%"}, "revenueGrowth": {"raw": -0.242, "fmt": "-24.20%"}, "grossMargins": {"raw": 0.44896, "fmt": "44.90%"}, "ebitdaMargins": {"raw": 0.18945, "fmt": "18.94%"}, "operatingMargins": {"raw": 0.14889, "fmt": "14.89%"}, "profitMargins": {"raw": 0.17687, "fmt": "17.69%"}, "financialCurrency": "USD"}}