{"assetProfile": {"address1": "800 Bridge Parkway", "city": "Redwood City", "state": "CA", "zip": "94065", "country": "United States", "phone": "240 327 0630", "website": "https://www.arcellx.com", "industry": "Biotechnology", "industryKey": "biotechnology", "industryDisp": "Biotechnology", "sector": "Healthcare", "sectorKey": "healthcare", "sectorDisp": "Healthcare", "longBusinessSummary": "Arcellx, Inc., together with its subsidiary, engages in the development of various immunotherapies for patients with cancer and other incurable diseases in the United States. The company's lead ddCAR product candidate is anitocabtagene autoleucel, which is in phase 2 clinical trial for the treatment of patients with relapsed or refractory multiple myeloma (rrMM). It also develops ACLX-001, a product candidate in Phase 1 clinical trials targeting BCMA to treat rrMM; ARC-SparX programs in Phase 1 trials; and ACLX-002, which is in Phase 1 clinical trials that targets CD123 for treating relapsed or refractory acute myeloid leukemia (AML) and myelodysplastic syndrome (MDS). In addition, the company preclinical product includes ACLX-003 for the treatment of AML and MDS. Further, the company focuses on the development of product candidates for solid tumor programs. It has a strategic alliance with Kite Pharma, Inc. to co-develop and co-commercialize anitocabtagene autoleucel. The company was formerly known as Encarta Therapeutics, Inc. and changed its name to Arcellx, Inc. in January 2016. Arcellx, Inc. was incorporated in 2014 and is headquartered in Redwood City, California.", "fullTimeEmployees": 163, "companyOfficers": [{"maxAge": 1, "name": "Mr. Rami  Elghandour", "age": 45, "title": "Chairman of the Board, CEO & President", "yearBorn": 1979, "fiscalYear": 2024, "totalPay": {"raw": 1210448, "fmt": "1.21M", "longFmt": "1,210,448"}, "exercisedValue": {"raw": 0, "fmt": null, "longFmt": "0"}, "unexercisedValue": {"raw": 179400768, "fmt": "179.4M", "longFmt": "179,400,768"}}, {"maxAge": 1, "name": "Ms. Michelle Lim Gilson", "age": 31, "title": "Chief Financial Officer", "yearBorn": 1993, "fiscalYear": 2024, "totalPay": {"raw": 785992, "fmt": "785.99k", "longFmt": "785,992"}, "exercisedValue": {"raw": 1932368, "fmt": "1.93M", "longFmt": "1,932,368"}, "unexercisedValue": {"raw": 5711088, "fmt": "5.71M", "longFmt": "5,711,088"}}, {"maxAge": 1, "name": "Dr. Christopher R. Heery M.D.", "age": 44, "title": "Chief Medical Officer", "yearBorn": 1980, "fiscalYear": 2024, "totalPay": {"raw": 794520, "fmt": "794.52k", "longFmt": "794,520"}, "exercisedValue": {"raw": 9307750, "fmt": "9.31M", "longFmt": "9,307,750"}, "unexercisedValue": {"raw": 10362563, "fmt": "10.36M", "longFmt": "10,362,563"}}, {"maxAge": 1, "name": "Ms. Aileen  Fernandes", "title": "Chief Operating Officer", "fiscalYear": 2024, "exercisedValue": {"raw": 0, "fmt": null, "longFmt": "0"}, "unexercisedValue": {"raw": 0, "fmt": null, "longFmt": "0"}}, {"maxAge": 1, "name": "Mr. Narinderjeet  Singh M.S.", "age": 52, "title": "Chief Technical Officer", "yearBorn": 1972, "fiscalYear": 2024, "exercisedValue": {"raw": 0, "fmt": null, "longFmt": "0"}, "unexercisedValue": {"raw": 0, "fmt": null, "longFmt": "0"}}, {"maxAge": 1, "name": "Dr. Heba  Nowyhed Ph.D.", "title": "Chief Scientific Officer", "fiscalYear": 2024, "exercisedValue": {"raw": 0, "fmt": null, "longFmt": "0"}, "unexercisedValue": {"raw": 0, "fmt": null, "longFmt": "0"}}, {"maxAge": 1, "name": "Ms. Myesha  Lacy", "title": "Chief Investor & Communications Officer", "fiscalYear": 2024, "exercisedValue": {"raw": 0, "fmt": null, "longFmt": "0"}, "unexercisedValue": {"raw": 0, "fmt": null, "longFmt": "0"}}, {"maxAge": 1, "name": "Ms. Maryam  Abdul-Kareem J.D., M.S.", "title": "General Counsel & Chief Legal Officer", "fiscalYear": 2024, "exercisedValue": {"raw": 0, "fmt": null, "longFmt": "0"}, "unexercisedValue": {"raw": 0, "fmt": null, "longFmt": "0"}}, {"maxAge": 1, "name": "Ms. Kate  Aiken", "title": "Chief People Officer", "fiscalYear": 2024, "exercisedValue": {"raw": 0, "fmt": null, "longFmt": "0"}, "unexercisedValue": {"raw": 0, "fmt": null, "longFmt": "0"}}, {"maxAge": 1, "name": "Mr. Neeraj P. Teotia", "age": 49, "title": "Chief Commercial Officer", "yearBorn": 1975, "fiscalYear": 2024, "totalPay": {"raw": 461949, "fmt": "461.95k", "longFmt": "461,949"}, "exercisedValue": {"raw": 0, "fmt": null, "longFmt": "0"}, "unexercisedValue": {"raw": 110463, "fmt": "110.46k", "longFmt": "110,463"}}], "auditRisk": 5, "boardRisk": 8, "compensationRisk": 10, "shareHolderRightsRisk": 8, "overallRisk": 9, "governanceEpochDate": 1761955200, "compensationAsOfEpochDate": 1735603200, "executiveTeam": [], "maxAge": 86400}, "calendarEvents": {"maxAge": 1, "earnings": {"earningsDate": [{"raw": 1762462800, "fmt": "2025-11-06"}], "earningsCallDate": [], "isEarningsDateEstimate": true, "earningsAverage": {"raw": -1.03276, "fmt": "-1.03"}, "earningsLow": {"raw": -1.21, "fmt": "-1.21"}, "earningsHigh": {"raw": -0.56, "fmt": "-0.56"}, "revenueAverage": {"raw": 10304400, "fmt": "10.3M", "longFmt": "10,304,400"}, "revenueLow": {"raw": 4000000, "fmt": "4M", "longFmt": "4,000,000"}, "revenueHigh": {"raw": 30000000, "fmt": "30M", "longFmt": "30,000,000"}}, "exDividendDate": {}, "dividendDate": {}}, "earningsTrend": {"trend": [{"maxAge": 1, "period": "0q", "endDate": "2025-09-30", "growth": {"raw": -1.1516, "fmt": "-115.16%"}, "earningsEstimate": {"avg": {"raw": -1.03276, "fmt": "-1.03"}, "low": {"raw": -1.21, "fmt": "-1.21"}, "high": {"raw": -0.56, "fmt": "-0.56"}, "yearAgoEps": {"raw": -0.48, "fmt": "-0.48"}, "numberOfAnalysts": {"raw": 11, "fmt": "11", "longFmt": "11"}, "growth": {"raw": -1.1516, "fmt": "-115.16%"}, "earningsCurrency": "USD"}, "revenueEstimate": {"avg": {"raw": 10304400, "fmt": "10.3M", "longFmt": "10,304,400"}, "low": {"raw": 4000000, "fmt": "4M", "longFmt": "4,000,000"}, "high": {"raw": 30000000, "fmt": "30M", "longFmt": "30,000,000"}, "numberOfAnalysts": {"raw": 15, "fmt": "15", "longFmt": "15"}, "yearAgoRevenue": {"raw": 26030000, "fmt": "26.03M", "longFmt": "26,030,000"}, "growth": {"raw": -0.6041, "fmt": "-60.41%"}, "revenueCurrency": "USD"}, "epsTrend": {"current": {"raw": -1.03276, "fmt": "-1.03"}, "7daysAgo": {"raw": -1.03276, "fmt": "-1.03"}, "30daysAgo": {"raw": -1.02866, "fmt": "-1.03"}, "60daysAgo": {"raw": -1.02866, "fmt": "-1.03"}, "90daysAgo": {"raw": -1.02393, "fmt": "-1.02"}, "epsTrendCurrency": "USD"}, "epsRevisions": {"upLast7days": {"raw": 2, "fmt": "2", "longFmt": "2"}, "upLast30days": {"raw": 2, "fmt": "2", "longFmt": "2"}, "downLast30days": {"raw": 1, "fmt": "1", "longFmt": "1"}, "downLast7Days": {"raw": 1, "fmt": "1", "longFmt": "1"}, "downLast90days": {}, "epsRevisionsCurrency": "USD"}}, {"maxAge": 1, "period": "+1q", "endDate": "2025-12-31", "growth": {"raw": -0.100600004, "fmt": "-10.06%"}, "earningsEstimate": {"avg": {"raw": -0.9575, "fmt": "-0.96"}, "low": {"raw": -1.18853, "fmt": "-1.19"}, "high": {"raw": 0.09, "fmt": "0.09"}, "yearAgoEps": {"raw": -0.87, "fmt": "-0.87"}, "numberOfAnalysts": {"raw": 11, "fmt": "11", "longFmt": "11"}, "growth": {"raw": -0.100600004, "fmt": "-10.06%"}, "earningsCurrency": "USD"}, "revenueEstimate": {"avg": {"raw": 25741900, "fmt": "25.74M", "longFmt": "25,741,900"}, "low": {"raw": 2719000, "fmt": "2.72M", "longFmt": "2,719,000"}, "high": {"raw": 87554000, "fmt": "87.55M", "longFmt": "87,554,000"}, "numberOfAnalysts": {"raw": 15, "fmt": "15", "longFmt": "15"}, "yearAgoRevenue": {"raw": 15266000, "fmt": "15.27M", "longFmt": "15,266,000"}, "growth": {"raw": 0.6862, "fmt": "68.62%"}, "revenueCurrency": "USD"}, "epsTrend": {"current": {"raw": -0.9575, "fmt": "-0.96"}, "7daysAgo": {"raw": -0.9575, "fmt": "-0.96"}, "30daysAgo": {"raw": -0.93399, "fmt": "-0.93"}, "60daysAgo": {"raw": -0.93399, "fmt": "-0.93"}, "90daysAgo": {"raw": -0.83716, "fmt": "-0.84"}, "epsTrendCurrency": "USD"}, "epsRevisions": {"upLast7days": {"raw": 1, "fmt": "1", "longFmt": "1"}, "upLast30days": {"raw": 1, "fmt": "1", "longFmt": "1"}, "downLast30days": {"raw": 2, "fmt": "2", "longFmt": "2"}, "downLast7Days": {"raw": 2, "fmt": "2", "longFmt": "2"}, "downLast90days": {}, "epsRevisionsCurrency": "USD"}}, {"maxAge": 1, "period": "0y", "endDate": "2025-12-31", "growth": {"raw": -1.0295, "fmt": "-102.95%"}, "earningsEstimate": {"avg": {"raw": -4.05895, "fmt": "-4.06"}, "low": {"raw": -4.64738, "fmt": "-4.65"}, "high": {"raw": -3.12, "fmt": "-3.12"}, "yearAgoEps": {"raw": -2.0, "fmt": "-2"}, "numberOfAnalysts": {"raw": 12, "fmt": "12", "longFmt": "12"}, "growth": {"raw": -1.0295, "fmt": "-102.95%"}, "earningsCurrency": "USD"}, "revenueEstimate": {"avg": {"raw": 54231090, "fmt": "54.23M", "longFmt": "54,231,090"}, "low": {"raw": 22935000, "fmt": "22.93M", "longFmt": "22,935,000"}, "high": {"raw": 110791000, "fmt": "110.79M", "longFmt": "110,791,000"}, "numberOfAnalysts": {"raw": 17, "fmt": "17", "longFmt": "17"}, "yearAgoRevenue": {"raw": 107936000, "fmt": "107.94M", "longFmt": "107,936,000"}, "growth": {"raw": -0.4976, "fmt": "-49.76%"}, "revenueCurrency": "USD"}, "epsTrend": {"current": {"raw": -4.05895, "fmt": "-4.06"}, "7daysAgo": {"raw": -4.05895, "fmt": "-4.06"}, "30daysAgo": {"raw": -4.06215, "fmt": "-4.06"}, "60daysAgo": {"raw": -4.06215, "fmt": "-4.06"}, "90daysAgo": {"raw": -4.00469, "fmt": "-4"}, "epsTrendCurrency": "USD"}, "epsRevisions": {"upLast7days": {"raw": 5, "fmt": "5", "longFmt": "5"}, "upLast30days": {"raw": 5, "fmt": "5", "longFmt": "5"}, "downLast30days": {"raw": 4, "fmt": "4", "longFmt": "4"}, "downLast7Days": {"raw": 4, "fmt": "4", "longFmt": "4"}, "downLast90days": {}, "epsRevisionsCurrency": "USD"}}, {"maxAge": 1, "period": "+1y", "endDate": "2026-12-31", "growth": {"raw": 0.106800005, "fmt": "10.68%"}, "earningsEstimate": {"avg": {"raw": -3.62552, "fmt": "-3.63"}, "low": {"raw": -4.983, "fmt": "-4.98"}, "high": {"raw": -0.73, "fmt": "-0.73"}, "yearAgoEps": {"raw": -4.05895, "fmt": "-4.06"}, "numberOfAnalysts": {"raw": 11, "fmt": "11", "longFmt": "11"}, "growth": {"raw": 0.106800005, "fmt": "10.68%"}, "earningsCurrency": "USD"}, "revenueEstimate": {"avg": {"raw": 128456450, "fmt": "128.46M", "longFmt": "128,456,450"}, "low": {"raw": 11467000, "fmt": "11.47M", "longFmt": "11,467,000"}, "high": {"raw": 287374540, "fmt": "287.37M", "longFmt": "287,374,540"}, "numberOfAnalysts": {"raw": 16, "fmt": "16", "longFmt": "16"}, "yearAgoRevenue": {"raw": 54231090, "fmt": "54.23M", "longFmt": "54,231,090"}, "growth": {"raw": 1.3686999, "fmt": "136.87%"}, "revenueCurrency": "USD"}, "epsTrend": {"current": {"raw": -3.62552, "fmt": "-3.63"}, "7daysAgo": {"raw": -3.62552, "fmt": "-3.63"}, "30daysAgo": {"raw": -3.62486, "fmt": "-3.62"}, "60daysAgo": {"raw": -3.62486, "fmt": "-3.62"}, "90daysAgo": {"raw": -3.3969, "fmt": "-3.4"}, "epsTrendCurrency": "USD"}, "epsRevisions": {"upLast7days": {"raw": 4, "fmt": "4", "longFmt": "4"}, "upLast30days": {"raw": 4, "fmt": "4", "longFmt": "4"}, "downLast30days": {"raw": 3, "fmt": "3", "longFmt": "3"}, "downLast7Days": {"raw": 3, "fmt": "3", "longFmt": "3"}, "downLast90days": {}, "epsRevisionsCurrency": "USD"}}], "defaultMethodology": "nongaap", "maxAge": 1}, "earningsHistory": {"history": [{"maxAge": 1, "epsActual": {"raw": -0.48, "fmt": "-0.48"}, "epsEstimate": {"raw": -0.24465, "fmt": "-0.24"}, "epsDifference": {"raw": -0.24, "fmt": "-0.24"}, "surprisePercent": {"raw": -0.96199995, "fmt": "-96.20%"}, "quarter": {"raw": 1727654400, "fmt": "2024-09-30"}, "currency": "USD", "period": "-4q"}, {"maxAge": 1, "epsActual": {"raw": -0.87, "fmt": "-0.87"}, "epsEstimate": {"raw": -0.47438, "fmt": "-0.47"}, "epsDifference": {"raw": -0.4, "fmt": "-0.4"}, "surprisePercent": {"raw": -0.834, "fmt": "-83.40%"}, "quarter": {"raw": 1735603200, "fmt": "2024-12-31"}, "currency": "USD", "period": "-3q"}, {"maxAge": 1, "epsActual": {"raw": -1.13, "fmt": "-1.13"}, "epsEstimate": {"raw": -0.73867, "fmt": "-0.74"}, "epsDifference": {"raw": -0.39, "fmt": "-0.39"}, "surprisePercent": {"raw": -0.5298, "fmt": "-52.98%"}, "quarter": {"raw": 1743379200, "fmt": "2025-03-31"}, "currency": "USD", "period": "-2q"}, {"maxAge": 1, "epsActual": {"raw": -0.94, "fmt": "-0.94"}, "epsEstimate": {"raw": -1.03209, "fmt": "-1.03"}, "epsDifference": {"raw": 0.09, "fmt": "0.09"}, "surprisePercent": {"raw": 0.0892, "fmt": "8.92%"}, "quarter": {"raw": 1751241600, "fmt": "2025-06-30"}, "currency": "USD", "period": "-1q"}], "defaultMethodology": "nongaap", "maxAge": 86400}, "financialData": {"maxAge": 86400, "currentPrice": {"raw": 86.13, "fmt": "86.13"}, "targetHighPrice": {"raw": 134.0, "fmt": "134.00"}, "targetLowPrice": {"raw": 88.0, "fmt": "88.00"}, "targetMeanPrice": {"raw": 113.35294, "fmt": "113.35"}, "targetMedianPrice": {"raw": 113.0, "fmt": "113.00"}, "recommendationMean": {"raw": 1.36842, "fmt": "1.37"}, "recommendationKey": "strong_buy", "numberOfAnalystOpinions": {"raw": 17, "fmt": "17", "longFmt": "17"}, "totalCash": {"raw": 453103008, "fmt": "453.1M", "longFmt": "453,103,008"}, "totalCashPerShare": {"raw": 8.17, "fmt": "8.17"}, "ebitda": {"raw": -208075008, "fmt": "-208.08M", "longFmt": "-208,075,008"}, "totalDebt": {"raw": 52513000, "fmt": "52.51M", "longFmt": "52,513,000"}, "quickRatio": {"raw": 3.746, "fmt": "3.75"}, "currentRatio": {"raw": 3.807, "fmt": "3.81"}, "totalRevenue": {"raw": 56979000, "fmt": "56.98M", "longFmt": "56,979,000"}, "debtToEquity": {"raw": 13.389, "fmt": "13.39%"}, "revenuePerShare": {"raw": 1.038, "fmt": "1.04"}, "returnOnAssets": {"raw": -0.19801001, "fmt": "-19.80%"}, "returnOnEquity": {"raw": -0.42755002, "fmt": "-42.76%"}, "grossProfits": {"raw": -115271000, "fmt": "-115.27M", "longFmt": "-115,271,000"}, "freeCashflow": {"raw": -4536125, "fmt": "-4.54M", "longFmt": "-4,536,125"}, "operatingCashflow": {"raw": -118187000, "fmt": "-118.19M", "longFmt": "-118,187,000"}, "earningsGrowth": {}, "revenueGrowth": {"raw": -0.724, "fmt": "-72.40%"}, "grossMargins": {"raw": -2.02304, "fmt": "-202.30%"}, "ebitdaMargins": {"raw": 0.0, "fmt": "0.00%"}, "operatingMargins": {"raw": -7.7741604, "fmt": "-777.42%"}, "profitMargins": {"raw": 0.0, "fmt": "0.00%"}, "financialCurrency": "USD"}}