{"assetProfile": {"address1": "42307 Osgood Road", "address2": "Suite I", "city": "Fremont", "state": "CA", "zip": "94539", "country": "United States", "phone": "510 445 3700", "fax": "510 445 3708", "website": "https://www.acmr.com", "industry": "Semiconductor Equipment & Materials", "industryKey": "semiconductor-equipment-materials", "industryDisp": "Semiconductor Equipment & Materials", "sector": "Technology", "sectorKey": "technology", "sectorDisp": "Technology", "longBusinessSummary": "ACM Research, Inc., together with its subsidiaries, develops, manufactures, and sells capital equipment worldwide. It also develops, manufactures, and sells a range of packaging tools to wafer assembly and packaging customers. The company provides Wet Cleaning Equipment for Front End Production Processes; Ultra C SAPS II and Ultra C SAPS V which are a single-wafer, serial-processing tool used to remove random defects from wafer surfaces or interconnects and barrier metals as part of the chip front-end fabrication process or for recycling test wafers; and Ultra C TEBO II and Ultra C TEBO V, a single-wafer, serial-processing tool used at numerous manufacturing processing steps for cleaning of chips at process nodes of 28nm or less. In addition, it offers Ultra-C Tahoe wafer cleaning tool that delivers high cleaning performance using significantly less sulfuric acid and hydrogen peroxide than is typically consumed by conventional high-temperature single-wafer cleaning tools; and advanced packaging tools, such as coaters, developers, photoresist strippers, scrubbers, wet etchers, and copper-plating tools. Further, the company provides e Ultra fn Furnace, a dry processing tool; Ultra Pmax\u0099 PECVD tool, for film uniformity; Ultra Track tool, a 300mm process tool that delivers air downflow, robot handling, and customizable software to address specific customer requirements; and a suite of semi-critical cleaning systems which include single wafer back side cleaning, scrubber, and auto bench cleaning tools. It markets and sells its products under the SAPS, TEBO, ULTRA C, ULTRA Fn, Ultra ECP, Ultra ECP map, and Ultra ECP ap trademarks through direct sales force and third-party representatives. ACM Research, Inc. was incorporated in 1998 and is headquartered in Fremont, California.", "fullTimeEmployees": 2023, "companyOfficers": [{"maxAge": 1, "name": "Dr. Hui  Wang Ph.D.", "age": 63, "title": "Founder, Chairman, CEO & President", "yearBorn": 1961, "fiscalYear": 2024, "totalPay": {"raw": 498607, "fmt": "498.61k", "longFmt": "498,607"}, "exercisedValue": {"raw": 14413500, "fmt": "14.41M", "longFmt": "14,413,500"}, "unexercisedValue": {"raw": 25760500, "fmt": "25.76M", "longFmt": "25,760,500"}}, {"maxAge": 1, "name": "Mr. Mark A. McKechnie", "age": 57, "title": "CFO, Executive VP, Secretary & Treasurer", "yearBorn": 1967, "fiscalYear": 2024, "totalPay": {"raw": 380350, "fmt": "380.35k", "longFmt": "380,350"}, "exercisedValue": {"raw": 800859, "fmt": "800.86k", "longFmt": "800,859"}, "unexercisedValue": {"raw": 640813, "fmt": "640.81k", "longFmt": "640,813"}}, {"maxAge": 1, "name": "Ms. Yi Lu  Feng", "age": 66, "title": "Chief Financial Officer of ACM Research (Shanghai), Inc.", "yearBorn": 1958, "fiscalYear": 2024, "totalPay": {"raw": 313408, "fmt": "313.41k", "longFmt": "313,408"}, "exercisedValue": {"raw": 188100, "fmt": "188.1k", "longFmt": "188,100"}, "unexercisedValue": {"raw": 1620433, "fmt": "1.62M", "longFmt": "1,620,433"}}, {"maxAge": 1, "name": "Mr. Jian  Wang", "age": 59, "title": "Chief Executive Officer and President of ACM Research (Shanghai), Inc.", "yearBorn": 1965, "fiscalYear": 2024, "totalPay": {"raw": 399848, "fmt": "399.85k", "longFmt": "399,848"}, "exercisedValue": {"raw": 0, "fmt": null, "longFmt": "0"}, "unexercisedValue": {"raw": 2724300, "fmt": "2.72M", "longFmt": "2,724,300"}}, {"maxAge": 1, "name": "Mr. Howard  Chen", "title": "General Counsel & VP of Corporate Strategy", "fiscalYear": 2024, "exercisedValue": {"raw": 0, "fmt": null, "longFmt": "0"}, "unexercisedValue": {"raw": 0, "fmt": null, "longFmt": "0"}}, {"maxAge": 1, "name": "Mr. Jim  Straus", "title": "Vice President of Sales - North America", "fiscalYear": 2024, "exercisedValue": {"raw": 0, "fmt": null, "longFmt": "0"}, "unexercisedValue": {"raw": 0, "fmt": null, "longFmt": "0"}}, {"maxAge": 1, "name": "Mr. Sotheara  Cheav", "age": 72, "title": "Senior Vice President of Manufacturing", "yearBorn": 1952, "fiscalYear": 2024, "totalPay": {"raw": 170015, "fmt": "170.01k", "longFmt": "170,015"}, "exercisedValue": {"raw": 0, "fmt": null, "longFmt": "0"}, "unexercisedValue": {"raw": 624251, "fmt": "624.25k", "longFmt": "624,251"}}], "auditRisk": 9, "boardRisk": 8, "compensationRisk": 9, "shareHolderRightsRisk": 10, "overallRisk": 10, "governanceEpochDate": 1761955200, "compensationAsOfEpochDate": 1735603200, "executiveTeam": [], "maxAge": 86400}, "calendarEvents": {"maxAge": 1, "earnings": {"earningsDate": [{"raw": 1762349400, "fmt": "2025-11-05"}], "earningsCallDate": [{"raw": 1762347600, "fmt": "2025-11-05"}], "isEarningsDateEstimate": false, "earningsAverage": {"raw": 0.5325, "fmt": "0.53"}, "earningsLow": {"raw": 0.47, "fmt": "0.47"}, "earningsHigh": {"raw": 0.66, "fmt": "0.66"}, "revenueAverage": {"raw": 251719290, "fmt": "251.72M", "longFmt": "251,719,290"}, "revenueLow": {"raw": 242400000, "fmt": "242.4M", "longFmt": "242,400,000"}, "revenueHigh": {"raw": 264111000, "fmt": "264.11M", "longFmt": "264,111,000"}}, "exDividendDate": {}, "dividendDate": {}}, "earningsTrend": {"trend": [{"maxAge": 1, "period": "0q", "endDate": "2025-09-30", "growth": {"raw": -0.1548, "fmt": "-15.48%"}, "earningsEstimate": {"avg": {"raw": 0.5325, "fmt": "0.53"}, "low": {"raw": 0.47, "fmt": "0.47"}, "high": {"raw": 0.66, "fmt": "0.66"}, "yearAgoEps": {"raw": 0.63, "fmt": "0.63"}, "numberOfAnalysts": {"raw": 4, "fmt": "4", "longFmt": "4"}, "growth": {"raw": -0.1548, "fmt": "-15.48%"}, "earningsCurrency": "USD"}, "revenueEstimate": {"avg": {"raw": 251719290, "fmt": "251.72M", "longFmt": "251,719,290"}, "low": {"raw": 242400000, "fmt": "242.4M", "longFmt": "242,400,000"}, "high": {"raw": 264111000, "fmt": "264.11M", "longFmt": "264,111,000"}, "numberOfAnalysts": {"raw": 7, "fmt": "7", "longFmt": "7"}, "yearAgoRevenue": {"raw": 203976000, "fmt": "203.98M", "longFmt": "203,976,000"}, "growth": {"raw": 0.2341, "fmt": "23.41%"}, "revenueCurrency": "USD"}, "epsTrend": {"current": {"raw": 0.5325, "fmt": "0.53"}, "7daysAgo": {"raw": 0.5325, "fmt": "0.53"}, "30daysAgo": {"raw": 0.5325, "fmt": "0.53"}, "60daysAgo": {"raw": 0.615, "fmt": "0.62"}, "90daysAgo": {"raw": 0.615, "fmt": "0.62"}, "epsTrendCurrency": "USD"}, "epsRevisions": {"upLast7days": {"raw": 0, "fmt": null, "longFmt": "0"}, "upLast30days": {"raw": 0, "fmt": null, "longFmt": "0"}, "downLast30days": {"raw": 4, "fmt": "4", "longFmt": "4"}, "downLast7Days": {"raw": 4, "fmt": "4", "longFmt": "4"}, "downLast90days": {}, "epsRevisionsCurrency": "USD"}}, {"maxAge": 1, "period": "+1q", "endDate": "2025-12-31", "growth": {"raw": 0.058000002, "fmt": "5.80%"}, "earningsEstimate": {"avg": {"raw": 0.5925, "fmt": "0.59"}, "low": {"raw": 0.53, "fmt": "0.53"}, "high": {"raw": 0.71, "fmt": "0.71"}, "yearAgoEps": {"raw": 0.56, "fmt": "0.56"}, "numberOfAnalysts": {"raw": 4, "fmt": "4", "longFmt": "4"}, "growth": {"raw": 0.058000002, "fmt": "5.80%"}, "earningsCurrency": "USD"}, "revenueEstimate": {"avg": {"raw": 269989430, "fmt": "269.99M", "longFmt": "269,989,430"}, "low": {"raw": 261000000, "fmt": "261M", "longFmt": "261,000,000"}, "high": {"raw": 284405000, "fmt": "284.4M", "longFmt": "284,405,000"}, "numberOfAnalysts": {"raw": 7, "fmt": "7", "longFmt": "7"}, "yearAgoRevenue": {"raw": 223471000, "fmt": "223.47M", "longFmt": "223,471,000"}, "growth": {"raw": 0.2082, "fmt": "20.82%"}, "revenueCurrency": "USD"}, "epsTrend": {"current": {"raw": 0.5925, "fmt": "0.59"}, "7daysAgo": {"raw": 0.5925, "fmt": "0.59"}, "30daysAgo": {"raw": 0.5925, "fmt": "0.59"}, "60daysAgo": {"raw": 0.675, "fmt": "0.68"}, "90daysAgo": {"raw": 0.675, "fmt": "0.68"}, "epsTrendCurrency": "USD"}, "epsRevisions": {"upLast7days": {"raw": 0, "fmt": null, "longFmt": "0"}, "upLast30days": {"raw": 0, "fmt": null, "longFmt": "0"}, "downLast30days": {"raw": 4, "fmt": "4", "longFmt": "4"}, "downLast7Days": {"raw": 4, "fmt": "4", "longFmt": "4"}, "downLast90days": {}, "epsRevisionsCurrency": "USD"}}, {"maxAge": 1, "period": "0y", "endDate": "2025-12-31", "growth": {"raw": -0.056399997, "fmt": "-5.64%"}, "earningsEstimate": {"avg": {"raw": 2.1325, "fmt": "2.13"}, "low": {"raw": 2.0, "fmt": "2"}, "high": {"raw": 2.37, "fmt": "2.37"}, "yearAgoEps": {"raw": 2.26, "fmt": "2.26"}, "numberOfAnalysts": {"raw": 4, "fmt": "4", "longFmt": "4"}, "growth": {"raw": -0.056399997, "fmt": "-5.64%"}, "earningsCurrency": "USD"}, "revenueEstimate": {"avg": {"raw": 914615290, "fmt": "914.62M", "longFmt": "914,615,290"}, "low": {"raw": 893700000, "fmt": "893.7M", "longFmt": "893,700,000"}, "high": {"raw": 937850000, "fmt": "937.85M", "longFmt": "937,850,000"}, "numberOfAnalysts": {"raw": 9, "fmt": "9", "longFmt": "9"}, "yearAgoRevenue": {"raw": 782118000, "fmt": "782.12M", "longFmt": "782,118,000"}, "growth": {"raw": 0.1694, "fmt": "16.94%"}, "revenueCurrency": "USD"}, "epsTrend": {"current": {"raw": 2.1325, "fmt": "2.13"}, "7daysAgo": {"raw": 2.1325, "fmt": "2.13"}, "30daysAgo": {"raw": 2.1325, "fmt": "2.13"}, "60daysAgo": {"raw": 2.2575, "fmt": "2.26"}, "90daysAgo": {"raw": 2.2575, "fmt": "2.26"}, "epsTrendCurrency": "USD"}, "epsRevisions": {"upLast7days": {"raw": 0, "fmt": null, "longFmt": "0"}, "upLast30days": {"raw": 0, "fmt": null, "longFmt": "0"}, "downLast30days": {"raw": 3, "fmt": "3", "longFmt": "3"}, "downLast7Days": {"raw": 3, "fmt": "3", "longFmt": "3"}, "downLast90days": {}, "epsRevisionsCurrency": "USD"}}, {"maxAge": 1, "period": "+1y", "endDate": "2026-12-31", "growth": {"raw": 0.0563, "fmt": "5.63%"}, "earningsEstimate": {"avg": {"raw": 2.2525, "fmt": "2.25"}, "low": {"raw": 2.0, "fmt": "2"}, "high": {"raw": 2.74, "fmt": "2.74"}, "yearAgoEps": {"raw": 2.1325, "fmt": "2.13"}, "numberOfAnalysts": {"raw": 4, "fmt": "4", "longFmt": "4"}, "growth": {"raw": 0.0563, "fmt": "5.63%"}, "earningsCurrency": "USD"}, "revenueEstimate": {"avg": {"raw": 1078004950, "fmt": "1.08B", "longFmt": "1,078,004,950"}, "low": {"raw": 950000000, "fmt": "950M", "longFmt": "950,000,000"}, "high": {"raw": 1255154000, "fmt": "1.26B", "longFmt": "1,255,154,000"}, "numberOfAnalysts": {"raw": 9, "fmt": "9", "longFmt": "9"}, "yearAgoRevenue": {"raw": 914615290, "fmt": "914.62M", "longFmt": "914,615,290"}, "growth": {"raw": 0.17860001, "fmt": "17.86%"}, "revenueCurrency": "USD"}, "epsTrend": {"current": {"raw": 2.2525, "fmt": "2.25"}, "7daysAgo": {"raw": 2.2525, "fmt": "2.25"}, "30daysAgo": {"raw": 2.2525, "fmt": "2.25"}, "60daysAgo": {"raw": 2.37667, "fmt": "2.38"}, "90daysAgo": {"raw": 2.37667, "fmt": "2.38"}, "epsTrendCurrency": "USD"}, "epsRevisions": {"upLast7days": {"raw": 1, "fmt": "1", "longFmt": "1"}, "upLast30days": {"raw": 1, "fmt": "1", "longFmt": "1"}, "downLast30days": {"raw": 2, "fmt": "2", "longFmt": "2"}, "downLast7Days": {"raw": 2, "fmt": "2", "longFmt": "2"}, "downLast90days": {}, "epsRevisionsCurrency": "USD"}}], "defaultMethodology": "nongaap", "maxAge": 1}, "earningsHistory": {"history": [{"maxAge": 1, "epsActual": {"raw": 0.63, "fmt": "0.63"}, "epsEstimate": {"raw": 0.37333, "fmt": "0.37"}, "epsDifference": {"raw": 0.26, "fmt": "0.26"}, "surprisePercent": {"raw": 0.6875, "fmt": "68.75%"}, "quarter": {"raw": 1727654400, "fmt": "2024-09-30"}, "currency": "USD", "period": "-4q"}, {"maxAge": 1, "epsActual": {"raw": 0.56, "fmt": "0.56"}, "epsEstimate": {"raw": 0.3875, "fmt": "0.39"}, "epsDifference": {"raw": 0.17, "fmt": "0.17"}, "surprisePercent": {"raw": 0.4452, "fmt": "44.52%"}, "quarter": {"raw": 1735603200, "fmt": "2024-12-31"}, "currency": "USD", "period": "-3q"}, {"maxAge": 1, "epsActual": {"raw": 0.46, "fmt": "0.46"}, "epsEstimate": {"raw": 0.3475, "fmt": "0.35"}, "epsDifference": {"raw": 0.11, "fmt": "0.11"}, "surprisePercent": {"raw": 0.32369998, "fmt": "32.37%"}, "quarter": {"raw": 1743379200, "fmt": "2025-03-31"}, "currency": "USD", "period": "-2q"}, {"maxAge": 1, "epsActual": {"raw": 0.54, "fmt": "0.54"}, "epsEstimate": {"raw": 0.5025, "fmt": "0.5"}, "epsDifference": {"raw": 0.04, "fmt": "0.04"}, "surprisePercent": {"raw": 0.0746, "fmt": "7.46%"}, "quarter": {"raw": 1751241600, "fmt": "2025-06-30"}, "currency": "USD", "period": "-1q"}], "defaultMethodology": "nongaap", "maxAge": 86400}, "financialData": {"maxAge": 86400, "currentPrice": {"raw": 41.37, "fmt": "41.37"}, "targetHighPrice": {"raw": 52.3, "fmt": "52.30"}, "targetLowPrice": {"raw": 30.0, "fmt": "30.00"}, "targetMeanPrice": {"raw": 42.0375, "fmt": "42.04"}, "targetMedianPrice": {"raw": 40.5, "fmt": "40.50"}, "recommendationMean": {}, "recommendationKey": "none", "numberOfAnalystOpinions": {"raw": 8, "fmt": "8", "longFmt": "8"}, "totalCash": {"raw": 494222016, "fmt": "494.22M", "longFmt": "494,222,016"}, "totalCashPerShare": {"raw": 7.7, "fmt": "7.7"}, "ebitda": {"raw": 157283008, "fmt": "157.28M", "longFmt": "157,283,008"}, "totalDebt": {"raw": 287372992, "fmt": "287.37M", "longFmt": "287,372,992"}, "quickRatio": {"raw": 1.448, "fmt": "1.45"}, "currentRatio": {"raw": 2.452, "fmt": "2.45"}, "totalRevenue": {"raw": 815166016, "fmt": "815.17M", "longFmt": "815,166,016"}, "debtToEquity": {"raw": 24.115, "fmt": "24.11%"}, "revenuePerShare": {"raw": 12.911, "fmt": "12.91"}, "returnOnAssets": {"raw": 0.04911, "fmt": "4.91%"}, "returnOnEquity": {"raw": 0.12682, "fmt": "12.68%"}, "grossProfits": {"raw": 402660000, "fmt": "402.66M", "longFmt": "402,660,000"}, "freeCashflow": {"raw": -75642872, "fmt": "-75.64M", "longFmt": "-75,642,872"}, "operatingCashflow": {"raw": 60889000, "fmt": "60.89M", "longFmt": "60,889,000"}, "earningsGrowth": {"raw": 0.238, "fmt": "23.80%"}, "revenueGrowth": {"raw": 0.064, "fmt": "6.40%"}, "grossMargins": {"raw": 0.49396, "fmt": "49.40%"}, "ebitdaMargins": {"raw": 0.19295, "fmt": "19.29%"}, "operatingMargins": {"raw": 0.14716, "fmt": "14.72%"}, "profitMargins": {"raw": 0.13755, "fmt": "13.75%"}, "financialCurrency": "USD"}}