{"assetProfile": {"address1": "16 Lincoln Square", "city": "Gettysburg", "state": "PA", "zip": "17325", "country": "United States", "phone": "717 334 3161", "website": "https://www.acnb.com", "industry": "Banks - Regional", "industryKey": "banks-regional", "industryDisp": "Banks - Regional", "sector": "Financial Services", "sectorKey": "financial-services", "sectorDisp": "Financial Services", "longBusinessSummary": "ACNB Corporation, a financial holding company, offers banking, insurance, and financial services to individual, business, and government customers in the United States. The company offers checking, savings, and money market deposit accounts, as well as time deposits and debit cards. It also provides commercial lending products, such as commercial mortgages, real estate development and construction loans, accounts receivable and inventory financing, and agricultural and governmental loans; consumer lending products, including home equity loans and lines of credit, automobile and recreational vehicle loans, manufactured housing loans, and personal lines of credit; and mortgage lending programs include personal residential mortgages, and residential construction and investment mortgage loans. In addition, the company offers other services that are related to testamentary trusts, life insurance trusts, charitable remainder trusts, guardianships, powers of attorney, custodial accounts, and investment management and advisory accounts; and wealth management and retail brokerage and services. Further, it acts as a trustee to invest in, protect, manage, and distribute financial assets. Additionally, the company offers property and casualty, health, life, and disability insurance products to commercial and personal clients; and online, telephone, and mobile banking, as well as automated teller machine services. ACNB Corporation was founded in 1857 and is headquartered in Gettysburg, Pennsylvania.", "fullTimeEmployees": 391, "companyOfficers": [{"maxAge": 1, "name": "Mr. James P. Helt", "age": 57, "title": "President, CEO & Director", "yearBorn": 1967, "fiscalYear": 2024, "totalPay": {"raw": 1063186, "fmt": "1.06M", "longFmt": "1,063,186"}, "exercisedValue": {"raw": 0, "fmt": null, "longFmt": "0"}, "unexercisedValue": {"raw": 0, "fmt": null, "longFmt": "0"}}, {"maxAge": 1, "name": "Mr. Brett D. Fulk", "age": 55, "title": "Executive VP & Chief Strategy Officer", "yearBorn": 1969, "fiscalYear": 2024, "totalPay": {"raw": 484325, "fmt": "484.32k", "longFmt": "484,325"}, "exercisedValue": {"raw": 0, "fmt": null, "longFmt": "0"}, "unexercisedValue": {"raw": 0, "fmt": null, "longFmt": "0"}}, {"maxAge": 1, "name": "Mr. Douglas A. Seibel", "age": 63, "title": "Executive VP and Chief Lending & Revenue Officer of ACNB Bank", "yearBorn": 1961, "fiscalYear": 2024, "totalPay": {"raw": 651038, "fmt": "651.04k", "longFmt": "651,038"}, "exercisedValue": {"raw": 0, "fmt": null, "longFmt": "0"}, "unexercisedValue": {"raw": 0, "fmt": null, "longFmt": "0"}}, {"maxAge": 1, "name": "Mr. Kevin J. Hayes Esq.", "title": "Senior VP, General Counsel, Secretary & Chief Governance Officer", "fiscalYear": 2024, "exercisedValue": {"raw": 0, "fmt": null, "longFmt": "0"}, "unexercisedValue": {"raw": 0, "fmt": null, "longFmt": "0"}}, {"maxAge": 1, "name": "Mr. Mark E. Blacksten", "title": "Executive Vice President of Maryland Market President", "fiscalYear": 2024, "exercisedValue": {"raw": 0, "fmt": null, "longFmt": "0"}, "unexercisedValue": {"raw": 0, "fmt": null, "longFmt": "0"}}], "auditRisk": 5, "boardRisk": 2, "compensationRisk": 5, "shareHolderRightsRisk": 9, "overallRisk": 5, "governanceEpochDate": 1761955200, "compensationAsOfEpochDate": 1735603200, "executiveTeam": [], "maxAge": 86400}, "calendarEvents": {"maxAge": 1, "earnings": {"earningsDate": [{"raw": 1769088600, "fmt": "2026-01-22"}], "earningsCallDate": [], "isEarningsDateEstimate": true, "earningsAverage": {"raw": 1.2175, "fmt": "1.22"}, "earningsLow": {"raw": 1.14, "fmt": "1.14"}, "earningsHigh": {"raw": 1.27, "fmt": "1.27"}, "revenueAverage": {"raw": 39582000, "fmt": "39.58M", "longFmt": "39,582,000"}, "revenueLow": {"raw": 38600000, "fmt": "38.6M", "longFmt": "38,600,000"}, "revenueHigh": {"raw": 40146000, "fmt": "40.15M", "longFmt": "40,146,000"}}, "exDividendDate": {"raw": 1764547200, "fmt": "2025-12-01"}, "dividendDate": {"raw": 1765756800, "fmt": "2025-12-15"}}, "earningsTrend": {"trend": [{"maxAge": 1, "period": "0q", "endDate": "2025-12-31", "growth": {"raw": 0.42080003, "fmt": "42.08%"}, "earningsEstimate": {"avg": {"raw": 1.2175, "fmt": "1.22"}, "low": {"raw": 1.14, "fmt": "1.14"}, "high": {"raw": 1.27, "fmt": "1.27"}, "yearAgoEps": {"raw": 0.8569, "fmt": "0.86"}, "numberOfAnalysts": {"raw": 4, "fmt": "4", "longFmt": "4"}, "growth": {"raw": 0.42080003, "fmt": "42.08%"}, "earningsCurrency": "USD"}, "revenueEstimate": {"avg": {"raw": 39582000, "fmt": "39.58M", "longFmt": "39,582,000"}, "low": {"raw": 38600000, "fmt": "38.6M", "longFmt": "38,600,000"}, "high": {"raw": 40146000, "fmt": "40.15M", "longFmt": "40,146,000"}, "numberOfAnalysts": {"raw": 3, "fmt": "3", "longFmt": "3"}, "yearAgoRevenue": {"raw": 27067000, "fmt": "27.07M", "longFmt": "27,067,000"}, "growth": {"raw": 0.46240002, "fmt": "46.24%"}, "revenueCurrency": "USD"}, "epsTrend": {"current": {"raw": 1.2175, "fmt": "1.22"}, "7daysAgo": {"raw": 1.15, "fmt": "1.15"}, "30daysAgo": {"raw": 1.1525, "fmt": "1.15"}, "60daysAgo": {"raw": 1.1525, "fmt": "1.15"}, "90daysAgo": {"raw": 1.1525, "fmt": "1.15"}, "epsTrendCurrency": "USD"}, "epsRevisions": {"upLast7days": {"raw": 1, "fmt": "1", "longFmt": "1"}, "upLast30days": {"raw": 3, "fmt": "3", "longFmt": "3"}, "downLast30days": {"raw": 0, "fmt": null, "longFmt": "0"}, "downLast7Days": {"raw": 0, "fmt": null, "longFmt": "0"}, "downLast90days": {}, "epsRevisionsCurrency": "USD"}}, {"maxAge": 1, "period": "+1q", "endDate": "2026-03-31", "growth": {"raw": 0.4999, "fmt": "49.99%"}, "earningsEstimate": {"avg": {"raw": 1.1825, "fmt": "1.18"}, "low": {"raw": 1.15, "fmt": "1.15"}, "high": {"raw": 1.22, "fmt": "1.22"}, "yearAgoEps": {"raw": 0.7884, "fmt": "0.79"}, "numberOfAnalysts": {"raw": 4, "fmt": "4", "longFmt": "4"}, "growth": {"raw": 0.4999, "fmt": "49.99%"}, "earningsCurrency": "USD"}, "revenueEstimate": {"avg": {"raw": 39123670, "fmt": "39.12M", "longFmt": "39,123,670"}, "low": {"raw": 38800000, "fmt": "38.8M", "longFmt": "38,800,000"}, "high": {"raw": 39571000, "fmt": "39.57M", "longFmt": "39,571,000"}, "numberOfAnalysts": {"raw": 3, "fmt": "3", "longFmt": "3"}, "yearAgoRevenue": {"raw": 34429000, "fmt": "34.43M", "longFmt": "34,429,000"}, "growth": {"raw": 0.1364, "fmt": "13.64%"}, "revenueCurrency": "USD"}, "epsTrend": {"current": {"raw": 1.1825, "fmt": "1.18"}, "7daysAgo": {"raw": 1.1175, "fmt": "1.12"}, "30daysAgo": {"raw": 1.1125, "fmt": "1.11"}, "60daysAgo": {"raw": 1.1125, "fmt": "1.11"}, "90daysAgo": {"raw": 1.1125, "fmt": "1.11"}, "epsTrendCurrency": "USD"}, "epsRevisions": {"upLast7days": {"raw": 3, "fmt": "3", "longFmt": "3"}, "upLast30days": {"raw": 1, "fmt": "1", "longFmt": "1"}, "downLast30days": {"raw": 0, "fmt": null, "longFmt": "0"}, "downLast7Days": {"raw": 0, "fmt": null, "longFmt": "0"}, "downLast90days": {}, "epsRevisionsCurrency": "USD"}}, {"maxAge": 1, "period": "0y", "endDate": "2025-12-31", "growth": {"raw": 0.26610002, "fmt": "26.61%"}, "earningsEstimate": {"avg": {"raw": 4.955, "fmt": "4.95"}, "low": {"raw": 4.85, "fmt": "4.85"}, "high": {"raw": 5.02, "fmt": "5.02"}, "yearAgoEps": {"raw": 3.9136, "fmt": "3.91"}, "numberOfAnalysts": {"raw": 4, "fmt": "4", "longFmt": "4"}, "growth": {"raw": 0.26610002, "fmt": "26.61%"}, "earningsCurrency": "USD"}, "revenueEstimate": {"avg": {"raw": 154176330, "fmt": "154.18M", "longFmt": "154,176,330"}, "low": {"raw": 153200000, "fmt": "153.2M", "longFmt": "153,200,000"}, "high": {"raw": 155000000, "fmt": "155M", "longFmt": "155,000,000"}, "numberOfAnalysts": {"raw": 3, "fmt": "3", "longFmt": "3"}, "yearAgoRevenue": {"raw": 108970000, "fmt": "108.97M", "longFmt": "108,970,000"}, "growth": {"raw": 0.4149, "fmt": "41.49%"}, "revenueCurrency": "USD"}, "epsTrend": {"current": {"raw": 4.955, "fmt": "4.95"}, "7daysAgo": {"raw": 4.67, "fmt": "4.67"}, "30daysAgo": {"raw": 4.625, "fmt": "4.62"}, "60daysAgo": {"raw": 4.625, "fmt": "4.62"}, "90daysAgo": {"raw": 4.625, "fmt": "4.62"}, "epsTrendCurrency": "USD"}, "epsRevisions": {"upLast7days": {"raw": 1, "fmt": "1", "longFmt": "1"}, "upLast30days": {"raw": 2, "fmt": "2", "longFmt": "2"}, "downLast30days": {"raw": 0, "fmt": null, "longFmt": "0"}, "downLast7Days": {"raw": 0, "fmt": null, "longFmt": "0"}, "downLast90days": {}, "epsRevisionsCurrency": "USD"}}, {"maxAge": 1, "period": "+1y", "endDate": "2026-12-31", "growth": {"raw": -0.0066000004, "fmt": "-0.66%"}, "earningsEstimate": {"avg": {"raw": 4.9225, "fmt": "4.92"}, "low": {"raw": 4.64, "fmt": "4.64"}, "high": {"raw": 5.16, "fmt": "5.16"}, "yearAgoEps": {"raw": 4.955, "fmt": "4.95"}, "numberOfAnalysts": {"raw": 4, "fmt": "4", "longFmt": "4"}, "growth": {"raw": -0.0066000004, "fmt": "-0.66%"}, "earningsCurrency": "USD"}, "revenueEstimate": {"avg": {"raw": 160697000, "fmt": "160.7M", "longFmt": "160,697,000"}, "low": {"raw": 157400000, "fmt": "157.4M", "longFmt": "157,400,000"}, "high": {"raw": 163691000, "fmt": "163.69M", "longFmt": "163,691,000"}, "numberOfAnalysts": {"raw": 3, "fmt": "3", "longFmt": "3"}, "yearAgoRevenue": {"raw": 154176330, "fmt": "154.18M", "longFmt": "154,176,330"}, "growth": {"raw": 0.0423, "fmt": "4.23%"}, "revenueCurrency": "USD"}, "epsTrend": {"current": {"raw": 4.9225, "fmt": "4.92"}, "7daysAgo": {"raw": 4.695, "fmt": "4.7"}, "30daysAgo": {"raw": 4.655, "fmt": "4.66"}, "60daysAgo": {"raw": 4.655, "fmt": "4.66"}, "90daysAgo": {"raw": 4.655, "fmt": "4.66"}, "epsTrendCurrency": "USD"}, "epsRevisions": {"upLast7days": {"raw": 1, "fmt": "1", "longFmt": "1"}, "upLast30days": {"raw": 2, "fmt": "2", "longFmt": "2"}, "downLast30days": {"raw": 0, "fmt": null, "longFmt": "0"}, "downLast7Days": {"raw": 0, "fmt": null, "longFmt": "0"}, "downLast90days": {}, "epsRevisionsCurrency": "USD"}}], "defaultMethodology": "nongaap", "maxAge": 1}, "earningsHistory": {"history": [{"maxAge": 1, "epsActual": {"raw": 0.8569, "fmt": "0.86"}, "epsEstimate": {"raw": 0.855, "fmt": "0.86"}, "epsDifference": {"raw": 0.0, "fmt": "0"}, "surprisePercent": {"raw": 0.0022, "fmt": "0.22%"}, "quarter": {"raw": 1735603200, "fmt": "2024-12-31"}, "currency": "USD", "period": "-4q"}, {"maxAge": 1, "epsActual": {"raw": 0.7884, "fmt": "0.79"}, "epsEstimate": {"raw": 0.9275, "fmt": "0.93"}, "epsDifference": {"raw": -0.14, "fmt": "-0.14"}, "surprisePercent": {"raw": -0.15, "fmt": "-15.00%"}, "quarter": {"raw": 1743379200, "fmt": "2025-03-31"}, "currency": "USD", "period": "-3q"}, {"maxAge": 1, "epsActual": {"raw": 1.2535, "fmt": "1.25"}, "epsEstimate": {"raw": 1.1525, "fmt": "1.15"}, "epsDifference": {"raw": 0.1, "fmt": "0.1"}, "surprisePercent": {"raw": 0.0876, "fmt": "8.76%"}, "quarter": {"raw": 1751241600, "fmt": "2025-06-30"}, "currency": "USD", "period": "-2q"}, {"maxAge": 1, "epsActual": {"raw": 1.4356, "fmt": "1.44"}, "epsEstimate": {"raw": 1.18, "fmt": "1.18"}, "epsDifference": {"raw": 0.26, "fmt": "0.26"}, "surprisePercent": {"raw": 0.2166, "fmt": "21.66%"}, "quarter": {"raw": 1759190400, "fmt": "2025-09-30"}, "currency": "USD", "period": "-1q"}], "defaultMethodology": "nongaap", "maxAge": 86400}, "financialData": {"maxAge": 86400, "currentPrice": {"raw": 45.36, "fmt": "45.36"}, "targetHighPrice": {"raw": 52.0, "fmt": "52.00"}, "targetLowPrice": {"raw": 51.0, "fmt": "51.00"}, "targetMeanPrice": {"raw": 51.66667, "fmt": "51.67"}, "targetMedianPrice": {"raw": 52.0, "fmt": "52.00"}, "recommendationMean": {"raw": 1.75, "fmt": "1.75"}, "recommendationKey": "buy", "numberOfAnalystOpinions": {"raw": 3, "fmt": "3", "longFmt": "3"}, "totalCash": {"raw": 102139000, "fmt": "102.14M", "longFmt": "102,139,000"}, "totalCashPerShare": {"raw": 9.799, "fmt": "9.8"}, "ebitda": {}, "totalDebt": {"raw": 340528992, "fmt": "340.53M", "longFmt": "340,528,992"}, "quickRatio": {}, "currentRatio": {}, "totalRevenue": {"raw": 136676000, "fmt": "136.68M", "longFmt": "136,676,000"}, "debtToEquity": {}, "revenuePerShare": {"raw": 13.948, "fmt": "13.95"}, "returnOnAssets": {"raw": 0.01158, "fmt": "1.16%"}, "returnOnEquity": {"raw": 0.091809995, "fmt": "9.18%"}, "grossProfits": {"raw": 136676000, "fmt": "136.68M", "longFmt": "136,676,000"}, "freeCashflow": {}, "operatingCashflow": {}, "earningsGrowth": {"raw": 0.69, "fmt": "69.00%"}, "revenueGrowth": {"raw": 0.493, "fmt": "49.30%"}, "grossMargins": {"raw": 0.0, "fmt": "0.00%"}, "ebitdaMargins": {"raw": 0.0, "fmt": "0.00%"}, "operatingMargins": {"raw": 0.50079, "fmt": "50.08%"}, "profitMargins": {"raw": 0.24028, "fmt": "24.03%"}, "financialCurrency": "USD"}}