{"assetProfile": {"address1": "20 North Martingale Road", "address2": "Suite 430", "city": "Schaumburg", "state": "IL", "zip": "60173", "country": "United States", "phone": "630 884 9181", "website": "https://ascentco.com", "industry": "Chemicals", "industryKey": "chemicals", "industryDisp": "Chemicals", "sector": "Basic Materials", "sectorKey": "basic-materials", "sectorDisp": "Basic Materials", "longBusinessSummary": "Ascent Industries Co. an industrials company, produces and sells stainless steel pipe and tube, and specialty chemicals in the United States and internationally. It operates through two segments, Tubular Products and Specialty Chemicals. The Tubular Products segment manufactures and sells welded pipe and tube from stainless steel, duplex, and nickel alloys; and ornamental stainless-steel tubes for the appliance, architectural, automotive and commercial transportation, brewery, chemical, petrochemical, pulp and paper, mining, power generation, water and waste-water treatment, liquid natural gas, food processing, pharmaceutical, oil and gas, and other industries. Its Specialty Chemicals segment produces surfactants, defoamers, lubricating agents, flame retardants, and chemical intermediates, as well as petroleum-derived products and bio-based alternatives for the oil and gas, household, industrial and institutional, personal care, coatings, adhesives, sealants and elastomers (CASE), pulp and paper, textile, automotive, agricultural, water treatment, construction, and other industries. This segment also provides custom manufacturing services ranging from product development to commercial scale production. The company was formerly known as Synalloy Corporation and changed its name to Ascent Industries Co. in August 2022. Ascent Industries Co. was founded in 1945 and is headquartered in Schaumburg, Illinois.", "fullTimeEmployees": 451, "companyOfficers": [{"maxAge": 1, "name": "Mr. Benjamin L. Rosenzweig", "age": 39, "title": "Executive Chairman", "yearBorn": 1985, "fiscalYear": 2024, "totalPay": {"raw": 20000, "fmt": "20k", "longFmt": "20,000"}, "exercisedValue": {"raw": 0, "fmt": null, "longFmt": "0"}, "unexercisedValue": {"raw": 0, "fmt": null, "longFmt": "0"}}, {"maxAge": 1, "name": "Mr. J. Bryan Kitchen", "age": 50, "title": "President & CEO", "yearBorn": 1974, "fiscalYear": 2024, "totalPay": {"raw": 489904, "fmt": "489.9k", "longFmt": "489,904"}, "exercisedValue": {"raw": 0, "fmt": null, "longFmt": "0"}, "unexercisedValue": {"raw": 0, "fmt": null, "longFmt": "0"}}, {"maxAge": 1, "name": "Mr. Ryan  Kavalauskas", "age": 40, "title": "Chief Financial Officer", "yearBorn": 1984, "fiscalYear": 2024, "totalPay": {"raw": 336217, "fmt": "336.22k", "longFmt": "336,217"}, "exercisedValue": {"raw": 0, "fmt": null, "longFmt": "0"}, "unexercisedValue": {"raw": 0, "fmt": null, "longFmt": "0"}}, {"maxAge": 1, "name": "Ms. Kimberly  Portnoy", "title": "General Counsel, Corporate Secretary and VP of Regulatory & Govt. Affairs", "fiscalYear": 2024, "exercisedValue": {"raw": 0, "fmt": null, "longFmt": "0"}, "unexercisedValue": {"raw": 0, "fmt": null, "longFmt": "0"}}, {"maxAge": 1, "name": "Mr. Anthony  Pan", "title": "Vice President of Sales & Business Development", "fiscalYear": 2024, "exercisedValue": {"raw": 0, "fmt": null, "longFmt": "0"}, "unexercisedValue": {"raw": 0, "fmt": null, "longFmt": "0"}}, {"maxAge": 1, "name": "Mr. John W. Johnson", "title": "President of Ascent Tubular", "fiscalYear": 2024, "exercisedValue": {"raw": 0, "fmt": null, "longFmt": "0"}, "unexercisedValue": {"raw": 0, "fmt": null, "longFmt": "0"}}, {"maxAge": 1, "name": "Ravi Ramesh Srinivas", "title": "VP of Operations & Chemical", "fiscalYear": 2024, "exercisedValue": {"raw": 0, "fmt": null, "longFmt": "0"}, "unexercisedValue": {"raw": 0, "fmt": null, "longFmt": "0"}}], "auditRisk": 10, "boardRisk": 9, "compensationRisk": 7, "shareHolderRightsRisk": 1, "overallRisk": 7, "governanceEpochDate": 1761955200, "compensationAsOfEpochDate": 1735603200, "irWebsite": "http://investor.synalloy.com/", "executiveTeam": [], "maxAge": 86400}, "calendarEvents": {"maxAge": 1, "earnings": {"earningsDate": [{"raw": 1762290000, "fmt": "2025-11-04"}], "earningsCallDate": [{"raw": 1762293600, "fmt": "2025-11-04"}], "isEarningsDateEstimate": false, "earningsAverage": {}, "earningsLow": {}, "earningsHigh": {}, "revenueAverage": {}, "revenueLow": {}, "revenueHigh": {}}, "exDividendDate": {"raw": 1543449600, "fmt": "2018-11-29"}, "dividendDate": {"raw": 1544572800, "fmt": "2018-12-12"}}, "earningsTrend": {"trend": [{"maxAge": 1, "period": "0q", "endDate": null, "growth": {}, "earningsEstimate": {"avg": {}, "low": {}, "high": {}, "yearAgoEps": {}, "numberOfAnalysts": {}, "growth": {}, "earningsCurrency": null}, "revenueEstimate": {"avg": {"raw": 0, "fmt": null, "longFmt": "0"}, "low": {"raw": 0, "fmt": null, "longFmt": "0"}, "high": {"raw": 0, "fmt": null, "longFmt": "0"}, "numberOfAnalysts": {"raw": 0, "fmt": null, "longFmt": "0"}, "yearAgoRevenue": {}, "growth": {}, "revenueCurrency": null}, "epsTrend": {"current": {}, "7daysAgo": {}, "30daysAgo": {}, "60daysAgo": {}, "90daysAgo": {}, "epsTrendCurrency": null}, "epsRevisions": {"upLast7days": {}, "upLast30days": {}, "downLast30days": {}, "downLast7Days": {}, "downLast90days": {}, "epsRevisionsCurrency": null}}, {"maxAge": 1, "period": "+1q", "endDate": "2024-09-30", "growth": {}, "earningsEstimate": {"avg": {}, "low": {}, "high": {}, "yearAgoEps": {}, "numberOfAnalysts": {}, "growth": {}, "earningsCurrency": null}, "revenueEstimate": {"avg": {"raw": 0, "fmt": null, "longFmt": "0"}, "low": {"raw": 0, "fmt": null, "longFmt": "0"}, "high": {"raw": 0, "fmt": null, "longFmt": "0"}, "numberOfAnalysts": {"raw": 0, "fmt": null, "longFmt": "0"}, "yearAgoRevenue": {}, "growth": {}, "revenueCurrency": null}, "epsTrend": {"current": {}, "7daysAgo": {}, "30daysAgo": {}, "60daysAgo": {}, "90daysAgo": {}, "epsTrendCurrency": null}, "epsRevisions": {"upLast7days": {}, "upLast30days": {}, "downLast30days": {}, "downLast7Days": {}, "downLast90days": {}, "epsRevisionsCurrency": null}}, {"maxAge": 1, "period": "0y", "endDate": "2024-12-31", "growth": {}, "earningsEstimate": {"avg": {}, "low": {}, "high": {}, "yearAgoEps": {}, "numberOfAnalysts": {}, "growth": {}, "earningsCurrency": null}, "revenueEstimate": {"avg": {"raw": 0, "fmt": null, "longFmt": "0"}, "low": {"raw": 0, "fmt": null, "longFmt": "0"}, "high": {"raw": 0, "fmt": null, "longFmt": "0"}, "numberOfAnalysts": {"raw": 0, "fmt": null, "longFmt": "0"}, "yearAgoRevenue": {}, "growth": {}, "revenueCurrency": null}, "epsTrend": {"current": {}, "7daysAgo": {}, "30daysAgo": {}, "60daysAgo": {}, "90daysAgo": {}, "epsTrendCurrency": null}, "epsRevisions": {"upLast7days": {}, "upLast30days": {}, "downLast30days": {}, "downLast7Days": {}, "downLast90days": {}, "epsRevisionsCurrency": null}}, {"maxAge": 1, "period": "+1y", "endDate": null, "growth": {}, "earningsEstimate": {"avg": {}, "low": {}, "high": {}, "yearAgoEps": {}, "numberOfAnalysts": {}, "growth": {}, "earningsCurrency": null}, "revenueEstimate": {"avg": {"raw": 0, "fmt": null, "longFmt": "0"}, "low": {"raw": 0, "fmt": null, "longFmt": "0"}, "high": {"raw": 0, "fmt": null, "longFmt": "0"}, "numberOfAnalysts": {"raw": 0, "fmt": null, "longFmt": "0"}, "yearAgoRevenue": {}, "growth": {}, "revenueCurrency": null}, "epsTrend": {"current": {}, "7daysAgo": {}, "30daysAgo": {}, "60daysAgo": {}, "90daysAgo": {}, "epsTrendCurrency": null}, "epsRevisions": {"upLast7days": {}, "upLast30days": {}, "downLast30days": {}, "downLast7Days": {}, "downLast90days": {}, "epsRevisionsCurrency": null}}], "defaultMethodology": "nongaap", "maxAge": 1}, "earningsHistory": {"history": [{"maxAge": 1, "epsActual": {"raw": -0.36, "fmt": "-0.36"}, "epsEstimate": {"raw": -0.39, "fmt": "-0.39"}, "epsDifference": {"raw": 0.03, "fmt": "0.03"}, "surprisePercent": {"raw": 0.0769, "fmt": "7.69%"}, "quarter": {"raw": 1688083200, "fmt": "2023-06-30"}, "currency": "USD", "period": "-4q"}, {"maxAge": 1, "epsActual": {"raw": -0.20431, "fmt": "-0.2"}, "epsEstimate": {"raw": -0.12, "fmt": "-0.12"}, "epsDifference": {"raw": -0.08, "fmt": "-0.08"}, "surprisePercent": {"raw": -0.7026, "fmt": "-70.26%"}, "quarter": {"raw": 1696032000, "fmt": "2023-09-30"}, "currency": "USD", "period": "-3q"}, {"maxAge": 1, "epsActual": {"raw": -0.67508, "fmt": "-0.68"}, "epsEstimate": {"raw": -0.08, "fmt": "-0.08"}, "epsDifference": {"raw": -0.6, "fmt": "-0.6"}, "surprisePercent": {"raw": -7.4385, "fmt": "-743.85%"}, "quarter": {"raw": 1703980800, "fmt": "2023-12-31"}, "currency": "USD", "period": "-2q"}, {"maxAge": 1, "epsActual": {"raw": -0.54, "fmt": "-0.54"}, "epsEstimate": {"raw": -0.37, "fmt": "-0.37"}, "epsDifference": {"raw": -0.17, "fmt": "-0.17"}, "surprisePercent": {"raw": -0.4595, "fmt": "-45.95%"}, "quarter": {"raw": 1711843200, "fmt": "2024-03-31"}, "currency": "USD", "period": "-1q"}], "defaultMethodology": "nongaap", "maxAge": 86400}, "financialData": {"maxAge": 86400, "currentPrice": {"raw": 12.08, "fmt": "12.08"}, "targetHighPrice": {}, "targetLowPrice": {}, "targetMeanPrice": {}, "targetMedianPrice": {}, "recommendationMean": {}, "recommendationKey": "none", "numberOfAnalystOpinions": {}, "totalCash": {"raw": 60479000, "fmt": "60.48M", "longFmt": "60,479,000"}, "totalCashPerShare": {"raw": 6.456, "fmt": "6.46"}, "ebitda": {"raw": 5723000, "fmt": "5.72M", "longFmt": "5,723,000"}, "totalDebt": {"raw": 22086000, "fmt": "22.09M", "longFmt": "22,086,000"}, "quickRatio": {"raw": 5.567, "fmt": "5.57"}, "currentRatio": {"raw": 6.644, "fmt": "6.64"}, "totalRevenue": {"raw": 172594000, "fmt": "172.59M", "longFmt": "172,594,000"}, "debtToEquity": {"raw": 24.618, "fmt": "24.62%"}, "revenuePerShare": {"raw": 17.246, "fmt": "17.25"}, "returnOnAssets": {"raw": -0.00698, "fmt": "-0.70%"}, "returnOnEquity": {"raw": -0.112679996, "fmt": "-11.27%"}, "grossProfits": {"raw": 25848000, "fmt": "25.85M", "longFmt": "25,848,000"}, "freeCashflow": {"raw": 46232624, "fmt": "46.23M", "longFmt": "46,232,624"}, "operatingCashflow": {"raw": 10145000, "fmt": "10.14M", "longFmt": "10,145,000"}, "earningsGrowth": {}, "revenueGrowth": {"raw": -0.131, "fmt": "-13.10%"}, "grossMargins": {"raw": 0.14976, "fmt": "14.98%"}, "ebitdaMargins": {"raw": 0.03316, "fmt": "3.32%"}, "operatingMargins": {"raw": -0.0846, "fmt": "-8.46%"}, "profitMargins": {"raw": -0.01846, "fmt": "-1.85%"}, "financialCurrency": "USD"}}