{"assetProfile": {"address1": "750 West Pender Street", "address2": "Suite 1200", "city": "Vancouver", "state": "BC", "zip": "V6C 2T8", "country": "Canada", "phone": "604-564-9244", "website": "https://www.alphacognition.com", "industry": "Biotechnology", "industryKey": "biotechnology", "industryDisp": "Biotechnology", "sector": "Healthcare", "sectorKey": "healthcare", "sectorDisp": "Healthcare", "longBusinessSummary": "Alpha Cognition Inc., a biopharmaceutical company, engages in the development of treatments for patients suffering from neurodegenerative diseases in the United States and Canada. The company's commercial development program includes ZUNVEYL oral tablet formulation for treating Alzheimer's disease. Its pre-clinical development programs comprise ZUNVEYL in combination with memantine for the treatment of moderate-to-severe Alzheimer's disease; ALPHA-1062 sublingual formulation for acute pancreatitis; ALPHA-1062 intranasal formulation for the treatment of cognitive impairment with mild traumatic brain injury; and ALPHA-0602, ALPHA-0702, and ALPHA-0802 programs for the treatment of neurodegenerative diseases, including amyotrophic lateral sclerosis disease and spinal muscular atrophy. The company was founded in 2000 and is headquartered in Vancouver, Canada.", "companyOfficers": [{"maxAge": 1, "name": "Mr. Michael E. McFadden B.B.A.", "age": 57, "title": "CEO & Director", "yearBorn": 1967, "fiscalYear": 2024, "totalPay": {"raw": 786186, "fmt": "786.19k", "longFmt": "786,186"}, "exercisedValue": {"raw": 0, "fmt": null, "longFmt": "0"}, "unexercisedValue": {"raw": 210255, "fmt": "210.25k", "longFmt": "210,255"}}, {"maxAge": 1, "name": "Ms. Lauren  D'Angelo M.B.A.", "age": 46, "title": "Chief Operating Officer", "yearBorn": 1978, "fiscalYear": 2024, "totalPay": {"raw": 660337, "fmt": "660.34k", "longFmt": "660,337"}, "exercisedValue": {"raw": 0, "fmt": null, "longFmt": "0"}, "unexercisedValue": {"raw": 125527, "fmt": "125.53k", "longFmt": "125,527"}}, {"maxAge": 1, "name": "Mr. Kenneth Anthony Cawkell B.A., LL.B.", "age": 73, "title": "Founder, Consultant, Corporate Secretary & Director", "yearBorn": 1951, "fiscalYear": 2024, "totalPay": {"raw": 194460, "fmt": "194.46k", "longFmt": "194,460"}, "exercisedValue": {"raw": 0, "fmt": null, "longFmt": "0"}, "unexercisedValue": {"raw": 0, "fmt": null, "longFmt": "0"}}, {"maxAge": 1, "name": "Mr. Henry  Du CPA", "age": 45, "title": "VP of Finance & Accounting and Interim CFO", "yearBorn": 1979, "fiscalYear": 2024, "exercisedValue": {"raw": 0, "fmt": null, "longFmt": "0"}, "unexercisedValue": {"raw": 0, "fmt": null, "longFmt": "0"}}, {"maxAge": 1, "name": "Dr. Denis G. Kay M.Sc., Ph.D.", "age": 67, "title": "Chief Scientific Officer", "yearBorn": 1957, "fiscalYear": 2024, "totalPay": {"raw": 180000, "fmt": "180k", "longFmt": "180,000"}, "exercisedValue": {"raw": 0, "fmt": null, "longFmt": "0"}, "unexercisedValue": {"raw": 0, "fmt": null, "longFmt": "0"}}, {"maxAge": 1, "name": "Mr. Timothy  Ayers", "title": "Head of Compliance", "fiscalYear": 2024, "exercisedValue": {"raw": 0, "fmt": null, "longFmt": "0"}, "unexercisedValue": {"raw": 0, "fmt": null, "longFmt": "0"}}, {"maxAge": 1, "name": "Ms. Amy  Kincaid", "title": "Executive Director, Head of Marketing & Commercial Strategy", "fiscalYear": 2024, "exercisedValue": {"raw": 0, "fmt": null, "longFmt": "0"}, "unexercisedValue": {"raw": 0, "fmt": null, "longFmt": "0"}}, {"maxAge": 1, "name": "Mr. Jack  Kelly", "title": "Executive Director & Head of Market Access", "fiscalYear": 2024, "exercisedValue": {"raw": 0, "fmt": null, "longFmt": "0"}, "unexercisedValue": {"raw": 0, "fmt": null, "longFmt": "0"}}], "compensationAsOfEpochDate": 1735603200, "executiveTeam": [], "maxAge": 86400}, "calendarEvents": {"maxAge": 1, "earnings": {"earningsDate": [{"raw": 1763040600, "fmt": "2025-11-13"}], "earningsCallDate": [{"raw": 1763069400, "fmt": "2025-11-13"}], "isEarningsDateEstimate": false, "earningsAverage": {"raw": -0.47, "fmt": "-0.47"}, "earningsLow": {"raw": -0.47, "fmt": "-0.47"}, "earningsHigh": {"raw": -0.47, "fmt": "-0.47"}, "revenueAverage": {"raw": 3207000, "fmt": "3.21M", "longFmt": "3,207,000"}, "revenueLow": {"raw": 3207000, "fmt": "3.21M", "longFmt": "3,207,000"}, "revenueHigh": {"raw": 3207000, "fmt": "3.21M", "longFmt": "3,207,000"}}, "exDividendDate": {}, "dividendDate": {}}, "earningsTrend": {"trend": [{"maxAge": 1, "period": "0q", "endDate": "2025-09-30", "growth": {}, "earningsEstimate": {"avg": {"raw": -0.47, "fmt": "-0.47"}, "low": {"raw": -0.47, "fmt": "-0.47"}, "high": {"raw": -0.47, "fmt": "-0.47"}, "yearAgoEps": {}, "numberOfAnalysts": {"raw": 1, "fmt": "1", "longFmt": "1"}, "growth": {}, "earningsCurrency": "USD"}, "revenueEstimate": {"avg": {"raw": 3207000, "fmt": "3.21M", "longFmt": "3,207,000"}, "low": {"raw": 3207000, "fmt": "3.21M", "longFmt": "3,207,000"}, "high": {"raw": 3207000, "fmt": "3.21M", "longFmt": "3,207,000"}, "numberOfAnalysts": {"raw": 1, "fmt": "1", "longFmt": "1"}, "yearAgoRevenue": {}, "growth": {}, "revenueCurrency": "CAD"}, "epsTrend": {"current": {"raw": -0.47, "fmt": "-0.47"}, "7daysAgo": {"raw": -0.47, "fmt": "-0.47"}, "30daysAgo": {"raw": -0.47, "fmt": "-0.47"}, "60daysAgo": {"raw": -0.5, "fmt": "-0.5"}, "90daysAgo": {"raw": -0.5, "fmt": "-0.5"}, "epsTrendCurrency": "USD"}, "epsRevisions": {"upLast7days": {"raw": 1, "fmt": "1", "longFmt": "1"}, "upLast30days": {"raw": 1, "fmt": "1", "longFmt": "1"}, "downLast30days": {"raw": 0, "fmt": null, "longFmt": "0"}, "downLast7Days": {"raw": 0, "fmt": null, "longFmt": "0"}, "downLast90days": {}, "epsRevisionsCurrency": "USD"}}, {"maxAge": 1, "period": "+1q", "endDate": "2025-12-31", "growth": {"raw": 0.45099998, "fmt": "45.10%"}, "earningsEstimate": {"avg": {"raw": -0.28, "fmt": "-0.28"}, "low": {"raw": -0.28, "fmt": "-0.28"}, "high": {"raw": -0.28, "fmt": "-0.28"}, "yearAgoEps": {"raw": -0.51, "fmt": "-0.51"}, "numberOfAnalysts": {"raw": 1, "fmt": "1", "longFmt": "1"}, "growth": {"raw": 0.45099998, "fmt": "45.10%"}, "earningsCurrency": "USD"}, "revenueEstimate": {"avg": {"raw": 8923000, "fmt": "8.92M", "longFmt": "8,923,000"}, "low": {"raw": 8923000, "fmt": "8.92M", "longFmt": "8,923,000"}, "high": {"raw": 8923000, "fmt": "8.92M", "longFmt": "8,923,000"}, "numberOfAnalysts": {"raw": 1, "fmt": "1", "longFmt": "1"}, "yearAgoRevenue": {"raw": 0, "fmt": null, "longFmt": "0"}, "growth": {"raw": 0.0, "fmt": "0.00%"}, "revenueCurrency": "CAD"}, "epsTrend": {"current": {"raw": -0.28, "fmt": "-0.28"}, "7daysAgo": {"raw": -0.28, "fmt": "-0.28"}, "30daysAgo": {"raw": -0.28, "fmt": "-0.28"}, "60daysAgo": {"raw": -0.3, "fmt": "-0.3"}, "90daysAgo": {"raw": -0.3, "fmt": "-0.3"}, "epsTrendCurrency": "USD"}, "epsRevisions": {"upLast7days": {"raw": 1, "fmt": "1", "longFmt": "1"}, "upLast30days": {"raw": 1, "fmt": "1", "longFmt": "1"}, "downLast30days": {"raw": 0, "fmt": null, "longFmt": "0"}, "downLast7Days": {"raw": 0, "fmt": null, "longFmt": "0"}, "downLast90days": {}, "epsRevisionsCurrency": "USD"}}, {"maxAge": 1, "period": "0y", "endDate": "2025-12-31", "growth": {"raw": 0.24260001, "fmt": "24.26%"}, "earningsEstimate": {"avg": {"raw": -1.53, "fmt": "-1.53"}, "low": {"raw": -1.53, "fmt": "-1.53"}, "high": {"raw": -1.53, "fmt": "-1.53"}, "yearAgoEps": {"raw": -2.02, "fmt": "-2.02"}, "numberOfAnalysts": {"raw": 1, "fmt": "1", "longFmt": "1"}, "growth": {"raw": 0.24260001, "fmt": "24.26%"}, "earningsCurrency": "USD"}, "revenueEstimate": {"avg": {"raw": 18542000, "fmt": "18.54M", "longFmt": "18,542,000"}, "low": {"raw": 18542000, "fmt": "18.54M", "longFmt": "18,542,000"}, "high": {"raw": 18542000, "fmt": "18.54M", "longFmt": "18,542,000"}, "numberOfAnalysts": {"raw": 1, "fmt": "1", "longFmt": "1"}, "yearAgoRevenue": {"raw": 0, "fmt": null, "longFmt": "0"}, "growth": {"raw": 0.0, "fmt": "0.00%"}, "revenueCurrency": "CAD"}, "epsTrend": {"current": {"raw": -1.53, "fmt": "-1.53"}, "7daysAgo": {"raw": -1.53, "fmt": "-1.53"}, "30daysAgo": {"raw": -1.53, "fmt": "-1.53"}, "60daysAgo": {"raw": -1.47, "fmt": "-1.47"}, "90daysAgo": {"raw": -1.47, "fmt": "-1.47"}, "epsTrendCurrency": "USD"}, "epsRevisions": {"upLast7days": {"raw": 1, "fmt": "1", "longFmt": "1"}, "upLast30days": {"raw": 1, "fmt": "1", "longFmt": "1"}, "downLast30days": {"raw": 0, "fmt": null, "longFmt": "0"}, "downLast7Days": {"raw": 0, "fmt": null, "longFmt": "0"}, "downLast90days": {}, "epsRevisionsCurrency": "USD"}}, {"maxAge": 1, "period": "+1y", "endDate": "2026-12-31", "growth": {"raw": 0.0588, "fmt": "5.88%"}, "earningsEstimate": {"avg": {"raw": -1.44, "fmt": "-1.44"}, "low": {"raw": -1.44, "fmt": "-1.44"}, "high": {"raw": -1.44, "fmt": "-1.44"}, "yearAgoEps": {"raw": -1.53, "fmt": "-1.53"}, "numberOfAnalysts": {"raw": 1, "fmt": "1", "longFmt": "1"}, "growth": {"raw": 0.0588, "fmt": "5.88%"}, "earningsCurrency": "USD"}, "revenueEstimate": {"avg": {"raw": 42214660, "fmt": "42.21M", "longFmt": "42,214,660"}, "low": {"raw": 33878000, "fmt": "33.88M", "longFmt": "33,878,000"}, "high": {"raw": 50551310, "fmt": "50.55M", "longFmt": "50,551,310"}, "numberOfAnalysts": {"raw": 2, "fmt": "2", "longFmt": "2"}, "yearAgoRevenue": {"raw": 18542000, "fmt": "18.54M", "longFmt": "18,542,000"}, "growth": {"raw": 1.2767, "fmt": "127.67%"}, "revenueCurrency": "CAD"}, "epsTrend": {"current": {"raw": -1.44, "fmt": "-1.44"}, "7daysAgo": {"raw": -0.81, "fmt": "-0.81"}, "30daysAgo": {"raw": -0.81, "fmt": "-0.81"}, "60daysAgo": {"raw": -0.96, "fmt": "-0.96"}, "90daysAgo": {"raw": -0.96, "fmt": "-0.96"}, "epsTrendCurrency": "USD"}, "epsRevisions": {"upLast7days": {"raw": 0, "fmt": null, "longFmt": "0"}, "upLast30days": {"raw": 0, "fmt": null, "longFmt": "0"}, "downLast30days": {"raw": 1, "fmt": "1", "longFmt": "1"}, "downLast7Days": {"raw": 1, "fmt": "1", "longFmt": "1"}, "downLast90days": {}, "epsRevisionsCurrency": "USD"}}], "defaultMethodology": "nongaap", "maxAge": 1}, "earningsHistory": {"history": [{"maxAge": 1, "epsActual": {"raw": -0.31, "fmt": "-0.31"}, "epsEstimate": {}, "epsDifference": {}, "surprisePercent": {}, "quarter": {"raw": 1727654400, "fmt": "2024-09-30"}, "currency": "USD", "period": "-4q"}, {"maxAge": 1, "epsActual": {"raw": -0.51, "fmt": "-0.51"}, "epsEstimate": {"raw": -0.48, "fmt": "-0.48"}, "epsDifference": {"raw": -0.03, "fmt": "-0.03"}, "surprisePercent": {"raw": -0.0625, "fmt": "-6.25%"}, "quarter": {"raw": 1735603200, "fmt": "2024-12-31"}, "currency": "USD", "period": "-3q"}, {"maxAge": 1, "epsActual": {"raw": -0.13, "fmt": "-0.13"}, "epsEstimate": {"raw": -0.78, "fmt": "-0.78"}, "epsDifference": {"raw": 0.65, "fmt": "0.65"}, "surprisePercent": {"raw": 0.8333, "fmt": "83.33%"}, "quarter": {"raw": 1743379200, "fmt": "2025-03-31"}, "currency": "USD", "period": "-2q"}, {"maxAge": 1, "epsActual": {"raw": -0.65, "fmt": "-0.65"}, "epsEstimate": {"raw": -0.55, "fmt": "-0.55"}, "epsDifference": {"raw": -0.1, "fmt": "-0.1"}, "surprisePercent": {"raw": -0.18180001, "fmt": "-18.18%"}, "quarter": {"raw": 1751241600, "fmt": "2025-06-30"}, "currency": "USD", "period": "-1q"}], "defaultMethodology": "nongaap", "maxAge": 86400}, "financialData": {"maxAge": 86400, "currentPrice": {"raw": 5.7, "fmt": "5.70"}, "targetHighPrice": {"raw": 20.0, "fmt": "20.00"}, "targetLowPrice": {"raw": 20.0, "fmt": "20.00"}, "targetMeanPrice": {"raw": 20.0, "fmt": "20.00"}, "targetMedianPrice": {"raw": 20.0, "fmt": "20.00"}, "recommendationMean": {}, "recommendationKey": "none", "numberOfAnalystOpinions": {"raw": 1, "fmt": "1", "longFmt": "1"}, "totalCash": {"raw": 39405208, "fmt": "39.41M", "longFmt": "39,405,208"}, "totalCashPerShare": {"raw": 2.438, "fmt": "2.44"}, "ebitda": {"raw": -14392071, "fmt": "-14.39M", "longFmt": "-14,392,071"}, "totalDebt": {"raw": 0, "fmt": null, "longFmt": "0"}, "quickRatio": {"raw": 13.607, "fmt": "13.61"}, "currentRatio": {"raw": 14.689, "fmt": "14.69"}, "totalRevenue": {"raw": 4586341, "fmt": "4.59M", "longFmt": "4,586,341"}, "debtToEquity": {}, "revenuePerShare": {"raw": 0.372, "fmt": "0.37"}, "returnOnAssets": {"raw": -0.38268003, "fmt": "-38.27%"}, "returnOnEquity": {"raw": -1.3122799, "fmt": "-131.23%"}, "grossProfits": {"raw": 3215703, "fmt": "3.22M", "longFmt": "3,215,703"}, "freeCashflow": {"raw": -6214042, "fmt": "-6.21M", "longFmt": "-6,214,042"}, "operatingCashflow": {"raw": -12065616, "fmt": "-12.07M", "longFmt": "-12,065,616"}, "earningsGrowth": {}, "revenueGrowth": {}, "grossMargins": {"raw": 0.70115, "fmt": "70.12%"}, "ebitdaMargins": {"raw": 0.0, "fmt": "0.00%"}, "operatingMargins": {"raw": -3.46085, "fmt": "-346.09%"}, "profitMargins": {"raw": 0.0, "fmt": "0.00%"}, "financialCurrency": "USD"}}