{"assetProfile": {"address1": "8181 Arista Place", "address2": "Suite 100", "city": "Broomfield", "state": "CO", "zip": "80021", "country": "United States", "phone": "833 275 2266", "website": "https://www.aclarion.com", "industry": "Health Information Services", "industryKey": "health-information-services", "industryDisp": "Health Information Services", "sector": "Healthcare", "sectorKey": "healthcare", "sectorDisp": "Healthcare", "longBusinessSummary": "Aclarion, Inc. operates as a healthcare technology company in the United States. The company uses magnetic resonance spectroscopy (MRS) and proprietary biomarkers to optimize clinical treatments. It develops NOCISCAN, which uses MRS capabilities to non-invasively analyze the chemical makeup of intervertebral discs in the spine. The company also provides NOCISCAN MRS Exam Protocol, a custom software protocol for using commercially available MRS pulse sequences in scanning intervertebral discs which extends the time of a standard lumbar MRI exam; and data transfer products, including AMBRA Healthcare, an imaging data transfer platform and NOCIWEB, a custom developed web-interface. In addition, it offers The NOCISCAN Post-Processor Suite comprising NOCICALC, a Class I medical device that receives the raw un-processed NOCISCAN MRS exam data and post-processes that raw data into final spectra, and performs various degenerative pain biomarker calculations from those spectra, for each disc examined; and NOCIGRAM, which further processes the NOCICALC results into individual NOCISCORES, on a 0-10 scale, that represent the different relative levels of degenerative pain biomarkers the various discs examined in the patient. The company was formerly known as Nocimed, Inc. and changed its name to Aclarion, Inc. in December 2021. Aclarion, Inc. was incorporated in 2008 and is based in Broomfield, Colorado.", "fullTimeEmployees": 5, "companyOfficers": [{"maxAge": 1, "name": "Dr. Jeffrey John Thramann M.D.", "age": 59, "title": "Executive Chairman", "yearBorn": 1965, "fiscalYear": 2024, "totalPay": {"raw": 381069, "fmt": "381.07k", "longFmt": "381,069"}, "exercisedValue": {"raw": 0, "fmt": null, "longFmt": "0"}, "unexercisedValue": {"raw": 0, "fmt": null, "longFmt": "0"}}, {"maxAge": 1, "name": "Mr. Brent  Ness", "age": 57, "title": "CEO, President & Director", "yearBorn": 1967, "fiscalYear": 2024, "totalPay": {"raw": 381069, "fmt": "381.07k", "longFmt": "381,069"}, "exercisedValue": {"raw": 0, "fmt": null, "longFmt": "0"}, "unexercisedValue": {"raw": 0, "fmt": null, "longFmt": "0"}}, {"maxAge": 1, "name": "Mr. Ryan  Bond", "age": 52, "title": "Chief Strategy Officer", "yearBorn": 1972, "fiscalYear": 2024, "totalPay": {"raw": 226875, "fmt": "226.88k", "longFmt": "226,875"}, "exercisedValue": {"raw": 0, "fmt": null, "longFmt": "0"}, "unexercisedValue": {"raw": 0, "fmt": null, "longFmt": "0"}}, {"maxAge": 1, "name": "Mr. Gregory A. Gould CPA", "age": 58, "title": "Chief Financial Officer", "yearBorn": 1966, "fiscalYear": 2024, "exercisedValue": {"raw": 0, "fmt": null, "longFmt": "0"}, "unexercisedValue": {"raw": 0, "fmt": null, "longFmt": "0"}}], "compensationAsOfEpochDate": 1735603200, "executiveTeam": [], "maxAge": 86400}, "calendarEvents": {"maxAge": 1, "earnings": {"earningsDate": [], "earningsCallDate": [], "earningsAverage": {"raw": -2.64, "fmt": "-2.64"}, "earningsLow": {"raw": -2.64, "fmt": "-2.64"}, "earningsHigh": {"raw": -2.64, "fmt": "-2.64"}, "revenueAverage": {"raw": 20000, "fmt": "20k", "longFmt": "20,000"}, "revenueLow": {"raw": 20000, "fmt": "20k", "longFmt": "20,000"}, "revenueHigh": {"raw": 20000, "fmt": "20k", "longFmt": "20,000"}}, "exDividendDate": {}, "dividendDate": {}}, "earningsTrend": {"trend": [{"maxAge": 1, "period": "0q", "endDate": "2025-09-30", "growth": {"raw": 0.9981, "fmt": "99.81%"}, "earningsEstimate": {"avg": {"raw": -2.64, "fmt": "-2.64"}, "low": {"raw": -2.64, "fmt": "-2.64"}, "high": {"raw": -2.64, "fmt": "-2.64"}, "yearAgoEps": {"raw": -1356.7399, "fmt": "-1,356.74"}, "numberOfAnalysts": {"raw": 1, "fmt": "1", "longFmt": "1"}, "growth": {"raw": 0.9981, "fmt": "99.81%"}, "earningsCurrency": "USD"}, "revenueEstimate": {"avg": {"raw": 20000, "fmt": "20k", "longFmt": "20,000"}, "low": {"raw": 20000, "fmt": "20k", "longFmt": "20,000"}, "high": {"raw": 20000, "fmt": "20k", "longFmt": "20,000"}, "numberOfAnalysts": {"raw": 1, "fmt": "1", "longFmt": "1"}, "yearAgoRevenue": {"raw": 14410, "fmt": "14.41k", "longFmt": "14,410"}, "growth": {"raw": 0.3879, "fmt": "38.79%"}, "revenueCurrency": "USD"}, "epsTrend": {"current": {"raw": -2.64, "fmt": "-2.64"}, "7daysAgo": {"raw": -2.62, "fmt": "-2.62"}, "30daysAgo": {"raw": -2.62, "fmt": "-2.62"}, "60daysAgo": {"raw": -2.62, "fmt": "-2.62"}, "90daysAgo": {"raw": -2.62, "fmt": "-2.62"}, "epsTrendCurrency": "USD"}, "epsRevisions": {"upLast7days": {"raw": 0, "fmt": null, "longFmt": "0"}, "upLast30days": {"raw": 0, "fmt": null, "longFmt": "0"}, "downLast30days": {"raw": 1, "fmt": "1", "longFmt": "1"}, "downLast7Days": {"raw": 1, "fmt": "1", "longFmt": "1"}, "downLast90days": {}, "epsRevisionsCurrency": "USD"}}, {"maxAge": 1, "period": "+1q", "endDate": "2025-12-31", "growth": {"raw": 0.9976, "fmt": "99.76%"}, "earningsEstimate": {"avg": {"raw": -3.84, "fmt": "-3.84"}, "low": {"raw": -3.84, "fmt": "-3.84"}, "high": {"raw": -3.84, "fmt": "-3.84"}, "yearAgoEps": {"raw": -1628.0878, "fmt": "-1,628.09"}, "numberOfAnalysts": {"raw": 1, "fmt": "1", "longFmt": "1"}, "growth": {"raw": 0.9976, "fmt": "99.76%"}, "earningsCurrency": "USD"}, "revenueEstimate": {"avg": {"raw": 30000, "fmt": "30k", "longFmt": "30,000"}, "low": {"raw": 30000, "fmt": "30k", "longFmt": "30,000"}, "high": {"raw": 30000, "fmt": "30k", "longFmt": "30,000"}, "numberOfAnalysts": {"raw": 1, "fmt": "1", "longFmt": "1"}, "yearAgoRevenue": {"raw": 10230, "fmt": "10.23k", "longFmt": "10,230"}, "growth": {"raw": 1.9325999, "fmt": "193.26%"}, "revenueCurrency": "USD"}, "epsTrend": {"current": {"raw": -3.84, "fmt": "-3.84"}, "7daysAgo": {"raw": -3.84, "fmt": "-3.84"}, "30daysAgo": {"raw": -3.84, "fmt": "-3.84"}, "60daysAgo": {"raw": -3.84, "fmt": "-3.84"}, "90daysAgo": {"raw": -3.84, "fmt": "-3.84"}, "epsTrendCurrency": "USD"}, "epsRevisions": {"upLast7days": {"raw": 1, "fmt": "1", "longFmt": "1"}, "upLast30days": {"raw": 1, "fmt": "1", "longFmt": "1"}, "downLast30days": {"raw": 0, "fmt": null, "longFmt": "0"}, "downLast7Days": {"raw": 0, "fmt": null, "longFmt": "0"}, "downLast90days": {}, "epsRevisionsCurrency": "USD"}}, {"maxAge": 1, "period": "0y", "endDate": "2025-12-31", "growth": {"raw": 0.998, "fmt": "99.80%"}, "earningsEstimate": {"avg": {"raw": -15.08, "fmt": "-15.08"}, "low": {"raw": -15.08, "fmt": "-15.08"}, "high": {"raw": -15.08, "fmt": "-15.08"}, "yearAgoEps": {"raw": -7480.0, "fmt": "-7,480"}, "numberOfAnalysts": {"raw": 1, "fmt": "1", "longFmt": "1"}, "growth": {"raw": 0.998, "fmt": "99.80%"}, "earningsCurrency": "USD"}, "revenueEstimate": {"avg": {"raw": 90000, "fmt": "90k", "longFmt": "90,000"}, "low": {"raw": 90000, "fmt": "90k", "longFmt": "90,000"}, "high": {"raw": 90000, "fmt": "90k", "longFmt": "90,000"}, "numberOfAnalysts": {"raw": 1, "fmt": "1", "longFmt": "1"}, "yearAgoRevenue": {"raw": 45720, "fmt": "45.72k", "longFmt": "45,720"}, "growth": {"raw": 0.96849996, "fmt": "96.85%"}, "revenueCurrency": "USD"}, "epsTrend": {"current": {"raw": -15.08, "fmt": "-15.08"}, "7daysAgo": {"raw": 0.0, "fmt": "0"}, "30daysAgo": {"raw": 0.0, "fmt": "0"}, "60daysAgo": {"raw": 0.0, "fmt": "0"}, "90daysAgo": {"raw": 0.0, "fmt": "0"}, "epsTrendCurrency": "USD"}, "epsRevisions": {"upLast7days": {"raw": 1, "fmt": "1", "longFmt": "1"}, "upLast30days": {"raw": 1, "fmt": "1", "longFmt": "1"}, "downLast30days": {"raw": 0, "fmt": null, "longFmt": "0"}, "downLast7Days": {"raw": 0, "fmt": null, "longFmt": "0"}, "downLast90days": {}, "epsRevisionsCurrency": "USD"}}, {"maxAge": 1, "period": "+1y", "endDate": "2026-12-31", "growth": {"raw": 0.116000004, "fmt": "11.60%"}, "earningsEstimate": {"avg": {"raw": -13.33, "fmt": "-13.33"}, "low": {"raw": -13.33, "fmt": "-13.33"}, "high": {"raw": -13.33, "fmt": "-13.33"}, "yearAgoEps": {"raw": -15.08, "fmt": "-15.08"}, "numberOfAnalysts": {"raw": 1, "fmt": "1", "longFmt": "1"}, "growth": {"raw": 0.116000004, "fmt": "11.60%"}, "earningsCurrency": "USD"}, "revenueEstimate": {"avg": {"raw": 220000, "fmt": "220k", "longFmt": "220,000"}, "low": {"raw": 220000, "fmt": "220k", "longFmt": "220,000"}, "high": {"raw": 220000, "fmt": "220k", "longFmt": "220,000"}, "numberOfAnalysts": {"raw": 1, "fmt": "1", "longFmt": "1"}, "yearAgoRevenue": {"raw": 90000, "fmt": "90k", "longFmt": "90,000"}, "growth": {"raw": 1.4444001, "fmt": "144.44%"}, "revenueCurrency": "USD"}, "epsTrend": {"current": {"raw": -13.33, "fmt": "-13.33"}, "7daysAgo": {"raw": -12.13, "fmt": "-12.13"}, "30daysAgo": {"raw": -12.13, "fmt": "-12.13"}, "60daysAgo": {"raw": -12.13, "fmt": "-12.13"}, "90daysAgo": {"raw": -12.13, "fmt": "-12.13"}, "epsTrendCurrency": "USD"}, "epsRevisions": {"upLast7days": {"raw": 0, "fmt": null, "longFmt": "0"}, "upLast30days": {"raw": 0, "fmt": null, "longFmt": "0"}, "downLast30days": {"raw": 1, "fmt": "1", "longFmt": "1"}, "downLast7Days": {"raw": 1, "fmt": "1", "longFmt": "1"}, "downLast90days": {}, "epsRevisionsCurrency": "USD"}}], "defaultMethodology": "nongaap", "maxAge": 1}, "earningsHistory": {"history": [{"maxAge": 1, "epsActual": {"raw": -1356.7399, "fmt": "-1,356.74"}, "epsEstimate": {"raw": -1628.0878, "fmt": "-1,628.09"}, "epsDifference": {"raw": 271.35, "fmt": "271.35"}, "surprisePercent": {"raw": 0.1667, "fmt": "16.67%"}, "quarter": {"raw": 1727654400, "fmt": "2024-09-30"}, "currency": "USD", "period": "-4q"}, {"maxAge": 1, "epsActual": {"raw": -1628.0878, "fmt": "-1,628.09"}, "epsEstimate": {"raw": -1356.7399, "fmt": "-1,356.74"}, "epsDifference": {"raw": -271.35, "fmt": "-271.35"}, "surprisePercent": {"raw": -0.2, "fmt": "-20.00%"}, "quarter": {"raw": 1735603200, "fmt": "2024-12-31"}, "currency": "USD", "period": "-3q"}, {"maxAge": 1, "epsActual": {}, "epsEstimate": {"raw": -1447.1892, "fmt": "-1,447.19"}, "epsDifference": {}, "surprisePercent": {}, "quarter": {"raw": 1743379200, "fmt": "2025-03-31"}, "currency": "USD", "period": "-2q"}, {"maxAge": 1, "epsActual": {"raw": -2.7488, "fmt": "-2.75"}, "epsEstimate": {"raw": -2.26, "fmt": "-2.26"}, "epsDifference": {"raw": -0.49, "fmt": "-0.49"}, "surprisePercent": {"raw": -0.2163, "fmt": "-21.63%"}, "quarter": {"raw": 1751241600, "fmt": "2025-06-30"}, "currency": "USD", "period": "-1q"}], "defaultMethodology": "nongaap", "maxAge": 86400}, "financialData": {"maxAge": 86400, "currentPrice": {"raw": 7.83, "fmt": "7.83"}, "targetHighPrice": {"raw": 22.0, "fmt": "22.00"}, "targetLowPrice": {"raw": 22.0, "fmt": "22.00"}, "targetMeanPrice": {"raw": 22.0, "fmt": "22.00"}, "targetMedianPrice": {"raw": 22.0, "fmt": "22.00"}, "recommendationMean": {}, "recommendationKey": "none", "numberOfAnalystOpinions": {"raw": 1, "fmt": "1", "longFmt": "1"}, "totalCash": {"raw": 12864659, "fmt": "12.86M", "longFmt": "12,864,659"}, "totalCashPerShare": {"raw": 22.09, "fmt": "22.09"}, "ebitda": {"raw": -6120607, "fmt": "-6.12M", "longFmt": "-6,120,607"}, "totalDebt": {"raw": 0, "fmt": null, "longFmt": "0"}, "quickRatio": {"raw": 22.83, "fmt": "22.83"}, "currentRatio": {"raw": 23.813, "fmt": "23.81"}, "totalRevenue": {"raw": 62948, "fmt": "62.95k", "longFmt": "62,948"}, "debtToEquity": {}, "revenuePerShare": {"raw": 0.108, "fmt": "0.11"}, "returnOnAssets": {"raw": -0.44349, "fmt": "-44.35%"}, "returnOnEquity": {"raw": -0.8835, "fmt": "-88.35%"}, "grossProfits": {"raw": -16598, "fmt": "-16.6k", "longFmt": "-16,598"}, "freeCashflow": {"raw": -3934805, "fmt": "-3.93M", "longFmt": "-3,934,805"}, "operatingCashflow": {"raw": -6354907, "fmt": "-6.35M", "longFmt": "-6,354,907"}, "earningsGrowth": {}, "revenueGrowth": {"raw": 0.761, "fmt": "76.10%"}, "grossMargins": {"raw": -0.26368, "fmt": "-26.37%"}, "ebitdaMargins": {"raw": 0.0, "fmt": "0.00%"}, "operatingMargins": {"raw": -89.88602, "fmt": "-8,988.60%"}, "profitMargins": {"raw": 0.0, "fmt": "0.00%"}, "financialCurrency": "USD"}}