{"assetProfile": {"address1": "701 Lee Road", "address2": "Suite 103", "city": "Wayne", "state": "PA", "zip": "19087", "country": "United States", "phone": "484 324 7933", "website": "https://www.aclaristx.com", "industry": "Biotechnology", "industryKey": "biotechnology", "industryDisp": "Biotechnology", "sector": "Healthcare", "sectorKey": "healthcare", "sectorDisp": "Healthcare", "longBusinessSummary": "Aclaris Therapeutics, Inc., a clinical-stage biopharmaceutical company, engages in the development of novel drug candidates for immune-inflammatory diseases in the United States. It operates through two segments, Therapeutics and Contract Research. The Therapeutics segment is involved in identifying and developing therapies to address significant unmet needs for immuno-inflammatory diseases. Its Contract Research segment provides laboratory services. The company also develops ATI-1777, a soft JAK 1/3 inhibitor in Phase 2b trial for the treatment of atopic dermatitis and other dermatologic conditions; Bosakitug (ATI-045), an anti-TSLP monoclonal antibody in Phase 2a trial to treat moderate to severe atopic dermatitis, asthma, chronic rhinosinusitis with nasal polyps, and moderate to severe chronic obstructive pulmonary disease; ATI-2138, an oral covalent inhibitor of ITK and JAK3 inhibitor in Phase 2a trial for the treatment for T cell-mediated autoimmune diseases; Zunsemetinib (ATI-450), a mitogen-activated protein kinase-activated protein kinase 2 inhibitor under Phase 1b/2 trials for the treatment of metastatic breast cancer and pancreatic ductal adenocarcinoma; and ATI-052, a humanized anti-TSLP and anti-IL4R bispecific antibody in preclinical stage to treat various atopic, immunologic, and respiratory diseases, as well as an ITK selective inhibitor candidate for the treatment of autoimmune diseases. Aclaris Therapeutics, Inc. was incorporated in 2012 and is headquartered in Wayne, Pennsylvania.", "fullTimeEmployees": 61, "companyOfficers": [{"maxAge": 1, "name": "Dr. Neal S. Walker D.O., M.D.", "age": 54, "title": "Co-Founder, CEO & Chairman", "yearBorn": 1970, "fiscalYear": 2024, "totalPay": {"raw": 874633, "fmt": "874.63k", "longFmt": "874,633"}, "exercisedValue": {"raw": 0, "fmt": null, "longFmt": "0"}, "unexercisedValue": {"raw": 735880, "fmt": "735.88k", "longFmt": "735,880"}}, {"maxAge": 1, "name": "Dr. Hugh M.  Davis Ph.D.", "age": 64, "title": "President, COO & Director", "yearBorn": 1960, "fiscalYear": 2024, "totalPay": {"raw": 555541, "fmt": "555.54k", "longFmt": "555,541"}, "exercisedValue": {"raw": 0, "fmt": null, "longFmt": "0"}, "unexercisedValue": {"raw": 0, "fmt": null, "longFmt": "0"}}, {"maxAge": 1, "name": "Mr. Kevin  Balthaser", "age": 36, "title": "Chief Financial Officer", "yearBorn": 1988, "fiscalYear": 2024, "totalPay": {"raw": 675360, "fmt": "675.36k", "longFmt": "675,360"}, "exercisedValue": {"raw": 0, "fmt": null, "longFmt": "0"}, "unexercisedValue": {"raw": 0, "fmt": null, "longFmt": "0"}}, {"maxAge": 1, "name": "Dr. Roland  Kolbeck Ph.D.", "title": "Chief Scientific Officer", "fiscalYear": 2024, "exercisedValue": {"raw": 0, "fmt": null, "longFmt": "0"}, "unexercisedValue": {"raw": 0, "fmt": null, "longFmt": "0"}}, {"maxAge": 1, "name": "Mr. William C. Roberts", "age": 55, "title": "Senior VP of Corporate Communications & Investor Relations", "yearBorn": 1969, "fiscalYear": 2024, "exercisedValue": {"raw": 0, "fmt": null, "longFmt": "0"}, "unexercisedValue": {"raw": 0, "fmt": null, "longFmt": "0"}}, {"maxAge": 1, "name": "Mr. Matthew  Rothman J.D.", "title": "General Counsel & Corporate Secretary", "fiscalYear": 2024, "exercisedValue": {"raw": 0, "fmt": null, "longFmt": "0"}, "unexercisedValue": {"raw": 0, "fmt": null, "longFmt": "0"}}, {"maxAge": 1, "name": "Dr. Jon  Jacobsen Ph.D.", "title": "Senior Vice President of Chemistry", "fiscalYear": 2024, "exercisedValue": {"raw": 0, "fmt": null, "longFmt": "0"}, "unexercisedValue": {"raw": 0, "fmt": null, "longFmt": "0"}}, {"maxAge": 1, "name": "Mr. James  Loerop", "age": 59, "title": "Chief Business Officer", "yearBorn": 1965, "fiscalYear": 2024, "totalPay": {"raw": 570000, "fmt": "570k", "longFmt": "570,000"}, "exercisedValue": {"raw": 0, "fmt": null, "longFmt": "0"}, "unexercisedValue": {"raw": 0, "fmt": null, "longFmt": "0"}}, {"maxAge": 1, "name": "Mr. Steve  Tucker", "title": "Executive Vice President of Project Leadership", "fiscalYear": 2024, "exercisedValue": {"raw": 0, "fmt": null, "longFmt": "0"}, "unexercisedValue": {"raw": 0, "fmt": null, "longFmt": "0"}}, {"maxAge": 1, "name": "Mr. Ajay  Aggarwal M.B.A., M.D.", "title": "Senior Vice President of Clinical Development", "fiscalYear": 2024, "exercisedValue": {"raw": 0, "fmt": null, "longFmt": "0"}, "unexercisedValue": {"raw": 0, "fmt": null, "longFmt": "0"}}], "auditRisk": 7, "boardRisk": 9, "compensationRisk": 10, "shareHolderRightsRisk": 8, "overallRisk": 10, "governanceEpochDate": 1761955200, "compensationAsOfEpochDate": 1735603200, "executiveTeam": [], "maxAge": 86400}, "calendarEvents": {"maxAge": 1, "earnings": {"earningsDate": [{"raw": 1762435800, "fmt": "2025-11-06"}], "earningsCallDate": [], "isEarningsDateEstimate": true, "earningsAverage": {"raw": -0.14, "fmt": "-0.14"}, "earningsLow": {"raw": -0.18, "fmt": "-0.18"}, "earningsHigh": {"raw": -0.12, "fmt": "-0.12"}, "revenueAverage": {"raw": 1405290, "fmt": "1.41M", "longFmt": "1,405,290"}, "revenueLow": {"raw": 700000, "fmt": "700k", "longFmt": "700,000"}, "revenueHigh": {"raw": 2100000, "fmt": "2.1M", "longFmt": "2,100,000"}}, "exDividendDate": {}, "dividendDate": {}}, "earningsTrend": {"trend": [{"maxAge": 1, "period": "0q", "endDate": "2025-09-30", "growth": {"raw": -0.2727, "fmt": "-27.27%"}, "earningsEstimate": {"avg": {"raw": -0.14, "fmt": "-0.14"}, "low": {"raw": -0.18, "fmt": "-0.18"}, "high": {"raw": -0.12, "fmt": "-0.12"}, "yearAgoEps": {"raw": -0.11, "fmt": "-0.11"}, "numberOfAnalysts": {"raw": 5, "fmt": "5", "longFmt": "5"}, "growth": {"raw": -0.2727, "fmt": "-27.27%"}, "earningsCurrency": "USD"}, "revenueEstimate": {"avg": {"raw": 1405290, "fmt": "1.41M", "longFmt": "1,405,290"}, "low": {"raw": 700000, "fmt": "700k", "longFmt": "700,000"}, "high": {"raw": 2100000, "fmt": "2.1M", "longFmt": "2,100,000"}, "numberOfAnalysts": {"raw": 7, "fmt": "7", "longFmt": "7"}, "yearAgoRevenue": {"raw": 4346000, "fmt": "4.35M", "longFmt": "4,346,000"}, "growth": {"raw": -0.67660004, "fmt": "-67.66%"}, "revenueCurrency": "USD"}, "epsTrend": {"current": {"raw": -0.14, "fmt": "-0.14"}, "7daysAgo": {"raw": -0.13, "fmt": "-0.13"}, "30daysAgo": {"raw": -0.13, "fmt": "-0.13"}, "60daysAgo": {"raw": -0.135, "fmt": "-0.14"}, "90daysAgo": {"raw": -0.13833, "fmt": "-0.14"}, "epsTrendCurrency": "USD"}, "epsRevisions": {"upLast7days": {"raw": 1, "fmt": "1", "longFmt": "1"}, "upLast30days": {"raw": 3, "fmt": "3", "longFmt": "3"}, "downLast30days": {"raw": 0, "fmt": null, "longFmt": "0"}, "downLast7Days": {"raw": 0, "fmt": null, "longFmt": "0"}, "downLast90days": {}, "epsRevisionsCurrency": "USD"}}, {"maxAge": 1, "period": "+1q", "endDate": "2025-12-31", "growth": {"raw": 0.8554, "fmt": "85.54%"}, "earningsEstimate": {"avg": {"raw": -0.146, "fmt": "-0.15"}, "low": {"raw": -0.18, "fmt": "-0.18"}, "high": {"raw": -0.12, "fmt": "-0.12"}, "yearAgoEps": {"raw": -1.01, "fmt": "-1.01"}, "numberOfAnalysts": {"raw": 5, "fmt": "5", "longFmt": "5"}, "growth": {"raw": 0.8554, "fmt": "85.54%"}, "earningsCurrency": "USD"}, "revenueEstimate": {"avg": {"raw": 1406710, "fmt": "1.41M", "longFmt": "1,406,710"}, "low": {"raw": 700000, "fmt": "700k", "longFmt": "700,000"}, "high": {"raw": 1970000, "fmt": "1.97M", "longFmt": "1,970,000"}, "numberOfAnalysts": {"raw": 7, "fmt": "7", "longFmt": "7"}, "yearAgoRevenue": {"raw": 9211000, "fmt": "9.21M", "longFmt": "9,211,000"}, "growth": {"raw": -0.84730005, "fmt": "-84.73%"}, "revenueCurrency": "USD"}, "epsTrend": {"current": {"raw": -0.146, "fmt": "-0.15"}, "7daysAgo": {"raw": -0.1375, "fmt": "-0.14"}, "30daysAgo": {"raw": -0.1375, "fmt": "-0.14"}, "60daysAgo": {"raw": -0.1425, "fmt": "-0.14"}, "90daysAgo": {"raw": -0.14333, "fmt": "-0.14"}, "epsTrendCurrency": "USD"}, "epsRevisions": {"upLast7days": {"raw": 1, "fmt": "1", "longFmt": "1"}, "upLast30days": {"raw": 2, "fmt": "2", "longFmt": "2"}, "downLast30days": {"raw": 1, "fmt": "1", "longFmt": "1"}, "downLast7Days": {"raw": 0, "fmt": null, "longFmt": "0"}, "downLast90days": {}, "epsRevisionsCurrency": "USD"}}, {"maxAge": 1, "period": "0y", "endDate": "2025-12-31", "growth": {"raw": 0.6819, "fmt": "68.19%"}, "earningsEstimate": {"avg": {"raw": -0.544, "fmt": "-0.54"}, "low": {"raw": -0.62, "fmt": "-0.62"}, "high": {"raw": -0.51, "fmt": "-0.51"}, "yearAgoEps": {"raw": -1.71, "fmt": "-1.71"}, "numberOfAnalysts": {"raw": 5, "fmt": "5", "longFmt": "5"}, "growth": {"raw": 0.6819, "fmt": "68.19%"}, "earningsCurrency": "USD"}, "revenueEstimate": {"avg": {"raw": 5343500, "fmt": "5.34M", "longFmt": "5,343,500"}, "low": {"raw": 2600000, "fmt": "2.6M", "longFmt": "2,600,000"}, "high": {"raw": 7200000, "fmt": "7.2M", "longFmt": "7,200,000"}, "numberOfAnalysts": {"raw": 8, "fmt": "8", "longFmt": "8"}, "yearAgoRevenue": {"raw": 18720000, "fmt": "18.72M", "longFmt": "18,720,000"}, "growth": {"raw": -0.71459997, "fmt": "-71.46%"}, "revenueCurrency": "USD"}, "epsTrend": {"current": {"raw": -0.544, "fmt": "-0.54"}, "7daysAgo": {"raw": -0.525, "fmt": "-0.52"}, "30daysAgo": {"raw": -0.525, "fmt": "-0.52"}, "60daysAgo": {"raw": -0.53, "fmt": "-0.53"}, "90daysAgo": {"raw": -0.52833, "fmt": "-0.53"}, "epsTrendCurrency": "USD"}, "epsRevisions": {"upLast7days": {"raw": 0, "fmt": null, "longFmt": "0"}, "upLast30days": {"raw": 3, "fmt": "3", "longFmt": "3"}, "downLast30days": {"raw": 0, "fmt": null, "longFmt": "0"}, "downLast7Days": {"raw": 0, "fmt": null, "longFmt": "0"}, "downLast90days": {}, "epsRevisionsCurrency": "USD"}}, {"maxAge": 1, "period": "+1y", "endDate": "2026-12-31", "growth": {"raw": -0.136, "fmt": "-13.60%"}, "earningsEstimate": {"avg": {"raw": -0.618, "fmt": "-0.62"}, "low": {"raw": -0.87, "fmt": "-0.87"}, "high": {"raw": -0.41, "fmt": "-0.41"}, "yearAgoEps": {"raw": -0.544, "fmt": "-0.54"}, "numberOfAnalysts": {"raw": 5, "fmt": "5", "longFmt": "5"}, "growth": {"raw": -0.136, "fmt": "-13.60%"}, "earningsCurrency": "USD"}, "revenueEstimate": {"avg": {"raw": 4926000, "fmt": "4.93M", "longFmt": "4,926,000"}, "low": {"raw": 900000, "fmt": "900k", "longFmt": "900,000"}, "high": {"raw": 10000000, "fmt": "10M", "longFmt": "10,000,000"}, "numberOfAnalysts": {"raw": 8, "fmt": "8", "longFmt": "8"}, "yearAgoRevenue": {"raw": 5343500, "fmt": "5.34M", "longFmt": "5,343,500"}, "growth": {"raw": -0.078099996, "fmt": "-7.81%"}, "revenueCurrency": "USD"}, "epsTrend": {"current": {"raw": -0.618, "fmt": "-0.62"}, "7daysAgo": {"raw": -0.618, "fmt": "-0.62"}, "30daysAgo": {"raw": -0.618, "fmt": "-0.62"}, "60daysAgo": {"raw": -0.628, "fmt": "-0.63"}, "90daysAgo": {"raw": -0.63, "fmt": "-0.63"}, "epsTrendCurrency": "USD"}, "epsRevisions": {"upLast7days": {"raw": 1, "fmt": "1", "longFmt": "1"}, "upLast30days": {"raw": 3, "fmt": "3", "longFmt": "3"}, "downLast30days": {"raw": 0, "fmt": null, "longFmt": "0"}, "downLast7Days": {"raw": 0, "fmt": null, "longFmt": "0"}, "downLast90days": {}, "epsRevisionsCurrency": "USD"}}], "defaultMethodology": "nongaap", "maxAge": 1}, "earningsHistory": {"history": [{"maxAge": 1, "epsActual": {"raw": -0.11, "fmt": "-0.11"}, "epsEstimate": {"raw": -0.008, "fmt": "-0.01"}, "epsDifference": {"raw": -0.1, "fmt": "-0.1"}, "surprisePercent": {"raw": -12.75, "fmt": "-1,275.00%"}, "quarter": {"raw": 1727654400, "fmt": "2024-09-30"}, "currency": "USD", "period": "-4q"}, {"maxAge": 1, "epsActual": {"raw": -1.01, "fmt": "-1.01"}, "epsEstimate": {"raw": -0.375, "fmt": "-0.38"}, "epsDifference": {"raw": -0.64, "fmt": "-0.64"}, "surprisePercent": {"raw": -1.6933, "fmt": "-169.33%"}, "quarter": {"raw": 1735603200, "fmt": "2024-12-31"}, "currency": "USD", "period": "-3q"}, {"maxAge": 1, "epsActual": {"raw": -0.12, "fmt": "-0.12"}, "epsEstimate": {"raw": -0.12, "fmt": "-0.12"}, "epsDifference": {"raw": 0.0, "fmt": "0"}, "surprisePercent": {"raw": 0.0, "fmt": "0.00%"}, "quarter": {"raw": 1743379200, "fmt": "2025-03-31"}, "currency": "USD", "period": "-2q"}, {"maxAge": 1, "epsActual": {"raw": -0.13, "fmt": "-0.13"}, "epsEstimate": {"raw": -0.12833, "fmt": "-0.13"}, "epsDifference": {"raw": -0.0, "fmt": "-0"}, "surprisePercent": {"raw": -0.012999999, "fmt": "-1.30%"}, "quarter": {"raw": 1751241600, "fmt": "2025-06-30"}, "currency": "USD", "period": "-1q"}], "defaultMethodology": "nongaap", "maxAge": 86400}, "financialData": {"maxAge": 86400, "currentPrice": {"raw": 2.56, "fmt": "2.56"}, "targetHighPrice": {"raw": 16.0, "fmt": "16.00"}, "targetLowPrice": {"raw": 2.0, "fmt": "2.00"}, "targetMeanPrice": {"raw": 7.85714, "fmt": "7.86"}, "targetMedianPrice": {"raw": 7.0, "fmt": "7.00"}, "recommendationMean": {}, "recommendationKey": "none", "numberOfAnalystOpinions": {"raw": 7, "fmt": "7", "longFmt": "7"}, "totalCash": {"raw": 99806000, "fmt": "99.81M", "longFmt": "99,806,000"}, "totalCashPerShare": {"raw": 0.921, "fmt": "0.92"}, "ebitda": {"raw": -58255000, "fmt": "-58.26M", "longFmt": "-58,255,000"}, "totalDebt": {"raw": 2366000, "fmt": "2.37M", "longFmt": "2,366,000"}, "quickRatio": {"raw": 3.726, "fmt": "3.73"}, "currentRatio": {"raw": 3.882, "fmt": "3.88"}, "totalRevenue": {"raw": 16789000, "fmt": "16.79M", "longFmt": "16,789,000"}, "debtToEquity": {"raw": 1.796, "fmt": "1.80%"}, "revenuePerShare": {"raw": 0.163, "fmt": "0.16"}, "returnOnAssets": {"raw": -0.20856, "fmt": "-20.86%"}, "returnOnEquity": {"raw": -1.01409, "fmt": "-101.41%"}, "grossProfits": {"raw": -36301000, "fmt": "-36.3M", "longFmt": "-36,301,000"}, "freeCashflow": {"raw": -46964624, "fmt": "-46.96M", "longFmt": "-46,964,624"}, "operatingCashflow": {"raw": -9988000, "fmt": "-9.99M", "longFmt": "-9,988,000"}, "earningsGrowth": {}, "revenueGrowth": {"raw": -0.358, "fmt": "-35.80%"}, "grossMargins": {"raw": -2.16219, "fmt": "-216.22%"}, "ebitdaMargins": {"raw": 0.0, "fmt": "0.00%"}, "operatingMargins": {"raw": -9.514911, "fmt": "-951.49%"}, "profitMargins": {"raw": 0.0, "fmt": "0.00%"}, "financialCurrency": "USD"}}