{"assetProfile": {"address1": "480 Arsenal Way", "address2": "Suite 100", "city": "Watertown", "state": "MA", "zip": "02472", "country": "United States", "phone": "617 207 8979", "website": "https://acrivon.com", "industry": "Biotechnology", "industryKey": "biotechnology", "industryDisp": "Biotechnology", "sector": "Healthcare", "sectorKey": "healthcare", "sectorDisp": "Healthcare", "longBusinessSummary": "Acrivon Therapeutics, Inc., a clinical stage biopharmaceutical company, discovers and develops oncology medicines for patients whose tumors are predicted to be sensitive to each specific medicine by utilizing its generative phosphoproteomics platform. The company operates Acrivon Predictive Precision Proteomics (AP3), a precision medicine platform that enables the creation of drug specific proprietary OncoSignature companion diagnostics that are used to identify the patients to benefit from its drug candidates. Its lead clinical candidate is ACR-368, a selective small molecule inhibitor targeting CHK1 and CHK2 for the treatment of patients with endometrial and platinum-resistant ovarian cancer, and SCCs, such as SCCHN and anal cancer. The company is also developing ACR-2316, a dual WEE1 and PKMYT1 inhibitor small molecule candidate; and a preclinical stage AP3-and co-crystallography-based preclinical cell cycle program. Acrivon Therapeutics, Inc. was incorporated in 2018 and is based in Watertown, Massachusetts.", "fullTimeEmployees": 75, "companyOfficers": [{"maxAge": 1, "name": "Dr. Peter  Blume-Jensen M.D., Ph.D.", "age": 61, "title": "Co-Founder, Chairman of the Board, CEO, President & Acting Chief Scientific Officer", "yearBorn": 1963, "fiscalYear": 2024, "totalPay": {"raw": 1068552, "fmt": "1.07M", "longFmt": "1,068,552"}, "exercisedValue": {"raw": 0, "fmt": null, "longFmt": "0"}, "unexercisedValue": {"raw": 954258, "fmt": "954.26k", "longFmt": "954,258"}}, {"maxAge": 1, "name": "Ms. Kristina  Masson M.B.A., Ph.D.", "age": 43, "title": "Co-Founder, Executive VP of Business Operations, Site Head, Treasurer & Director", "yearBorn": 1981, "fiscalYear": 2024, "totalPay": {"raw": 824474, "fmt": "824.47k", "longFmt": "824,474"}, "exercisedValue": {"raw": 0, "fmt": null, "longFmt": "0"}, "unexercisedValue": {"raw": 513086, "fmt": "513.09k", "longFmt": "513,086"}}, {"maxAge": 1, "name": "Dr. Eric J. Devroe Ph.D.", "age": 45, "title": "Chief Operating Officer", "yearBorn": 1979, "fiscalYear": 2024, "totalPay": {"raw": 774026, "fmt": "774.03k", "longFmt": "774,026"}, "exercisedValue": {"raw": 0, "fmt": null, "longFmt": "0"}, "unexercisedValue": {"raw": 583150, "fmt": "583.15k", "longFmt": "583,150"}}, {"maxAge": 1, "name": "Dr. Adam D. Levy M.B.A., Ph.D.", "age": 58, "title": "CFO & Principal Financial Officer", "yearBorn": 1966, "fiscalYear": 2024, "exercisedValue": {"raw": 0, "fmt": null, "longFmt": "0"}, "unexercisedValue": {"raw": 0, "fmt": null, "longFmt": "0"}}, {"maxAge": 1, "name": "Ms. Katharine  Peterson CPA", "title": "Vice President of Finance & Accounting", "fiscalYear": 2024, "exercisedValue": {"raw": 0, "fmt": null, "longFmt": "0"}, "unexercisedValue": {"raw": 0, "fmt": null, "longFmt": "0"}}, {"maxAge": 1, "name": "Mr. Bruce  Close", "title": "Vice President of Quality & Compliance", "fiscalYear": 2024, "exercisedValue": {"raw": 0, "fmt": null, "longFmt": "0"}, "unexercisedValue": {"raw": 0, "fmt": null, "longFmt": "0"}}, {"maxAge": 1, "name": "Ms. Mary-Alice  Miller J.D.", "age": 50, "title": "Chief Legal Officer & Corporate Secretary", "yearBorn": 1974, "fiscalYear": 2024, "totalPay": {"raw": 587108, "fmt": "587.11k", "longFmt": "587,108"}, "exercisedValue": {"raw": 0, "fmt": null, "longFmt": "0"}, "unexercisedValue": {"raw": 0, "fmt": null, "longFmt": "0"}}, {"maxAge": 1, "name": "Dr. Erick  Gamelin M.D., Ph.D.", "age": 66, "title": "Chief Development Officer", "yearBorn": 1958, "fiscalYear": 2024, "totalPay": {"raw": 480723, "fmt": "480.72k", "longFmt": "480,723"}, "exercisedValue": {"raw": 0, "fmt": null, "longFmt": "0"}, "unexercisedValue": {"raw": 0, "fmt": null, "longFmt": "0"}}, {"maxAge": 1, "name": "Dr. Jesper V. Olsen Ph.D.", "title": "Academic Co-Founder, Head of Phosphoproteomics & Member of Scientific Advisory Board", "fiscalYear": 2024, "exercisedValue": {"raw": 0, "fmt": null, "longFmt": "0"}, "unexercisedValue": {"raw": 0, "fmt": null, "longFmt": "0"}}, {"maxAge": 1, "name": "Mr. Joon  Jung Ph.D.", "title": "VP & Head of Data Science", "fiscalYear": 2024, "exercisedValue": {"raw": 0, "fmt": null, "longFmt": "0"}, "unexercisedValue": {"raw": 0, "fmt": null, "longFmt": "0"}}], "compensationAsOfEpochDate": 1735603200, "executiveTeam": [], "maxAge": 86400}, "calendarEvents": {"maxAge": 1, "earnings": {"earningsDate": [{"raw": 1755201600, "fmt": "2025-08-14"}], "earningsCallDate": [], "isEarningsDateEstimate": true, "earningsAverage": {"raw": -0.58, "fmt": "-0.58"}, "earningsLow": {"raw": -0.73, "fmt": "-0.73"}, "earningsHigh": {"raw": -0.49, "fmt": "-0.49"}, "revenueAverage": {"raw": 0, "fmt": null, "longFmt": "0"}, "revenueLow": {"raw": 0, "fmt": null, "longFmt": "0"}, "revenueHigh": {"raw": 0, "fmt": null, "longFmt": "0"}}, "exDividendDate": {}, "dividendDate": {}}, "earningsTrend": {"trend": [{"maxAge": 1, "period": "0q", "endDate": "2025-09-30", "growth": {"raw": 0.016900001, "fmt": "1.69%"}, "earningsEstimate": {"avg": {"raw": -0.58, "fmt": "-0.58"}, "low": {"raw": -0.73, "fmt": "-0.73"}, "high": {"raw": -0.49, "fmt": "-0.49"}, "yearAgoEps": {"raw": -0.59, "fmt": "-0.59"}, "numberOfAnalysts": {"raw": 7, "fmt": "7", "longFmt": "7"}, "growth": {"raw": 0.016900001, "fmt": "1.69%"}, "earningsCurrency": "USD"}, "revenueEstimate": {"avg": {"raw": 0, "fmt": null, "longFmt": "0"}, "low": {"raw": 0, "fmt": null, "longFmt": "0"}, "high": {"raw": 0, "fmt": null, "longFmt": "0"}, "numberOfAnalysts": {"raw": 9, "fmt": "9", "longFmt": "9"}, "yearAgoRevenue": {"raw": 0, "fmt": null, "longFmt": "0"}, "growth": {"raw": 0.0, "fmt": "0.00%"}, "revenueCurrency": "USD"}, "epsTrend": {"current": {"raw": -0.58, "fmt": "-0.58"}, "7daysAgo": {"raw": -0.58, "fmt": "-0.58"}, "30daysAgo": {"raw": -0.58, "fmt": "-0.58"}, "60daysAgo": {"raw": -0.58, "fmt": "-0.58"}, "90daysAgo": {"raw": -0.58, "fmt": "-0.58"}, "epsTrendCurrency": "USD"}, "epsRevisions": {"upLast7days": {"raw": 2, "fmt": "2", "longFmt": "2"}, "upLast30days": {"raw": 2, "fmt": "2", "longFmt": "2"}, "downLast30days": {"raw": 3, "fmt": "3", "longFmt": "3"}, "downLast7Days": {"raw": 3, "fmt": "3", "longFmt": "3"}, "downLast90days": {}, "epsRevisionsCurrency": "USD"}}, {"maxAge": 1, "period": "+1q", "endDate": "2025-12-31", "growth": {"raw": -0.0556, "fmt": "-5.56%"}, "earningsEstimate": {"avg": {"raw": -0.57, "fmt": "-0.57"}, "low": {"raw": -0.77, "fmt": "-0.77"}, "high": {"raw": -0.36, "fmt": "-0.36"}, "yearAgoEps": {"raw": -0.54, "fmt": "-0.54"}, "numberOfAnalysts": {"raw": 7, "fmt": "7", "longFmt": "7"}, "growth": {"raw": -0.0556, "fmt": "-5.56%"}, "earningsCurrency": "USD"}, "revenueEstimate": {"avg": {"raw": 129330, "fmt": "129.33k", "longFmt": "129,330"}, "low": {"raw": 0, "fmt": null, "longFmt": "0"}, "high": {"raw": 1164000, "fmt": "1.16M", "longFmt": "1,164,000"}, "numberOfAnalysts": {"raw": 9, "fmt": "9", "longFmt": "9"}, "yearAgoRevenue": {"raw": 0, "fmt": null, "longFmt": "0"}, "growth": {"raw": 0.0, "fmt": "0.00%"}, "revenueCurrency": "USD"}, "epsTrend": {"current": {"raw": -0.57, "fmt": "-0.57"}, "7daysAgo": {"raw": -0.57, "fmt": "-0.57"}, "30daysAgo": {"raw": -0.57, "fmt": "-0.57"}, "60daysAgo": {"raw": -0.56667, "fmt": "-0.57"}, "90daysAgo": {"raw": -0.56667, "fmt": "-0.57"}, "epsTrendCurrency": "USD"}, "epsRevisions": {"upLast7days": {"raw": 2, "fmt": "2", "longFmt": "2"}, "upLast30days": {"raw": 2, "fmt": "2", "longFmt": "2"}, "downLast30days": {"raw": 4, "fmt": "4", "longFmt": "4"}, "downLast7Days": {"raw": 4, "fmt": "4", "longFmt": "4"}, "downLast90days": {}, "epsRevisionsCurrency": "USD"}}, {"maxAge": 1, "period": "0y", "endDate": "2025-12-31", "growth": {"raw": 0.0642, "fmt": "6.42%"}, "earningsEstimate": {"avg": {"raw": -2.22714, "fmt": "-2.23"}, "low": {"raw": -2.81, "fmt": "-2.81"}, "high": {"raw": -1.78, "fmt": "-1.78"}, "yearAgoEps": {"raw": -2.38, "fmt": "-2.38"}, "numberOfAnalysts": {"raw": 7, "fmt": "7", "longFmt": "7"}, "growth": {"raw": 0.0642, "fmt": "6.42%"}, "earningsCurrency": "USD"}, "revenueEstimate": {"avg": {"raw": 129330, "fmt": "129.33k", "longFmt": "129,330"}, "low": {"raw": 0, "fmt": null, "longFmt": "0"}, "high": {"raw": 1164000, "fmt": "1.16M", "longFmt": "1,164,000"}, "numberOfAnalysts": {"raw": 9, "fmt": "9", "longFmt": "9"}, "yearAgoRevenue": {"raw": 0, "fmt": null, "longFmt": "0"}, "growth": {"raw": 0.0, "fmt": "0.00%"}, "revenueCurrency": "USD"}, "epsTrend": {"current": {"raw": -2.22714, "fmt": "-2.23"}, "7daysAgo": {"raw": -2.22714, "fmt": "-2.23"}, "30daysAgo": {"raw": -2.22714, "fmt": "-2.23"}, "60daysAgo": {"raw": -2.23667, "fmt": "-2.24"}, "90daysAgo": {"raw": -2.23667, "fmt": "-2.24"}, "epsTrendCurrency": "USD"}, "epsRevisions": {"upLast7days": {"raw": 3, "fmt": "3", "longFmt": "3"}, "upLast30days": {"raw": 3, "fmt": "3", "longFmt": "3"}, "downLast30days": {"raw": 3, "fmt": "3", "longFmt": "3"}, "downLast7Days": {"raw": 3, "fmt": "3", "longFmt": "3"}, "downLast90days": {}, "epsRevisionsCurrency": "USD"}}, {"maxAge": 1, "period": "+1y", "endDate": "2026-12-31", "growth": {"raw": -0.025, "fmt": "-2.50%"}, "earningsEstimate": {"avg": {"raw": -2.28286, "fmt": "-2.28"}, "low": {"raw": -3.38, "fmt": "-3.38"}, "high": {"raw": -1.53, "fmt": "-1.53"}, "yearAgoEps": {"raw": -2.22714, "fmt": "-2.23"}, "numberOfAnalysts": {"raw": 7, "fmt": "7", "longFmt": "7"}, "growth": {"raw": -0.025, "fmt": "-2.50%"}, "earningsCurrency": "USD"}, "revenueEstimate": {"avg": {"raw": 1167110, "fmt": "1.17M", "longFmt": "1,167,110"}, "low": {"raw": 0, "fmt": null, "longFmt": "0"}, "high": {"raw": 10504000, "fmt": "10.5M", "longFmt": "10,504,000"}, "numberOfAnalysts": {"raw": 9, "fmt": "9", "longFmt": "9"}, "yearAgoRevenue": {"raw": 129330, "fmt": "129.33k", "longFmt": "129,330"}, "growth": {"raw": 8.0243, "fmt": "802.43%"}, "revenueCurrency": "USD"}, "epsTrend": {"current": {"raw": -2.28286, "fmt": "-2.28"}, "7daysAgo": {"raw": -2.28286, "fmt": "-2.28"}, "30daysAgo": {"raw": -2.28286, "fmt": "-2.28"}, "60daysAgo": {"raw": -2.36833, "fmt": "-2.37"}, "90daysAgo": {"raw": -2.36833, "fmt": "-2.37"}, "epsTrendCurrency": "USD"}, "epsRevisions": {"upLast7days": {"raw": 4, "fmt": "4", "longFmt": "4"}, "upLast30days": {"raw": 4, "fmt": "4", "longFmt": "4"}, "downLast30days": {"raw": 2, "fmt": "2", "longFmt": "2"}, "downLast7Days": {"raw": 2, "fmt": "2", "longFmt": "2"}, "downLast90days": {}, "epsRevisionsCurrency": "USD"}}], "defaultMethodology": "nongaap", "maxAge": 1}, "earningsHistory": {"history": [{"maxAge": 1, "epsActual": {"raw": -0.59, "fmt": "-0.59"}, "epsEstimate": {"raw": -0.59143, "fmt": "-0.59"}, "epsDifference": {"raw": 0.0, "fmt": "0"}, "surprisePercent": {"raw": 0.0023999999, "fmt": "0.24%"}, "quarter": {"raw": 1727654400, "fmt": "2024-09-30"}, "currency": "USD", "period": "-4q"}, {"maxAge": 1, "epsActual": {"raw": -0.54, "fmt": "-0.54"}, "epsEstimate": {"raw": -0.704, "fmt": "-0.7"}, "epsDifference": {"raw": 0.16, "fmt": "0.16"}, "surprisePercent": {"raw": 0.233, "fmt": "23.30%"}, "quarter": {"raw": 1735603200, "fmt": "2024-12-31"}, "currency": "USD", "period": "-3q"}, {"maxAge": 1, "epsActual": {"raw": -0.51, "fmt": "-0.51"}, "epsEstimate": {"raw": -0.646, "fmt": "-0.65"}, "epsDifference": {"raw": 0.14, "fmt": "0.14"}, "surprisePercent": {"raw": 0.21049999, "fmt": "21.05%"}, "quarter": {"raw": 1743379200, "fmt": "2025-03-31"}, "currency": "USD", "period": "-2q"}, {"maxAge": 1, "epsActual": {"raw": -0.55, "fmt": "-0.55"}, "epsEstimate": {"raw": -0.58333, "fmt": "-0.58"}, "epsDifference": {"raw": 0.03, "fmt": "0.03"}, "surprisePercent": {"raw": 0.0571, "fmt": "5.71%"}, "quarter": {"raw": 1751241600, "fmt": "2025-06-30"}, "currency": "USD", "period": "-1q"}], "defaultMethodology": "nongaap", "maxAge": 86400}, "financialData": {"maxAge": 86400, "currentPrice": {"raw": 2.33, "fmt": "2.33"}, "targetHighPrice": {"raw": 19.0, "fmt": "19.00"}, "targetLowPrice": {"raw": 6.0, "fmt": "6.00"}, "targetMeanPrice": {"raw": 11.16667, "fmt": "11.17"}, "targetMedianPrice": {"raw": 10.5, "fmt": "10.50"}, "recommendationMean": {}, "recommendationKey": "none", "numberOfAnalystOpinions": {"raw": 6, "fmt": "6", "longFmt": "6"}, "totalCash": {"raw": 137423008, "fmt": "137.42M", "longFmt": "137,423,008"}, "totalCashPerShare": {"raw": 4.369, "fmt": "4.37"}, "ebitda": {"raw": -93205000, "fmt": "-93.2M", "longFmt": "-93,205,000"}, "totalDebt": {"raw": 3263000, "fmt": "3.26M", "longFmt": "3,263,000"}, "quickRatio": {"raw": 10.232, "fmt": "10.23"}, "currentRatio": {"raw": 10.305, "fmt": "10.31"}, "totalRevenue": {}, "debtToEquity": {"raw": 2.281, "fmt": "2.28%"}, "revenuePerShare": {}, "returnOnAssets": {"raw": -0.30323, "fmt": "-30.32%"}, "returnOnEquity": {"raw": -0.47875, "fmt": "-47.87%"}, "grossProfits": {}, "freeCashflow": {"raw": -42265124, "fmt": "-42.27M", "longFmt": "-42,265,124"}, "operatingCashflow": {"raw": -70828000, "fmt": "-70.83M", "longFmt": "-70,828,000"}, "earningsGrowth": {}, "revenueGrowth": {}, "grossMargins": {"raw": 0.0, "fmt": "0.00%"}, "ebitdaMargins": {"raw": 0.0, "fmt": "0.00%"}, "operatingMargins": {"raw": 0.0, "fmt": "0.00%"}, "profitMargins": {"raw": 0.0, "fmt": "0.00%"}, "financialCurrency": "USD"}}