{"assetProfile": {"address1": "8325 Six Forks Road", "city": "Raleigh", "state": "NC", "zip": "27615", "country": "United States", "phone": "919 846 4100", "website": "https://enactmi.com", "industry": "Insurance - Specialty", "industryKey": "insurance-specialty", "industryDisp": "Insurance - Specialty", "sector": "Financial Services", "sectorKey": "financial-services", "sectorDisp": "Financial Services", "longBusinessSummary": "Enact Holdings, Inc. operates as a private mortgage insurance company in the United States. The company engages in writing and assuming residential mortgage guaranty insurance. It also offers private mortgage insurance products primarily insuring prime-based, individually underwritten residential mortgage loans; contract underwriting services for mortgage lenders; and mortgage-related reinsurance products. The company primarily serves originators of residential mortgage loans. The company was formerly known as Genworth Mortgage Holdings, Inc. and changed its name to Enact Holdings, Inc. in May 2021. Enact Holdings, Inc. was founded in 1981 and is headquartered in Raleigh, North Carolina. Enact Holdings, Inc. is a subsidiary of Genworth Holdings Inc.", "fullTimeEmployees": 421, "companyOfficers": [{"maxAge": 1, "name": "Mr. Rohit  Gupta", "age": 49, "title": "President, CEO & Director", "yearBorn": 1975, "fiscalYear": 2024, "totalPay": {"raw": 4102910, "fmt": "4.1M", "longFmt": "4,102,910"}, "exercisedValue": {"raw": 0, "fmt": null, "longFmt": "0"}, "unexercisedValue": {"raw": 0, "fmt": null, "longFmt": "0"}}, {"maxAge": 1, "name": "Mr. Hardin Dean Mitchell", "age": 54, "title": "Executive VP, CFO & Treasurer", "yearBorn": 1970, "fiscalYear": 2024, "totalPay": {"raw": 1586112, "fmt": "1.59M", "longFmt": "1,586,112"}, "exercisedValue": {"raw": 0, "fmt": null, "longFmt": "0"}, "unexercisedValue": {"raw": 0, "fmt": null, "longFmt": "0"}}, {"maxAge": 1, "name": "Mr. Brian Michael Gould", "age": 52, "title": "EVP & COO", "yearBorn": 1972, "fiscalYear": 2024, "totalPay": {"raw": 790681, "fmt": "790.68k", "longFmt": "790,681"}, "exercisedValue": {"raw": 0, "fmt": null, "longFmt": "0"}, "unexercisedValue": {"raw": 0, "fmt": null, "longFmt": "0"}}, {"maxAge": 1, "name": "Mr. Evan Scott Stolove", "age": 55, "title": "Executive VP, General Counsel & Secretary", "yearBorn": 1969, "fiscalYear": 2024, "totalPay": {"raw": 1159259, "fmt": "1.16M", "longFmt": "1,159,259"}, "exercisedValue": {"raw": 0, "fmt": null, "longFmt": "0"}, "unexercisedValue": {"raw": 0, "fmt": null, "longFmt": "0"}}, {"maxAge": 1, "name": "Mr. Michael Paul Derstine", "age": 54, "title": "Executive VP & Chief Risk Officer", "yearBorn": 1970, "fiscalYear": 2024, "totalPay": {"raw": 1048951, "fmt": "1.05M", "longFmt": "1,048,951"}, "exercisedValue": {"raw": 0, "fmt": null, "longFmt": "0"}, "unexercisedValue": {"raw": 0, "fmt": null, "longFmt": "0"}}, {"maxAge": 1, "name": "Mr. James Robert McMullen", "title": "VP, Controller & Principal Accounting Officer", "fiscalYear": 2024, "exercisedValue": {"raw": 0, "fmt": null, "longFmt": "0"}, "unexercisedValue": {"raw": 0, "fmt": null, "longFmt": "0"}}, {"maxAge": 1, "name": "Mr. Daniel  Kohl", "title": "Vice President of Investor Relations", "fiscalYear": 2024, "exercisedValue": {"raw": 0, "fmt": null, "longFmt": "0"}, "unexercisedValue": {"raw": 0, "fmt": null, "longFmt": "0"}}, {"maxAge": 1, "name": "Mr. Matthew Robert Young", "title": "Senior Vice President of Sales", "fiscalYear": 2024, "exercisedValue": {"raw": 0, "fmt": null, "longFmt": "0"}, "unexercisedValue": {"raw": 0, "fmt": null, "longFmt": "0"}}, {"maxAge": 1, "name": "Ms. Susan Gumm Sullivan", "title": "Senior VP & Chief Human Resources Officer", "fiscalYear": 2024, "exercisedValue": {"raw": 0, "fmt": null, "longFmt": "0"}, "unexercisedValue": {"raw": 0, "fmt": null, "longFmt": "0"}}, {"maxAge": 1, "name": "Ms. Neenu Sohi Kainth", "title": "Senior VP & Chief Customer Experience Officer", "fiscalYear": 2024, "exercisedValue": {"raw": 0, "fmt": null, "longFmt": "0"}, "unexercisedValue": {"raw": 0, "fmt": null, "longFmt": "0"}}], "auditRisk": 3, "boardRisk": 3, "compensationRisk": 4, "shareHolderRightsRisk": 5, "overallRisk": 3, "governanceEpochDate": 1761955200, "compensationAsOfEpochDate": 1735603200, "executiveTeam": [], "maxAge": 86400}, "calendarEvents": {"maxAge": 1, "earnings": {"earningsDate": [{"raw": 1762376400, "fmt": "2025-11-05"}], "earningsCallDate": [{"raw": 1762434000, "fmt": "2025-11-06"}], "isEarningsDateEstimate": false, "earningsAverage": {"raw": 1.1089, "fmt": "1.11"}, "earningsLow": {"raw": 1.09, "fmt": "1.09"}, "earningsHigh": {"raw": 1.12084, "fmt": "1.12"}, "revenueAverage": {"raw": 312479990, "fmt": "312.48M", "longFmt": "312,479,990"}, "revenueLow": {"raw": 307965000, "fmt": "307.96M", "longFmt": "307,965,000"}, "revenueHigh": {"raw": 315774960, "fmt": "315.77M", "longFmt": "315,774,960"}}, "exDividendDate": {"raw": 1755475200, "fmt": "2025-08-18"}, "dividendDate": {"raw": 1757289600, "fmt": "2025-09-08"}}, "earningsTrend": {"trend": [{"maxAge": 1, "period": "0q", "endDate": "2025-09-30", "growth": {"raw": -0.044099998, "fmt": "-4.41%"}, "earningsEstimate": {"avg": {"raw": 1.1089, "fmt": "1.11"}, "low": {"raw": 1.09, "fmt": "1.09"}, "high": {"raw": 1.12084, "fmt": "1.12"}, "yearAgoEps": {"raw": 1.16, "fmt": "1.16"}, "numberOfAnalysts": {"raw": 3, "fmt": "3", "longFmt": "3"}, "growth": {"raw": -0.044099998, "fmt": "-4.41%"}, "earningsCurrency": "USD"}, "revenueEstimate": {"avg": {"raw": 312479990, "fmt": "312.48M", "longFmt": "312,479,990"}, "low": {"raw": 307965000, "fmt": "307.96M", "longFmt": "307,965,000"}, "high": {"raw": 315774960, "fmt": "315.77M", "longFmt": "315,774,960"}, "numberOfAnalysts": {"raw": 3, "fmt": "3", "longFmt": "3"}, "yearAgoRevenue": {"raw": 309588000, "fmt": "309.59M", "longFmt": "309,588,000"}, "growth": {"raw": 0.0093, "fmt": "0.93%"}, "revenueCurrency": "USD"}, "epsTrend": {"current": {"raw": 1.1089, "fmt": "1.11"}, "7daysAgo": {"raw": 1.10891, "fmt": "1.11"}, "30daysAgo": {"raw": 1.11395, "fmt": "1.11"}, "60daysAgo": {"raw": 1.11395, "fmt": "1.11"}, "90daysAgo": {"raw": 1.10073, "fmt": "1.1"}, "epsTrendCurrency": "USD"}, "epsRevisions": {"upLast7days": {"raw": 0, "fmt": null, "longFmt": "0"}, "upLast30days": {"raw": 1, "fmt": "1", "longFmt": "1"}, "downLast30days": {"raw": 2, "fmt": "2", "longFmt": "2"}, "downLast7Days": {"raw": 1, "fmt": "1", "longFmt": "1"}, "downLast90days": {}, "epsRevisionsCurrency": "USD"}}, {"maxAge": 1, "period": "+1q", "endDate": "2025-12-31", "growth": {"raw": 0.029000001, "fmt": "2.90%"}, "earningsEstimate": {"avg": {"raw": 1.12156, "fmt": "1.12"}, "low": {"raw": 1.12, "fmt": "1.12"}, "high": {"raw": 1.12393, "fmt": "1.12"}, "yearAgoEps": {"raw": 1.09, "fmt": "1.09"}, "numberOfAnalysts": {"raw": 3, "fmt": "3", "longFmt": "3"}, "growth": {"raw": 0.029000001, "fmt": "2.90%"}, "earningsCurrency": "USD"}, "revenueEstimate": {"avg": {"raw": 315615940, "fmt": "315.62M", "longFmt": "315,615,940"}, "low": {"raw": 309668000, "fmt": "309.67M", "longFmt": "309,668,000"}, "high": {"raw": 318679830, "fmt": "318.68M", "longFmt": "318,679,830"}, "numberOfAnalysts": {"raw": 3, "fmt": "3", "longFmt": "3"}, "yearAgoRevenue": {"raw": 301776000, "fmt": "301.78M", "longFmt": "301,776,000"}, "growth": {"raw": 0.045900002, "fmt": "4.59%"}, "revenueCurrency": "USD"}, "epsTrend": {"current": {"raw": 1.12156, "fmt": "1.12"}, "7daysAgo": {"raw": 1.1224, "fmt": "1.12"}, "30daysAgo": {"raw": 1.11642, "fmt": "1.12"}, "60daysAgo": {"raw": 1.11642, "fmt": "1.12"}, "90daysAgo": {"raw": 1.10135, "fmt": "1.1"}, "epsTrendCurrency": "USD"}, "epsRevisions": {"upLast7days": {"raw": 0, "fmt": null, "longFmt": "0"}, "upLast30days": {"raw": 1, "fmt": "1", "longFmt": "1"}, "downLast30days": {"raw": 2, "fmt": "2", "longFmt": "2"}, "downLast7Days": {"raw": 1, "fmt": "1", "longFmt": "1"}, "downLast90days": {}, "epsRevisionsCurrency": "USD"}}, {"maxAge": 1, "period": "0y", "endDate": "2025-12-31", "growth": {"raw": -0.0166, "fmt": "-1.66%"}, "earningsEstimate": {"avg": {"raw": 4.48428, "fmt": "4.48"}, "low": {"raw": 4.46, "fmt": "4.46"}, "high": {"raw": 4.50045, "fmt": "4.5"}, "yearAgoEps": {"raw": 4.56, "fmt": "4.56"}, "numberOfAnalysts": {"raw": 3, "fmt": "3", "longFmt": "3"}, "growth": {"raw": -0.0166, "fmt": "-1.66%"}, "earningsCurrency": "USD"}, "revenueEstimate": {"avg": {"raw": 1245451450, "fmt": "1.25B", "longFmt": "1,245,451,450"}, "low": {"raw": 1229299000, "fmt": "1.23B", "longFmt": "1,229,299,000"}, "high": {"raw": 1256706790, "fmt": "1.26B", "longFmt": "1,256,706,790"}, "numberOfAnalysts": {"raw": 4, "fmt": "4", "longFmt": "4"}, "yearAgoRevenue": {"raw": 1201774000, "fmt": "1.2B", "longFmt": "1,201,774,000"}, "growth": {"raw": 0.0363, "fmt": "3.63%"}, "revenueCurrency": "USD"}, "epsTrend": {"current": {"raw": 4.48428, "fmt": "4.48"}, "7daysAgo": {"raw": 4.48509, "fmt": "4.49"}, "30daysAgo": {"raw": 4.48749, "fmt": "4.49"}, "60daysAgo": {"raw": 4.48749, "fmt": "4.49"}, "90daysAgo": {"raw": 4.41437, "fmt": "4.41"}, "epsTrendCurrency": "USD"}, "epsRevisions": {"upLast7days": {"raw": 0, "fmt": null, "longFmt": "0"}, "upLast30days": {"raw": 1, "fmt": "1", "longFmt": "1"}, "downLast30days": {"raw": 2, "fmt": "2", "longFmt": "2"}, "downLast7Days": {"raw": 1, "fmt": "1", "longFmt": "1"}, "downLast90days": {}, "epsRevisionsCurrency": "USD"}}, {"maxAge": 1, "period": "+1y", "endDate": "2026-12-31", "growth": {"raw": 0.0343, "fmt": "3.43%"}, "earningsEstimate": {"avg": {"raw": 4.63809, "fmt": "4.64"}, "low": {"raw": 4.48, "fmt": "4.48"}, "high": {"raw": 4.89508, "fmt": "4.9"}, "yearAgoEps": {"raw": 4.48428, "fmt": "4.48"}, "numberOfAnalysts": {"raw": 3, "fmt": "3", "longFmt": "3"}, "growth": {"raw": 0.0343, "fmt": "3.43%"}, "earningsCurrency": "USD"}, "revenueEstimate": {"avg": {"raw": 1288247200, "fmt": "1.29B", "longFmt": "1,288,247,200"}, "low": {"raw": 1263984000, "fmt": "1.26B", "longFmt": "1,263,984,000"}, "high": {"raw": 1307557590, "fmt": "1.31B", "longFmt": "1,307,557,590"}, "numberOfAnalysts": {"raw": 3, "fmt": "3", "longFmt": "3"}, "yearAgoRevenue": {"raw": 1245451450, "fmt": "1.25B", "longFmt": "1,245,451,450"}, "growth": {"raw": 0.0344, "fmt": "3.44%"}, "revenueCurrency": "USD"}, "epsTrend": {"current": {"raw": 4.63809, "fmt": "4.64"}, "7daysAgo": {"raw": 4.63857, "fmt": "4.64"}, "30daysAgo": {"raw": 4.64275, "fmt": "4.64"}, "60daysAgo": {"raw": 4.64275, "fmt": "4.64"}, "90daysAgo": {"raw": 4.56698, "fmt": "4.57"}, "epsTrendCurrency": "USD"}, "epsRevisions": {"upLast7days": {"raw": 0, "fmt": null, "longFmt": "0"}, "upLast30days": {"raw": 0, "fmt": null, "longFmt": "0"}, "downLast30days": {"raw": 2, "fmt": "2", "longFmt": "2"}, "downLast7Days": {"raw": 1, "fmt": "1", "longFmt": "1"}, "downLast90days": {}, "epsRevisionsCurrency": "USD"}}], "defaultMethodology": "nongaap", "maxAge": 1}, "earningsHistory": {"history": [{"maxAge": 1, "epsActual": {"raw": 1.16, "fmt": "1.16"}, "epsEstimate": {"raw": 1.08656, "fmt": "1.09"}, "epsDifference": {"raw": 0.07, "fmt": "0.07"}, "surprisePercent": {"raw": 0.067600004, "fmt": "6.76%"}, "quarter": {"raw": 1727654400, "fmt": "2024-09-30"}, "currency": "USD", "period": "-4q"}, {"maxAge": 1, "epsActual": {"raw": 1.09, "fmt": "1.09"}, "epsEstimate": {"raw": 1.08232, "fmt": "1.08"}, "epsDifference": {"raw": 0.01, "fmt": "0.01"}, "surprisePercent": {"raw": 0.0070999996, "fmt": "0.71%"}, "quarter": {"raw": 1735603200, "fmt": "2024-12-31"}, "currency": "USD", "period": "-3q"}, {"maxAge": 1, "epsActual": {"raw": 1.1, "fmt": "1.1"}, "epsEstimate": {"raw": 1.08983, "fmt": "1.09"}, "epsDifference": {"raw": 0.01, "fmt": "0.01"}, "surprisePercent": {"raw": 0.0093, "fmt": "0.93%"}, "quarter": {"raw": 1743379200, "fmt": "2025-03-31"}, "currency": "USD", "period": "-2q"}, {"maxAge": 1, "epsActual": {"raw": 1.15, "fmt": "1.15"}, "epsEstimate": {"raw": 1.10718, "fmt": "1.11"}, "epsDifference": {"raw": 0.04, "fmt": "0.04"}, "surprisePercent": {"raw": 0.0387, "fmt": "3.87%"}, "quarter": {"raw": 1751241600, "fmt": "2025-06-30"}, "currency": "USD", "period": "-1q"}], "defaultMethodology": "nongaap", "maxAge": 86400}, "financialData": {"maxAge": 86400, "currentPrice": {"raw": 35.9, "fmt": "35.90"}, "targetHighPrice": {"raw": 42.0, "fmt": "42.00"}, "targetLowPrice": {"raw": 40.0, "fmt": "40.00"}, "targetMeanPrice": {"raw": 40.4, "fmt": "40.40"}, "targetMedianPrice": {"raw": 40.0, "fmt": "40.00"}, "recommendationMean": {"raw": 2.6, "fmt": "2.60"}, "recommendationKey": "hold", "numberOfAnalystOpinions": {"raw": 5, "fmt": "5", "longFmt": "5"}, "totalCash": {"raw": 615968000, "fmt": "615.97M", "longFmt": "615,968,000"}, "totalCashPerShare": {"raw": 4.176, "fmt": "4.18"}, "ebitda": {}, "totalDebt": {"raw": 743753024, "fmt": "743.75M", "longFmt": "743,753,024"}, "quickRatio": {"raw": 1.011, "fmt": "1.01"}, "currentRatio": {"raw": 1.092, "fmt": "1.09"}, "totalRevenue": {"raw": 1223030016, "fmt": "1.22B", "longFmt": "1,223,030,016"}, "debtToEquity": {"raw": 14.24, "fmt": "14.24%"}, "revenuePerShare": {"raw": 8.008, "fmt": "8.01"}, "returnOnAssets": {"raw": 0.08708, "fmt": "8.71%"}, "returnOnEquity": {"raw": 0.13474, "fmt": "13.47%"}, "grossProfits": {"raw": 914236992, "fmt": "914.24M", "longFmt": "914,236,992"}, "freeCashflow": {"raw": 592919232, "fmt": "592.92M", "longFmt": "592,919,232"}, "operatingCashflow": {"raw": 700508032, "fmt": "700.51M", "longFmt": "700,508,032"}, "earningsGrowth": {"raw": -0.043, "fmt": "-4.30%"}, "revenueGrowth": {"raw": 0.02, "fmt": "2.00%"}, "grossMargins": {"raw": 0.74751997, "fmt": "74.75%"}, "ebitdaMargins": {"raw": 0.0, "fmt": "0.00%"}, "operatingMargins": {"raw": 0.74379, "fmt": "74.38%"}, "profitMargins": {"raw": 0.55354, "fmt": "55.35%"}, "financialCurrency": "USD"}}