{"assetProfile": {"address1": "767 Third Avenue", "address2": "6th Floor", "city": "New York", "state": "NY", "zip": "10017", "country": "United States", "phone": "332 236 8484", "website": "https://www.acaciaresearch.com", "industry": "Business Equipment & Supplies", "industryKey": "business-equipment-supplies", "industryDisp": "Business Equipment & Supplies", "sector": "Industrials", "sectorKey": "industrials", "sectorDisp": "Industrials", "longBusinessSummary": "Acacia Research Corporation operates as an acquirer and operator of businesses across industrial, energy, and technology sectors in the Americas, Europe, the Middle East, Africa, and the Asia-Pacific. It operates through four segments: Intellectual Property Operations, Industrial Operations, Energy Operations, and Manufacturing Operations. The company is involved in investing in IP; and licensing and enforcement of patented technologies. It also designs and manufactures printers, including hardware and embedded software, as well as consumable products, such as inked ribbons for various industrial printing applications. In addition, the company acquires, explores, develops, and produces oil and natural gas resources located in Texas and Oklahoma; and designs and manufactures purchase brochure, folder, applications display holders, plastic injection-molded office supply and arts, crafts and education products, plastic and aluminum air venting and air control products, extruded vinyl chair mats, safety reflectors for bicycles, and mud flaps and splash guards for the heavy duty truck market. Acacia Research Corporation was incorporated in 1993 and is headquartered in New York, New York.", "fullTimeEmployees": 1036, "companyOfficers": [{"maxAge": 1, "name": "Mr. Martin D. McNulty Jr.", "age": 46, "title": "CEO, COO, Head of M&A and Director", "yearBorn": 1978, "fiscalYear": 2024, "totalPay": {"raw": 1266422, "fmt": "1.27M", "longFmt": "1,266,422"}, "exercisedValue": {"raw": 0, "fmt": null, "longFmt": "0"}, "unexercisedValue": {"raw": 50834, "fmt": "50.83k", "longFmt": "50,834"}}, {"maxAge": 1, "name": "Mr. Robert  Rasamny", "age": 45, "title": "Chief Administrative Officer", "yearBorn": 1979, "fiscalYear": 2024, "totalPay": {"raw": 890268, "fmt": "890.27k", "longFmt": "890,268"}, "exercisedValue": {"raw": 0, "fmt": null, "longFmt": "0"}, "unexercisedValue": {"raw": 0, "fmt": null, "longFmt": "0"}}, {"maxAge": 1, "name": "Mr. Jason W. Soncini J.D.", "age": 47, "title": "General Counsel", "yearBorn": 1977, "fiscalYear": 2024, "totalPay": {"raw": 707732, "fmt": "707.73k", "longFmt": "707,732"}, "exercisedValue": {"raw": 0, "fmt": null, "longFmt": "0"}, "unexercisedValue": {"raw": 58769, "fmt": "58.77k", "longFmt": "58,769"}}, {"maxAge": 1, "name": "Ms. Kirsten  Hoover", "age": 45, "title": "Controller", "yearBorn": 1979, "fiscalYear": 2024, "totalPay": {"raw": 657808, "fmt": "657.81k", "longFmt": "657,808"}, "exercisedValue": {"raw": 0, "fmt": null, "longFmt": "0"}, "unexercisedValue": {"raw": 984, "fmt": "984", "longFmt": "984"}}, {"maxAge": 1, "name": "Mr. Michael  Zambito", "title": "Chief Financial Officer", "fiscalYear": 2024, "exercisedValue": {"raw": 0, "fmt": null, "longFmt": "0"}, "unexercisedValue": {"raw": 0, "fmt": null, "longFmt": "0"}}, {"maxAge": 1, "name": "Mr. Daniel  Troy", "title": "Principal", "fiscalYear": 2024, "exercisedValue": {"raw": 0, "fmt": null, "longFmt": "0"}, "unexercisedValue": {"raw": 0, "fmt": null, "longFmt": "0"}}, {"maxAge": 1, "name": "Mr. George  Broadbin", "title": "Principal", "fiscalYear": 2024, "exercisedValue": {"raw": 0, "fmt": null, "longFmt": "0"}, "unexercisedValue": {"raw": 0, "fmt": null, "longFmt": "0"}}, {"maxAge": 1, "name": "Ms. Jennifer  Graff", "title": "Corporate Secretary", "fiscalYear": 2024, "exercisedValue": {"raw": 0, "fmt": null, "longFmt": "0"}, "unexercisedValue": {"raw": 0, "fmt": null, "longFmt": "0"}}], "auditRisk": 9, "boardRisk": 7, "compensationRisk": 5, "shareHolderRightsRisk": 3, "overallRisk": 5, "governanceEpochDate": 1761955200, "compensationAsOfEpochDate": 1735603200, "irWebsite": "http://www.acaciaresearch.com/investors_contact.htm", "executiveTeam": [], "maxAge": 86400}, "calendarEvents": {"maxAge": 1, "earnings": {"earningsDate": [{"raw": 1762349400, "fmt": "2025-11-05"}], "earningsCallDate": [{"raw": 1762347600, "fmt": "2025-11-05"}], "isEarningsDateEstimate": false, "earningsAverage": {"raw": -0.14, "fmt": "-0.14"}, "earningsLow": {"raw": -0.14, "fmt": "-0.14"}, "earningsHigh": {"raw": -0.14, "fmt": "-0.14"}, "revenueAverage": {"raw": 38000000, "fmt": "38M", "longFmt": "38,000,000"}, "revenueLow": {"raw": 38000000, "fmt": "38M", "longFmt": "38,000,000"}, "revenueHigh": {"raw": 38000000, "fmt": "38M", "longFmt": "38,000,000"}}, "exDividendDate": {"raw": 1446595200, "fmt": "2015-11-04"}, "dividendDate": {"raw": 1448841600, "fmt": "2015-11-30"}}, "earningsTrend": {"trend": [{"maxAge": 1, "period": "0q", "endDate": "2025-09-30", "growth": {"raw": -0.76989996, "fmt": "-76.99%"}, "earningsEstimate": {"avg": {"raw": -0.14, "fmt": "-0.14"}, "low": {"raw": -0.14, "fmt": "-0.14"}, "high": {"raw": -0.14, "fmt": "-0.14"}, "yearAgoEps": {"raw": -0.0791, "fmt": "-0.08"}, "numberOfAnalysts": {"raw": 1, "fmt": "1", "longFmt": "1"}, "growth": {"raw": -0.76989996, "fmt": "-76.99%"}, "earningsCurrency": "USD"}, "revenueEstimate": {"avg": {"raw": 38000000, "fmt": "38M", "longFmt": "38,000,000"}, "low": {"raw": 38000000, "fmt": "38M", "longFmt": "38,000,000"}, "high": {"raw": 38000000, "fmt": "38M", "longFmt": "38,000,000"}, "numberOfAnalysts": {"raw": 1, "fmt": "1", "longFmt": "1"}, "yearAgoRevenue": {"raw": 23310000, "fmt": "23.31M", "longFmt": "23,310,000"}, "growth": {"raw": 0.6302, "fmt": "63.02%"}, "revenueCurrency": "USD"}, "epsTrend": {"current": {"raw": -0.14, "fmt": "-0.14"}, "7daysAgo": {"raw": -0.05, "fmt": "-0.05"}, "30daysAgo": {"raw": -0.05, "fmt": "-0.05"}, "60daysAgo": {"raw": -0.05, "fmt": "-0.05"}, "90daysAgo": {"raw": -0.05, "fmt": "-0.05"}, "epsTrendCurrency": "USD"}, "epsRevisions": {"upLast7days": {"raw": 0, "fmt": null, "longFmt": "0"}, "upLast30days": {"raw": 0, "fmt": null, "longFmt": "0"}, "downLast30days": {"raw": 1, "fmt": "1", "longFmt": "1"}, "downLast7Days": {"raw": 1, "fmt": "1", "longFmt": "1"}, "downLast90days": {}, "epsRevisionsCurrency": "USD"}}, {"maxAge": 1, "period": "+1q", "endDate": "2025-12-31", "growth": {"raw": 0.21440001, "fmt": "21.44%"}, "earningsEstimate": {"avg": {"raw": -0.14, "fmt": "-0.14"}, "low": {"raw": -0.14, "fmt": "-0.14"}, "high": {"raw": -0.14, "fmt": "-0.14"}, "yearAgoEps": {"raw": -0.1782, "fmt": "-0.18"}, "numberOfAnalysts": {"raw": 1, "fmt": "1", "longFmt": "1"}, "growth": {"raw": 0.21440001, "fmt": "21.44%"}, "earningsCurrency": "USD"}, "revenueEstimate": {"avg": {"raw": 38000000, "fmt": "38M", "longFmt": "38,000,000"}, "low": {"raw": 38000000, "fmt": "38M", "longFmt": "38,000,000"}, "high": {"raw": 38000000, "fmt": "38M", "longFmt": "38,000,000"}, "numberOfAnalysts": {"raw": 1, "fmt": "1", "longFmt": "1"}, "yearAgoRevenue": {"raw": 48844000, "fmt": "48.84M", "longFmt": "48,844,000"}, "growth": {"raw": -0.222, "fmt": "-22.20%"}, "revenueCurrency": "USD"}, "epsTrend": {"current": {"raw": -0.14, "fmt": "-0.14"}, "7daysAgo": {"raw": -0.05, "fmt": "-0.05"}, "30daysAgo": {"raw": -0.05, "fmt": "-0.05"}, "60daysAgo": {"raw": -0.05, "fmt": "-0.05"}, "90daysAgo": {"raw": -0.05, "fmt": "-0.05"}, "epsTrendCurrency": "USD"}, "epsRevisions": {"upLast7days": {"raw": 0, "fmt": null, "longFmt": "0"}, "upLast30days": {"raw": 0, "fmt": null, "longFmt": "0"}, "downLast30days": {"raw": 1, "fmt": "1", "longFmt": "1"}, "downLast7Days": {"raw": 1, "fmt": "1", "longFmt": "1"}, "downLast90days": {}, "epsRevisionsCurrency": "USD"}}, {"maxAge": 1, "period": "0y", "endDate": "2025-12-31", "growth": {"raw": 0.5584, "fmt": "55.84%"}, "earningsEstimate": {"avg": {"raw": -0.09, "fmt": "-0.09"}, "low": {"raw": -0.09, "fmt": "-0.09"}, "high": {"raw": -0.09, "fmt": "-0.09"}, "yearAgoEps": {"raw": -0.2038, "fmt": "-0.2"}, "numberOfAnalysts": {"raw": 1, "fmt": "1", "longFmt": "1"}, "growth": {"raw": 0.5584, "fmt": "55.84%"}, "earningsCurrency": "USD"}, "revenueEstimate": {"avg": {"raw": 251659000, "fmt": "251.66M", "longFmt": "251,659,000"}, "low": {"raw": 251659000, "fmt": "251.66M", "longFmt": "251,659,000"}, "high": {"raw": 251659000, "fmt": "251.66M", "longFmt": "251,659,000"}, "numberOfAnalysts": {"raw": 1, "fmt": "1", "longFmt": "1"}, "yearAgoRevenue": {"raw": 122312000, "fmt": "122.31M", "longFmt": "122,312,000"}, "growth": {"raw": 1.0575, "fmt": "105.75%"}, "revenueCurrency": "USD"}, "epsTrend": {"current": {"raw": -0.09, "fmt": "-0.09"}, "7daysAgo": {"raw": 0.11, "fmt": "0.11"}, "30daysAgo": {"raw": 0.11, "fmt": "0.11"}, "60daysAgo": {"raw": 0.11, "fmt": "0.11"}, "90daysAgo": {"raw": 0.11, "fmt": "0.11"}, "epsTrendCurrency": "USD"}, "epsRevisions": {"upLast7days": {"raw": 0, "fmt": null, "longFmt": "0"}, "upLast30days": {"raw": 0, "fmt": null, "longFmt": "0"}, "downLast30days": {"raw": 1, "fmt": "1", "longFmt": "1"}, "downLast7Days": {"raw": 1, "fmt": "1", "longFmt": "1"}, "downLast90days": {}, "epsRevisionsCurrency": "USD"}}, {"maxAge": 1, "period": "+1y", "endDate": "2026-12-31", "growth": {"raw": -4.8889003, "fmt": "-488.89%"}, "earningsEstimate": {"avg": {"raw": -0.53, "fmt": "-0.53"}, "low": {"raw": -0.53, "fmt": "-0.53"}, "high": {"raw": -0.53, "fmt": "-0.53"}, "yearAgoEps": {"raw": -0.09, "fmt": "-0.09"}, "numberOfAnalysts": {"raw": 1, "fmt": "1", "longFmt": "1"}, "growth": {"raw": -4.8889003, "fmt": "-488.89%"}, "earningsCurrency": "USD"}, "revenueEstimate": {"avg": {"raw": 170000000, "fmt": "170M", "longFmt": "170,000,000"}, "low": {"raw": 170000000, "fmt": "170M", "longFmt": "170,000,000"}, "high": {"raw": 170000000, "fmt": "170M", "longFmt": "170,000,000"}, "numberOfAnalysts": {"raw": 1, "fmt": "1", "longFmt": "1"}, "yearAgoRevenue": {"raw": 251659000, "fmt": "251.66M", "longFmt": "251,659,000"}, "growth": {"raw": -0.3245, "fmt": "-32.45%"}, "revenueCurrency": "USD"}, "epsTrend": {"current": {"raw": -0.53, "fmt": "-0.53"}, "7daysAgo": {"raw": -0.16, "fmt": "-0.16"}, "30daysAgo": {"raw": -0.16, "fmt": "-0.16"}, "60daysAgo": {"raw": -0.16, "fmt": "-0.16"}, "90daysAgo": {"raw": -0.16, "fmt": "-0.16"}, "epsTrendCurrency": "USD"}, "epsRevisions": {"upLast7days": {"raw": 0, "fmt": null, "longFmt": "0"}, "upLast30days": {"raw": 0, "fmt": null, "longFmt": "0"}, "downLast30days": {"raw": 1, "fmt": "1", "longFmt": "1"}, "downLast7Days": {"raw": 1, "fmt": "1", "longFmt": "1"}, "downLast90days": {}, "epsRevisionsCurrency": "USD"}}], "defaultMethodology": "nongaap", "maxAge": 1}, "earningsHistory": {"history": [{"maxAge": 1, "epsActual": {"raw": -0.0791, "fmt": "-0.08"}, "epsEstimate": {"raw": 0.01, "fmt": "0.01"}, "epsDifference": {"raw": -0.09, "fmt": "-0.09"}, "surprisePercent": {"raw": -8.91, "fmt": "-891.00%"}, "quarter": {"raw": 1727654400, "fmt": "2024-09-30"}, "currency": "USD", "period": "-4q"}, {"maxAge": 1, "epsActual": {"raw": -0.1782, "fmt": "-0.18"}, "epsEstimate": {"raw": -0.07, "fmt": "-0.07"}, "epsDifference": {"raw": -0.11, "fmt": "-0.11"}, "surprisePercent": {"raw": -1.5457001, "fmt": "-154.57%"}, "quarter": {"raw": 1735603200, "fmt": "2024-12-31"}, "currency": "USD", "period": "-3q"}, {"maxAge": 1, "epsActual": {"raw": 0.34, "fmt": "0.34"}, "epsEstimate": {"raw": -0.05, "fmt": "-0.05"}, "epsDifference": {"raw": 0.39, "fmt": "0.39"}, "surprisePercent": {"raw": 7.8, "fmt": "780.00%"}, "quarter": {"raw": 1743379200, "fmt": "2025-03-31"}, "currency": "USD", "period": "-2q"}, {"maxAge": 1, "epsActual": {"raw": -0.06, "fmt": "-0.06"}, "epsEstimate": {"raw": -0.05, "fmt": "-0.05"}, "epsDifference": {"raw": -0.01, "fmt": "-0.01"}, "surprisePercent": {"raw": -0.2, "fmt": "-20.00%"}, "quarter": {"raw": 1751241600, "fmt": "2025-06-30"}, "currency": "USD", "period": "-1q"}], "defaultMethodology": "nongaap", "maxAge": 86400}, "financialData": {"maxAge": 86400, "currentPrice": {"raw": 3.26, "fmt": "3.26"}, "targetHighPrice": {"raw": 5.0, "fmt": "5.00"}, "targetLowPrice": {"raw": 5.0, "fmt": "5.00"}, "targetMeanPrice": {"raw": 5.0, "fmt": "5.00"}, "targetMedianPrice": {"raw": 5.0, "fmt": "5.00"}, "recommendationMean": {}, "recommendationKey": "none", "numberOfAnalystOpinions": {"raw": 1, "fmt": "1", "longFmt": "1"}, "totalCash": {"raw": 374937984, "fmt": "374.94M", "longFmt": "374,937,984"}, "totalCashPerShare": {"raw": 3.888, "fmt": "3.89"}, "ebitda": {"raw": 48697000, "fmt": "48.7M", "longFmt": "48,697,000"}, "totalDebt": {"raw": 116015000, "fmt": "116.02M", "longFmt": "116,015,000"}, "quickRatio": {"raw": 7.897, "fmt": "7.90"}, "currentRatio": {"raw": 8.802, "fmt": "8.80"}, "totalRevenue": {"raw": 247812992, "fmt": "247.81M", "longFmt": "247,812,992"}, "debtToEquity": {"raw": 20.09, "fmt": "20.09%"}, "revenuePerShare": {"raw": 2.546, "fmt": "2.55"}, "returnOnAssets": {"raw": 0.00281, "fmt": "0.28%"}, "returnOnEquity": {"raw": -0.00611, "fmt": "-0.61%"}, "grossProfits": {"raw": 76420000, "fmt": "76.42M", "longFmt": "76,420,000"}, "freeCashflow": {"raw": 15636875, "fmt": "15.64M", "longFmt": "15,636,875"}, "operatingCashflow": {"raw": 31690000, "fmt": "31.69M", "longFmt": "31,690,000"}, "earningsGrowth": {}, "revenueGrowth": {"raw": 0.983, "fmt": "98.30%"}, "grossMargins": {"raw": 0.30838, "fmt": "30.84%"}, "ebitdaMargins": {"raw": 0.19650999, "fmt": "19.65%"}, "operatingMargins": {"raw": -0.24172, "fmt": "-24.17%"}, "profitMargins": {"raw": -0.02595, "fmt": "-2.59%"}, "financialCurrency": "USD"}}