{"assetProfile": {"address1": "1751 River Run", "address2": "Suite 400", "city": "Fort Worth", "state": "TX", "zip": "76107", "country": "United States", "phone": "817 887 8455", "website": "https://actuatetherapeutics.com", "industry": "Biotechnology", "industryKey": "biotechnology", "industryDisp": "Biotechnology", "sector": "Healthcare", "sectorKey": "healthcare", "sectorDisp": "Healthcare", "longBusinessSummary": "Actuate Therapeutics, Inc., a clinical-stage biopharmaceutical company, develops therapies for the treatment of cancers in the United States. The company's lead product candidate is elraglusib injection, a glycogen synthase kinase-3 inhibitor that is in Phase 2 trial to treat metastatic pancreatic ductal adenocarcinoma. It also develops elraglusib, which is in Phase 1/2 trial for the treatment of refractory pediatric malignancies, including Ewing sarcoma, as well as metastatic melanoma and colorectal cancer. The company was formerly known as Apotheca Therapeutics, Inc. and changed its name to Actuate Therapeutics, Inc. in October 2015. Actuate Therapeutics, Inc. was incorporated in 2015 and is headquartered in Fort Worth, Texas.", "fullTimeEmployees": 10, "companyOfficers": [{"maxAge": 1, "name": "Mr. Daniel M. Schmitt", "age": 62, "title": "CEO, President & Director", "yearBorn": 1962, "fiscalYear": 2024, "totalPay": {"raw": 600000, "fmt": "600k", "longFmt": "600,000"}, "exercisedValue": {"raw": 0, "fmt": null, "longFmt": "0"}, "unexercisedValue": {"raw": 0, "fmt": null, "longFmt": "0"}}, {"maxAge": 1, "name": "Dr. Andrew P. Mazar Ph.D.", "age": 62, "title": "Co-Founder & COO", "yearBorn": 1962, "fiscalYear": 2024, "totalPay": {"raw": 675000, "fmt": "675k", "longFmt": "675,000"}, "exercisedValue": {"raw": 0, "fmt": null, "longFmt": "0"}, "unexercisedValue": {"raw": 63438, "fmt": "63.44k", "longFmt": "63,438"}}, {"maxAge": 1, "name": "Mr. Paul J. Lytle CPA", "age": 56, "title": "Chief Financial Officer", "yearBorn": 1968, "fiscalYear": 2024, "totalPay": {"raw": 411627, "fmt": "411.63k", "longFmt": "411,627"}, "exercisedValue": {"raw": 0, "fmt": null, "longFmt": "0"}, "unexercisedValue": {"raw": 0, "fmt": null, "longFmt": "0"}}, {"maxAge": 1, "name": "Dr. Alan  Kozikowski Ph.D.", "age": 73, "title": "Scientific Founder and Advisor", "yearBorn": 1951, "fiscalYear": 2024, "exercisedValue": {"raw": 0, "fmt": null, "longFmt": "0"}, "unexercisedValue": {"raw": 0, "fmt": null, "longFmt": "0"}}], "auditRisk": 8, "boardRisk": 10, "compensationRisk": 8, "shareHolderRightsRisk": 7, "overallRisk": 9, "governanceEpochDate": 1761955200, "compensationAsOfEpochDate": 1735603200, "executiveTeam": [], "maxAge": 86400}, "calendarEvents": {"maxAge": 1, "earnings": {"earningsDate": [{"raw": 1763067600, "fmt": "2025-11-13"}], "earningsCallDate": [], "isEarningsDateEstimate": true, "earningsAverage": {"raw": -0.2775, "fmt": "-0.28"}, "earningsLow": {"raw": -0.29, "fmt": "-0.29"}, "earningsHigh": {"raw": -0.25, "fmt": "-0.25"}, "revenueAverage": {"raw": 0, "fmt": null, "longFmt": "0"}, "revenueLow": {"raw": 0, "fmt": null, "longFmt": "0"}, "revenueHigh": {"raw": 0, "fmt": null, "longFmt": "0"}}, "exDividendDate": {}, "dividendDate": {}}, "earningsTrend": {"trend": [{"maxAge": 1, "period": "0q", "endDate": "2025-09-30", "growth": {}, "earningsEstimate": {"avg": {"raw": -0.2775, "fmt": "-0.28"}, "low": {"raw": -0.29, "fmt": "-0.29"}, "high": {"raw": -0.25, "fmt": "-0.25"}, "yearAgoEps": {}, "numberOfAnalysts": {"raw": 4, "fmt": "4", "longFmt": "4"}, "growth": {}, "earningsCurrency": "USD"}, "revenueEstimate": {"avg": {"raw": 0, "fmt": null, "longFmt": "0"}, "low": {"raw": 0, "fmt": null, "longFmt": "0"}, "high": {"raw": 0, "fmt": null, "longFmt": "0"}, "numberOfAnalysts": {"raw": 4, "fmt": "4", "longFmt": "4"}, "yearAgoRevenue": {}, "growth": {}, "revenueCurrency": "USD"}, "epsTrend": {"current": {"raw": -0.2775, "fmt": "-0.28"}, "7daysAgo": {"raw": -0.2775, "fmt": "-0.28"}, "30daysAgo": {"raw": -0.27333, "fmt": "-0.27"}, "60daysAgo": {"raw": -0.3, "fmt": "-0.3"}, "90daysAgo": {"raw": -0.3, "fmt": "-0.3"}, "epsTrendCurrency": "USD"}, "epsRevisions": {"upLast7days": {"raw": 1, "fmt": "1", "longFmt": "1"}, "upLast30days": {"raw": 1, "fmt": "1", "longFmt": "1"}, "downLast30days": {"raw": 1, "fmt": "1", "longFmt": "1"}, "downLast7Days": {"raw": 1, "fmt": "1", "longFmt": "1"}, "downLast90days": {}, "epsRevisionsCurrency": "USD"}}, {"maxAge": 1, "period": "+1q", "endDate": "2025-12-31", "growth": {}, "earningsEstimate": {"avg": {"raw": -0.2725, "fmt": "-0.27"}, "low": {"raw": -0.3, "fmt": "-0.3"}, "high": {"raw": -0.25, "fmt": "-0.25"}, "yearAgoEps": {}, "numberOfAnalysts": {"raw": 4, "fmt": "4", "longFmt": "4"}, "growth": {}, "earningsCurrency": "USD"}, "revenueEstimate": {"avg": {"raw": 0, "fmt": null, "longFmt": "0"}, "low": {"raw": 0, "fmt": null, "longFmt": "0"}, "high": {"raw": 0, "fmt": null, "longFmt": "0"}, "numberOfAnalysts": {"raw": 4, "fmt": "4", "longFmt": "4"}, "yearAgoRevenue": {"raw": 0, "fmt": null, "longFmt": "0"}, "growth": {"raw": 0.0, "fmt": "0.00%"}, "revenueCurrency": "USD"}, "epsTrend": {"current": {"raw": -0.2725, "fmt": "-0.27"}, "7daysAgo": {"raw": -0.2725, "fmt": "-0.27"}, "30daysAgo": {"raw": -0.26667, "fmt": "-0.27"}, "60daysAgo": {"raw": -0.315, "fmt": "-0.31"}, "90daysAgo": {"raw": -0.315, "fmt": "-0.31"}, "epsTrendCurrency": "USD"}, "epsRevisions": {"upLast7days": {"raw": 1, "fmt": "1", "longFmt": "1"}, "upLast30days": {"raw": 1, "fmt": "1", "longFmt": "1"}, "downLast30days": {"raw": 0, "fmt": null, "longFmt": "0"}, "downLast7Days": {"raw": 0, "fmt": null, "longFmt": "0"}, "downLast90days": {}, "epsRevisionsCurrency": "USD"}}, {"maxAge": 1, "period": "0y", "endDate": "2025-12-31", "growth": {"raw": 0.648, "fmt": "64.80%"}, "earningsEstimate": {"avg": {"raw": -1.1475, "fmt": "-1.15"}, "low": {"raw": -1.22, "fmt": "-1.22"}, "high": {"raw": -1.02, "fmt": "-1.02"}, "yearAgoEps": {"raw": -3.26, "fmt": "-3.26"}, "numberOfAnalysts": {"raw": 4, "fmt": "4", "longFmt": "4"}, "growth": {"raw": 0.648, "fmt": "64.80%"}, "earningsCurrency": "USD"}, "revenueEstimate": {"avg": {"raw": 0, "fmt": null, "longFmt": "0"}, "low": {"raw": 0, "fmt": null, "longFmt": "0"}, "high": {"raw": 0, "fmt": null, "longFmt": "0"}, "numberOfAnalysts": {"raw": 4, "fmt": "4", "longFmt": "4"}, "yearAgoRevenue": {"raw": 0, "fmt": null, "longFmt": "0"}, "growth": {"raw": 0.0, "fmt": "0.00%"}, "revenueCurrency": "USD"}, "epsTrend": {"current": {"raw": -1.1475, "fmt": "-1.15"}, "7daysAgo": {"raw": -1.155, "fmt": "-1.15"}, "30daysAgo": {"raw": -1.14, "fmt": "-1.14"}, "60daysAgo": {"raw": -1.255, "fmt": "-1.25"}, "90daysAgo": {"raw": -1.255, "fmt": "-1.25"}, "epsTrendCurrency": "USD"}, "epsRevisions": {"upLast7days": {"raw": 1, "fmt": "1", "longFmt": "1"}, "upLast30days": {"raw": 1, "fmt": "1", "longFmt": "1"}, "downLast30days": {"raw": 0, "fmt": null, "longFmt": "0"}, "downLast7Days": {"raw": 0, "fmt": null, "longFmt": "0"}, "downLast90days": {}, "epsRevisionsCurrency": "USD"}}, {"maxAge": 1, "period": "+1y", "endDate": "2026-12-31", "growth": {"raw": -0.119799994, "fmt": "-11.98%"}, "earningsEstimate": {"avg": {"raw": -1.285, "fmt": "-1.28"}, "low": {"raw": -1.51, "fmt": "-1.51"}, "high": {"raw": -1.04, "fmt": "-1.04"}, "yearAgoEps": {"raw": -1.1475, "fmt": "-1.15"}, "numberOfAnalysts": {"raw": 4, "fmt": "4", "longFmt": "4"}, "growth": {"raw": -0.119799994, "fmt": "-11.98%"}, "earningsCurrency": "USD"}, "revenueEstimate": {"avg": {"raw": 0, "fmt": null, "longFmt": "0"}, "low": {"raw": 0, "fmt": null, "longFmt": "0"}, "high": {"raw": 0, "fmt": null, "longFmt": "0"}, "numberOfAnalysts": {"raw": 4, "fmt": "4", "longFmt": "4"}, "yearAgoRevenue": {"raw": 0, "fmt": null, "longFmt": "0"}, "growth": {"raw": 0.0, "fmt": "0.00%"}, "revenueCurrency": "USD"}, "epsTrend": {"current": {"raw": -1.285, "fmt": "-1.28"}, "7daysAgo": {"raw": -1.28, "fmt": "-1.28"}, "30daysAgo": {"raw": -1.31667, "fmt": "-1.32"}, "60daysAgo": {"raw": -1.33333, "fmt": "-1.33"}, "90daysAgo": {"raw": -1.33333, "fmt": "-1.33"}, "epsTrendCurrency": "USD"}, "epsRevisions": {"upLast7days": {"raw": 0, "fmt": null, "longFmt": "0"}, "upLast30days": {"raw": 0, "fmt": null, "longFmt": "0"}, "downLast30days": {"raw": 1, "fmt": "1", "longFmt": "1"}, "downLast7Days": {"raw": 1, "fmt": "1", "longFmt": "1"}, "downLast90days": {}, "epsRevisionsCurrency": "USD"}}], "defaultMethodology": "nongaap", "maxAge": 1}, "earningsHistory": {"history": [{"maxAge": 1, "epsActual": {}, "epsEstimate": {"raw": -0.29, "fmt": "-0.29"}, "epsDifference": {}, "surprisePercent": {}, "quarter": {"raw": 1735603200, "fmt": "2024-12-31"}, "currency": "USD", "period": "-3q"}, {"maxAge": 1, "epsActual": {"raw": -0.32, "fmt": "-0.32"}, "epsEstimate": {"raw": -0.30333, "fmt": "-0.3"}, "epsDifference": {"raw": -0.02, "fmt": "-0.02"}, "surprisePercent": {"raw": -0.055, "fmt": "-5.50%"}, "quarter": {"raw": 1743379200, "fmt": "2025-03-31"}, "currency": "USD", "period": "-2q"}, {"maxAge": 1, "epsActual": {"raw": -0.3, "fmt": "-0.3"}, "epsEstimate": {"raw": -0.315, "fmt": "-0.31"}, "epsDifference": {"raw": 0.02, "fmt": "0.02"}, "surprisePercent": {"raw": 0.0476, "fmt": "4.76%"}, "quarter": {"raw": 1751241600, "fmt": "2025-06-30"}, "currency": "USD", "period": "-1q"}], "defaultMethodology": "nongaap", "maxAge": 86400}, "financialData": {"maxAge": 86400, "currentPrice": {"raw": 6.7, "fmt": "6.70"}, "targetHighPrice": {"raw": 35.0, "fmt": "35.00"}, "targetLowPrice": {"raw": 20.0, "fmt": "20.00"}, "targetMeanPrice": {"raw": 26.75, "fmt": "26.75"}, "targetMedianPrice": {"raw": 26.0, "fmt": "26.00"}, "recommendationMean": {}, "recommendationKey": "none", "numberOfAnalystOpinions": {"raw": 4, "fmt": "4", "longFmt": "4"}, "totalCash": {"raw": 6492656, "fmt": "6.49M", "longFmt": "6,492,656"}, "totalCashPerShare": {"raw": 0.313, "fmt": "0.31"}, "ebitda": {}, "totalDebt": {"raw": 0, "fmt": null, "longFmt": "0"}, "quickRatio": {"raw": 0.706, "fmt": "0.71"}, "currentRatio": {"raw": 0.727, "fmt": "0.73"}, "totalRevenue": {}, "debtToEquity": {}, "revenuePerShare": {}, "returnOnAssets": {"raw": -3.4895499, "fmt": "-348.95%"}, "returnOnEquity": {}, "grossProfits": {}, "freeCashflow": {"raw": -14699001, "fmt": "-14.7M", "longFmt": "-14,699,001"}, "operatingCashflow": {"raw": -22713928, "fmt": "-22.71M", "longFmt": "-22,713,928"}, "earningsGrowth": {}, "revenueGrowth": {}, "grossMargins": {"raw": 0.0, "fmt": "0.00%"}, "ebitdaMargins": {"raw": 0.0, "fmt": "0.00%"}, "operatingMargins": {"raw": 0.0, "fmt": "0.00%"}, "profitMargins": {"raw": 0.0, "fmt": "0.00%"}, "financialCurrency": "USD"}}