{"assetProfile": {"address1": "259 Liberty Avenue", "city": "Staten Island", "state": "NY", "zip": "10305", "country": "United States", "phone": "917 533 1469", "website": "https://www.acurxpharma.com", "industry": "Biotechnology", "industryKey": "biotechnology", "industryDisp": "Biotechnology", "sector": "Healthcare", "sectorKey": "healthcare", "sectorDisp": "Healthcare", "longBusinessSummary": "Acurx Pharmaceuticals, Inc., a clinical stage biopharmaceutical company, develops antibiotics to treat bacterial infections in the United States. The company's lead antibiotic candidate is ibezapolstat, a novel mechanism of action that targets the polymerase IIIC enzyme that is in Phase 2b clinical trial to treat patients with clostridium difficile infections. It also develops ACX-375C, a potential oral and parenteral treatment targeting gram-positive bacteria, including methicillin-resistant staphylococcus aureus, vancomycin-resistant enterococcus, and penicillin-resistant streptococcus pneumonia; and CCP, multiple product candidates for gram-positive infections. Acurx Pharmaceuticals, Inc. was incorporated in 2017 and is headquartered in Staten Island, New York.", "fullTimeEmployees": 4, "companyOfficers": [{"maxAge": 1, "name": "Mr. Robert J. DeLuccia", "age": 78, "title": "Co-Founder & Executive Chairman", "yearBorn": 1946, "fiscalYear": 2024, "totalPay": {"raw": 818930, "fmt": "818.93k", "longFmt": "818,930"}, "exercisedValue": {"raw": 0, "fmt": null, "longFmt": "0"}, "unexercisedValue": {"raw": 0, "fmt": null, "longFmt": "0"}}, {"maxAge": 1, "name": "Mr. David P. Luci CPA, Esq., J.D.", "age": 57, "title": "Co-Founder, President, CEO, Corporate Secretary & Director", "yearBorn": 1967, "fiscalYear": 2024, "totalPay": {"raw": 786883, "fmt": "786.88k", "longFmt": "786,883"}, "exercisedValue": {"raw": 0, "fmt": null, "longFmt": "0"}, "unexercisedValue": {"raw": 0, "fmt": null, "longFmt": "0"}}, {"maxAge": 1, "name": "Mr. Robert G. Shawah CPA", "age": 57, "title": "Co-Founder & CFO", "yearBorn": 1967, "fiscalYear": 2024, "totalPay": {"raw": 533653, "fmt": "533.65k", "longFmt": "533,653"}, "exercisedValue": {"raw": 0, "fmt": null, "longFmt": "0"}, "unexercisedValue": {"raw": 0, "fmt": null, "longFmt": "0"}}], "compensationAsOfEpochDate": 1735603200, "executiveTeam": [], "maxAge": 86400}, "calendarEvents": {"maxAge": 1, "earnings": {"earningsDate": [{"raw": 1762954200, "fmt": "2025-11-12"}], "earningsCallDate": [{"raw": 1762952400, "fmt": "2025-11-12"}], "isEarningsDateEstimate": false, "earningsAverage": {"raw": -1.485, "fmt": "-1.49"}, "earningsLow": {"raw": -1.61, "fmt": "-1.61"}, "earningsHigh": {"raw": -1.36, "fmt": "-1.36"}, "revenueAverage": {"raw": 0, "fmt": null, "longFmt": "0"}, "revenueLow": {"raw": 0, "fmt": null, "longFmt": "0"}, "revenueHigh": {"raw": 0, "fmt": null, "longFmt": "0"}}, "exDividendDate": {}, "dividendDate": {}}, "earningsTrend": {"trend": [{"maxAge": 1, "period": "0q", "endDate": "2025-09-30", "growth": {"raw": 0.5632, "fmt": "56.32%"}, "earningsEstimate": {"avg": {"raw": -1.485, "fmt": "-1.49"}, "low": {"raw": -1.61, "fmt": "-1.61"}, "high": {"raw": -1.36, "fmt": "-1.36"}, "yearAgoEps": {"raw": -3.4, "fmt": "-3.4"}, "numberOfAnalysts": {"raw": 2, "fmt": "2", "longFmt": "2"}, "growth": {"raw": 0.5632, "fmt": "56.32%"}, "earningsCurrency": "USD"}, "revenueEstimate": {"avg": {"raw": 0, "fmt": null, "longFmt": "0"}, "low": {"raw": 0, "fmt": null, "longFmt": "0"}, "high": {"raw": 0, "fmt": null, "longFmt": "0"}, "numberOfAnalysts": {"raw": 2, "fmt": "2", "longFmt": "2"}, "yearAgoRevenue": {"raw": 0, "fmt": null, "longFmt": "0"}, "growth": {"raw": 0.0, "fmt": "0.00%"}, "revenueCurrency": "USD"}, "epsTrend": {"current": {"raw": -1.485, "fmt": "-1.49"}, "7daysAgo": {"raw": -1.485, "fmt": "-1.49"}, "30daysAgo": {"raw": -1.485, "fmt": "-1.49"}, "60daysAgo": {"raw": -1.485, "fmt": "-1.49"}, "90daysAgo": {"raw": -2.3, "fmt": "-2.3"}, "epsTrendCurrency": "USD"}, "epsRevisions": {"upLast7days": {"raw": 2, "fmt": "2", "longFmt": "2"}, "upLast30days": {"raw": 2, "fmt": "2", "longFmt": "2"}, "downLast30days": {"raw": 0, "fmt": null, "longFmt": "0"}, "downLast7Days": {"raw": 0, "fmt": null, "longFmt": "0"}, "downLast90days": {}, "epsRevisionsCurrency": "USD"}}, {"maxAge": 1, "period": "+1q", "endDate": "2025-12-31", "growth": {"raw": 0.56880003, "fmt": "56.88%"}, "earningsEstimate": {"avg": {"raw": -1.38, "fmt": "-1.38"}, "low": {"raw": -1.69, "fmt": "-1.69"}, "high": {"raw": -1.07, "fmt": "-1.07"}, "yearAgoEps": {"raw": -3.2, "fmt": "-3.2"}, "numberOfAnalysts": {"raw": 2, "fmt": "2", "longFmt": "2"}, "growth": {"raw": 0.56880003, "fmt": "56.88%"}, "earningsCurrency": "USD"}, "revenueEstimate": {"avg": {"raw": 0, "fmt": null, "longFmt": "0"}, "low": {"raw": 0, "fmt": null, "longFmt": "0"}, "high": {"raw": 0, "fmt": null, "longFmt": "0"}, "numberOfAnalysts": {"raw": 2, "fmt": "2", "longFmt": "2"}, "yearAgoRevenue": {"raw": 0, "fmt": null, "longFmt": "0"}, "growth": {"raw": 0.0, "fmt": "0.00%"}, "revenueCurrency": "USD"}, "epsTrend": {"current": {"raw": -1.38, "fmt": "-1.38"}, "7daysAgo": {"raw": -1.38, "fmt": "-1.38"}, "30daysAgo": {"raw": -1.38, "fmt": "-1.38"}, "60daysAgo": {"raw": -1.38, "fmt": "-1.38"}, "90daysAgo": {"raw": -2.4, "fmt": "-2.4"}, "epsTrendCurrency": "USD"}, "epsRevisions": {"upLast7days": {"raw": 2, "fmt": "2", "longFmt": "2"}, "upLast30days": {"raw": 2, "fmt": "2", "longFmt": "2"}, "downLast30days": {"raw": 0, "fmt": null, "longFmt": "0"}, "downLast7Days": {"raw": 0, "fmt": null, "longFmt": "0"}, "downLast90days": {}, "epsRevisionsCurrency": "USD"}}, {"maxAge": 1, "period": "0y", "endDate": "2025-12-31", "growth": {"raw": 0.6239, "fmt": "62.39%"}, "earningsEstimate": {"avg": {"raw": -6.545, "fmt": "-6.55"}, "low": {"raw": -7.14, "fmt": "-7.14"}, "high": {"raw": -5.95, "fmt": "-5.95"}, "yearAgoEps": {"raw": -17.4, "fmt": "-17.4"}, "numberOfAnalysts": {"raw": 2, "fmt": "2", "longFmt": "2"}, "growth": {"raw": 0.6239, "fmt": "62.39%"}, "earningsCurrency": "USD"}, "revenueEstimate": {"avg": {"raw": 0, "fmt": null, "longFmt": "0"}, "low": {"raw": 0, "fmt": null, "longFmt": "0"}, "high": {"raw": 0, "fmt": null, "longFmt": "0"}, "numberOfAnalysts": {"raw": 2, "fmt": "2", "longFmt": "2"}, "yearAgoRevenue": {"raw": 0, "fmt": null, "longFmt": "0"}, "growth": {"raw": 0.0, "fmt": "0.00%"}, "revenueCurrency": "USD"}, "epsTrend": {"current": {"raw": -6.545, "fmt": "-6.55"}, "7daysAgo": {"raw": -6.545, "fmt": "-6.55"}, "30daysAgo": {"raw": -6.545, "fmt": "-6.55"}, "60daysAgo": {"raw": -6.545, "fmt": "-6.55"}, "90daysAgo": {"raw": -9.0, "fmt": "-9"}, "epsTrendCurrency": "USD"}, "epsRevisions": {"upLast7days": {"raw": 2, "fmt": "2", "longFmt": "2"}, "upLast30days": {"raw": 2, "fmt": "2", "longFmt": "2"}, "downLast30days": {"raw": 0, "fmt": null, "longFmt": "0"}, "downLast7Days": {"raw": 0, "fmt": null, "longFmt": "0"}, "downLast90days": {}, "epsRevisionsCurrency": "USD"}}, {"maxAge": 1, "period": "+1y", "endDate": "2026-12-31", "growth": {"raw": 0.2987, "fmt": "29.87%"}, "earningsEstimate": {"avg": {"raw": -4.59, "fmt": "-4.59"}, "low": {"raw": -6.03, "fmt": "-6.03"}, "high": {"raw": -3.15, "fmt": "-3.15"}, "yearAgoEps": {"raw": -6.545, "fmt": "-6.55"}, "numberOfAnalysts": {"raw": 2, "fmt": "2", "longFmt": "2"}, "growth": {"raw": 0.2987, "fmt": "29.87%"}, "earningsCurrency": "USD"}, "revenueEstimate": {"avg": {"raw": 0, "fmt": null, "longFmt": "0"}, "low": {"raw": 0, "fmt": null, "longFmt": "0"}, "high": {"raw": 0, "fmt": null, "longFmt": "0"}, "numberOfAnalysts": {"raw": 3, "fmt": "3", "longFmt": "3"}, "yearAgoRevenue": {"raw": 0, "fmt": null, "longFmt": "0"}, "growth": {"raw": 0.0, "fmt": "0.00%"}, "revenueCurrency": "USD"}, "epsTrend": {"current": {"raw": -4.59, "fmt": "-4.59"}, "7daysAgo": {"raw": -4.59, "fmt": "-4.59"}, "30daysAgo": {"raw": -4.59, "fmt": "-4.59"}, "60daysAgo": {"raw": -4.59, "fmt": "-4.59"}, "90daysAgo": {"raw": -9.4, "fmt": "-9.4"}, "epsTrendCurrency": "USD"}, "epsRevisions": {"upLast7days": {"raw": 2, "fmt": "2", "longFmt": "2"}, "upLast30days": {"raw": 2, "fmt": "2", "longFmt": "2"}, "downLast30days": {"raw": 0, "fmt": null, "longFmt": "0"}, "downLast7Days": {"raw": 0, "fmt": null, "longFmt": "0"}, "downLast90days": {}, "epsRevisionsCurrency": "USD"}}], "defaultMethodology": "nongaap", "maxAge": 1}, "earningsHistory": {"history": [{"maxAge": 1, "epsActual": {"raw": -3.4, "fmt": "-3.4"}, "epsEstimate": {"raw": -4.6, "fmt": "-4.6"}, "epsDifference": {"raw": 1.2, "fmt": "1.2"}, "surprisePercent": {"raw": 0.2609, "fmt": "26.09%"}, "quarter": {"raw": 1727654400, "fmt": "2024-09-30"}, "currency": "USD", "period": "-4q"}, {"maxAge": 1, "epsActual": {"raw": -3.2, "fmt": "-3.2"}, "epsEstimate": {"raw": -3.6, "fmt": "-3.6"}, "epsDifference": {"raw": 0.4, "fmt": "0.4"}, "surprisePercent": {"raw": 0.111099996, "fmt": "11.11%"}, "quarter": {"raw": 1735603200, "fmt": "2024-12-31"}, "currency": "USD", "period": "-3q"}, {"maxAge": 1, "epsActual": {"raw": -2.2, "fmt": "-2.2"}, "epsEstimate": {"raw": -2.8, "fmt": "-2.8"}, "epsDifference": {"raw": 0.6, "fmt": "0.6"}, "surprisePercent": {"raw": 0.2143, "fmt": "21.43%"}, "quarter": {"raw": 1743379200, "fmt": "2025-03-31"}, "currency": "USD", "period": "-2q"}, {"maxAge": 1, "epsActual": {"raw": -1.89, "fmt": "-1.89"}, "epsEstimate": {"raw": -2.1, "fmt": "-2.1"}, "epsDifference": {"raw": 0.21, "fmt": "0.21"}, "surprisePercent": {"raw": 0.1, "fmt": "10.00%"}, "quarter": {"raw": 1751241600, "fmt": "2025-06-30"}, "currency": "USD", "period": "-1q"}], "defaultMethodology": "nongaap", "maxAge": 86400}, "financialData": {"maxAge": 86400, "currentPrice": {"raw": 5.06, "fmt": "5.06"}, "targetHighPrice": {"raw": 165.8, "fmt": "165.80"}, "targetLowPrice": {"raw": 20.0, "fmt": "20.00"}, "targetMeanPrice": {"raw": 61.7, "fmt": "61.70"}, "targetMedianPrice": {"raw": 30.5, "fmt": "30.50"}, "recommendationMean": {"raw": 1.66667, "fmt": "1.67"}, "recommendationKey": "buy", "numberOfAnalystOpinions": {"raw": 4, "fmt": "4", "longFmt": "4"}, "totalCash": {"raw": 6064128, "fmt": "6.06M", "longFmt": "6,064,128"}, "totalCashPerShare": {"raw": 3.826, "fmt": "3.83"}, "ebitda": {}, "totalDebt": {"raw": 0, "fmt": null, "longFmt": "0"}, "quickRatio": {"raw": 2.355, "fmt": "2.36"}, "currentRatio": {"raw": 2.376, "fmt": "2.38"}, "totalRevenue": {}, "debtToEquity": {}, "revenuePerShare": {}, "returnOnAssets": {"raw": -0.98585, "fmt": "-98.58%"}, "returnOnEquity": {"raw": -2.85935, "fmt": "-285.93%"}, "grossProfits": {}, "freeCashflow": {"raw": -4532716, "fmt": "-4.53M", "longFmt": "-4,532,716"}, "operatingCashflow": {"raw": -8162290, "fmt": "-8.16M", "longFmt": "-8,162,290"}, "earningsGrowth": {}, "revenueGrowth": {}, "grossMargins": {"raw": 0.0, "fmt": "0.00%"}, "ebitdaMargins": {"raw": 0.0, "fmt": "0.00%"}, "operatingMargins": {"raw": 0.0, "fmt": "0.00%"}, "profitMargins": {"raw": 0.0, "fmt": "0.00%"}, "financialCurrency": "USD"}}