{"assetProfile": {"address1": "Building C14", "address2": "4th Floor No. 218, Xinghu Street Suzhou Industrial Park", "city": "Suzhou", "zip": "215123", "country": "China", "phone": "86 512 8777 3632", "website": "https://www.adagene.com", "industry": "Biotechnology", "industryKey": "biotechnology", "industryDisp": "Biotechnology", "sector": "Healthcare", "sectorKey": "healthcare", "sectorDisp": "Healthcare", "longBusinessSummary": "Adagene Inc., a clinical stage biotechnology company, engages in the research, development, and production of monoclonal antibody drugs for cancers in the People's Republic of China. Its lead product candidate is the ADG126, a masked fully-human anti-CTLA-4 mAb which is in phase 1b/2 clinical development for the treatment of cancer. The company also develops ADG116, a fully human anti-CTLA-4 antibody generated using NEObody technology, which is in phase 1b/2 clinical trials to treat advanced/metastatic solid tumors; ADG206, which is in phase 1 clinical development to treat advanced metastatic solid tumors; ADG104, anti-PD-L1 monoclonal antibody which is in phase 2 clinical development; and ADG125, a novel anti-CSF-1R mAb which is in Phase 2 clinical development. In addition, it is developing ADG138, a HER2xCD3 POWERbody which is in pre clinical trial to treat low expressing tumors, as well as resistant/refractory tumors; ADG152, a CD20xCD3 POWERbody which is in preclincal trial to treat off-tumor toxicities; ADG153, a masked anti-CD47 IgG1 SAFEbody, wihx is in preclinical trial for the treatment of hematologic and solid tumor; and CD28 T-cell engagers, an anti-CD28 bispecific POWERbody TCEs to treat solid tumors. The company was incorporated in 2011 and is headquartered in Suzhou, China.", "fullTimeEmployees": 138, "companyOfficers": [{"maxAge": 1, "name": "Dr. Peter P.  Luo Ph.D.", "age": 58, "title": "Co- Founder, Chairman, CEO and President of R&D", "yearBorn": 1966, "exercisedValue": {"raw": 0, "fmt": null, "longFmt": "0"}, "unexercisedValue": {"raw": 0, "fmt": null, "longFmt": "0"}}, {"maxAge": 1, "name": "Mr. Man Kin  Tam M.B.A.", "age": 47, "title": "CFO & Director", "yearBorn": 1977, "exercisedValue": {"raw": 0, "fmt": null, "longFmt": "0"}, "unexercisedValue": {"raw": 0, "fmt": null, "longFmt": "0"}}, {"maxAge": 1, "name": "Ms. Ling  Zhou", "title": "Executive Director & Head of Human Resources", "exercisedValue": {"raw": 0, "fmt": null, "longFmt": "0"}, "unexercisedValue": {"raw": 0, "fmt": null, "longFmt": "0"}}, {"maxAge": 1, "name": "Dr. Qinghai  Zhao Ph.D.", "age": 63, "title": "Chief Manufacturing Officer", "yearBorn": 1961, "exercisedValue": {"raw": 0, "fmt": null, "longFmt": "0"}, "unexercisedValue": {"raw": 0, "fmt": null, "longFmt": "0"}}, {"maxAge": 1, "name": "Ms. Yan  Li M.B.A.", "age": 49, "title": "Senior Vice President of Bioinformatics & Information Technology", "yearBorn": 1975, "exercisedValue": {"raw": 0, "fmt": null, "longFmt": "0"}, "unexercisedValue": {"raw": 0, "fmt": null, "longFmt": "0"}}, {"maxAge": 1, "name": "Ms. Xiaohong  She", "age": 57, "title": "Senior VP & Head of Clinical Operations", "yearBorn": 1967, "exercisedValue": {"raw": 0, "fmt": null, "longFmt": "0"}, "unexercisedValue": {"raw": 0, "fmt": null, "longFmt": "0"}}, {"maxAge": 1, "name": "Dr. Guizhong  Liu Ph.D.", "age": 53, "title": "Senior Vice President of Early Drug Discovery", "yearBorn": 1971, "exercisedValue": {"raw": 0, "fmt": null, "longFmt": "0"}, "unexercisedValue": {"raw": 0, "fmt": null, "longFmt": "0"}}, {"maxAge": 1, "name": "Mr. Alexander  Goergen", "age": 37, "title": "VP & Head of Business Development", "yearBorn": 1987, "exercisedValue": {"raw": 0, "fmt": null, "longFmt": "0"}, "unexercisedValue": {"raw": 0, "fmt": null, "longFmt": "0"}}, {"maxAge": 1, "name": "Dr. Jiping  Zha M.D., Ph.D.", "title": "Executive Vice President of Clinical Development", "exercisedValue": {"raw": 0, "fmt": null, "longFmt": "0"}, "unexercisedValue": {"raw": 0, "fmt": null, "longFmt": "0"}}, {"maxAge": 1, "name": "Dr. Songmao  Zheng Ph.D.", "title": "Senior VP of Clinical Pharmacology & Quantitative Sciences", "exercisedValue": {"raw": 0, "fmt": null, "longFmt": "0"}, "unexercisedValue": {"raw": 0, "fmt": null, "longFmt": "0"}}], "executiveTeam": [], "maxAge": 86400}, "calendarEvents": {"maxAge": 1, "earnings": {"earningsDate": [], "earningsCallDate": [], "isEarningsDateEstimate": true, "earningsAverage": {}, "earningsLow": {}, "earningsHigh": {}, "revenueAverage": {"raw": 0, "fmt": null, "longFmt": "0"}, "revenueLow": {"raw": 0, "fmt": null, "longFmt": "0"}, "revenueHigh": {"raw": 0, "fmt": null, "longFmt": "0"}}, "exDividendDate": {}, "dividendDate": {}}, "earningsTrend": {"trend": [{"maxAge": 1, "period": "0q", "endDate": "2025-09-30", "growth": {}, "earningsEstimate": {"avg": {"raw": -0.15, "fmt": "-0.15"}, "low": {"raw": -0.15, "fmt": "-0.15"}, "high": {"raw": -0.15, "fmt": "-0.15"}, "yearAgoEps": {}, "numberOfAnalysts": {"raw": 1, "fmt": "1", "longFmt": "1"}, "growth": {}, "earningsCurrency": "USD"}, "revenueEstimate": {"avg": {"raw": 0, "fmt": null, "longFmt": "0"}, "low": {"raw": 0, "fmt": null, "longFmt": "0"}, "high": {"raw": 0, "fmt": null, "longFmt": "0"}, "numberOfAnalysts": {"raw": 1, "fmt": "1", "longFmt": "1"}, "yearAgoRevenue": {}, "growth": {}, "revenueCurrency": "USD"}, "epsTrend": {"current": {"raw": -0.15, "fmt": "-0.15"}, "7daysAgo": {"raw": 0.0, "fmt": "0"}, "30daysAgo": {"raw": 0.0, "fmt": "0"}, "60daysAgo": {"raw": 0.0, "fmt": "0"}, "90daysAgo": {"raw": 0.0, "fmt": "0"}, "epsTrendCurrency": "USD"}, "epsRevisions": {"upLast7days": {"raw": 0, "fmt": null, "longFmt": "0"}, "upLast30days": {"raw": 0, "fmt": null, "longFmt": "0"}, "downLast30days": {"raw": 0, "fmt": null, "longFmt": "0"}, "downLast7Days": {"raw": 0, "fmt": null, "longFmt": "0"}, "downLast90days": {}, "epsRevisionsCurrency": "USD"}}, {"maxAge": 1, "period": "+1q", "endDate": "2025-12-31", "growth": {}, "earningsEstimate": {"avg": {"raw": -0.19, "fmt": "-0.19"}, "low": {"raw": -0.19, "fmt": "-0.19"}, "high": {"raw": -0.19, "fmt": "-0.19"}, "yearAgoEps": {}, "numberOfAnalysts": {"raw": 1, "fmt": "1", "longFmt": "1"}, "growth": {}, "earningsCurrency": "USD"}, "revenueEstimate": {"avg": {"raw": 0, "fmt": null, "longFmt": "0"}, "low": {"raw": 0, "fmt": null, "longFmt": "0"}, "high": {"raw": 0, "fmt": null, "longFmt": "0"}, "numberOfAnalysts": {"raw": 1, "fmt": "1", "longFmt": "1"}, "yearAgoRevenue": {}, "growth": {}, "revenueCurrency": "USD"}, "epsTrend": {"current": {"raw": -0.19, "fmt": "-0.19"}, "7daysAgo": {"raw": 0.0, "fmt": "0"}, "30daysAgo": {"raw": 0.0, "fmt": "0"}, "60daysAgo": {"raw": 0.0, "fmt": "0"}, "90daysAgo": {"raw": 0.0, "fmt": "0"}, "epsTrendCurrency": "USD"}, "epsRevisions": {"upLast7days": {"raw": 0, "fmt": null, "longFmt": "0"}, "upLast30days": {"raw": 0, "fmt": null, "longFmt": "0"}, "downLast30days": {"raw": 0, "fmt": null, "longFmt": "0"}, "downLast7Days": {"raw": 0, "fmt": null, "longFmt": "0"}, "downLast90days": {}, "epsRevisionsCurrency": "USD"}}, {"maxAge": 1, "period": "0y", "endDate": "2025-12-31", "growth": {"raw": -0.2745, "fmt": "-27.45%"}, "earningsEstimate": {"avg": {"raw": -0.65, "fmt": "-0.65"}, "low": {"raw": -0.65, "fmt": "-0.65"}, "high": {"raw": -0.65, "fmt": "-0.65"}, "yearAgoEps": {"raw": -0.51, "fmt": "-0.51"}, "numberOfAnalysts": {"raw": 1, "fmt": "1", "longFmt": "1"}, "growth": {"raw": -0.2745, "fmt": "-27.45%"}, "earningsCurrency": "USD"}, "revenueEstimate": {"avg": {"raw": 0, "fmt": null, "longFmt": "0"}, "low": {"raw": 0, "fmt": null, "longFmt": "0"}, "high": {"raw": 0, "fmt": null, "longFmt": "0"}, "numberOfAnalysts": {"raw": 3, "fmt": "3", "longFmt": "3"}, "yearAgoRevenue": {"raw": 103200, "fmt": "103.2k", "longFmt": "103,200"}, "growth": {"raw": -1.0, "fmt": "-100.00%"}, "revenueCurrency": "USD"}, "epsTrend": {"current": {"raw": -0.65, "fmt": "-0.65"}, "7daysAgo": {"raw": -0.83, "fmt": "-0.83"}, "30daysAgo": {"raw": -0.83, "fmt": "-0.83"}, "60daysAgo": {"raw": -0.83, "fmt": "-0.83"}, "90daysAgo": {"raw": -0.83, "fmt": "-0.83"}, "epsTrendCurrency": "USD"}, "epsRevisions": {"upLast7days": {"raw": 1, "fmt": "1", "longFmt": "1"}, "upLast30days": {"raw": 1, "fmt": "1", "longFmt": "1"}, "downLast30days": {"raw": 0, "fmt": null, "longFmt": "0"}, "downLast7Days": {"raw": 0, "fmt": null, "longFmt": "0"}, "downLast90days": {}, "epsRevisionsCurrency": "USD"}}, {"maxAge": 1, "period": "+1y", "endDate": "2026-12-31", "growth": {"raw": -0.107700005, "fmt": "-10.77%"}, "earningsEstimate": {"avg": {"raw": -0.72, "fmt": "-0.72"}, "low": {"raw": -0.72, "fmt": "-0.72"}, "high": {"raw": -0.72, "fmt": "-0.72"}, "yearAgoEps": {"raw": -0.65, "fmt": "-0.65"}, "numberOfAnalysts": {"raw": 1, "fmt": "1", "longFmt": "1"}, "growth": {"raw": -0.107700005, "fmt": "-10.77%"}, "earningsCurrency": "USD"}, "revenueEstimate": {"avg": {"raw": 4500000, "fmt": "4.5M", "longFmt": "4,500,000"}, "low": {"raw": 0, "fmt": null, "longFmt": "0"}, "high": {"raw": 18000000, "fmt": "18M", "longFmt": "18,000,000"}, "numberOfAnalysts": {"raw": 4, "fmt": "4", "longFmt": "4"}, "yearAgoRevenue": {"raw": 0, "fmt": null, "longFmt": "0"}, "growth": {"raw": 0.0, "fmt": "0.00%"}, "revenueCurrency": "USD"}, "epsTrend": {"current": {"raw": -0.72, "fmt": "-0.72"}, "7daysAgo": {"raw": -1.03, "fmt": "-1.03"}, "30daysAgo": {"raw": -1.03, "fmt": "-1.03"}, "60daysAgo": {"raw": -1.03, "fmt": "-1.03"}, "90daysAgo": {"raw": -0.815, "fmt": "-0.81"}, "epsTrendCurrency": "USD"}, "epsRevisions": {"upLast7days": {"raw": 1, "fmt": "1", "longFmt": "1"}, "upLast30days": {"raw": 1, "fmt": "1", "longFmt": "1"}, "downLast30days": {"raw": 0, "fmt": null, "longFmt": "0"}, "downLast7Days": {"raw": 0, "fmt": null, "longFmt": "0"}, "downLast90days": {}, "epsRevisionsCurrency": "USD"}}], "defaultMethodology": "nongaap", "maxAge": 1}, "earningsHistory": {"history": [{"maxAge": 1, "epsActual": {}, "epsEstimate": {"raw": -0.17, "fmt": "-0.17"}, "epsDifference": {}, "surprisePercent": {}, "quarter": {"raw": 1743379200, "fmt": "2025-03-31"}, "currency": "USD", "period": "-2q"}, {"maxAge": 1, "epsActual": {}, "epsEstimate": {"raw": -0.34, "fmt": "-0.34"}, "epsDifference": {}, "surprisePercent": {}, "quarter": {"raw": 1751241600, "fmt": "2025-06-30"}, "currency": "USD", "period": "-1q"}], "defaultMethodology": "nongaap", "maxAge": 86400}, "financialData": {"maxAge": 86400, "currentPrice": {"raw": 1.79, "fmt": "1.79"}, "targetHighPrice": {"raw": 21.07, "fmt": "21.07"}, "targetLowPrice": {"raw": 3.5, "fmt": "3.50"}, "targetMeanPrice": {"raw": 9.514, "fmt": "9.51"}, "targetMedianPrice": {"raw": 7.0, "fmt": "7.00"}, "recommendationMean": {}, "recommendationKey": "none", "numberOfAnalystOpinions": {"raw": 5, "fmt": "5", "longFmt": "5"}, "totalCash": {"raw": 62828156, "fmt": "62.83M", "longFmt": "62,828,156"}, "totalCashPerShare": {"raw": 1.066, "fmt": "1.07"}, "ebitda": {"raw": -32765248, "fmt": "-32.77M", "longFmt": "-32,765,248"}, "totalDebt": {"raw": 6849932, "fmt": "6.85M", "longFmt": "6,849,932"}, "quickRatio": {"raw": 2.203, "fmt": "2.20"}, "currentRatio": {"raw": 2.292, "fmt": "2.29"}, "totalRevenue": {"raw": 103204, "fmt": "103.2k", "longFmt": "103,204"}, "debtToEquity": {"raw": 18.068, "fmt": "18.07%"}, "revenuePerShare": {"raw": 0.002, "fmt": "0.00"}, "returnOnAssets": {"raw": -0.24893999, "fmt": "-24.89%"}, "returnOnEquity": {"raw": -0.63259, "fmt": "-63.26%"}, "grossProfits": {"raw": 103204, "fmt": "103.2k", "longFmt": "103,204"}, "freeCashflow": {"raw": -17171550, "fmt": "-17.17M", "longFmt": "-17,171,550"}, "operatingCashflow": {"raw": -27456540, "fmt": "-27.46M", "longFmt": "-27,456,540"}, "earningsGrowth": {}, "revenueGrowth": {}, "grossMargins": {"raw": 1.0, "fmt": "100.00%"}, "ebitdaMargins": {"raw": 0.0, "fmt": "0.00%"}, "operatingMargins": {"raw": -322.83603, "fmt": "-32,283.60%"}, "profitMargins": {"raw": 0.0, "fmt": "0.00%"}, "financialCurrency": "USD"}}