{"assetProfile": {"address1": "90 Park Avenue", "address2": "Floor 23", "city": "New York", "state": "NY", "zip": "10016", "country": "United States", "phone": "212 792 0107", "website": "https://www.adamasreit.com", "industry": "REIT - Mortgage", "industryKey": "reit-mortgage", "industryDisp": "REIT - Mortgage", "sector": "Real Estate", "sectorKey": "real-estate", "sectorDisp": "Real Estate", "longBusinessSummary": "Adamas Trust, Inc. acquires, invests in, finances, and manages mortgage-related single-family and multi-family residential assets in the United States. The company's targeted residential loans, including business purpose loans; agency RMBS; non-agency residential mortgage-backed securities (RMBS); structured multi-family property investments, such as preferred equity in, and mezzanine loans to owners of multi-family properties; and other mortgage-, residential housing- and credit-related assets and strategic investments; and commercial mortgage-backed securities (CMBS). It also owns and manages single-family rental properties. The company qualifies as a real estate investment trust for federal income tax purposes. It generally would not be subject to federal corporate income taxes if it distributes at least 90% of its taxable income to its stockholders. Adamas Trust, Inc. was formerly known as New York Mortgage Trust, Inc. and changed its name to Adamas Trust, Inc. in September 2025. Adamas Trust, Inc. was incorporated in 2003 and is headquartered in New York, New York.", "fullTimeEmployees": 70, "companyOfficers": [{"maxAge": 1, "name": "Mr. Steven R. Mumma CPA", "age": 65, "title": "Executive Chairman", "yearBorn": 1959, "fiscalYear": 2024, "totalPay": {"raw": 120000, "fmt": "120k", "longFmt": "120,000"}, "exercisedValue": {"raw": 0, "fmt": null, "longFmt": "0"}, "unexercisedValue": {"raw": 0, "fmt": null, "longFmt": "0"}}, {"maxAge": 1, "name": "Mr. Jason T. Serrano", "age": 49, "title": "CEO & Director", "yearBorn": 1975, "fiscalYear": 2024, "totalPay": {"raw": 1993635, "fmt": "1.99M", "longFmt": "1,993,635"}, "exercisedValue": {"raw": 0, "fmt": null, "longFmt": "0"}, "unexercisedValue": {"raw": 0, "fmt": null, "longFmt": "0"}}, {"maxAge": 1, "name": "Mr. Nicholas  Mah", "age": 42, "title": "President", "yearBorn": 1982, "fiscalYear": 2024, "totalPay": {"raw": 1537794, "fmt": "1.54M", "longFmt": "1,537,794"}, "exercisedValue": {"raw": 0, "fmt": null, "longFmt": "0"}, "unexercisedValue": {"raw": 0, "fmt": null, "longFmt": "0"}}, {"maxAge": 1, "name": "Ms. Kristine R. Nario-Eng CPA, Eng.", "age": 44, "title": "Secretary, CFO & Principal Accounting Officer", "yearBorn": 1980, "fiscalYear": 2024, "totalPay": {"raw": 885684, "fmt": "885.68k", "longFmt": "885,684"}, "exercisedValue": {"raw": 0, "fmt": null, "longFmt": "0"}, "unexercisedValue": {"raw": 0, "fmt": null, "longFmt": "0"}}, {"maxAge": 1, "name": "Adam  Howse", "title": "Head of Operations", "fiscalYear": 2024, "exercisedValue": {"raw": 0, "fmt": null, "longFmt": "0"}, "unexercisedValue": {"raw": 0, "fmt": null, "longFmt": "0"}}, {"maxAge": 1, "name": "Mr. Stephen L. Hogue", "age": 57, "title": "Managing Director", "yearBorn": 1967, "fiscalYear": 2024, "exercisedValue": {"raw": 0, "fmt": null, "longFmt": "0"}, "unexercisedValue": {"raw": 0, "fmt": null, "longFmt": "0"}}, {"maxAge": 1, "name": "Mr. Ardian  Dauti", "title": "Managing Director", "fiscalYear": 2024, "exercisedValue": {"raw": 0, "fmt": null, "longFmt": "0"}, "unexercisedValue": {"raw": 0, "fmt": null, "longFmt": "0"}}, {"maxAge": 1, "name": "JB  Kim", "title": "Managing Director", "fiscalYear": 2024, "exercisedValue": {"raw": 0, "fmt": null, "longFmt": "0"}, "unexercisedValue": {"raw": 0, "fmt": null, "longFmt": "0"}}, {"maxAge": 1, "name": "Joshua  Eberle", "title": "Managing Director", "fiscalYear": 2024, "exercisedValue": {"raw": 0, "fmt": null, "longFmt": "0"}, "unexercisedValue": {"raw": 0, "fmt": null, "longFmt": "0"}}, {"maxAge": 1, "name": "Emily  Stiller", "title": "Controller", "fiscalYear": 2024, "exercisedValue": {"raw": 0, "fmt": null, "longFmt": "0"}, "unexercisedValue": {"raw": 0, "fmt": null, "longFmt": "0"}}], "auditRisk": 1, "boardRisk": 4, "compensationRisk": 1, "shareHolderRightsRisk": 6, "overallRisk": 3, "governanceEpochDate": 1761955200, "compensationAsOfEpochDate": 1735603200, "executiveTeam": [], "maxAge": 86400}, "calendarEvents": {"maxAge": 1, "earnings": {"earningsDate": [{"raw": 1761764400, "fmt": "2025-10-29"}], "earningsCallDate": [{"raw": 1761829200, "fmt": "2025-10-30"}], "isEarningsDateEstimate": false, "earningsAverage": {"raw": 0.24, "fmt": "0.24"}, "earningsLow": {"raw": 0.24, "fmt": "0.24"}, "earningsHigh": {"raw": 0.24, "fmt": "0.24"}, "revenueAverage": {"raw": 53416500, "fmt": "53.42M", "longFmt": "53,416,500"}, "revenueLow": {"raw": 41233000, "fmt": "41.23M", "longFmt": "41,233,000"}, "revenueHigh": {"raw": 65600000, "fmt": "65.6M", "longFmt": "65,600,000"}}, "exDividendDate": {"raw": 1758758400, "fmt": "2025-09-25"}, "dividendDate": {"raw": 1761782400, "fmt": "2025-10-30"}}, "earningsTrend": {"trend": [{"maxAge": 1, "period": "0q", "endDate": "2025-12-31", "growth": {"raw": 1.5455, "fmt": "154.55%"}, "earningsEstimate": {"avg": {"raw": 0.24, "fmt": "0.24"}, "low": {"raw": 0.24, "fmt": "0.24"}, "high": {"raw": 0.24, "fmt": "0.24"}, "yearAgoEps": {"raw": -0.44, "fmt": "-0.44"}, "numberOfAnalysts": {"raw": 1, "fmt": "1", "longFmt": "1"}, "growth": {"raw": 1.5455, "fmt": "154.55%"}, "earningsCurrency": "USD"}, "revenueEstimate": {"avg": {"raw": 53416500, "fmt": "53.42M", "longFmt": "53,416,500"}, "low": {"raw": 41233000, "fmt": "41.23M", "longFmt": "41,233,000"}, "high": {"raw": 65600000, "fmt": "65.6M", "longFmt": "65,600,000"}, "numberOfAnalysts": {"raw": 2, "fmt": "2", "longFmt": "2"}, "yearAgoRevenue": {"raw": 26711000, "fmt": "26.71M", "longFmt": "26,711,000"}, "growth": {"raw": 0.9998, "fmt": "99.98%"}, "revenueCurrency": "USD"}, "epsTrend": {"current": {"raw": 0.24, "fmt": "0.24"}, "7daysAgo": {"raw": 0.22429, "fmt": "0.22"}, "30daysAgo": {"raw": 0.22556, "fmt": "0.23"}, "60daysAgo": {"raw": 0.22556, "fmt": "0.23"}, "90daysAgo": {"raw": 0.23066, "fmt": "0.23"}, "epsTrendCurrency": "USD"}, "epsRevisions": {"upLast7days": {"raw": 1, "fmt": "1", "longFmt": "1"}, "upLast30days": {"raw": 1, "fmt": "1", "longFmt": "1"}, "downLast30days": {"raw": 0, "fmt": null, "longFmt": "0"}, "downLast7Days": {"raw": 0, "fmt": null, "longFmt": "0"}, "downLast90days": {}, "epsRevisionsCurrency": "USD"}}, {"maxAge": 1, "period": "+1q", "endDate": "2026-03-31", "growth": {"raw": 0.18020001, "fmt": "18.02%"}, "earningsEstimate": {"avg": {"raw": 0.23604, "fmt": "0.24"}, "low": {"raw": 0.22, "fmt": "0.22"}, "high": {"raw": 0.25812, "fmt": "0.26"}, "yearAgoEps": {"raw": 0.2, "fmt": "0.2"}, "numberOfAnalysts": {"raw": 3, "fmt": "3", "longFmt": "3"}, "growth": {"raw": 0.18020001, "fmt": "18.02%"}, "earningsCurrency": "USD"}, "revenueEstimate": {"avg": {"raw": 50228670, "fmt": "50.23M", "longFmt": "50,228,670"}, "low": {"raw": 38393000, "fmt": "38.39M", "longFmt": "38,393,000"}, "high": {"raw": 66700000, "fmt": "66.7M", "longFmt": "66,700,000"}, "numberOfAnalysts": {"raw": 3, "fmt": "3", "longFmt": "3"}, "yearAgoRevenue": {"raw": 33098000, "fmt": "33.1M", "longFmt": "33,098,000"}, "growth": {"raw": 0.5176, "fmt": "51.76%"}, "revenueCurrency": "USD"}, "epsTrend": {"current": {"raw": 0.23604, "fmt": "0.24"}, "7daysAgo": {"raw": 0.23271, "fmt": "0.23"}, "30daysAgo": {"raw": 0.23102, "fmt": "0.23"}, "60daysAgo": {"raw": 0.23102, "fmt": "0.23"}, "90daysAgo": {"raw": 0.23069, "fmt": "0.23"}, "epsTrendCurrency": "USD"}, "epsRevisions": {"upLast7days": {"raw": 1, "fmt": "1", "longFmt": "1"}, "upLast30days": {"raw": 1, "fmt": "1", "longFmt": "1"}, "downLast30days": {"raw": 0, "fmt": null, "longFmt": "0"}, "downLast7Days": {"raw": 0, "fmt": null, "longFmt": "0"}, "downLast90days": {}, "epsRevisionsCurrency": "USD"}}, {"maxAge": 1, "period": "0y", "endDate": "2025-12-31", "growth": {"raw": 1.901, "fmt": "190.10%"}, "earningsEstimate": {"avg": {"raw": 0.91, "fmt": "0.91"}, "low": {"raw": 0.91, "fmt": "0.91"}, "high": {"raw": 0.91, "fmt": "0.91"}, "yearAgoEps": {"raw": -1.01, "fmt": "-1.01"}, "numberOfAnalysts": {"raw": 1, "fmt": "1", "longFmt": "1"}, "growth": {"raw": 1.901, "fmt": "190.10%"}, "earningsCurrency": "USD"}, "revenueEstimate": {"avg": {"raw": 159532000, "fmt": "159.53M", "longFmt": "159,532,000"}, "low": {"raw": 147364000, "fmt": "147.36M", "longFmt": "147,364,000"}, "high": {"raw": 171700000, "fmt": "171.7M", "longFmt": "171,700,000"}, "numberOfAnalysts": {"raw": 2, "fmt": "2", "longFmt": "2"}, "yearAgoRevenue": {"raw": 83855000, "fmt": "83.86M", "longFmt": "83,855,000"}, "growth": {"raw": 0.9025, "fmt": "90.25%"}, "revenueCurrency": "USD"}, "epsTrend": {"current": {"raw": 0.91, "fmt": "0.91"}, "7daysAgo": {"raw": 0.87357, "fmt": "0.87"}, "30daysAgo": {"raw": 0.86667, "fmt": "0.87"}, "60daysAgo": {"raw": 0.86667, "fmt": "0.87"}, "90daysAgo": {"raw": 0.86, "fmt": "0.86"}, "epsTrendCurrency": "USD"}, "epsRevisions": {"upLast7days": {"raw": 0, "fmt": null, "longFmt": "0"}, "upLast30days": {"raw": 0, "fmt": null, "longFmt": "0"}, "downLast30days": {"raw": 1, "fmt": "1", "longFmt": "1"}, "downLast7Days": {"raw": 1, "fmt": "1", "longFmt": "1"}, "downLast90days": {}, "epsRevisionsCurrency": "USD"}}, {"maxAge": 1, "period": "+1y", "endDate": "2026-12-31", "growth": {"raw": 0.064, "fmt": "6.40%"}, "earningsEstimate": {"avg": {"raw": 0.96826, "fmt": "0.97"}, "low": {"raw": 0.88, "fmt": "0.88"}, "high": {"raw": 1.05478, "fmt": "1.05"}, "yearAgoEps": {"raw": 0.91, "fmt": "0.91"}, "numberOfAnalysts": {"raw": 3, "fmt": "3", "longFmt": "3"}, "growth": {"raw": 0.064, "fmt": "6.40%"}, "earningsCurrency": "USD"}, "revenueEstimate": {"avg": {"raw": 202883330, "fmt": "202.88M", "longFmt": "202,883,330"}, "low": {"raw": 153573000, "fmt": "153.57M", "longFmt": "153,573,000"}, "high": {"raw": 265000000, "fmt": "265M", "longFmt": "265,000,000"}, "numberOfAnalysts": {"raw": 3, "fmt": "3", "longFmt": "3"}, "yearAgoRevenue": {"raw": 159532000, "fmt": "159.53M", "longFmt": "159,532,000"}, "growth": {"raw": 0.2717, "fmt": "27.17%"}, "revenueCurrency": "USD"}, "epsTrend": {"current": {"raw": 0.96826, "fmt": "0.97"}, "7daysAgo": {"raw": 0.95493, "fmt": "0.95"}, "30daysAgo": {"raw": 0.92742, "fmt": "0.93"}, "60daysAgo": {"raw": 0.92742, "fmt": "0.93"}, "90daysAgo": {"raw": 0.92656, "fmt": "0.93"}, "epsTrendCurrency": "USD"}, "epsRevisions": {"upLast7days": {"raw": 1, "fmt": "1", "longFmt": "1"}, "upLast30days": {"raw": 1, "fmt": "1", "longFmt": "1"}, "downLast30days": {"raw": 0, "fmt": null, "longFmt": "0"}, "downLast7Days": {"raw": 0, "fmt": null, "longFmt": "0"}, "downLast90days": {}, "epsRevisionsCurrency": "USD"}}], "defaultMethodology": "nongaap", "maxAge": 1}, "earningsHistory": {"history": [{"maxAge": 1, "epsActual": {"raw": -0.44, "fmt": "-0.44"}, "epsEstimate": {"raw": 0.066, "fmt": "0.07"}, "epsDifference": {"raw": -0.51, "fmt": "-0.51"}, "surprisePercent": {"raw": -7.6667, "fmt": "-766.67%"}, "quarter": {"raw": 1735603200, "fmt": "2024-12-31"}, "currency": "USD", "period": "-4q"}, {"maxAge": 1, "epsActual": {"raw": 0.2, "fmt": "0.2"}, "epsEstimate": {"raw": 0.09699, "fmt": "0.1"}, "epsDifference": {"raw": 0.1, "fmt": "0.1"}, "surprisePercent": {"raw": 1.0620999, "fmt": "106.21%"}, "quarter": {"raw": 1743379200, "fmt": "2025-03-31"}, "currency": "USD", "period": "-3q"}, {"maxAge": 1, "epsActual": {"raw": 0.22, "fmt": "0.22"}, "epsEstimate": {"raw": 0.20965, "fmt": "0.21"}, "epsDifference": {"raw": 0.01, "fmt": "0.01"}, "surprisePercent": {"raw": 0.0494, "fmt": "4.94%"}, "quarter": {"raw": 1751241600, "fmt": "2025-06-30"}, "currency": "USD", "period": "-2q"}, {"maxAge": 1, "epsActual": {"raw": 0.24, "fmt": "0.24"}, "epsEstimate": {"raw": 0.21773, "fmt": "0.22"}, "epsDifference": {"raw": 0.02, "fmt": "0.02"}, "surprisePercent": {"raw": 0.102299996, "fmt": "10.23%"}, "quarter": {"raw": 1759190400, "fmt": "2025-09-30"}, "currency": "USD", "period": "-1q"}], "defaultMethodology": "nongaap", "maxAge": 86400}, "financialData": {"maxAge": 86400, "currentPrice": {"raw": 6.7, "fmt": "6.70"}, "targetHighPrice": {"raw": 24.0, "fmt": "24.00"}, "targetLowPrice": {"raw": 7.25, "fmt": "7.25"}, "targetMeanPrice": {"raw": 11.0, "fmt": "11.00"}, "targetMedianPrice": {"raw": 8.0, "fmt": "8.00"}, "recommendationMean": {"raw": 2.5, "fmt": "2.50"}, "recommendationKey": "buy", "numberOfAnalystOpinions": {"raw": 5, "fmt": "5", "longFmt": "5"}, "totalCash": {"raw": 185284992, "fmt": "185.28M", "longFmt": "185,284,992"}, "totalCashPerShare": {"raw": 2.052, "fmt": "2.05"}, "ebitda": {}, "totalDebt": {"raw": 10823143424, "fmt": "10.82B", "longFmt": "10,823,143,424"}, "quickRatio": {"raw": 56481.78, "fmt": "56,481.78"}, "currentRatio": {"raw": 59287.152, "fmt": "59,287.15"}, "totalRevenue": {"raw": 203635008, "fmt": "203.64M", "longFmt": "203,635,008"}, "debtToEquity": {"raw": 770.452, "fmt": "770.45%"}, "revenuePerShare": {"raw": 2.251, "fmt": "2.25"}, "returnOnAssets": {"raw": 0.00479, "fmt": "0.48%"}, "returnOnEquity": {"raw": 0.035469998, "fmt": "3.55%"}, "grossProfits": {"raw": 122108000, "fmt": "122.11M", "longFmt": "122,108,000"}, "freeCashflow": {}, "operatingCashflow": {}, "earningsGrowth": {"raw": 0.006, "fmt": "0.60%"}, "revenueGrowth": {"raw": 0.142, "fmt": "14.20%"}, "grossMargins": {"raw": 0.59964, "fmt": "59.96%"}, "ebitdaMargins": {"raw": 0.0, "fmt": "0.00%"}, "operatingMargins": {"raw": 0.44719002, "fmt": "44.72%"}, "profitMargins": {"raw": 0.31494, "fmt": "31.49%"}, "financialCurrency": "USD"}}