{"assetProfile": {"address1": "345 Park Avenue", "city": "San Jose", "state": "CA", "zip": "95110-2704", "country": "United States", "phone": "408 536 6000", "fax": "408 537 6000", "website": "https://www.adobe.com", "industry": "Software - Application", "industryKey": "software-application", "industryDisp": "Software - Application", "sector": "Technology", "sectorKey": "technology", "sectorDisp": "Technology", "longBusinessSummary": "Adobe Inc. operates as a technology company worldwide. Its Digital Media segment offers products and services that enable individuals, teams, and enterprises to create, publish, and promote content; Document Cloud, a cloud-based document services platform; and Creative Cloud, a subscription service that allows subscribers to use its creative products and applications (apps) integrated with cloud-delivered services across various surfaces and platforms. This segment serves photographers, video editors, graphic and experience designers, game developers, content creators, students, marketers, knowledge workers, and consumers. The company's Digital Experience segment provides an integrated platform; and products, services, and solutions that enable brands and businesses to create, manage, execute, measure, monetize, and optimize customer experiences from analytics to commerce. This segment serves marketers, advertisers, agencies, publishers, merchandisers, merchants, web analysts, data scientists, developers, and executives across the C-suite. Its Publishing and Advertising segment offers e-learning, technical document publishing, web conferencing, document and forms platform, web application development, high-end printing, and Adobe Advertising solutions. It provides consulting, training, customer management, technical support, and learning services. The company offers its solutions to enterprise customers, and businesses and consumers; and licenses its products to end-user customers through app stores and website at adobe.com. It markets and distributes its products through distributors, retailers, software developers, mobile app stores, systems integrators, independent software vendors, value-added resellers, and original equipment and hardware manufacturers. The company was formerly known as Adobe Systems Incorporated and changed its name to Adobe Inc. in October 2018. Adobe Inc. was founded in 1982 and is headquartered in San Jose, California.", "fullTimeEmployees": 30709, "companyOfficers": [{"maxAge": 1, "name": "Mr. Shantanu  Narayen", "age": 60, "title": "Chairman & CEO", "yearBorn": 1964, "fiscalYear": 2024, "totalPay": {"raw": 6041047, "fmt": "6.04M", "longFmt": "6,041,047"}, "exercisedValue": {"raw": 0, "fmt": null, "longFmt": "0"}, "unexercisedValue": {"raw": 0, "fmt": null, "longFmt": "0"}}, {"maxAge": 1, "name": "Mr. Daniel J. Durn", "age": 58, "title": "CFO and Executive VP of Finance, Technology, Security & Operations", "yearBorn": 1966, "fiscalYear": 2024, "totalPay": {"raw": 1803676, "fmt": "1.8M", "longFmt": "1,803,676"}, "exercisedValue": {"raw": 0, "fmt": null, "longFmt": "0"}, "unexercisedValue": {"raw": 0, "fmt": null, "longFmt": "0"}}, {"maxAge": 1, "name": "Mr. David  Wadhwani", "age": 52, "title": "President of Digital Media Business", "yearBorn": 1972, "fiscalYear": 2024, "totalPay": {"raw": 1614293, "fmt": "1.61M", "longFmt": "1,614,293"}, "exercisedValue": {"raw": 0, "fmt": null, "longFmt": "0"}, "unexercisedValue": {"raw": 0, "fmt": null, "longFmt": "0"}}, {"maxAge": 1, "name": "Dr. Anil S. Chakravarthy", "age": 56, "title": "President of Digital Experience Business", "yearBorn": 1968, "fiscalYear": 2024, "totalPay": {"raw": 1629407, "fmt": "1.63M", "longFmt": "1,629,407"}, "exercisedValue": {"raw": 0, "fmt": null, "longFmt": "0"}, "unexercisedValue": {"raw": 0, "fmt": null, "longFmt": "0"}}, {"maxAge": 1, "name": "Ms. Jillian  Forusz", "age": 49, "title": "Senior VP, Chief Accounting Officer & Corporate Controller", "yearBorn": 1975, "fiscalYear": 2024, "exercisedValue": {"raw": 0, "fmt": null, "longFmt": "0"}, "unexercisedValue": {"raw": 0, "fmt": null, "longFmt": "0"}}, {"maxAge": 1, "name": "Mr. Steven  Day", "title": "CFO & SVP - Digital Experience Business Unit, SVP of Corporate Finance and Interim Head of IR", "fiscalYear": 2024, "exercisedValue": {"raw": 0, "fmt": null, "longFmt": "0"}, "unexercisedValue": {"raw": 0, "fmt": null, "longFmt": "0"}}, {"maxAge": 1, "name": "Ms. Cynthia A. Stoddard", "age": 67, "title": "Senior VP & Chief Information Officer", "yearBorn": 1957, "fiscalYear": 2024, "exercisedValue": {"raw": 0, "fmt": null, "longFmt": "0"}, "unexercisedValue": {"raw": 0, "fmt": null, "longFmt": "0"}}, {"maxAge": 1, "name": "Ms. Adele Louise  Pentland", "age": 52, "title": "EVP of Legal & Government Relations and Chief Legal Officer", "yearBorn": 1972, "fiscalYear": 2024, "exercisedValue": {"raw": 0, "fmt": null, "longFmt": "0"}, "unexercisedValue": {"raw": 0, "fmt": null, "longFmt": "0"}}, {"maxAge": 1, "name": "Ms. Lara H. Balazs", "age": 54, "title": "Chief Marketing Officer & Executive Vice President of Global Marketing", "yearBorn": 1970, "fiscalYear": 2024, "exercisedValue": {"raw": 0, "fmt": null, "longFmt": "0"}, "unexercisedValue": {"raw": 0, "fmt": null, "longFmt": "0"}}, {"maxAge": 1, "name": "Mr. Shanmugh  Natarajan", "title": "MD of India & VP of Products", "fiscalYear": 2024, "exercisedValue": {"raw": 0, "fmt": null, "longFmt": "0"}, "unexercisedValue": {"raw": 0, "fmt": null, "longFmt": "0"}}], "auditRisk": 1, "boardRisk": 7, "compensationRisk": 7, "shareHolderRightsRisk": 1, "overallRisk": 2, "governanceEpochDate": 1761955200, "compensationAsOfEpochDate": 1735603200, "irWebsite": "http://www.adobe.com/aboutadobe/invrelations/", "executiveTeam": [], "maxAge": 86400}, "calendarEvents": {"maxAge": 1, "earnings": {"earningsDate": [{"raw": 1765400400, "fmt": "2025-12-10"}], "earningsCallDate": [{"raw": 1765404000, "fmt": "2025-12-10"}], "isEarningsDateEstimate": false, "earningsAverage": {"raw": 5.39666, "fmt": "5.40"}, "earningsLow": {"raw": 5.36, "fmt": "5.36"}, "earningsHigh": {"raw": 5.56, "fmt": "5.56"}, "revenueAverage": {"raw": 6110317340, "fmt": "6.11B", "longFmt": "6,110,317,340"}, "revenueLow": {"raw": 6080000000, "fmt": "6.08B", "longFmt": "6,080,000,000"}, "revenueHigh": {"raw": 6188000000, "fmt": "6.19B", "longFmt": "6,188,000,000"}}, "exDividendDate": {"raw": 1111622400, "fmt": "2005-03-24"}, "dividendDate": {}}, "earningsTrend": {"trend": [{"maxAge": 1, "period": "0q", "endDate": "2025-11-30", "growth": {"raw": 0.122, "fmt": "12.20%"}, "earningsEstimate": {"avg": {"raw": 5.39666, "fmt": "5.4"}, "low": {"raw": 5.36, "fmt": "5.36"}, "high": {"raw": 5.56, "fmt": "5.56"}, "yearAgoEps": {"raw": 4.81, "fmt": "4.81"}, "numberOfAnalysts": {"raw": 31, "fmt": "31", "longFmt": "31"}, "growth": {"raw": 0.122, "fmt": "12.20%"}, "earningsCurrency": "USD"}, "revenueEstimate": {"avg": {"raw": 6110317340, "fmt": "6.11B", "longFmt": "6,110,317,340"}, "low": {"raw": 6080000000, "fmt": "6.08B", "longFmt": "6,080,000,000"}, "high": {"raw": 6188000000, "fmt": "6.19B", "longFmt": "6,188,000,000"}, "numberOfAnalysts": {"raw": 30, "fmt": "30", "longFmt": "30"}, "yearAgoRevenue": {"raw": 5606000000, "fmt": "5.61B", "longFmt": "5,606,000,000"}, "growth": {"raw": 0.09, "fmt": "9.00%"}, "revenueCurrency": "USD"}, "epsTrend": {"current": {"raw": 5.39666, "fmt": "5.4"}, "7daysAgo": {"raw": 5.3952, "fmt": "5.4"}, "30daysAgo": {"raw": 5.3952, "fmt": "5.4"}, "60daysAgo": {"raw": 5.33869, "fmt": "5.34"}, "90daysAgo": {"raw": 5.33632, "fmt": "5.34"}, "epsTrendCurrency": "USD"}, "epsRevisions": {"upLast7days": {"raw": 25, "fmt": "25", "longFmt": "25"}, "upLast30days": {"raw": 0, "fmt": null, "longFmt": "0"}, "downLast30days": {"raw": 1, "fmt": "1", "longFmt": "1"}, "downLast7Days": {"raw": 2, "fmt": "2", "longFmt": "2"}, "downLast90days": {}, "epsRevisionsCurrency": "USD"}}, {"maxAge": 1, "period": "+1q", "endDate": "2026-02-28", "growth": {"raw": 0.1182, "fmt": "11.82%"}, "earningsEstimate": {"avg": {"raw": 5.68034, "fmt": "5.68"}, "low": {"raw": 5.48, "fmt": "5.48"}, "high": {"raw": 5.98717, "fmt": "5.99"}, "yearAgoEps": {"raw": 5.08, "fmt": "5.08"}, "numberOfAnalysts": {"raw": 25, "fmt": "25", "longFmt": "25"}, "growth": {"raw": 0.1182, "fmt": "11.82%"}, "earningsCurrency": "USD"}, "revenueEstimate": {"avg": {"raw": 6234711010, "fmt": "6.23B", "longFmt": "6,234,711,010"}, "low": {"raw": 6157000000, "fmt": "6.16B", "longFmt": "6,157,000,000"}, "high": {"raw": 6336200000, "fmt": "6.34B", "longFmt": "6,336,200,000"}, "numberOfAnalysts": {"raw": 22, "fmt": "22", "longFmt": "22"}, "yearAgoRevenue": {"raw": 5714000000, "fmt": "5.71B", "longFmt": "5,714,000,000"}, "growth": {"raw": 0.0911, "fmt": "9.11%"}, "revenueCurrency": "USD"}, "epsTrend": {"current": {"raw": 5.68034, "fmt": "5.68"}, "7daysAgo": {"raw": 5.68034, "fmt": "5.68"}, "30daysAgo": {"raw": 5.68034, "fmt": "5.68"}, "60daysAgo": {"raw": 5.64366, "fmt": "5.64"}, "90daysAgo": {"raw": 5.64449, "fmt": "5.64"}, "epsTrendCurrency": "USD"}, "epsRevisions": {"upLast7days": {"raw": 0, "fmt": null, "longFmt": "0"}, "upLast30days": {"raw": 16, "fmt": "16", "longFmt": "16"}, "downLast30days": {"raw": 6, "fmt": "6", "longFmt": "6"}, "downLast7Days": {"raw": 1, "fmt": "1", "longFmt": "1"}, "downLast90days": {}, "epsRevisionsCurrency": "USD"}}, {"maxAge": 1, "period": "0y", "endDate": "2025-11-30", "growth": {"raw": 0.1286, "fmt": "12.86%"}, "earningsEstimate": {"avg": {"raw": 20.78939, "fmt": "20.79"}, "low": {"raw": 19.9, "fmt": "19.9"}, "high": {"raw": 21.01, "fmt": "21.01"}, "yearAgoEps": {"raw": 18.42, "fmt": "18.42"}, "numberOfAnalysts": {"raw": 38, "fmt": "38", "longFmt": "38"}, "growth": {"raw": 0.1286, "fmt": "12.86%"}, "earningsCurrency": "USD"}, "revenueEstimate": {"avg": {"raw": 23685955330, "fmt": "23.69B", "longFmt": "23,685,955,330"}, "low": {"raw": 23656000000, "fmt": "23.66B", "longFmt": "23,656,000,000"}, "high": {"raw": 23763000000, "fmt": "23.76B", "longFmt": "23,763,000,000"}, "numberOfAnalysts": {"raw": 35, "fmt": "35", "longFmt": "35"}, "yearAgoRevenue": {"raw": 21505000000, "fmt": "21.5B", "longFmt": "21,505,000,000"}, "growth": {"raw": 0.1014, "fmt": "10.14%"}, "revenueCurrency": "USD"}, "epsTrend": {"current": {"raw": 20.78939, "fmt": "20.79"}, "7daysAgo": {"raw": 20.78508, "fmt": "20.79"}, "30daysAgo": {"raw": 20.76395, "fmt": "20.76"}, "60daysAgo": {"raw": 20.5725, "fmt": "20.57"}, "90daysAgo": {"raw": 20.56109, "fmt": "20.56"}, "epsTrendCurrency": "USD"}, "epsRevisions": {"upLast7days": {"raw": 32, "fmt": "32", "longFmt": "32"}, "upLast30days": {"raw": 31, "fmt": "31", "longFmt": "31"}, "downLast30days": {"raw": 2, "fmt": "2", "longFmt": "2"}, "downLast7Days": {"raw": 2, "fmt": "2", "longFmt": "2"}, "downLast90days": {}, "epsRevisionsCurrency": "USD"}}, {"maxAge": 1, "period": "+1y", "endDate": "2026-11-30", "growth": {"raw": 0.12189999, "fmt": "12.19%"}, "earningsEstimate": {"avg": {"raw": 23.32462, "fmt": "23.32"}, "low": {"raw": 21.48, "fmt": "21.48"}, "high": {"raw": 24.28148, "fmt": "24.28"}, "yearAgoEps": {"raw": 20.78939, "fmt": "20.79"}, "numberOfAnalysts": {"raw": 38, "fmt": "38", "longFmt": "38"}, "growth": {"raw": 0.12189999, "fmt": "12.19%"}, "earningsCurrency": "USD"}, "revenueEstimate": {"avg": {"raw": 25861332070, "fmt": "25.86B", "longFmt": "25,861,332,070"}, "low": {"raw": 25162000000, "fmt": "25.16B", "longFmt": "25,162,000,000"}, "high": {"raw": 26411000000, "fmt": "26.41B", "longFmt": "26,411,000,000"}, "numberOfAnalysts": {"raw": 38, "fmt": "38", "longFmt": "38"}, "yearAgoRevenue": {"raw": 23685955330, "fmt": "23.69B", "longFmt": "23,685,955,330"}, "growth": {"raw": 0.091800004, "fmt": "9.18%"}, "revenueCurrency": "USD"}, "epsTrend": {"current": {"raw": 23.32462, "fmt": "23.32"}, "7daysAgo": {"raw": 23.31678, "fmt": "23.32"}, "30daysAgo": {"raw": 23.29772, "fmt": "23.3"}, "60daysAgo": {"raw": 23.08626, "fmt": "23.09"}, "90daysAgo": {"raw": 23.08294, "fmt": "23.08"}, "epsTrendCurrency": "USD"}, "epsRevisions": {"upLast7days": {"raw": 1, "fmt": "1", "longFmt": "1"}, "upLast30days": {"raw": 1, "fmt": "1", "longFmt": "1"}, "downLast30days": {"raw": 1, "fmt": "1", "longFmt": "1"}, "downLast7Days": {"raw": 1, "fmt": "1", "longFmt": "1"}, "downLast90days": {}, "epsRevisionsCurrency": "USD"}}], "defaultMethodology": "nongaap", "maxAge": 1}, "earningsHistory": {"history": [{"maxAge": 1, "epsActual": {"raw": 4.81, "fmt": "4.81"}, "epsEstimate": {"raw": 4.66945, "fmt": "4.67"}, "epsDifference": {"raw": 0.14, "fmt": "0.14"}, "surprisePercent": {"raw": 0.0301, "fmt": "3.01%"}, "quarter": {"raw": 1732924800, "fmt": "2024-11-30"}, "currency": "USD", "period": "-4q"}, {"maxAge": 1, "epsActual": {"raw": 5.08, "fmt": "5.08"}, "epsEstimate": {"raw": 4.97227, "fmt": "4.97"}, "epsDifference": {"raw": 0.11, "fmt": "0.11"}, "surprisePercent": {"raw": 0.0217, "fmt": "2.17%"}, "quarter": {"raw": 1740700800, "fmt": "2025-02-28"}, "currency": "USD", "period": "-3q"}, {"maxAge": 1, "epsActual": {"raw": 5.06, "fmt": "5.06"}, "epsEstimate": {"raw": 4.97475, "fmt": "4.97"}, "epsDifference": {"raw": 0.09, "fmt": "0.09"}, "surprisePercent": {"raw": 0.0171, "fmt": "1.71%"}, "quarter": {"raw": 1748649600, "fmt": "2025-05-31"}, "currency": "USD", "period": "-2q"}, {"maxAge": 1, "epsActual": {"raw": 5.31, "fmt": "5.31"}, "epsEstimate": {"raw": 5.18163, "fmt": "5.18"}, "epsDifference": {"raw": 0.13, "fmt": "0.13"}, "surprisePercent": {"raw": 0.0248, "fmt": "2.48%"}, "quarter": {"raw": 1756598400, "fmt": "2025-08-31"}, "currency": "USD", "period": "-1q"}], "defaultMethodology": "nongaap", "maxAge": 86400}, "financialData": {"maxAge": 86400, "currentPrice": {"raw": 337.47, "fmt": "337.47"}, "targetHighPrice": {"raw": 605.0, "fmt": "605.00"}, "targetLowPrice": {"raw": 280.0, "fmt": "280.00"}, "targetMeanPrice": {"raw": 452.75342, "fmt": "452.75"}, "targetMedianPrice": {"raw": 460.0, "fmt": "460.00"}, "recommendationMean": {"raw": 2.025, "fmt": "2.03"}, "recommendationKey": "buy", "numberOfAnalystOpinions": {"raw": 35, "fmt": "35", "longFmt": "35"}, "totalCash": {"raw": 5944999936, "fmt": "5.94B", "longFmt": "5,944,999,936"}, "totalCashPerShare": {"raw": 14.202, "fmt": "14.2"}, "ebitda": {"raw": 9059999744, "fmt": "9.06B", "longFmt": "9,059,999,744"}, "totalDebt": {"raw": 6655000064, "fmt": "6.66B", "longFmt": "6,655,000,064"}, "quickRatio": {"raw": 0.87, "fmt": "0.87"}, "currentRatio": {"raw": 1.019, "fmt": "1.02"}, "totalRevenue": {"raw": 23181000704, "fmt": "23.18B", "longFmt": "23,181,000,704"}, "debtToEquity": {"raw": 56.542, "fmt": "56.54%"}, "revenuePerShare": {"raw": 53.629, "fmt": "53.63"}, "returnOnAssets": {"raw": 0.18094, "fmt": "18.09%"}, "returnOnEquity": {"raw": 0.52875, "fmt": "52.88%"}, "grossProfits": {"raw": 20662999040, "fmt": "20.66B", "longFmt": "20,662,999,040"}, "freeCashflow": {"raw": 8503625216, "fmt": "8.5B", "longFmt": "8,503,625,216"}, "operatingCashflow": {"raw": 9792000000, "fmt": "9.79B", "longFmt": "9,792,000,000"}, "earningsGrowth": {"raw": 0.112, "fmt": "11.20%"}, "revenueGrowth": {"raw": 0.107, "fmt": "10.70%"}, "grossMargins": {"raw": 0.89138, "fmt": "89.14%"}, "ebitdaMargins": {"raw": 0.39084, "fmt": "39.08%"}, "operatingMargins": {"raw": 0.36289, "fmt": "36.29%"}, "profitMargins": {"raw": 0.30012, "fmt": "30.01%"}, "financialCurrency": "USD"}}