{"assetProfile": {"address1": "3025 Orchard Parkway", "city": "San Jose", "state": "CA", "zip": "95134", "country": "United States", "phone": "408 473 2500", "website": "https://adeia.com", "industry": "Software - Application", "industryKey": "software-application", "industryDisp": "Software - Application", "sector": "Technology", "sectorKey": "technology", "sectorDisp": "Technology", "longBusinessSummary": "Adeia Inc., together with its subsidiaries, operates as a media and semiconductor intellectual property licensing company in the United States, Asia, Canada, Europe, the Middle East, and internationally. The company licenses its patent portfolios across various markets, including multichannel video programming distributors comprising cable, satellite, and telecommunications television providers that aggregate and distribute linear content over networks, as well as television providers that aggregate and stream linear content over broadband networks; over-the-top video service providers, such as subscription video-on-demand and free advertising-supported streaming service providers, as well as content providers, networks, and media companies. It also licenses consumer electronics manufacturers, which includes producers of smart televisions, streaming media devices, video game consoles, mobile devices, content storage devices, and other connected media devices; semiconductors, including providers of memory, logic, sensors, and radio frequency devices; and social media companies that allow users to stream and upload user-generated content. The company licenses its intellectual properties under the Adeia brand. Adeia Inc. was incorporated in 2019 and is headquartered in San Jose, California.", "fullTimeEmployees": 150, "companyOfficers": [{"maxAge": 1, "name": "Mr. Paul E. Davis J.D.", "age": 49, "title": "CEO & Director", "yearBorn": 1975, "fiscalYear": 2024, "totalPay": {"raw": 1260793, "fmt": "1.26M", "longFmt": "1,260,793"}, "exercisedValue": {"raw": 0, "fmt": null, "longFmt": "0"}, "unexercisedValue": {"raw": 0, "fmt": null, "longFmt": "0"}}, {"maxAge": 1, "name": "Mr. Keith A. Jones", "age": 54, "title": "Chief Financial Officer", "yearBorn": 1970, "fiscalYear": 2024, "totalPay": {"raw": 817182, "fmt": "817.18k", "longFmt": "817,182"}, "exercisedValue": {"raw": 0, "fmt": null, "longFmt": "0"}, "unexercisedValue": {"raw": 0, "fmt": null, "longFmt": "0"}}, {"maxAge": 1, "name": "Mr. Kevin  Tanji", "age": 47, "title": "Chief Legal Officer & Corporate Secretary", "yearBorn": 1977, "fiscalYear": 2024, "totalPay": {"raw": 702150, "fmt": "702.15k", "longFmt": "702,150"}, "exercisedValue": {"raw": 0, "fmt": null, "longFmt": "0"}, "unexercisedValue": {"raw": 0, "fmt": null, "longFmt": "0"}}, {"maxAge": 1, "name": "Dr. Mark  Kokes", "age": 51, "title": "Chief Licensing Officer & GM of Media", "yearBorn": 1973, "fiscalYear": 2024, "totalPay": {"raw": 692242, "fmt": "692.24k", "longFmt": "692,242"}, "exercisedValue": {"raw": 0, "fmt": null, "longFmt": "0"}, "unexercisedValue": {"raw": 0, "fmt": null, "longFmt": "0"}}, {"maxAge": 1, "name": "Mr. Dana  Escobar", "age": 56, "title": "Chief Licensing Officer & GM of Semiconductor", "yearBorn": 1968, "fiscalYear": 2024, "totalPay": {"raw": 674333, "fmt": "674.33k", "longFmt": "674,333"}, "exercisedValue": {"raw": 0, "fmt": null, "longFmt": "0"}, "unexercisedValue": {"raw": 0, "fmt": null, "longFmt": "0"}}, {"maxAge": 1, "name": "Mr. Serhad  Doken", "title": "Chief Technology Officer", "fiscalYear": 2024, "exercisedValue": {"raw": 0, "fmt": null, "longFmt": "0"}, "unexercisedValue": {"raw": 0, "fmt": null, "longFmt": "0"}}, {"maxAge": 1, "name": "Chris  Chaney", "title": "Vice President of Investor Relations", "fiscalYear": 2024, "exercisedValue": {"raw": 0, "fmt": null, "longFmt": "0"}, "unexercisedValue": {"raw": 0, "fmt": null, "longFmt": "0"}}, {"maxAge": 1, "name": "Mr. Jarl  Berntzen", "age": 57, "title": "Chief Corporate Development Officer", "yearBorn": 1967, "fiscalYear": 2024, "exercisedValue": {"raw": 0, "fmt": null, "longFmt": "0"}, "unexercisedValue": {"raw": 0, "fmt": null, "longFmt": "0"}}, {"maxAge": 1, "name": "Ms. Christina  Sawyer", "title": "Chief People Officer", "fiscalYear": 2024, "exercisedValue": {"raw": 0, "fmt": null, "longFmt": "0"}, "unexercisedValue": {"raw": 0, "fmt": null, "longFmt": "0"}}, {"maxAge": 1, "name": "Mr. Joseph  Guiliano", "title": "Chief intellectual property (IP) officer", "fiscalYear": 2024, "exercisedValue": {"raw": 0, "fmt": null, "longFmt": "0"}, "unexercisedValue": {"raw": 0, "fmt": null, "longFmt": "0"}}], "auditRisk": 8, "boardRisk": 1, "compensationRisk": 2, "shareHolderRightsRisk": 4, "overallRisk": 2, "governanceEpochDate": 1761955200, "compensationAsOfEpochDate": 1735603200, "executiveTeam": [], "maxAge": 86400}, "calendarEvents": {"maxAge": 1, "earnings": {"earningsDate": [{"raw": 1762203600, "fmt": "2025-11-03"}], "earningsCallDate": [{"raw": 1762207200, "fmt": "2025-11-03"}], "isEarningsDateEstimate": false, "earningsAverage": {"raw": 0.552, "fmt": "0.55"}, "earningsLow": {"raw": 0.55, "fmt": "0.55"}, "earningsHigh": {"raw": 0.554, "fmt": "0.55"}, "revenueAverage": {"raw": 101500000, "fmt": "101.5M", "longFmt": "101,500,000"}, "revenueLow": {"raw": 101500000, "fmt": "101.5M", "longFmt": "101,500,000"}, "revenueHigh": {"raw": 101500000, "fmt": "101.5M", "longFmt": "101,500,000"}}, "exDividendDate": {"raw": 1763942400, "fmt": "2025-11-24"}, "dividendDate": {"raw": 1757980800, "fmt": "2025-09-16"}}, "earningsTrend": {"trend": [{"maxAge": 1, "period": "0q", "endDate": "2025-12-31", "growth": {"raw": 0.1745, "fmt": "17.45%"}, "earningsEstimate": {"avg": {"raw": 0.552, "fmt": "0.55"}, "low": {"raw": 0.55, "fmt": "0.55"}, "high": {"raw": 0.554, "fmt": "0.55"}, "yearAgoEps": {"raw": 0.47, "fmt": "0.47"}, "numberOfAnalysts": {"raw": 2, "fmt": "2", "longFmt": "2"}, "growth": {"raw": 0.1745, "fmt": "17.45%"}, "earningsCurrency": "USD"}, "revenueEstimate": {"avg": {"raw": 101500000, "fmt": "101.5M", "longFmt": "101,500,000"}, "low": {"raw": 101500000, "fmt": "101.5M", "longFmt": "101,500,000"}, "high": {"raw": 101500000, "fmt": "101.5M", "longFmt": "101,500,000"}, "numberOfAnalysts": {"raw": 1, "fmt": "1", "longFmt": "1"}, "yearAgoRevenue": {"raw": 119168000, "fmt": "119.17M", "longFmt": "119,168,000"}, "growth": {"raw": -0.14829999, "fmt": "-14.83%"}, "revenueCurrency": "USD"}, "epsTrend": {"current": {"raw": 0.552, "fmt": "0.55"}, "7daysAgo": {"raw": 0.54467, "fmt": "0.54"}, "30daysAgo": {"raw": 0.54467, "fmt": "0.54"}, "60daysAgo": {"raw": 0.54467, "fmt": "0.54"}, "90daysAgo": {"raw": 0.5285, "fmt": "0.53"}, "epsTrendCurrency": "USD"}, "epsRevisions": {"upLast7days": {"raw": 1, "fmt": "1", "longFmt": "1"}, "upLast30days": {"raw": 1, "fmt": "1", "longFmt": "1"}, "downLast30days": {"raw": 0, "fmt": null, "longFmt": "0"}, "downLast7Days": {"raw": 0, "fmt": null, "longFmt": "0"}, "downLast90days": {}, "epsRevisionsCurrency": "USD"}}, {"maxAge": 1, "period": "+1q", "endDate": "2026-03-31", "growth": {"raw": 0.2692, "fmt": "26.92%"}, "earningsEstimate": {"avg": {"raw": 0.33, "fmt": "0.33"}, "low": {"raw": 0.33, "fmt": "0.33"}, "high": {"raw": 0.33, "fmt": "0.33"}, "yearAgoEps": {"raw": 0.26, "fmt": "0.26"}, "numberOfAnalysts": {"raw": 1, "fmt": "1", "longFmt": "1"}, "growth": {"raw": 0.2692, "fmt": "26.92%"}, "earningsCurrency": "USD"}, "revenueEstimate": {"avg": {"raw": 99900000, "fmt": "99.9M", "longFmt": "99,900,000"}, "low": {"raw": 99800000, "fmt": "99.8M", "longFmt": "99,800,000"}, "high": {"raw": 100000000, "fmt": "100M", "longFmt": "100,000,000"}, "numberOfAnalysts": {"raw": 2, "fmt": "2", "longFmt": "2"}, "yearAgoRevenue": {"raw": 87670000, "fmt": "87.67M", "longFmt": "87,670,000"}, "growth": {"raw": 0.13949999, "fmt": "13.95%"}, "revenueCurrency": "USD"}, "epsTrend": {"current": {"raw": 0.33, "fmt": "0.33"}, "7daysAgo": {"raw": 0.34, "fmt": "0.34"}, "30daysAgo": {"raw": 0.34, "fmt": "0.34"}, "60daysAgo": {"raw": 0.34, "fmt": "0.34"}, "90daysAgo": {"raw": 0.32667, "fmt": "0.33"}, "epsTrendCurrency": "USD"}, "epsRevisions": {"upLast7days": {"raw": 0, "fmt": null, "longFmt": "0"}, "upLast30days": {"raw": 0, "fmt": null, "longFmt": "0"}, "downLast30days": {"raw": 0, "fmt": null, "longFmt": "0"}, "downLast7Days": {"raw": 0, "fmt": null, "longFmt": "0"}, "downLast90days": {}, "epsRevisionsCurrency": "USD"}}, {"maxAge": 1, "period": "0y", "endDate": "2025-12-31", "growth": {"raw": 0.1107, "fmt": "11.07%"}, "earningsEstimate": {"avg": {"raw": 1.3995, "fmt": "1.4"}, "low": {"raw": 1.38, "fmt": "1.38"}, "high": {"raw": 1.419, "fmt": "1.42"}, "yearAgoEps": {"raw": 1.26, "fmt": "1.26"}, "numberOfAnalysts": {"raw": 2, "fmt": "2", "longFmt": "2"}, "growth": {"raw": 0.1107, "fmt": "11.07%"}, "earningsCurrency": "USD"}, "revenueEstimate": {"avg": {"raw": 362300000, "fmt": "362.3M", "longFmt": "362,300,000"}, "low": {"raw": 362300000, "fmt": "362.3M", "longFmt": "362,300,000"}, "high": {"raw": 362300000, "fmt": "362.3M", "longFmt": "362,300,000"}, "numberOfAnalysts": {"raw": 1, "fmt": "1", "longFmt": "1"}, "yearAgoRevenue": {"raw": 376024000, "fmt": "376.02M", "longFmt": "376,024,000"}, "growth": {"raw": -0.0365, "fmt": "-3.65%"}, "revenueCurrency": "USD"}, "epsTrend": {"current": {"raw": 1.3995, "fmt": "1.4"}, "7daysAgo": {"raw": 1.39633, "fmt": "1.4"}, "30daysAgo": {"raw": 1.39633, "fmt": "1.4"}, "60daysAgo": {"raw": 1.39633, "fmt": "1.4"}, "90daysAgo": {"raw": 1.361, "fmt": "1.36"}, "epsTrendCurrency": "USD"}, "epsRevisions": {"upLast7days": {"raw": 0, "fmt": null, "longFmt": "0"}, "upLast30days": {"raw": 0, "fmt": null, "longFmt": "0"}, "downLast30days": {"raw": 1, "fmt": "1", "longFmt": "1"}, "downLast7Days": {"raw": 1, "fmt": "1", "longFmt": "1"}, "downLast90days": {}, "epsRevisionsCurrency": "USD"}}, {"maxAge": 1, "period": "+1y", "endDate": "2026-12-31", "growth": {"raw": 0.0647, "fmt": "6.47%"}, "earningsEstimate": {"avg": {"raw": 1.49, "fmt": "1.49"}, "low": {"raw": 1.49, "fmt": "1.49"}, "high": {"raw": 1.49, "fmt": "1.49"}, "yearAgoEps": {"raw": 1.3995, "fmt": "1.4"}, "numberOfAnalysts": {"raw": 1, "fmt": "1", "longFmt": "1"}, "growth": {"raw": 0.0647, "fmt": "6.47%"}, "earningsCurrency": "USD"}, "revenueEstimate": {"avg": {"raw": 422350000, "fmt": "422.35M", "longFmt": "422,350,000"}, "low": {"raw": 419700000, "fmt": "419.7M", "longFmt": "419,700,000"}, "high": {"raw": 425000000, "fmt": "425M", "longFmt": "425,000,000"}, "numberOfAnalysts": {"raw": 2, "fmt": "2", "longFmt": "2"}, "yearAgoRevenue": {"raw": 362300000, "fmt": "362.3M", "longFmt": "362,300,000"}, "growth": {"raw": 0.1657, "fmt": "16.57%"}, "revenueCurrency": "USD"}, "epsTrend": {"current": {"raw": 1.49, "fmt": "1.49"}, "7daysAgo": {"raw": 1.505, "fmt": "1.5"}, "30daysAgo": {"raw": 1.505, "fmt": "1.5"}, "60daysAgo": {"raw": 1.505, "fmt": "1.5"}, "90daysAgo": {"raw": 1.45333, "fmt": "1.45"}, "epsTrendCurrency": "USD"}, "epsRevisions": {"upLast7days": {"raw": 1, "fmt": "1", "longFmt": "1"}, "upLast30days": {"raw": 1, "fmt": "1", "longFmt": "1"}, "downLast30days": {"raw": 0, "fmt": null, "longFmt": "0"}, "downLast7Days": {"raw": 0, "fmt": null, "longFmt": "0"}, "downLast90days": {}, "epsRevisionsCurrency": "USD"}}], "defaultMethodology": "nongaap", "maxAge": 1}, "earningsHistory": {"history": [{"maxAge": 1, "epsActual": {"raw": 0.47, "fmt": "0.47"}, "epsEstimate": {"raw": 0.42633, "fmt": "0.43"}, "epsDifference": {"raw": 0.04, "fmt": "0.04"}, "surprisePercent": {"raw": 0.1024, "fmt": "10.24%"}, "quarter": {"raw": 1735603200, "fmt": "2024-12-31"}, "currency": "USD", "period": "-4q"}, {"maxAge": 1, "epsActual": {"raw": 0.26, "fmt": "0.26"}, "epsEstimate": {"raw": 0.25167, "fmt": "0.25"}, "epsDifference": {"raw": 0.01, "fmt": "0.01"}, "surprisePercent": {"raw": 0.033099998, "fmt": "3.31%"}, "quarter": {"raw": 1743379200, "fmt": "2025-03-31"}, "currency": "USD", "period": "-3q"}, {"maxAge": 1, "epsActual": {"raw": 0.25, "fmt": "0.25"}, "epsEstimate": {"raw": 0.2435, "fmt": "0.24"}, "epsDifference": {"raw": 0.01, "fmt": "0.01"}, "surprisePercent": {"raw": 0.026700001, "fmt": "2.67%"}, "quarter": {"raw": 1751241600, "fmt": "2025-06-30"}, "currency": "USD", "period": "-2q"}, {"maxAge": 1, "epsActual": {"raw": 0.28, "fmt": "0.28"}, "epsEstimate": {"raw": 0.34233, "fmt": "0.34"}, "epsDifference": {"raw": -0.06, "fmt": "-0.06"}, "surprisePercent": {"raw": -0.1821, "fmt": "-18.21%"}, "quarter": {"raw": 1759190400, "fmt": "2025-09-30"}, "currency": "USD", "period": "-1q"}], "defaultMethodology": "nongaap", "maxAge": 86400}, "financialData": {"maxAge": 86400, "currentPrice": {"raw": 14.3, "fmt": "14.30"}, "targetHighPrice": {"raw": 27.0, "fmt": "27.00"}, "targetLowPrice": {"raw": 17.0, "fmt": "17.00"}, "targetMeanPrice": {"raw": 20.66667, "fmt": "20.67"}, "targetMedianPrice": {"raw": 18.0, "fmt": "18.00"}, "recommendationMean": {"raw": 1.66667, "fmt": "1.67"}, "recommendationKey": "buy", "numberOfAnalystOpinions": {"raw": 3, "fmt": "3", "longFmt": "3"}, "totalCash": {"raw": 115074000, "fmt": "115.07M", "longFmt": "115,074,000"}, "totalCashPerShare": {"raw": 1.052, "fmt": "1.05"}, "ebitda": {"raw": 204122000, "fmt": "204.12M", "longFmt": "204,122,000"}, "totalDebt": {"raw": 447604000, "fmt": "447.6M", "longFmt": "447,604,000"}, "quickRatio": {"raw": 3.506, "fmt": "3.51"}, "currentRatio": {"raw": 3.724, "fmt": "3.72"}, "totalRevenue": {"raw": 379912000, "fmt": "379.91M", "longFmt": "379,912,000"}, "debtToEquity": {"raw": 108.19, "fmt": "108.19%"}, "revenuePerShare": {"raw": 3.491, "fmt": "3.49"}, "returnOnAssets": {"raw": 0.08467, "fmt": "8.47%"}, "returnOnEquity": {"raw": 0.18535, "fmt": "18.54%"}, "grossProfits": {"raw": 379912000, "fmt": "379.91M", "longFmt": "379,912,000"}, "freeCashflow": {"raw": 130711752, "fmt": "130.71M", "longFmt": "130,711,752"}, "operatingCashflow": {"raw": 205548000, "fmt": "205.55M", "longFmt": "205,548,000"}, "earningsGrowth": {"raw": -0.529, "fmt": "-52.90%"}, "revenueGrowth": {"raw": 0.014, "fmt": "1.40%"}, "grossMargins": {"raw": 1.0, "fmt": "100.00%"}, "ebitdaMargins": {"raw": 0.53729, "fmt": "53.73%"}, "operatingMargins": {"raw": 0.36872002, "fmt": "36.87%"}, "profitMargins": {"raw": 0.19318001, "fmt": "19.32%"}, "financialCurrency": "USD"}}