{"assetProfile": {"address1": "One Analog Way", "city": "Wilmington", "state": "MA", "zip": "01887", "country": "United States", "phone": "781 935 5565", "website": "https://www.analog.com", "industry": "Semiconductors", "industryKey": "semiconductors", "industryDisp": "Semiconductors", "sector": "Technology", "sectorKey": "technology", "sectorDisp": "Technology", "longBusinessSummary": "Analog Devices, Inc. engages in the design, manufacture, testing, and marketing of integrated circuits (ICs), software, and subsystems products in the United States, rest of North and South America, Europe, Japan, China, and rest of Asia. The company provides data converter products, which translate real-world analog signals into digital data, as well as translates digital data into analog signals; power management and reference products for power conversion, driver monitoring, sequencing, and energy management applications in the automotive, communications, industrial, and consumer markets; and power ICs that include performance, integration, and software design simulation tools for accurate power supply designs. It also offers amplifiers to condition analog signals; and radio frequency and microwave ICs to support cellular infrastructure; and micro-electro-mechanical systems technology solutions, including accelerometers used to sense acceleration, gyroscopes for sense rotation, inertial measurement units to sense multiple degrees of freedom, and broadband switches for radio and instrument systems, as well as isolators. In addition, the company provides digital signal processing and system products for numeric calculations. It serves clients in the industrial, automotive, consumer, instrumentation, aerospace, defense and healthcare, and communications markets through a direct sales force, third-party distributors, and independent sales representatives, as well as online. The company was incorporated in 1965 and is headquartered in Wilmington, Massachusetts.", "fullTimeEmployees": 24000, "companyOfficers": [{"maxAge": 1, "name": "Mr. Vincent T. Roche", "age": 64, "title": "CEO & Chair of the Board of Directors", "yearBorn": 1960, "fiscalYear": 2024, "totalPay": {"raw": 2437327, "fmt": "2.44M", "longFmt": "2,437,327"}, "exercisedValue": {"raw": 16931600, "fmt": "16.93M", "longFmt": "16,931,600"}, "unexercisedValue": {"raw": 52718840, "fmt": "52.72M", "longFmt": "52,718,840"}}, {"maxAge": 1, "name": "Dr. Raymond S. Stata Ph.D.", "age": 90, "title": "Co-Founder & Board Member", "yearBorn": 1934, "fiscalYear": 2024, "totalPay": {"raw": 108779, "fmt": "108.78k", "longFmt": "108,779"}, "exercisedValue": {"raw": 0, "fmt": null, "longFmt": "0"}, "unexercisedValue": {"raw": 0, "fmt": null, "longFmt": "0"}}, {"maxAge": 1, "name": "Mr. Richard C. Puccio Jr.", "age": 56, "title": "Executive VP & CFO", "yearBorn": 1968, "fiscalYear": 2024, "totalPay": {"raw": 1671308, "fmt": "1.67M", "longFmt": "1,671,308"}, "exercisedValue": {"raw": 0, "fmt": null, "longFmt": "0"}, "unexercisedValue": {"raw": 0, "fmt": null, "longFmt": "0"}}, {"maxAge": 1, "name": "Mr. Vivek  Jain", "age": 64, "title": "Executive Vice President of Global Operations & Technology", "yearBorn": 1960, "fiscalYear": 2024, "totalPay": {"raw": 894094, "fmt": "894.09k", "longFmt": "894,094"}, "exercisedValue": {"raw": 0, "fmt": null, "longFmt": "0"}, "unexercisedValue": {"raw": 0, "fmt": null, "longFmt": "0"}}, {"maxAge": 1, "name": "Mr. Michael  Sondel", "age": 46, "title": "Corporate VP & Chief Accounting Officer", "yearBorn": 1978, "fiscalYear": 2024, "exercisedValue": {"raw": 0, "fmt": null, "longFmt": "0"}, "unexercisedValue": {"raw": 0, "fmt": null, "longFmt": "0"}}, {"maxAge": 1, "name": "Jeff  Ambrosi", "title": "Head of Investor Relations & Senior Director", "fiscalYear": 2024, "exercisedValue": {"raw": 0, "fmt": null, "longFmt": "0"}, "unexercisedValue": {"raw": 0, "fmt": null, "longFmt": "0"}}, {"maxAge": 1, "name": "Ms. Janene I. Asgeirsson J.D.", "age": 54, "title": "Chief Legal Officer & Corporate Secretary", "yearBorn": 1970, "fiscalYear": 2024, "exercisedValue": {"raw": 0, "fmt": null, "longFmt": "0"}, "unexercisedValue": {"raw": 0, "fmt": null, "longFmt": "0"}}, {"maxAge": 1, "name": "Ms. Mariya K. Trickett", "age": 40, "title": "Senior VP & Chief People Officer", "yearBorn": 1984, "fiscalYear": 2024, "exercisedValue": {"raw": 0, "fmt": null, "longFmt": "0"}, "unexercisedValue": {"raw": 0, "fmt": null, "longFmt": "0"}}, {"maxAge": 1, "name": "Mr. Martin  Cotter", "age": 59, "title": "Senior Vice President of Vertical Business Units & President of ADI EMEA", "yearBorn": 1965, "fiscalYear": 2024, "totalPay": {"raw": 1660414, "fmt": "1.66M", "longFmt": "1,660,414"}, "exercisedValue": {"raw": 835500, "fmt": "835.5k", "longFmt": "835,500"}, "unexercisedValue": {"raw": 9159937, "fmt": "9.16M", "longFmt": "9,159,937"}}, {"maxAge": 1, "name": "Mr. Rob  Oshana", "age": 63, "title": "Senior VP of Software & Digital Platforms Group", "yearBorn": 1961, "fiscalYear": 2024, "exercisedValue": {"raw": 0, "fmt": null, "longFmt": "0"}, "unexercisedValue": {"raw": 0, "fmt": null, "longFmt": "0"}}], "auditRisk": 4, "boardRisk": 8, "compensationRisk": 8, "shareHolderRightsRisk": 6, "overallRisk": 8, "governanceEpochDate": 1761955200, "compensationAsOfEpochDate": 1735603200, "irWebsite": "http://investor.analog.com/", "executiveTeam": [], "maxAge": 86400}, "calendarEvents": {"maxAge": 1, "earnings": {"earningsDate": [{"raw": 1764077400, "fmt": "2025-11-25"}], "earningsCallDate": [{"raw": 1764082800, "fmt": "2025-11-25"}], "isEarningsDateEstimate": false, "earningsAverage": {"raw": 2.2334, "fmt": "2.23"}, "earningsLow": {"raw": 2.18, "fmt": "2.18"}, "earningsHigh": {"raw": 2.36, "fmt": "2.36"}, "revenueAverage": {"raw": 3012103690, "fmt": "3.01B", "longFmt": "3,012,103,690"}, "revenueLow": {"raw": 2944283580, "fmt": "2.94B", "longFmt": "2,944,283,580"}, "revenueHigh": {"raw": 3100000000, "fmt": "3.1B", "longFmt": "3,100,000,000"}}, "exDividendDate": {"raw": 1756771200, "fmt": "2025-09-02"}, "dividendDate": {"raw": 1757980800, "fmt": "2025-09-16"}}, "earningsTrend": {"trend": [{"maxAge": 1, "period": "0q", "endDate": "2025-10-31", "growth": {"raw": 0.33740002, "fmt": "33.74%"}, "earningsEstimate": {"avg": {"raw": 2.2334, "fmt": "2.23"}, "low": {"raw": 2.18, "fmt": "2.18"}, "high": {"raw": 2.36, "fmt": "2.36"}, "yearAgoEps": {"raw": 1.67, "fmt": "1.67"}, "numberOfAnalysts": {"raw": 28, "fmt": "28", "longFmt": "28"}, "growth": {"raw": 0.33740002, "fmt": "33.74%"}, "earningsCurrency": "USD"}, "revenueEstimate": {"avg": {"raw": 3012103690, "fmt": "3.01B", "longFmt": "3,012,103,690"}, "low": {"raw": 2944283580, "fmt": "2.94B", "longFmt": "2,944,283,580"}, "high": {"raw": 3100000000, "fmt": "3.1B", "longFmt": "3,100,000,000"}, "numberOfAnalysts": {"raw": 26, "fmt": "26", "longFmt": "26"}, "yearAgoRevenue": {"raw": 2443205000, "fmt": "2.44B", "longFmt": "2,443,205,000"}, "growth": {"raw": 0.2328, "fmt": "23.28%"}, "revenueCurrency": "USD"}, "epsTrend": {"current": {"raw": 2.2334, "fmt": "2.23"}, "7daysAgo": {"raw": 2.2284, "fmt": "2.23"}, "30daysAgo": {"raw": 2.22448, "fmt": "2.22"}, "60daysAgo": {"raw": 2.22436, "fmt": "2.22"}, "90daysAgo": {"raw": 2.02971, "fmt": "2.03"}, "epsTrendCurrency": "USD"}, "epsRevisions": {"upLast7days": {"raw": 1, "fmt": "1", "longFmt": "1"}, "upLast30days": {"raw": 3, "fmt": "3", "longFmt": "3"}, "downLast30days": {"raw": 0, "fmt": null, "longFmt": "0"}, "downLast7Days": {"raw": 0, "fmt": null, "longFmt": "0"}, "downLast90days": {}, "epsRevisionsCurrency": "USD"}}, {"maxAge": 1, "period": "+1q", "endDate": "2026-01-31", "growth": {"raw": 0.32569999, "fmt": "32.57%"}, "earningsEstimate": {"avg": {"raw": 2.16083, "fmt": "2.16"}, "low": {"raw": 1.75, "fmt": "1.75"}, "high": {"raw": 2.58, "fmt": "2.58"}, "yearAgoEps": {"raw": 1.63, "fmt": "1.63"}, "numberOfAnalysts": {"raw": 27, "fmt": "27", "longFmt": "27"}, "growth": {"raw": 0.32569999, "fmt": "32.57%"}, "earningsCurrency": "USD"}, "revenueEstimate": {"avg": {"raw": 2970298890, "fmt": "2.97B", "longFmt": "2,970,298,890"}, "low": {"raw": 2846306000, "fmt": "2.85B", "longFmt": "2,846,306,000"}, "high": {"raw": 3175000000, "fmt": "3.17B", "longFmt": "3,175,000,000"}, "numberOfAnalysts": {"raw": 25, "fmt": "25", "longFmt": "25"}, "yearAgoRevenue": {"raw": 2423174000, "fmt": "2.42B", "longFmt": "2,423,174,000"}, "growth": {"raw": 0.2258, "fmt": "22.58%"}, "revenueCurrency": "USD"}, "epsTrend": {"current": {"raw": 2.16083, "fmt": "2.16"}, "7daysAgo": {"raw": 2.15565, "fmt": "2.16"}, "30daysAgo": {"raw": 2.15416, "fmt": "2.15"}, "60daysAgo": {"raw": 2.15416, "fmt": "2.15"}, "90daysAgo": {"raw": 2.00231, "fmt": "2"}, "epsTrendCurrency": "USD"}, "epsRevisions": {"upLast7days": {"raw": 1, "fmt": "1", "longFmt": "1"}, "upLast30days": {"raw": 2, "fmt": "2", "longFmt": "2"}, "downLast30days": {"raw": 0, "fmt": null, "longFmt": "0"}, "downLast7Days": {"raw": 0, "fmt": null, "longFmt": "0"}, "downLast90days": {}, "epsRevisionsCurrency": "USD"}}, {"maxAge": 1, "period": "0y", "endDate": "2025-10-31", "growth": {"raw": 0.2187, "fmt": "21.87%"}, "earningsEstimate": {"avg": {"raw": 7.77531, "fmt": "7.78"}, "low": {"raw": 7.71, "fmt": "7.71"}, "high": {"raw": 8.13, "fmt": "8.13"}, "yearAgoEps": {"raw": 6.38, "fmt": "6.38"}, "numberOfAnalysts": {"raw": 29, "fmt": "29", "longFmt": "29"}, "growth": {"raw": 0.2187, "fmt": "21.87%"}, "earningsCurrency": "USD"}, "revenueEstimate": {"avg": {"raw": 10953983610, "fmt": "10.95B", "longFmt": "10,953,983,610"}, "low": {"raw": 10832711520, "fmt": "10.83B", "longFmt": "10,832,711,520"}, "high": {"raw": 11044000000, "fmt": "11.04B", "longFmt": "11,044,000,000"}, "numberOfAnalysts": {"raw": 28, "fmt": "28", "longFmt": "28"}, "yearAgoRevenue": {"raw": 9427157000, "fmt": "9.43B", "longFmt": "9,427,157,000"}, "growth": {"raw": 0.162, "fmt": "16.20%"}, "revenueCurrency": "USD"}, "epsTrend": {"current": {"raw": 7.77531, "fmt": "7.78"}, "7daysAgo": {"raw": 7.76703, "fmt": "7.77"}, "30daysAgo": {"raw": 7.76324, "fmt": "7.76"}, "60daysAgo": {"raw": 7.76316, "fmt": "7.76"}, "90daysAgo": {"raw": 7.46339, "fmt": "7.46"}, "epsTrendCurrency": "USD"}, "epsRevisions": {"upLast7days": {"raw": 2, "fmt": "2", "longFmt": "2"}, "upLast30days": {"raw": 4, "fmt": "4", "longFmt": "4"}, "downLast30days": {"raw": 0, "fmt": null, "longFmt": "0"}, "downLast7Days": {"raw": 0, "fmt": null, "longFmt": "0"}, "downLast90days": {}, "epsRevisionsCurrency": "USD"}}, {"maxAge": 1, "period": "+1y", "endDate": "2026-10-31", "growth": {"raw": 0.2054, "fmt": "20.54%"}, "earningsEstimate": {"avg": {"raw": 9.37238, "fmt": "9.37"}, "low": {"raw": 8.02, "fmt": "8.02"}, "high": {"raw": 11.41, "fmt": "11.41"}, "yearAgoEps": {"raw": 7.77531, "fmt": "7.78"}, "numberOfAnalysts": {"raw": 30, "fmt": "30", "longFmt": "30"}, "growth": {"raw": 0.2054, "fmt": "20.54%"}, "earningsCurrency": "USD"}, "revenueEstimate": {"avg": {"raw": 12440818500, "fmt": "12.44B", "longFmt": "12,440,818,500"}, "low": {"raw": 11941000000, "fmt": "11.94B", "longFmt": "11,941,000,000"}, "high": {"raw": 13800000000, "fmt": "13.8B", "longFmt": "13,800,000,000"}, "numberOfAnalysts": {"raw": 30, "fmt": "30", "longFmt": "30"}, "yearAgoRevenue": {"raw": 10953983610, "fmt": "10.95B", "longFmt": "10,953,983,610"}, "growth": {"raw": 0.1357, "fmt": "13.57%"}, "revenueCurrency": "USD"}, "epsTrend": {"current": {"raw": 9.37238, "fmt": "9.37"}, "7daysAgo": {"raw": 9.35638, "fmt": "9.36"}, "30daysAgo": {"raw": 9.33456, "fmt": "9.33"}, "60daysAgo": {"raw": 9.30837, "fmt": "9.31"}, "90daysAgo": {"raw": 8.84658, "fmt": "8.85"}, "epsTrendCurrency": "USD"}, "epsRevisions": {"upLast7days": {"raw": 1, "fmt": "1", "longFmt": "1"}, "upLast30days": {"raw": 3, "fmt": "3", "longFmt": "3"}, "downLast30days": {"raw": 1, "fmt": "1", "longFmt": "1"}, "downLast7Days": {"raw": 1, "fmt": "1", "longFmt": "1"}, "downLast90days": {}, "epsRevisionsCurrency": "USD"}}], "defaultMethodology": "nongaap", "maxAge": 1}, "earningsHistory": {"history": [{"maxAge": 1, "epsActual": {"raw": 1.67, "fmt": "1.67"}, "epsEstimate": {"raw": 1.63917, "fmt": "1.64"}, "epsDifference": {"raw": 0.03, "fmt": "0.03"}, "surprisePercent": {"raw": 0.0188, "fmt": "1.88%"}, "quarter": {"raw": 1730332800, "fmt": "2024-10-31"}, "currency": "USD", "period": "-4q"}, {"maxAge": 1, "epsActual": {"raw": 1.63, "fmt": "1.63"}, "epsEstimate": {"raw": 1.54353, "fmt": "1.54"}, "epsDifference": {"raw": 0.09, "fmt": "0.09"}, "surprisePercent": {"raw": 0.055999998, "fmt": "5.60%"}, "quarter": {"raw": 1738281600, "fmt": "2025-01-31"}, "currency": "USD", "period": "-3q"}, {"maxAge": 1, "epsActual": {"raw": 1.85, "fmt": "1.85"}, "epsEstimate": {"raw": 1.69501, "fmt": "1.7"}, "epsDifference": {"raw": 0.15, "fmt": "0.15"}, "surprisePercent": {"raw": 0.091400005, "fmt": "9.14%"}, "quarter": {"raw": 1745971200, "fmt": "2025-04-30"}, "currency": "USD", "period": "-2q"}, {"maxAge": 1, "epsActual": {"raw": 2.05, "fmt": "2.05"}, "epsEstimate": {"raw": 1.9509, "fmt": "1.95"}, "epsDifference": {"raw": 0.1, "fmt": "0.1"}, "surprisePercent": {"raw": 0.0508, "fmt": "5.08%"}, "quarter": {"raw": 1753920000, "fmt": "2025-07-31"}, "currency": "USD", "period": "-1q"}], "defaultMethodology": "nongaap", "maxAge": 86400}, "financialData": {"maxAge": 86400, "currentPrice": {"raw": 233.61, "fmt": "233.61"}, "targetHighPrice": {"raw": 310.0, "fmt": "310.00"}, "targetLowPrice": {"raw": 155.0, "fmt": "155.00"}, "targetMeanPrice": {"raw": 268.9355, "fmt": "268.94"}, "targetMedianPrice": {"raw": 280.0, "fmt": "280.00"}, "recommendationMean": {"raw": 1.76471, "fmt": "1.76"}, "recommendationKey": "buy", "numberOfAnalystOpinions": {"raw": 31, "fmt": "31", "longFmt": "31"}, "totalCash": {"raw": 3469286912, "fmt": "3.47B", "longFmt": "3,469,286,912"}, "totalCashPerShare": {"raw": 7.052, "fmt": "7.05"}, "ebitda": {"raw": 4646811136, "fmt": "4.65B", "longFmt": "4,646,811,136"}, "totalDebt": {"raw": 8706007040, "fmt": "8.71B", "longFmt": "8,706,007,040"}, "quickRatio": {"raw": 1.686, "fmt": "1.69"}, "currentRatio": {"raw": 2.324, "fmt": "2.32"}, "totalRevenue": {"raw": 10386794496, "fmt": "10.39B", "longFmt": "10,386,794,496"}, "debtToEquity": {"raw": 25.541, "fmt": "25.54%"}, "revenuePerShare": {"raw": 20.95, "fmt": "20.95"}, "returnOnAssets": {"raw": 0.03387, "fmt": "3.39%"}, "returnOnEquity": {"raw": 0.05652, "fmt": "5.65%"}, "grossProfits": {"raw": 6247789056, "fmt": "6.25B", "longFmt": "6,247,789,056"}, "freeCashflow": {"raw": 3380657152, "fmt": "3.38B", "longFmt": "3,380,657,152"}, "operatingCashflow": {"raw": 4162209024, "fmt": "4.16B", "longFmt": "4,162,209,024"}, "earningsGrowth": {"raw": 0.316, "fmt": "31.60%"}, "revenueGrowth": {"raw": 0.246, "fmt": "24.60%"}, "grossMargins": {"raw": 0.60151, "fmt": "60.15%"}, "ebitdaMargins": {"raw": 0.44737998, "fmt": "44.74%"}, "operatingMargins": {"raw": 0.28551, "fmt": "28.55%"}, "profitMargins": {"raw": 0.18847999, "fmt": "18.85%"}, "financialCurrency": "USD"}}