{"assetProfile": {"address1": "4870 Sadler Road", "address2": "Suite 300", "city": "Glen Allen", "state": "VA", "zip": "23060", "country": "United States", "phone": "(804) 487-8196", "website": "https://www.adial.com", "industry": "Biotechnology", "industryKey": "biotechnology", "industryDisp": "Biotechnology", "sector": "Healthcare", "sectorKey": "healthcare", "sectorDisp": "Healthcare", "longBusinessSummary": "Adial Pharmaceuticals, Inc., a clinical-stage biopharmaceutical company, focuses on the development of therapeutics for the treatment or prevention of addiction and related disorders. The company's lead product is AD04, a serotonin-3 antagonist, which is in Phase 3 clinical trials for the treatment of alcohol use disorder. It is also involved in the development of drug candidates for non-opioid pain reduction and other diseases and disorders. Adial Pharmaceuticals, Inc. was founded in 2010 and is based in Glen Allen, Virginia.", "fullTimeEmployees": 5, "companyOfficers": [{"maxAge": 1, "name": "Mr. Cary John Claiborne MBA", "age": 63, "title": "CEO, President & Director", "yearBorn": 1961, "fiscalYear": 2024, "totalPay": {"raw": 561331, "fmt": "561.33k", "longFmt": "561,331"}, "exercisedValue": {"raw": 0, "fmt": null, "longFmt": "0"}, "unexercisedValue": {"raw": 0, "fmt": null, "longFmt": "0"}}, {"maxAge": 1, "name": "Mr. Tony  Goodman", "age": 60, "title": "COO & Director", "yearBorn": 1964, "fiscalYear": 2024, "totalPay": {"raw": 342828, "fmt": "342.83k", "longFmt": "342,828"}, "exercisedValue": {"raw": 0, "fmt": null, "longFmt": "0"}, "unexercisedValue": {"raw": 0, "fmt": null, "longFmt": "0"}}, {"maxAge": 1, "name": "Mr. Vinay  Shah A.C.A., M.B.A.", "age": 61, "title": "CFO & Treasurer", "yearBorn": 1963, "fiscalYear": 2024, "exercisedValue": {"raw": 0, "fmt": null, "longFmt": "0"}, "unexercisedValue": {"raw": 0, "fmt": null, "longFmt": "0"}}, {"maxAge": 1, "name": "Mr. John R. Martin J.D.", "title": "Chief Legal Officer", "fiscalYear": 2024, "exercisedValue": {"raw": 0, "fmt": null, "longFmt": "0"}, "unexercisedValue": {"raw": 0, "fmt": null, "longFmt": "0"}}, {"maxAge": 1, "name": "Andrew  Taubman", "title": "Vice President of Corporate Development", "fiscalYear": 2024, "exercisedValue": {"raw": 0, "fmt": null, "longFmt": "0"}, "unexercisedValue": {"raw": 0, "fmt": null, "longFmt": "0"}}, {"maxAge": 1, "name": "Dr. Brigitte  Robertson M.D.", "age": 60, "title": "Acting Chief Medical Officer", "yearBorn": 1964, "fiscalYear": 2024, "exercisedValue": {"raw": 0, "fmt": null, "longFmt": "0"}, "unexercisedValue": {"raw": 0, "fmt": null, "longFmt": "0"}}, {"maxAge": 1, "name": "Mr. Abel  Svitavsky CPA", "title": "Controller", "fiscalYear": 2024, "exercisedValue": {"raw": 0, "fmt": null, "longFmt": "0"}, "unexercisedValue": {"raw": 0, "fmt": null, "longFmt": "0"}}], "compensationAsOfEpochDate": 1735603200, "executiveTeam": [], "maxAge": 86400}, "calendarEvents": {"maxAge": 1, "earnings": {"earningsDate": [{"raw": 1754942400, "fmt": "2025-08-11"}, {"raw": 1755288000, "fmt": "2025-08-15"}], "earningsCallDate": [], "isEarningsDateEstimate": true, "earningsAverage": {"raw": -0.14, "fmt": "-0.14"}, "earningsLow": {"raw": -0.24, "fmt": "-0.24"}, "earningsHigh": {"raw": -0.09, "fmt": "-0.09"}, "revenueAverage": {"raw": 0, "fmt": null, "longFmt": "0"}, "revenueLow": {"raw": 0, "fmt": null, "longFmt": "0"}, "revenueHigh": {"raw": 0, "fmt": null, "longFmt": "0"}}, "exDividendDate": {}, "dividendDate": {}}, "earningsTrend": {"trend": [{"maxAge": 1, "period": "0q", "endDate": "2025-09-30", "growth": {"raw": 0.6316, "fmt": "63.16%"}, "earningsEstimate": {"avg": {"raw": -0.14, "fmt": "-0.14"}, "low": {"raw": -0.24, "fmt": "-0.24"}, "high": {"raw": -0.09, "fmt": "-0.09"}, "yearAgoEps": {"raw": -0.38, "fmt": "-0.38"}, "numberOfAnalysts": {"raw": 3, "fmt": "3", "longFmt": "3"}, "growth": {"raw": 0.6316, "fmt": "63.16%"}, "earningsCurrency": "USD"}, "revenueEstimate": {"avg": {"raw": 0, "fmt": null, "longFmt": "0"}, "low": {"raw": 0, "fmt": null, "longFmt": "0"}, "high": {"raw": 0, "fmt": null, "longFmt": "0"}, "numberOfAnalysts": {"raw": 3, "fmt": "3", "longFmt": "3"}, "yearAgoRevenue": {"raw": 0, "fmt": null, "longFmt": "0"}, "growth": {"raw": 0.0, "fmt": "0.00%"}, "revenueCurrency": "USD"}, "epsTrend": {"current": {"raw": -0.14, "fmt": "-0.14"}, "7daysAgo": {"raw": -0.14, "fmt": "-0.14"}, "30daysAgo": {"raw": -0.13667, "fmt": "-0.14"}, "60daysAgo": {"raw": -0.09, "fmt": "-0.09"}, "90daysAgo": {"raw": -0.09, "fmt": "-0.09"}, "epsTrendCurrency": "USD"}, "epsRevisions": {"upLast7days": {"raw": 0, "fmt": null, "longFmt": "0"}, "upLast30days": {"raw": 0, "fmt": null, "longFmt": "0"}, "downLast30days": {"raw": 1, "fmt": "1", "longFmt": "1"}, "downLast7Days": {"raw": 1, "fmt": "1", "longFmt": "1"}, "downLast90days": {}, "epsRevisionsCurrency": "USD"}}, {"maxAge": 1, "period": "+1q", "endDate": "2025-12-31", "growth": {"raw": 0.22219999, "fmt": "22.22%"}, "earningsEstimate": {"avg": {"raw": -0.11667, "fmt": "-0.12"}, "low": {"raw": -0.17, "fmt": "-0.17"}, "high": {"raw": -0.09, "fmt": "-0.09"}, "yearAgoEps": {"raw": -0.15, "fmt": "-0.15"}, "numberOfAnalysts": {"raw": 3, "fmt": "3", "longFmt": "3"}, "growth": {"raw": 0.22219999, "fmt": "22.22%"}, "earningsCurrency": "USD"}, "revenueEstimate": {"avg": {"raw": 0, "fmt": null, "longFmt": "0"}, "low": {"raw": 0, "fmt": null, "longFmt": "0"}, "high": {"raw": 0, "fmt": null, "longFmt": "0"}, "numberOfAnalysts": {"raw": 3, "fmt": "3", "longFmt": "3"}, "yearAgoRevenue": {"raw": 0, "fmt": null, "longFmt": "0"}, "growth": {"raw": 0.0, "fmt": "0.00%"}, "revenueCurrency": "USD"}, "epsTrend": {"current": {"raw": -0.11667, "fmt": "-0.12"}, "7daysAgo": {"raw": -0.11667, "fmt": "-0.12"}, "30daysAgo": {"raw": -0.10667, "fmt": "-0.11"}, "60daysAgo": {"raw": -0.09, "fmt": "-0.09"}, "90daysAgo": {"raw": -0.09, "fmt": "-0.09"}, "epsTrendCurrency": "USD"}, "epsRevisions": {"upLast7days": {"raw": 0, "fmt": null, "longFmt": "0"}, "upLast30days": {"raw": 0, "fmt": null, "longFmt": "0"}, "downLast30days": {"raw": 2, "fmt": "2", "longFmt": "2"}, "downLast7Days": {"raw": 2, "fmt": "2", "longFmt": "2"}, "downLast90days": {}, "epsRevisionsCurrency": "USD"}}, {"maxAge": 1, "period": "0y", "endDate": "2025-12-31", "growth": {"raw": 0.7635, "fmt": "76.35%"}, "earningsEstimate": {"avg": {"raw": -0.64333, "fmt": "-0.64"}, "low": {"raw": -0.87, "fmt": "-0.87"}, "high": {"raw": -0.53, "fmt": "-0.53"}, "yearAgoEps": {"raw": -2.72, "fmt": "-2.72"}, "numberOfAnalysts": {"raw": 3, "fmt": "3", "longFmt": "3"}, "growth": {"raw": 0.7635, "fmt": "76.35%"}, "earningsCurrency": "USD"}, "revenueEstimate": {"avg": {"raw": 0, "fmt": null, "longFmt": "0"}, "low": {"raw": 0, "fmt": null, "longFmt": "0"}, "high": {"raw": 0, "fmt": null, "longFmt": "0"}, "numberOfAnalysts": {"raw": 3, "fmt": "3", "longFmt": "3"}, "yearAgoRevenue": {"raw": 0, "fmt": null, "longFmt": "0"}, "growth": {"raw": 0.0, "fmt": "0.00%"}, "revenueCurrency": "USD"}, "epsTrend": {"current": {"raw": -0.64333, "fmt": "-0.64"}, "7daysAgo": {"raw": -0.64333, "fmt": "-0.64"}, "30daysAgo": {"raw": -0.62667, "fmt": "-0.63"}, "60daysAgo": {"raw": -0.55, "fmt": "-0.55"}, "90daysAgo": {"raw": -0.55, "fmt": "-0.55"}, "epsTrendCurrency": "USD"}, "epsRevisions": {"upLast7days": {"raw": 0, "fmt": null, "longFmt": "0"}, "upLast30days": {"raw": 0, "fmt": null, "longFmt": "0"}, "downLast30days": {"raw": 2, "fmt": "2", "longFmt": "2"}, "downLast7Days": {"raw": 2, "fmt": "2", "longFmt": "2"}, "downLast90days": {}, "epsRevisionsCurrency": "USD"}}, {"maxAge": 1, "period": "+1y", "endDate": "2026-12-31", "growth": {"raw": 0.0907, "fmt": "9.07%"}, "earningsEstimate": {"avg": {"raw": -0.585, "fmt": "-0.58"}, "low": {"raw": -0.79, "fmt": "-0.79"}, "high": {"raw": -0.38, "fmt": "-0.38"}, "yearAgoEps": {"raw": -0.64333, "fmt": "-0.64"}, "numberOfAnalysts": {"raw": 2, "fmt": "2", "longFmt": "2"}, "growth": {"raw": 0.0907, "fmt": "9.07%"}, "earningsCurrency": "USD"}, "revenueEstimate": {"avg": {"raw": 0, "fmt": null, "longFmt": "0"}, "low": {"raw": 0, "fmt": null, "longFmt": "0"}, "high": {"raw": 0, "fmt": null, "longFmt": "0"}, "numberOfAnalysts": {"raw": 3, "fmt": "3", "longFmt": "3"}, "yearAgoRevenue": {"raw": 0, "fmt": null, "longFmt": "0"}, "growth": {"raw": 0.0, "fmt": "0.00%"}, "revenueCurrency": "USD"}, "epsTrend": {"current": {"raw": -0.585, "fmt": "-0.58"}, "7daysAgo": {"raw": -0.585, "fmt": "-0.58"}, "30daysAgo": {"raw": -0.9, "fmt": "-0.9"}, "60daysAgo": {"raw": -1.0, "fmt": "-1"}, "90daysAgo": {"raw": -1.0, "fmt": "-1"}, "epsTrendCurrency": "USD"}, "epsRevisions": {"upLast7days": {"raw": 2, "fmt": "2", "longFmt": "2"}, "upLast30days": {"raw": 2, "fmt": "2", "longFmt": "2"}, "downLast30days": {"raw": 0, "fmt": null, "longFmt": "0"}, "downLast7Days": {"raw": 0, "fmt": null, "longFmt": "0"}, "downLast90days": {}, "epsRevisionsCurrency": "USD"}}], "defaultMethodology": "nongaap", "maxAge": 1}, "earningsHistory": {"history": [{"maxAge": 1, "epsActual": {"raw": -0.38, "fmt": "-0.38"}, "epsEstimate": {"raw": -0.44, "fmt": "-0.44"}, "epsDifference": {"raw": 0.06, "fmt": "0.06"}, "surprisePercent": {"raw": 0.1364, "fmt": "13.64%"}, "quarter": {"raw": 1727654400, "fmt": "2024-09-30"}, "currency": "USD", "period": "-4q"}, {"maxAge": 1, "epsActual": {"raw": -0.15, "fmt": "-0.15"}, "epsEstimate": {"raw": -0.33, "fmt": "-0.33"}, "epsDifference": {"raw": 0.18, "fmt": "0.18"}, "surprisePercent": {"raw": 0.5455, "fmt": "54.55%"}, "quarter": {"raw": 1735603200, "fmt": "2024-12-31"}, "currency": "USD", "period": "-3q"}, {"maxAge": 1, "epsActual": {"raw": -0.34, "fmt": "-0.34"}, "epsEstimate": {"raw": -0.495, "fmt": "-0.5"}, "epsDifference": {"raw": 0.15, "fmt": "0.15"}, "surprisePercent": {"raw": 0.31309998, "fmt": "31.31%"}, "quarter": {"raw": 1743379200, "fmt": "2025-03-31"}, "currency": "USD", "period": "-2q"}, {"maxAge": 1, "epsActual": {"raw": -0.18, "fmt": "-0.18"}, "epsEstimate": {"raw": -0.22, "fmt": "-0.22"}, "epsDifference": {"raw": 0.04, "fmt": "0.04"}, "surprisePercent": {"raw": 0.18180001, "fmt": "18.18%"}, "quarter": {"raw": 1751241600, "fmt": "2025-06-30"}, "currency": "USD", "period": "-1q"}], "defaultMethodology": "nongaap", "maxAge": 86400}, "financialData": {"maxAge": 86400, "currentPrice": {"raw": 0.345, "fmt": "0.34"}, "targetHighPrice": {"raw": 3.0, "fmt": "3.00"}, "targetLowPrice": {"raw": 1.5, "fmt": "1.50"}, "targetMeanPrice": {"raw": 2.16667, "fmt": "2.17"}, "targetMedianPrice": {"raw": 2.0, "fmt": "2.00"}, "recommendationMean": {}, "recommendationKey": "none", "numberOfAnalystOpinions": {"raw": 3, "fmt": "3", "longFmt": "3"}, "totalCash": {"raw": 5914980, "fmt": "5.91M", "longFmt": "5,914,980"}, "totalCashPerShare": {"raw": 0.271, "fmt": "0.27"}, "ebitda": {"raw": -8301644, "fmt": "-8.3M", "longFmt": "-8,301,644"}, "totalDebt": {"raw": 0, "fmt": null, "longFmt": "0"}, "quickRatio": {"raw": 4.884, "fmt": "4.88"}, "currentRatio": {"raw": 5.019, "fmt": "5.02"}, "totalRevenue": {}, "debtToEquity": {}, "revenuePerShare": {}, "returnOnAssets": {"raw": -0.88318, "fmt": "-88.32%"}, "returnOnEquity": {"raw": -1.7126801, "fmt": "-171.27%"}, "grossProfits": {}, "freeCashflow": {"raw": -3548171, "fmt": "-3.55M", "longFmt": "-3,548,171"}, "operatingCashflow": {"raw": -6482581, "fmt": "-6.48M", "longFmt": "-6,482,581"}, "earningsGrowth": {}, "revenueGrowth": {}, "grossMargins": {"raw": 0.0, "fmt": "0.00%"}, "ebitdaMargins": {"raw": 0.0, "fmt": "0.00%"}, "operatingMargins": {"raw": 0.0, "fmt": "0.00%"}, "profitMargins": {"raw": 0.0, "fmt": "0.00%"}, "financialCurrency": "USD"}}