{"assetProfile": {"address1": "465 State Route 17", "city": "Ramsey", "state": "NJ", "zip": "07446", "country": "United States", "phone": "201 478 5552", "fax": "201 478 5553", "website": "https://www.admabiologics.com", "industry": "Biotechnology", "industryKey": "biotechnology", "industryDisp": "Biotechnology", "sector": "Healthcare", "sectorKey": "healthcare", "sectorDisp": "Healthcare", "longBusinessSummary": "ADMA Biologics, Inc., a biopharmaceutical company, develops, manufactures, and markets specialty plasma-derived biologics for the treatment of immune deficiencies and infectious diseases in the United States and internationally. The company offers BIVIGAM, an intravenous immune globulin (IVIG) product indicated for the treatment of primary humoral immunodeficiency (PI); ASCENIV, an IVIG product for the treatment of PI; and Nabi-HB, a human polyclonal antibody product for the treatment of acute exposure to blood containing Hepatitis B surface antigen and other listed exposures to Hepatitis B. It also develops a pipeline of plasma-derived therapeutics comprising products related to the methods of treatment and prevention of S. pneumonia infection for an immunoglobulin. In addition, the company operates source plasma collection facilities. The company sells its products through independent distributors, drug wholesalers, specialty pharmacies, and other alternate site providers. ADMA Biologics, Inc. was incorporated in 2004 and is headquartered in Ramsey, New Jersey.", "fullTimeEmployees": 685, "companyOfficers": [{"maxAge": 1, "name": "Mr. Adam S. Grossman", "age": 47, "title": "Co-Founder, President, CEO & Director", "yearBorn": 1977, "fiscalYear": 2024, "totalPay": {"raw": 1864729, "fmt": "1.86M", "longFmt": "1,864,729"}, "exercisedValue": {"raw": 8020796, "fmt": "8.02M", "longFmt": "8,020,796"}, "unexercisedValue": {"raw": 6819836, "fmt": "6.82M", "longFmt": "6,819,836"}}, {"maxAge": 1, "name": "Dr. Jerrold B. Grossman D.P.S., Ph.D.", "age": 76, "title": "Co-Founder & Vice Chairman of the Board", "yearBorn": 1948, "fiscalYear": 2024, "totalPay": {"raw": 90000, "fmt": "90k", "longFmt": "90,000"}, "exercisedValue": {"raw": 0, "fmt": null, "longFmt": "0"}, "unexercisedValue": {"raw": 0, "fmt": null, "longFmt": "0"}}, {"maxAge": 1, "name": "Mr. Brad  Tade", "age": 50, "title": "CFO & Treasurer", "yearBorn": 1974, "fiscalYear": 2024, "totalPay": {"raw": 680951, "fmt": "680.95k", "longFmt": "680,951"}, "exercisedValue": {"raw": 0, "fmt": null, "longFmt": "0"}, "unexercisedValue": {"raw": 0, "fmt": null, "longFmt": "0"}}, {"maxAge": 1, "name": "Ms. Kaitlin  Kestenberg", "age": 37, "title": "COO & Senior VP of Compliance", "yearBorn": 1987, "fiscalYear": 2024, "totalPay": {"raw": 815808, "fmt": "815.81k", "longFmt": "815,808"}, "exercisedValue": {"raw": 314524, "fmt": "314.52k", "longFmt": "314,524"}, "unexercisedValue": {"raw": 314836, "fmt": "314.84k", "longFmt": "314,836"}}, {"maxAge": 1, "name": "Mr. Michael  Goldstein", "title": "General Counsel", "fiscalYear": 2024, "exercisedValue": {"raw": 0, "fmt": null, "longFmt": "0"}, "unexercisedValue": {"raw": 0, "fmt": null, "longFmt": "0"}}, {"maxAge": 1, "name": "Mr. John  Hafl", "title": "Executive Director of Sales", "fiscalYear": 2024, "exercisedValue": {"raw": 0, "fmt": null, "longFmt": "0"}, "unexercisedValue": {"raw": 0, "fmt": null, "longFmt": "0"}}, {"maxAge": 1, "name": "Ms. Cindy  Petersen", "title": "Vice President of Human Resources", "fiscalYear": 2024, "exercisedValue": {"raw": 0, "fmt": null, "longFmt": "0"}, "unexercisedValue": {"raw": 0, "fmt": null, "longFmt": "0"}}, {"maxAge": 1, "name": "Mr. Skyler  Bloom", "title": "Senior Director of Business Development & Corporate Strategy", "fiscalYear": 2024, "exercisedValue": {"raw": 0, "fmt": null, "longFmt": "0"}, "unexercisedValue": {"raw": 0, "fmt": null, "longFmt": "0"}}], "auditRisk": 8, "boardRisk": 6, "compensationRisk": 8, "shareHolderRightsRisk": 8, "overallRisk": 7, "governanceEpochDate": 1761955200, "compensationAsOfEpochDate": 1735603200, "executiveTeam": [], "maxAge": 86400}, "calendarEvents": {"maxAge": 1, "earnings": {"earningsDate": [{"raw": 1762376400, "fmt": "2025-11-05"}], "earningsCallDate": [{"raw": 1762378200, "fmt": "2025-11-05"}], "isEarningsDateEstimate": false, "earningsAverage": {"raw": 0.155, "fmt": "0.16"}, "earningsLow": {"raw": 0.15, "fmt": "0.15"}, "earningsHigh": {"raw": 0.16, "fmt": "0.16"}, "revenueAverage": {"raw": 130533330, "fmt": "130.53M", "longFmt": "130,533,330"}, "revenueLow": {"raw": 130100000, "fmt": "130.1M", "longFmt": "130,100,000"}, "revenueHigh": {"raw": 131300000, "fmt": "131.3M", "longFmt": "131,300,000"}}, "exDividendDate": {}, "dividendDate": {}}, "earningsTrend": {"trend": [{"maxAge": 1, "period": "0q", "endDate": "2025-09-30", "growth": {"raw": 0.033299997, "fmt": "3.33%"}, "earningsEstimate": {"avg": {"raw": 0.155, "fmt": "0.16"}, "low": {"raw": 0.15, "fmt": "0.15"}, "high": {"raw": 0.16, "fmt": "0.16"}, "yearAgoEps": {"raw": 0.15, "fmt": "0.15"}, "numberOfAnalysts": {"raw": 2, "fmt": "2", "longFmt": "2"}, "growth": {"raw": 0.033299997, "fmt": "3.33%"}, "earningsCurrency": "USD"}, "revenueEstimate": {"avg": {"raw": 130533330, "fmt": "130.53M", "longFmt": "130,533,330"}, "low": {"raw": 130100000, "fmt": "130.1M", "longFmt": "130,100,000"}, "high": {"raw": 131300000, "fmt": "131.3M", "longFmt": "131,300,000"}, "numberOfAnalysts": {"raw": 3, "fmt": "3", "longFmt": "3"}, "yearAgoRevenue": {"raw": 119839000, "fmt": "119.84M", "longFmt": "119,839,000"}, "growth": {"raw": 0.0892, "fmt": "8.92%"}, "revenueCurrency": "USD"}, "epsTrend": {"current": {"raw": 0.155, "fmt": "0.16"}, "7daysAgo": {"raw": 0.16, "fmt": "0.16"}, "30daysAgo": {"raw": 0.16, "fmt": "0.16"}, "60daysAgo": {"raw": 0.16, "fmt": "0.16"}, "90daysAgo": {"raw": 0.17, "fmt": "0.17"}, "epsTrendCurrency": "USD"}, "epsRevisions": {"upLast7days": {"raw": 0, "fmt": null, "longFmt": "0"}, "upLast30days": {"raw": 0, "fmt": null, "longFmt": "0"}, "downLast30days": {"raw": 1, "fmt": "1", "longFmt": "1"}, "downLast7Days": {"raw": 1, "fmt": "1", "longFmt": "1"}, "downLast90days": {}, "epsRevisionsCurrency": "USD"}}, {"maxAge": 1, "period": "+1q", "endDate": "2025-12-31", "growth": {"raw": 0.32349998, "fmt": "32.35%"}, "earningsEstimate": {"avg": {"raw": 0.18, "fmt": "0.18"}, "low": {"raw": 0.18, "fmt": "0.18"}, "high": {"raw": 0.18, "fmt": "0.18"}, "yearAgoEps": {"raw": 0.136, "fmt": "0.14"}, "numberOfAnalysts": {"raw": 2, "fmt": "2", "longFmt": "2"}, "growth": {"raw": 0.32349998, "fmt": "32.35%"}, "earningsCurrency": "USD"}, "revenueEstimate": {"avg": {"raw": 137766670, "fmt": "137.77M", "longFmt": "137,766,670"}, "low": {"raw": 135300000, "fmt": "135.3M", "longFmt": "135,300,000"}, "high": {"raw": 139800000, "fmt": "139.8M", "longFmt": "139,800,000"}, "numberOfAnalysts": {"raw": 3, "fmt": "3", "longFmt": "3"}, "yearAgoRevenue": {"raw": 117549000, "fmt": "117.55M", "longFmt": "117,549,000"}, "growth": {"raw": 0.172, "fmt": "17.20%"}, "revenueCurrency": "USD"}, "epsTrend": {"current": {"raw": 0.18, "fmt": "0.18"}, "7daysAgo": {"raw": 0.18, "fmt": "0.18"}, "30daysAgo": {"raw": 0.18, "fmt": "0.18"}, "60daysAgo": {"raw": 0.18, "fmt": "0.18"}, "90daysAgo": {"raw": 0.2, "fmt": "0.2"}, "epsTrendCurrency": "USD"}, "epsRevisions": {"upLast7days": {"raw": 0, "fmt": null, "longFmt": "0"}, "upLast30days": {"raw": 0, "fmt": null, "longFmt": "0"}, "downLast30days": {"raw": 1, "fmt": "1", "longFmt": "1"}, "downLast7Days": {"raw": 1, "fmt": "1", "longFmt": "1"}, "downLast90days": {}, "epsRevisionsCurrency": "USD"}}, {"maxAge": 1, "period": "0y", "endDate": "2025-12-31", "growth": {"raw": 0.14310001, "fmt": "14.31%"}, "earningsEstimate": {"avg": {"raw": 0.56, "fmt": "0.56"}, "low": {"raw": 0.54, "fmt": "0.54"}, "high": {"raw": 0.58, "fmt": "0.58"}, "yearAgoEps": {"raw": 0.4899, "fmt": "0.49"}, "numberOfAnalysts": {"raw": 2, "fmt": "2", "longFmt": "2"}, "growth": {"raw": 0.14310001, "fmt": "14.31%"}, "earningsCurrency": "USD"}, "revenueEstimate": {"avg": {"raw": 506277500, "fmt": "506.28M", "longFmt": "506,277,500"}, "low": {"raw": 503400000, "fmt": "503.4M", "longFmt": "503,400,000"}, "high": {"raw": 509610000, "fmt": "509.61M", "longFmt": "509,610,000"}, "numberOfAnalysts": {"raw": 4, "fmt": "4", "longFmt": "4"}, "yearAgoRevenue": {"raw": 426454000, "fmt": "426.45M", "longFmt": "426,454,000"}, "growth": {"raw": 0.1872, "fmt": "18.72%"}, "revenueCurrency": "USD"}, "epsTrend": {"current": {"raw": 0.56, "fmt": "0.56"}, "7daysAgo": {"raw": 0.56, "fmt": "0.56"}, "30daysAgo": {"raw": 0.565, "fmt": "0.56"}, "60daysAgo": {"raw": 0.565, "fmt": "0.56"}, "90daysAgo": {"raw": 0.605, "fmt": "0.61"}, "epsTrendCurrency": "USD"}, "epsRevisions": {"upLast7days": {"raw": 0, "fmt": null, "longFmt": "0"}, "upLast30days": {"raw": 0, "fmt": null, "longFmt": "0"}, "downLast30days": {"raw": 1, "fmt": "1", "longFmt": "1"}, "downLast7Days": {"raw": 1, "fmt": "1", "longFmt": "1"}, "downLast90days": {}, "epsRevisionsCurrency": "USD"}}, {"maxAge": 1, "period": "+1y", "endDate": "2026-12-31", "growth": {"raw": 0.65480006, "fmt": "65.48%"}, "earningsEstimate": {"avg": {"raw": 0.92667, "fmt": "0.93"}, "low": {"raw": 0.87, "fmt": "0.87"}, "high": {"raw": 0.96, "fmt": "0.96"}, "yearAgoEps": {"raw": 0.56, "fmt": "0.56"}, "numberOfAnalysts": {"raw": 3, "fmt": "3", "longFmt": "3"}, "growth": {"raw": 0.65480006, "fmt": "65.48%"}, "earningsCurrency": "USD"}, "revenueEstimate": {"avg": {"raw": 637852500, "fmt": "637.85M", "longFmt": "637,852,500"}, "low": {"raw": 631000000, "fmt": "631M", "longFmt": "631,000,000"}, "high": {"raw": 647210000, "fmt": "647.21M", "longFmt": "647,210,000"}, "numberOfAnalysts": {"raw": 4, "fmt": "4", "longFmt": "4"}, "yearAgoRevenue": {"raw": 506277500, "fmt": "506.28M", "longFmt": "506,277,500"}, "growth": {"raw": 0.2599, "fmt": "25.99%"}, "revenueCurrency": "USD"}, "epsTrend": {"current": {"raw": 0.92667, "fmt": "0.93"}, "7daysAgo": {"raw": 0.92667, "fmt": "0.93"}, "30daysAgo": {"raw": 0.93, "fmt": "0.93"}, "60daysAgo": {"raw": 0.93, "fmt": "0.93"}, "90daysAgo": {"raw": 0.96, "fmt": "0.96"}, "epsTrendCurrency": "USD"}, "epsRevisions": {"upLast7days": {"raw": 0, "fmt": null, "longFmt": "0"}, "upLast30days": {"raw": 0, "fmt": null, "longFmt": "0"}, "downLast30days": {"raw": 1, "fmt": "1", "longFmt": "1"}, "downLast7Days": {"raw": 1, "fmt": "1", "longFmt": "1"}, "downLast90days": {}, "epsRevisionsCurrency": "USD"}}], "defaultMethodology": "nongaap", "maxAge": 1}, "earningsHistory": {"history": [{"maxAge": 1, "epsActual": {"raw": 0.15, "fmt": "0.15"}, "epsEstimate": {"raw": 0.13, "fmt": "0.13"}, "epsDifference": {"raw": 0.02, "fmt": "0.02"}, "surprisePercent": {"raw": 0.1538, "fmt": "15.38%"}, "quarter": {"raw": 1727654400, "fmt": "2024-09-30"}, "currency": "USD", "period": "-4q"}, {"maxAge": 1, "epsActual": {"raw": 0.136, "fmt": "0.14"}, "epsEstimate": {"raw": 0.15, "fmt": "0.15"}, "epsDifference": {"raw": -0.01, "fmt": "-0.01"}, "surprisePercent": {"raw": -0.0933, "fmt": "-9.33%"}, "quarter": {"raw": 1735603200, "fmt": "2024-12-31"}, "currency": "USD", "period": "-3q"}, {"maxAge": 1, "epsActual": {"raw": 0.11, "fmt": "0.11"}, "epsEstimate": {"raw": 0.165, "fmt": "0.17"}, "epsDifference": {"raw": -0.06, "fmt": "-0.06"}, "surprisePercent": {"raw": -0.33330002, "fmt": "-33.33%"}, "quarter": {"raw": 1743379200, "fmt": "2025-03-31"}, "currency": "USD", "period": "-2q"}, {"maxAge": 1, "epsActual": {"raw": 0.145, "fmt": "0.14"}, "epsEstimate": {"raw": 0.135, "fmt": "0.14"}, "epsDifference": {"raw": 0.01, "fmt": "0.01"}, "surprisePercent": {"raw": 0.074099995, "fmt": "7.41%"}, "quarter": {"raw": 1751241600, "fmt": "2025-06-30"}, "currency": "USD", "period": "-1q"}], "defaultMethodology": "nongaap", "maxAge": 86400}, "financialData": {"maxAge": 86400, "currentPrice": {"raw": 15.37, "fmt": "15.37"}, "targetHighPrice": {"raw": 32.0, "fmt": "32.00"}, "targetLowPrice": {"raw": 17.0, "fmt": "17.00"}, "targetMeanPrice": {"raw": 27.25, "fmt": "27.25"}, "targetMedianPrice": {"raw": 30.0, "fmt": "30.00"}, "recommendationMean": {"raw": 1.0, "fmt": "1.00"}, "recommendationKey": "strong_buy", "numberOfAnalystOpinions": {"raw": 4, "fmt": "4", "longFmt": "4"}, "totalCash": {"raw": 90285000, "fmt": "90.28M", "longFmt": "90,285,000"}, "totalCashPerShare": {"raw": 0.378, "fmt": "0.38"}, "ebitda": {"raw": 163550000, "fmt": "163.55M", "longFmt": "163,550,000"}, "totalDebt": {"raw": 83825000, "fmt": "83.83M", "longFmt": "83,825,000"}, "quickRatio": {"raw": 2.669, "fmt": "2.67"}, "currentRatio": {"raw": 5.332, "fmt": "5.33"}, "totalRevenue": {"raw": 474174016, "fmt": "474.17M", "longFmt": "474,174,016"}, "debtToEquity": {"raw": 21.044, "fmt": "21.04%"}, "revenuePerShare": {"raw": 2.001, "fmt": "2.00"}, "returnOnAssets": {"raw": 0.20812, "fmt": "20.81%"}, "returnOnEquity": {"raw": 0.71234, "fmt": "71.23%"}, "grossProfits": {"raw": 251315008, "fmt": "251.32M", "longFmt": "251,315,008"}, "freeCashflow": {"raw": 43691500, "fmt": "43.69M", "longFmt": "43,691,500"}, "operatingCashflow": {"raw": 76708000, "fmt": "76.71M", "longFmt": "76,708,000"}, "earningsGrowth": {"raw": 0.077, "fmt": "7.70%"}, "revenueGrowth": {"raw": 0.138, "fmt": "13.80%"}, "grossMargins": {"raw": 0.53001, "fmt": "53.00%"}, "ebitdaMargins": {"raw": 0.34492, "fmt": "34.49%"}, "operatingMargins": {"raw": 0.35085, "fmt": "35.08%"}, "profitMargins": {"raw": 0.44061002, "fmt": "44.06%"}, "financialCurrency": "USD"}}