{"assetProfile": {"address1": "One ADP Boulevard", "city": "Roseland", "state": "NJ", "zip": "07068", "country": "United States", "phone": "973 974 5000", "website": "https://www.adp.com", "industry": "Software - Application", "industryKey": "software-application", "industryDisp": "Software - Application", "sector": "Technology", "sectorKey": "technology", "sectorDisp": "Technology", "longBusinessSummary": "Automatic Data Processing, Inc. provides cloud-based human capital management (HCM) solutions worldwide. It operates in two segments, Employer Services and Professional Employer Organization (PEO). The Employer Services segment offers strategic, cloud-based platforms, and human resources (HR) outsourcing solutions. This segment's offerings include RUN Powered by ADP, a software platform for small business payroll, HR, and compliance; ADP Workforce Now, a HCM solution used across mid-sized and large businesses to manage employees; and ADP Lyric HCM, a solution for HR management, payroll, workforce management, talent, and data analytics. The PEO Services segment provides HR and employment administration outsourcing solutions under ADP TotalSource name to businesses through a co-employment model. The segment also provides guidance, user-friendly technology, comprehensive employee benefits, and a risk management, safety, and workers' compensation program. The company was founded in 1949 and is headquartered in Roseland, New Jersey.", "fullTimeEmployees": 67000, "companyOfficers": [{"maxAge": 1, "name": "Ms. Maria  Black", "age": 50, "title": "President, CEO & DIrector", "yearBorn": 1974, "fiscalYear": 2025, "totalPay": {"raw": 4329391, "fmt": "4.33M", "longFmt": "4,329,391"}, "exercisedValue": {"raw": 2899961, "fmt": "2.9M", "longFmt": "2,899,961"}, "unexercisedValue": {"raw": 0, "fmt": null, "longFmt": "0"}}, {"maxAge": 1, "name": "Mr. Joseph  DeSilva Jr.", "age": 49, "title": "Executive VP of North America & Chief of Operations", "yearBorn": 1975, "fiscalYear": 2025, "totalPay": {"raw": 1668369, "fmt": "1.67M", "longFmt": "1,668,369"}, "exercisedValue": {"raw": 929487, "fmt": "929.49k", "longFmt": "929,487"}, "unexercisedValue": {"raw": 0, "fmt": null, "longFmt": "0"}}, {"maxAge": 1, "name": "Mr. Michael Anthony Bonarti J.D.", "age": 59, "title": "Chief Administrative Officer", "yearBorn": 1965, "fiscalYear": 2025, "totalPay": {"raw": 1534451, "fmt": "1.53M", "longFmt": "1,534,451"}, "exercisedValue": {"raw": 7043104, "fmt": "7.04M", "longFmt": "7,043,104"}, "unexercisedValue": {"raw": 0, "fmt": null, "longFmt": "0"}}, {"maxAge": 1, "name": "Mr. Sreenivasa  Kutam", "age": 54, "title": "President of Global Product & Innovation", "yearBorn": 1970, "fiscalYear": 2025, "totalPay": {"raw": 1353738, "fmt": "1.35M", "longFmt": "1,353,738"}, "exercisedValue": {"raw": 6312742, "fmt": "6.31M", "longFmt": "6,312,742"}, "unexercisedValue": {"raw": 374683, "fmt": "374.68k", "longFmt": "374,683"}}, {"maxAge": 1, "name": "Mr. Peter  Hadley", "age": 51, "title": "Chief Financial Officer", "yearBorn": 1973, "fiscalYear": 2025, "exercisedValue": {"raw": 0, "fmt": null, "longFmt": "0"}, "unexercisedValue": {"raw": 0, "fmt": null, "longFmt": "0"}}, {"maxAge": 1, "name": "Mr. Jonathan  Lehberger", "age": 51, "title": "Corporate Controller & Principal Accounting Officer", "yearBorn": 1973, "fiscalYear": 2025, "exercisedValue": {"raw": 0, "fmt": null, "longFmt": "0"}, "unexercisedValue": {"raw": 0, "fmt": null, "longFmt": "0"}}, {"maxAge": 1, "name": "Mr. Matthew John Keating C.F.A.", "title": "Vice President of Investor Relations", "fiscalYear": 2025, "exercisedValue": {"raw": 0, "fmt": null, "longFmt": "0"}, "unexercisedValue": {"raw": 0, "fmt": null, "longFmt": "0"}}, {"maxAge": 1, "name": "Mr. David  Kwon J.D.", "age": 54, "title": "Corporate VP, Chief Legal Officer & General Counsel", "yearBorn": 1970, "fiscalYear": 2025, "exercisedValue": {"raw": 0, "fmt": null, "longFmt": "0"}, "unexercisedValue": {"raw": 0, "fmt": null, "longFmt": "0"}}, {"maxAge": 1, "name": "Mr. Gus  Blanchard", "age": 61, "title": "Chief Marketing Officer", "yearBorn": 1963, "fiscalYear": 2025, "exercisedValue": {"raw": 0, "fmt": null, "longFmt": "0"}, "unexercisedValue": {"raw": 0, "fmt": null, "longFmt": "0"}}, {"maxAge": 1, "name": "Mr. David  Foskett", "age": 48, "title": "President of Global Sales", "yearBorn": 1976, "fiscalYear": 2025, "exercisedValue": {"raw": 0, "fmt": null, "longFmt": "0"}, "unexercisedValue": {"raw": 0, "fmt": null, "longFmt": "0"}}], "auditRisk": 1, "boardRisk": 3, "compensationRisk": 1, "shareHolderRightsRisk": 2, "overallRisk": 1, "governanceEpochDate": 1761955200, "compensationAsOfEpochDate": 1767139200, "irWebsite": "http://www.investquest.com/iq/a/adp/", "executiveTeam": [], "maxAge": 86400}, "calendarEvents": {"maxAge": 1, "earnings": {"earningsDate": [{"raw": 1769607000, "fmt": "2026-01-28"}], "earningsCallDate": [{"raw": 1761741000, "fmt": "2025-10-29"}], "isEarningsDateEstimate": true, "earningsAverage": {"raw": 2.56647, "fmt": "2.57"}, "earningsLow": {"raw": 2.33611, "fmt": "2.34"}, "earningsHigh": {"raw": 2.64, "fmt": "2.64"}, "revenueAverage": {"raw": 5337479350, "fmt": "5.34B", "longFmt": "5,337,479,350"}, "revenueLow": {"raw": 5290500000, "fmt": "5.29B", "longFmt": "5,290,500,000"}, "revenueHigh": {"raw": 5384000000, "fmt": "5.38B", "longFmt": "5,384,000,000"}}, "exDividendDate": {"raw": 1757635200, "fmt": "2025-09-12"}, "dividendDate": {"raw": 1759276800, "fmt": "2025-10-01"}}, "earningsTrend": {"trend": [{"maxAge": 1, "period": "0q", "endDate": "2025-12-31", "growth": {"raw": 0.0921, "fmt": "9.21%"}, "earningsEstimate": {"avg": {"raw": 2.56647, "fmt": "2.57"}, "low": {"raw": 2.33611, "fmt": "2.34"}, "high": {"raw": 2.64, "fmt": "2.64"}, "yearAgoEps": {"raw": 2.35, "fmt": "2.35"}, "numberOfAnalysts": {"raw": 14, "fmt": "14", "longFmt": "14"}, "growth": {"raw": 0.0921, "fmt": "9.21%"}, "earningsCurrency": "USD"}, "revenueEstimate": {"avg": {"raw": 5337479350, "fmt": "5.34B", "longFmt": "5,337,479,350"}, "low": {"raw": 5290500000, "fmt": "5.29B", "longFmt": "5,290,500,000"}, "high": {"raw": 5384000000, "fmt": "5.38B", "longFmt": "5,384,000,000"}, "numberOfAnalysts": {"raw": 12, "fmt": "12", "longFmt": "12"}, "yearAgoRevenue": {"raw": 5048400000, "fmt": "5.05B", "longFmt": "5,048,400,000"}, "growth": {"raw": 0.0573, "fmt": "5.73%"}, "revenueCurrency": "USD"}, "epsTrend": {"current": {"raw": 2.56647, "fmt": "2.57"}, "7daysAgo": {"raw": 2.6041, "fmt": "2.6"}, "30daysAgo": {"raw": 2.59564, "fmt": "2.6"}, "60daysAgo": {"raw": 2.59564, "fmt": "2.6"}, "90daysAgo": {"raw": 2.60878, "fmt": "2.61"}, "epsTrendCurrency": "USD"}, "epsRevisions": {"upLast7days": {"raw": 0, "fmt": null, "longFmt": "0"}, "upLast30days": {"raw": 1, "fmt": "1", "longFmt": "1"}, "downLast30days": {"raw": 7, "fmt": "7", "longFmt": "7"}, "downLast7Days": {"raw": 8, "fmt": "8", "longFmt": "8"}, "downLast90days": {}, "epsRevisionsCurrency": "USD"}}, {"maxAge": 1, "period": "+1q", "endDate": "2026-03-31", "growth": {"raw": 0.0664, "fmt": "6.64%"}, "earningsEstimate": {"avg": {"raw": 3.26304, "fmt": "3.26"}, "low": {"raw": 2.9271, "fmt": "2.93"}, "high": {"raw": 3.37, "fmt": "3.37"}, "yearAgoEps": {"raw": 3.06, "fmt": "3.06"}, "numberOfAnalysts": {"raw": 14, "fmt": "14", "longFmt": "14"}, "growth": {"raw": 0.0664, "fmt": "6.64%"}, "earningsCurrency": "USD"}, "revenueEstimate": {"avg": {"raw": 5834412950, "fmt": "5.83B", "longFmt": "5,834,412,950"}, "low": {"raw": 5743342970, "fmt": "5.74B", "longFmt": "5,743,342,970"}, "high": {"raw": 5901000000, "fmt": "5.9B", "longFmt": "5,901,000,000"}, "numberOfAnalysts": {"raw": 12, "fmt": "12", "longFmt": "12"}, "yearAgoRevenue": {"raw": 5553000000, "fmt": "5.55B", "longFmt": "5,553,000,000"}, "growth": {"raw": 0.0507, "fmt": "5.07%"}, "revenueCurrency": "USD"}, "epsTrend": {"current": {"raw": 3.26304, "fmt": "3.26"}, "7daysAgo": {"raw": 3.25708, "fmt": "3.26"}, "30daysAgo": {"raw": 3.26708, "fmt": "3.27"}, "60daysAgo": {"raw": 3.26708, "fmt": "3.27"}, "90daysAgo": {"raw": 3.2821, "fmt": "3.28"}, "epsTrendCurrency": "USD"}, "epsRevisions": {"upLast7days": {"raw": 4, "fmt": "4", "longFmt": "4"}, "upLast30days": {"raw": 5, "fmt": "5", "longFmt": "5"}, "downLast30days": {"raw": 5, "fmt": "5", "longFmt": "5"}, "downLast7Days": {"raw": 5, "fmt": "5", "longFmt": "5"}, "downLast90days": {}, "epsRevisionsCurrency": "USD"}}, {"maxAge": 1, "period": "0y", "endDate": "2026-06-30", "growth": {"raw": 0.090299994, "fmt": "9.03%"}, "earningsEstimate": {"avg": {"raw": 10.91364, "fmt": "10.91"}, "low": {"raw": 10.67226, "fmt": "10.67"}, "high": {"raw": 11.0, "fmt": "11"}, "yearAgoEps": {"raw": 10.01, "fmt": "10.01"}, "numberOfAnalysts": {"raw": 16, "fmt": "16", "longFmt": "16"}, "growth": {"raw": 0.090299994, "fmt": "9.03%"}, "earningsCurrency": "USD"}, "revenueEstimate": {"avg": {"raw": 21755178640, "fmt": "21.76B", "longFmt": "21,755,178,640"}, "low": {"raw": 21672600000, "fmt": "21.67B", "longFmt": "21,672,600,000"}, "high": {"raw": 21884000000, "fmt": "21.88B", "longFmt": "21,884,000,000"}, "numberOfAnalysts": {"raw": 14, "fmt": "14", "longFmt": "14"}, "yearAgoRevenue": {"raw": 20560900000, "fmt": "20.56B", "longFmt": "20,560,900,000"}, "growth": {"raw": 0.0581, "fmt": "5.81%"}, "revenueCurrency": "USD"}, "epsTrend": {"current": {"raw": 10.91364, "fmt": "10.91"}, "7daysAgo": {"raw": 10.92386, "fmt": "10.92"}, "30daysAgo": {"raw": 10.92089, "fmt": "10.92"}, "60daysAgo": {"raw": 10.92089, "fmt": "10.92"}, "90daysAgo": {"raw": 10.92563, "fmt": "10.93"}, "epsTrendCurrency": "USD"}, "epsRevisions": {"upLast7days": {"raw": 8, "fmt": "8", "longFmt": "8"}, "upLast30days": {"raw": 8, "fmt": "8", "longFmt": "8"}, "downLast30days": {"raw": 5, "fmt": "5", "longFmt": "5"}, "downLast7Days": {"raw": 5, "fmt": "5", "longFmt": "5"}, "downLast90days": {}, "epsRevisionsCurrency": "USD"}}, {"maxAge": 1, "period": "+1y", "endDate": "2027-06-30", "growth": {"raw": 0.094399996, "fmt": "9.44%"}, "earningsEstimate": {"avg": {"raw": 11.94405, "fmt": "11.94"}, "low": {"raw": 11.39, "fmt": "11.39"}, "high": {"raw": 12.4, "fmt": "12.4"}, "yearAgoEps": {"raw": 10.91364, "fmt": "10.91"}, "numberOfAnalysts": {"raw": 16, "fmt": "16", "longFmt": "16"}, "growth": {"raw": 0.094399996, "fmt": "9.44%"}, "earningsCurrency": "USD"}, "revenueEstimate": {"avg": {"raw": 23014147680, "fmt": "23.01B", "longFmt": "23,014,147,680"}, "low": {"raw": 22880400000, "fmt": "22.88B", "longFmt": "22,880,400,000"}, "high": {"raw": 23216000000, "fmt": "23.22B", "longFmt": "23,216,000,000"}, "numberOfAnalysts": {"raw": 14, "fmt": "14", "longFmt": "14"}, "yearAgoRevenue": {"raw": 21755178640, "fmt": "21.76B", "longFmt": "21,755,178,640"}, "growth": {"raw": 0.0579, "fmt": "5.79%"}, "revenueCurrency": "USD"}, "epsTrend": {"current": {"raw": 11.94405, "fmt": "11.94"}, "7daysAgo": {"raw": 11.95249, "fmt": "11.95"}, "30daysAgo": {"raw": 11.98866, "fmt": "11.99"}, "60daysAgo": {"raw": 11.98866, "fmt": "11.99"}, "90daysAgo": {"raw": 11.91173, "fmt": "11.91"}, "epsTrendCurrency": "USD"}, "epsRevisions": {"upLast7days": {"raw": 4, "fmt": "4", "longFmt": "4"}, "upLast30days": {"raw": 4, "fmt": "4", "longFmt": "4"}, "downLast30days": {"raw": 7, "fmt": "7", "longFmt": "7"}, "downLast7Days": {"raw": 7, "fmt": "7", "longFmt": "7"}, "downLast90days": {}, "epsRevisionsCurrency": "USD"}}], "defaultMethodology": "nongaap", "maxAge": 1}, "earningsHistory": {"history": [{"maxAge": 1, "epsActual": {"raw": 2.35, "fmt": "2.35"}, "epsEstimate": {"raw": 2.29548, "fmt": "2.3"}, "epsDifference": {"raw": 0.05, "fmt": "0.05"}, "surprisePercent": {"raw": 0.0238, "fmt": "2.38%"}, "quarter": {"raw": 1735603200, "fmt": "2024-12-31"}, "currency": "USD", "period": "-4q"}, {"maxAge": 1, "epsActual": {"raw": 3.06, "fmt": "3.06"}, "epsEstimate": {"raw": 2.973, "fmt": "2.97"}, "epsDifference": {"raw": 0.09, "fmt": "0.09"}, "surprisePercent": {"raw": 0.0293, "fmt": "2.93%"}, "quarter": {"raw": 1743379200, "fmt": "2025-03-31"}, "currency": "USD", "period": "-3q"}, {"maxAge": 1, "epsActual": {"raw": 2.26, "fmt": "2.26"}, "epsEstimate": {"raw": 2.22652, "fmt": "2.23"}, "epsDifference": {"raw": 0.03, "fmt": "0.03"}, "surprisePercent": {"raw": 0.015, "fmt": "1.50%"}, "quarter": {"raw": 1751241600, "fmt": "2025-06-30"}, "currency": "USD", "period": "-2q"}, {"maxAge": 1, "epsActual": {"raw": 2.49, "fmt": "2.49"}, "epsEstimate": {"raw": 2.44263, "fmt": "2.44"}, "epsDifference": {"raw": 0.05, "fmt": "0.05"}, "surprisePercent": {"raw": 0.0194, "fmt": "1.94%"}, "quarter": {"raw": 1759190400, "fmt": "2025-09-30"}, "currency": "USD", "period": "-1q"}], "defaultMethodology": "nongaap", "maxAge": 86400}, "financialData": {"maxAge": 86400, "currentPrice": {"raw": 257.17, "fmt": "257.17"}, "targetHighPrice": {"raw": 332.0, "fmt": "332.00"}, "targetLowPrice": {"raw": 245.0, "fmt": "245.00"}, "targetMeanPrice": {"raw": 293.23077, "fmt": "293.23"}, "targetMedianPrice": {"raw": 300.0, "fmt": "300.00"}, "recommendationMean": {"raw": 2.9375, "fmt": "2.94"}, "recommendationKey": "hold", "numberOfAnalystOpinions": {"raw": 13, "fmt": "13", "longFmt": "13"}, "totalCash": {"raw": 7696699904, "fmt": "7.7B", "longFmt": "7,696,699,904"}, "totalCashPerShare": {"raw": 19.03, "fmt": "19.03"}, "ebitda": {"raw": 6093100032, "fmt": "6.09B", "longFmt": "6,093,100,032"}, "totalDebt": {"raw": 9874100224, "fmt": "9.87B", "longFmt": "9,874,100,224"}, "quickRatio": {"raw": 0.266, "fmt": "0.27"}, "currentRatio": {"raw": 1.054, "fmt": "1.05"}, "totalRevenue": {"raw": 20903399424, "fmt": "20.9B", "longFmt": "20,903,399,424"}, "debtToEquity": {"raw": 154.917, "fmt": "154.92%"}, "revenuePerShare": {"raw": 51.436, "fmt": "51.44"}, "returnOnAssets": {"raw": 0.06624, "fmt": "6.62%"}, "returnOnEquity": {"raw": 0.70572996, "fmt": "70.57%"}, "grossProfits": {"raw": 10097699840, "fmt": "10.1B", "longFmt": "10,097,699,840"}, "freeCashflow": {"raw": 4415287296, "fmt": "4.42B", "longFmt": "4,415,287,296"}, "operatingCashflow": {"raw": 4757600256, "fmt": "4.76B", "longFmt": "4,757,600,256"}, "earningsGrowth": {"raw": 0.064, "fmt": "6.40%"}, "revenueGrowth": {"raw": 0.071, "fmt": "7.10%"}, "grossMargins": {"raw": 0.48306, "fmt": "48.31%"}, "ebitdaMargins": {"raw": 0.29149, "fmt": "29.15%"}, "operatingMargins": {"raw": 0.25891, "fmt": "25.89%"}, "profitMargins": {"raw": 0.19788, "fmt": "19.79%"}, "financialCurrency": "USD"}}