{"assetProfile": {"address1": "1165 Eastlake Avenue East", "city": "Seattle", "state": "WA", "zip": "98109", "country": "United States", "phone": "206 659 0067", "fax": "206 659 0667", "website": "https://www.adaptivebiotech.com", "industry": "Biotechnology", "industryKey": "biotechnology", "industryDisp": "Biotechnology", "sector": "Healthcare", "sectorKey": "healthcare", "sectorDisp": "Healthcare", "longBusinessSummary": "Adaptive Biotechnologies Corporation, a commercial-stage company, develops an immune medicine platform for the diagnosis and treatment of various diseases. The company offers immunosequencing platform which combines a suite of proprietary chemistry, computational biology, and machine learning to generate clinical immunomics data to decode the adaptive immune system. It also provides clonoSEQ diagnostic test which detects and monitors the remaining number of cancer cells that are present in a patient's body during and after treatment, known as Minimal Residual Disease (MRD). The company offers products and services for life sciences research, clinical diagnostics, and drug discovery applications. It has strategic collaborations with Genentech, Inc. for the development, manufacture, and commercialization of neoantigen directed T cell therapies for the treatment of a range of cancers. The company was formerly known as Adaptive TCR Corporation and changed its name to Adaptive Biotechnologies Corporation in December 2011. Adaptive Biotechnologies Corporation was incorporated in 2009 and is headquartered in Seattle, Washington.", "fullTimeEmployees": 619, "companyOfficers": [{"maxAge": 1, "name": "Mr. Chad M. Robins M.B.A.", "age": 50, "title": "Co-Founder, CEO & Chairman", "yearBorn": 1974, "fiscalYear": 2024, "totalPay": {"raw": 1256988, "fmt": "1.26M", "longFmt": "1,256,988"}, "exercisedValue": {"raw": 0, "fmt": null, "longFmt": "0"}, "unexercisedValue": {"raw": 0, "fmt": null, "longFmt": "0"}}, {"maxAge": 1, "name": "Ms. Julie  Rubinstein", "age": 52, "title": "President & COO", "yearBorn": 1972, "fiscalYear": 2024, "totalPay": {"raw": 810553, "fmt": "810.55k", "longFmt": "810,553"}, "exercisedValue": {"raw": 0, "fmt": null, "longFmt": "0"}, "unexercisedValue": {"raw": 0, "fmt": null, "longFmt": "0"}}, {"maxAge": 1, "name": "Dr. Harlan S. Robins Ph.D.", "age": 51, "title": "Co-Founder & Chief Scientific Officer", "yearBorn": 1973, "fiscalYear": 2024, "totalPay": {"raw": 823973, "fmt": "823.97k", "longFmt": "823,973"}, "exercisedValue": {"raw": 0, "fmt": null, "longFmt": "0"}, "unexercisedValue": {"raw": 0, "fmt": null, "longFmt": "0"}}, {"maxAge": 1, "name": "Mr. Kyle  Piskel", "age": 40, "title": "VP, CFO & Principal Accounting Officer", "yearBorn": 1984, "fiscalYear": 2024, "totalPay": {"raw": 507159, "fmt": "507.16k", "longFmt": "507,159"}, "exercisedValue": {"raw": 0, "fmt": null, "longFmt": "0"}, "unexercisedValue": {"raw": 0, "fmt": null, "longFmt": "0"}}, {"maxAge": 1, "name": "Dr. Sharon  Benzeno Ph.D.", "age": 50, "title": "Chief Commercial Officer of Immune Medicine", "yearBorn": 1974, "fiscalYear": 2024, "totalPay": {"raw": 720401, "fmt": "720.4k", "longFmt": "720,401"}, "exercisedValue": {"raw": 0, "fmt": null, "longFmt": "0"}, "unexercisedValue": {"raw": 0, "fmt": null, "longFmt": "0"}}, {"maxAge": 1, "name": "Mr. Christopher  Carlson Ph.D.", "title": "Founder", "fiscalYear": 2024, "exercisedValue": {"raw": 0, "fmt": null, "longFmt": "0"}, "unexercisedValue": {"raw": 0, "fmt": null, "longFmt": "0"}}, {"maxAge": 1, "name": "Ms. Karina  Calzadilla", "title": "Vice President of Investor Relations", "fiscalYear": 2024, "exercisedValue": {"raw": 0, "fmt": null, "longFmt": "0"}, "unexercisedValue": {"raw": 0, "fmt": null, "longFmt": "0"}}, {"maxAge": 1, "name": "Ms. Clarice  McCauley", "title": "Interim General Counsel, Corporate Secretary, VP & Chief Compliance Officer", "fiscalYear": 2024, "exercisedValue": {"raw": 0, "fmt": null, "longFmt": "0"}, "unexercisedValue": {"raw": 0, "fmt": null, "longFmt": "0"}}, {"maxAge": 1, "name": "Mr. Francis T. Lo", "age": 43, "title": "Chief People Officer", "yearBorn": 1981, "fiscalYear": 2024, "exercisedValue": {"raw": 0, "fmt": null, "longFmt": "0"}, "unexercisedValue": {"raw": 0, "fmt": null, "longFmt": "0"}}, {"maxAge": 1, "name": "Ms. Susan  Bobulsky", "age": 43, "title": "Chief Commercial Officer of MRD", "yearBorn": 1981, "fiscalYear": 2024, "exercisedValue": {"raw": 0, "fmt": null, "longFmt": "0"}, "unexercisedValue": {"raw": 0, "fmt": null, "longFmt": "0"}}], "auditRisk": 4, "boardRisk": 8, "compensationRisk": 6, "shareHolderRightsRisk": 8, "overallRisk": 7, "governanceEpochDate": 1761955200, "compensationAsOfEpochDate": 1735603200, "executiveTeam": [], "maxAge": 86400}, "calendarEvents": {"maxAge": 1, "earnings": {"earningsDate": [{"raw": 1762376400, "fmt": "2025-11-05"}], "earningsCallDate": [{"raw": 1762378200, "fmt": "2025-11-05"}], "isEarningsDateEstimate": false, "earningsAverage": {"raw": -0.13857, "fmt": "-0.14"}, "earningsLow": {"raw": -0.22, "fmt": "-0.22"}, "earningsHigh": {"raw": 0.01, "fmt": "0.01"}, "revenueAverage": {"raw": 64647710, "fmt": "64.65M", "longFmt": "64,647,710"}, "revenueLow": {"raw": 54234000, "fmt": "54.23M", "longFmt": "54,234,000"}, "revenueHigh": {"raw": 86300000, "fmt": "86.3M", "longFmt": "86,300,000"}}, "exDividendDate": {}, "dividendDate": {}}, "earningsTrend": {"trend": [{"maxAge": 1, "period": "0q", "endDate": "2025-09-30", "growth": {"raw": 0.35880002, "fmt": "35.88%"}, "earningsEstimate": {"avg": {"raw": -0.13857, "fmt": "-0.14"}, "low": {"raw": -0.22, "fmt": "-0.22"}, "high": {"raw": 0.01, "fmt": "0.01"}, "yearAgoEps": {"raw": -0.2161, "fmt": "-0.22"}, "numberOfAnalysts": {"raw": 7, "fmt": "7", "longFmt": "7"}, "growth": {"raw": 0.35880002, "fmt": "35.88%"}, "earningsCurrency": "USD"}, "revenueEstimate": {"avg": {"raw": 64647710, "fmt": "64.65M", "longFmt": "64,647,710"}, "low": {"raw": 54234000, "fmt": "54.23M", "longFmt": "54,234,000"}, "high": {"raw": 86300000, "fmt": "86.3M", "longFmt": "86,300,000"}, "numberOfAnalysts": {"raw": 7, "fmt": "7", "longFmt": "7"}, "yearAgoRevenue": {"raw": 46435000, "fmt": "46.44M", "longFmt": "46,435,000"}, "growth": {"raw": 0.39220002, "fmt": "39.22%"}, "revenueCurrency": "USD"}, "epsTrend": {"current": {"raw": -0.13857, "fmt": "-0.14"}, "7daysAgo": {"raw": -0.16714, "fmt": "-0.17"}, "30daysAgo": {"raw": -0.18, "fmt": "-0.18"}, "60daysAgo": {"raw": -0.18, "fmt": "-0.18"}, "90daysAgo": {"raw": -0.208, "fmt": "-0.21"}, "epsTrendCurrency": "USD"}, "epsRevisions": {"upLast7days": {"raw": 1, "fmt": "1", "longFmt": "1"}, "upLast30days": {"raw": 2, "fmt": "2", "longFmt": "2"}, "downLast30days": {"raw": 0, "fmt": null, "longFmt": "0"}, "downLast7Days": {"raw": 0, "fmt": null, "longFmt": "0"}, "downLast90days": {}, "epsRevisionsCurrency": "USD"}}, {"maxAge": 1, "period": "+1q", "endDate": "2025-12-31", "growth": {"raw": 0.29700002, "fmt": "29.70%"}, "earningsEstimate": {"avg": {"raw": -0.16, "fmt": "-0.16"}, "low": {"raw": -0.21, "fmt": "-0.21"}, "high": {"raw": -0.1, "fmt": "-0.1"}, "yearAgoEps": {"raw": -0.2276, "fmt": "-0.23"}, "numberOfAnalysts": {"raw": 7, "fmt": "7", "longFmt": "7"}, "growth": {"raw": 0.29700002, "fmt": "29.70%"}, "earningsCurrency": "USD"}, "revenueEstimate": {"avg": {"raw": 64679430, "fmt": "64.68M", "longFmt": "64,679,430"}, "low": {"raw": 57600000, "fmt": "57.6M", "longFmt": "57,600,000"}, "high": {"raw": 75000000, "fmt": "75M", "longFmt": "75,000,000"}, "numberOfAnalysts": {"raw": 7, "fmt": "7", "longFmt": "7"}, "yearAgoRevenue": {"raw": 47459000, "fmt": "47.46M", "longFmt": "47,459,000"}, "growth": {"raw": 0.3628, "fmt": "36.28%"}, "revenueCurrency": "USD"}, "epsTrend": {"current": {"raw": -0.16, "fmt": "-0.16"}, "7daysAgo": {"raw": -0.15857, "fmt": "-0.16"}, "30daysAgo": {"raw": -0.17, "fmt": "-0.17"}, "60daysAgo": {"raw": -0.17, "fmt": "-0.17"}, "90daysAgo": {"raw": -0.19, "fmt": "-0.19"}, "epsTrendCurrency": "USD"}, "epsRevisions": {"upLast7days": {"raw": 0, "fmt": null, "longFmt": "0"}, "upLast30days": {"raw": 1, "fmt": "1", "longFmt": "1"}, "downLast30days": {"raw": 1, "fmt": "1", "longFmt": "1"}, "downLast7Days": {"raw": 1, "fmt": "1", "longFmt": "1"}, "downLast90days": {}, "epsRevisionsCurrency": "USD"}}, {"maxAge": 1, "period": "0y", "endDate": "2025-12-31", "growth": {"raw": 0.347, "fmt": "34.70%"}, "earningsEstimate": {"avg": {"raw": -0.66714, "fmt": "-0.67"}, "low": {"raw": -0.8, "fmt": "-0.8"}, "high": {"raw": -0.55, "fmt": "-0.55"}, "yearAgoEps": {"raw": -1.0216, "fmt": "-1.02"}, "numberOfAnalysts": {"raw": 7, "fmt": "7", "longFmt": "7"}, "growth": {"raw": 0.347, "fmt": "34.70%"}, "earningsCurrency": "USD"}, "revenueEstimate": {"avg": {"raw": 239372270, "fmt": "239.37M", "longFmt": "239,372,270"}, "low": {"raw": 224100000, "fmt": "224.1M", "longFmt": "224,100,000"}, "high": {"raw": 257700000, "fmt": "257.7M", "longFmt": "257,700,000"}, "numberOfAnalysts": {"raw": 8, "fmt": "8", "longFmt": "8"}, "yearAgoRevenue": {"raw": 178957000, "fmt": "178.96M", "longFmt": "178,957,000"}, "growth": {"raw": 0.3376, "fmt": "33.76%"}, "revenueCurrency": "USD"}, "epsTrend": {"current": {"raw": -0.66714, "fmt": "-0.67"}, "7daysAgo": {"raw": -0.69571, "fmt": "-0.7"}, "30daysAgo": {"raw": -0.72, "fmt": "-0.72"}, "60daysAgo": {"raw": -0.72, "fmt": "-0.72"}, "90daysAgo": {"raw": -0.84, "fmt": "-0.84"}, "epsTrendCurrency": "USD"}, "epsRevisions": {"upLast7days": {"raw": 1, "fmt": "1", "longFmt": "1"}, "upLast30days": {"raw": 2, "fmt": "2", "longFmt": "2"}, "downLast30days": {"raw": 0, "fmt": null, "longFmt": "0"}, "downLast7Days": {"raw": 0, "fmt": null, "longFmt": "0"}, "downLast90days": {}, "epsRevisionsCurrency": "USD"}}, {"maxAge": 1, "period": "+1y", "endDate": "2026-12-31", "growth": {"raw": 0.10560001, "fmt": "10.56%"}, "earningsEstimate": {"avg": {"raw": -0.59667, "fmt": "-0.6"}, "low": {"raw": -0.66, "fmt": "-0.66"}, "high": {"raw": -0.55, "fmt": "-0.55"}, "yearAgoEps": {"raw": -0.66714, "fmt": "-0.67"}, "numberOfAnalysts": {"raw": 6, "fmt": "6", "longFmt": "6"}, "growth": {"raw": 0.10560001, "fmt": "10.56%"}, "earningsCurrency": "USD"}, "revenueEstimate": {"avg": {"raw": 268862350, "fmt": "268.86M", "longFmt": "268,862,350"}, "low": {"raw": 252477000, "fmt": "252.48M", "longFmt": "252,477,000"}, "high": {"raw": 279000000, "fmt": "279M", "longFmt": "279,000,000"}, "numberOfAnalysts": {"raw": 8, "fmt": "8", "longFmt": "8"}, "yearAgoRevenue": {"raw": 239372270, "fmt": "239.37M", "longFmt": "239,372,270"}, "growth": {"raw": 0.1232, "fmt": "12.32%"}, "revenueCurrency": "USD"}, "epsTrend": {"current": {"raw": -0.59667, "fmt": "-0.6"}, "7daysAgo": {"raw": -0.6, "fmt": "-0.6"}, "30daysAgo": {"raw": -0.565, "fmt": "-0.56"}, "60daysAgo": {"raw": -0.565, "fmt": "-0.56"}, "90daysAgo": {"raw": -0.602, "fmt": "-0.6"}, "epsTrendCurrency": "USD"}, "epsRevisions": {"upLast7days": {"raw": 1, "fmt": "1", "longFmt": "1"}, "upLast30days": {"raw": 1, "fmt": "1", "longFmt": "1"}, "downLast30days": {"raw": 0, "fmt": null, "longFmt": "0"}, "downLast7Days": {"raw": 0, "fmt": null, "longFmt": "0"}, "downLast90days": {}, "epsRevisionsCurrency": "USD"}}], "defaultMethodology": "nongaap", "maxAge": 1}, "earningsHistory": {"history": [{"maxAge": 1, "epsActual": {"raw": -0.2161, "fmt": "-0.22"}, "epsEstimate": {"raw": -0.26958, "fmt": "-0.27"}, "epsDifference": {"raw": 0.05, "fmt": "0.05"}, "surprisePercent": {"raw": 0.1984, "fmt": "19.84%"}, "quarter": {"raw": 1727654400, "fmt": "2024-09-30"}, "currency": "USD", "period": "-4q"}, {"maxAge": 1, "epsActual": {"raw": -0.2276, "fmt": "-0.23"}, "epsEstimate": {"raw": -0.24, "fmt": "-0.24"}, "epsDifference": {"raw": 0.01, "fmt": "0.01"}, "surprisePercent": {"raw": 0.0517, "fmt": "5.17%"}, "quarter": {"raw": 1735603200, "fmt": "2024-12-31"}, "currency": "USD", "period": "-3q"}, {"maxAge": 1, "epsActual": {"raw": -0.2, "fmt": "-0.2"}, "epsEstimate": {"raw": -0.31, "fmt": "-0.31"}, "epsDifference": {"raw": 0.11, "fmt": "0.11"}, "surprisePercent": {"raw": 0.3548, "fmt": "35.48%"}, "quarter": {"raw": 1743379200, "fmt": "2025-03-31"}, "currency": "USD", "period": "-2q"}, {"maxAge": 1, "epsActual": {"raw": -0.17, "fmt": "-0.17"}, "epsEstimate": {"raw": -0.238, "fmt": "-0.24"}, "epsDifference": {"raw": 0.07, "fmt": "0.07"}, "surprisePercent": {"raw": 0.2857, "fmt": "28.57%"}, "quarter": {"raw": 1751241600, "fmt": "2025-06-30"}, "currency": "USD", "period": "-1q"}], "defaultMethodology": "nongaap", "maxAge": 86400}, "financialData": {"maxAge": 86400, "currentPrice": {"raw": 17.34, "fmt": "17.34"}, "targetHighPrice": {"raw": 20.0, "fmt": "20.00"}, "targetLowPrice": {"raw": 11.0, "fmt": "11.00"}, "targetMeanPrice": {"raw": 17.14286, "fmt": "17.14"}, "targetMedianPrice": {"raw": 18.0, "fmt": "18.00"}, "recommendationMean": {"raw": 1.5, "fmt": "1.50"}, "recommendationKey": "strong_buy", "numberOfAnalystOpinions": {"raw": 7, "fmt": "7", "longFmt": "7"}, "totalCash": {"raw": 197872992, "fmt": "197.87M", "longFmt": "197,872,992"}, "totalCashPerShare": {"raw": 1.299, "fmt": "1.3"}, "ebitda": {"raw": -102837000, "fmt": "-102.84M", "longFmt": "-102,837,000"}, "totalDebt": {"raw": 217935008, "fmt": "217.94M", "longFmt": "217,935,008"}, "quickRatio": {"raw": 2.642, "fmt": "2.64"}, "currentRatio": {"raw": 2.842, "fmt": "2.84"}, "totalRevenue": {"raw": 205216000, "fmt": "205.22M", "longFmt": "205,216,000"}, "debtToEquity": {"raw": 121.388, "fmt": "121.39%"}, "revenuePerShare": {"raw": 1.376, "fmt": "1.38"}, "returnOnAssets": {"raw": -0.13998, "fmt": "-14.00%"}, "returnOnEquity": {"raw": -0.57598996, "fmt": "-57.60%"}, "grossProfits": {"raw": 125706000, "fmt": "125.71M", "longFmt": "125,706,000"}, "freeCashflow": {"raw": -18756124, "fmt": "-18.76M", "longFmt": "-18,756,124"}, "operatingCashflow": {"raw": -80470000, "fmt": "-80.47M", "longFmt": "-80,470,000"}, "earningsGrowth": {}, "revenueGrowth": {"raw": 0.363, "fmt": "36.30%"}, "grossMargins": {"raw": 0.61255, "fmt": "61.26%"}, "ebitdaMargins": {"raw": -0.50112, "fmt": "-50.11%"}, "operatingMargins": {"raw": -0.42521, "fmt": "-42.52%"}, "profitMargins": {"raw": -0.59074, "fmt": "-59.07%"}, "financialCurrency": "USD"}}