{"assetProfile": {"address1": "10 Earlsfort Terrace", "city": "Dublin", "zip": "D02 T380", "country": "Ireland", "phone": "353 1 920 1000", "website": "https://www.ads-tec-energy.com", "industry": "Electrical Equipment & Parts", "industryKey": "electrical-equipment-parts", "industryDisp": "Electrical Equipment & Parts", "sector": "Industrials", "sectorKey": "industrials", "sectorDisp": "Industrials", "longBusinessSummary": "ADS-TEC Energy PLC engages in the provision of intelligent and decentralized energy storage systems in Europe and North America. Its portfolio of ecosystem platforms provides DC-based ultra-fast chargers for Electric Vehicles (EVs) on power limited grids; and energy storage and management solutions for commercial and industrial applications. The company offers ChargeBox, which contains the battery and power inverters; ChargePost, a semi-mobile ultra-high-power charger; and ChargeTrailer, a mobile high power charging system in the form of a standard truck trailer, that has various integrated inverters, air-conditioners, an energy management unit, and a security firewall, as well as a communication unit through mobile radio and DC-charging technology. It also provides PowerBooster, a battery energy system with an integrated inverter, security, and communication unit, that boosts capacity for the charging process; Container-Systems, a custom battery system for large-scale applications as 20- or 40-foot container solutions; and Storage Rack Systems, that offers power and storage capacities, as well as digital services. Its products are used in private homes, public buildings, commercial enterprises, industrial and infrastructure solutions, and self-sufficient energy supply systems. ADS-TEC Energy PLC was founded in 2008 and is based in Dublin, Ireland.", "fullTimeEmployees": 302, "companyOfficers": [{"maxAge": 1, "name": "Mr. Thomas Gerhart Speidel", "age": 56, "title": "Founder, CEO & Director", "yearBorn": 1968, "exercisedValue": {"raw": 0, "fmt": null, "longFmt": "0"}, "unexercisedValue": {"raw": 0, "fmt": null, "longFmt": "0"}}, {"maxAge": 1, "name": "Mr. Torsten  Klee", "age": 61, "title": "Chief Financial Officer", "yearBorn": 1963, "exercisedValue": {"raw": 0, "fmt": null, "longFmt": "0"}, "unexercisedValue": {"raw": 0, "fmt": null, "longFmt": "0"}}, {"maxAge": 1, "name": "Mr. Michael  Rudloff", "age": 63, "title": "Chief Operations Officer", "yearBorn": 1961, "exercisedValue": {"raw": 0, "fmt": null, "longFmt": "0"}, "unexercisedValue": {"raw": 0, "fmt": null, "longFmt": "0"}}, {"maxAge": 1, "name": "Mr. Hakan  Konyar", "age": 54, "title": "Chief Production Officer", "yearBorn": 1970, "exercisedValue": {"raw": 0, "fmt": null, "longFmt": "0"}, "unexercisedValue": {"raw": 0, "fmt": null, "longFmt": "0"}}, {"maxAge": 1, "name": "Mr. Sebastian  Schypulla", "age": 37, "title": "Chief Purchase & Logistics Officer", "yearBorn": 1987, "exercisedValue": {"raw": 0, "fmt": null, "longFmt": "0"}, "unexercisedValue": {"raw": 0, "fmt": null, "longFmt": "0"}}, {"maxAge": 1, "name": "Mr. Renato  Gross", "title": "Senior Vice President", "exercisedValue": {"raw": 0, "fmt": null, "longFmt": "0"}, "unexercisedValue": {"raw": 0, "fmt": null, "longFmt": "0"}}], "executiveTeam": [], "maxAge": 86400}, "calendarEvents": {"maxAge": 1, "earnings": {"earningsDate": [], "earningsCallDate": [], "earningsAverage": {}, "earningsLow": {}, "earningsHigh": {}, "revenueAverage": {}, "revenueLow": {}, "revenueHigh": {}}, "exDividendDate": {}, "dividendDate": {}}, "earningsTrend": {"trend": [{"maxAge": 1, "period": "0q", "endDate": null, "growth": {}, "earningsEstimate": {"avg": {}, "low": {}, "high": {}, "yearAgoEps": {}, "numberOfAnalysts": {}, "growth": {}, "earningsCurrency": null}, "revenueEstimate": {"avg": {"raw": 0, "fmt": null, "longFmt": "0"}, "low": {"raw": 0, "fmt": null, "longFmt": "0"}, "high": {"raw": 0, "fmt": null, "longFmt": "0"}, "numberOfAnalysts": {"raw": 0, "fmt": null, "longFmt": "0"}, "yearAgoRevenue": {}, "growth": {}, "revenueCurrency": null}, "epsTrend": {"current": {}, "7daysAgo": {}, "30daysAgo": {}, "60daysAgo": {}, "90daysAgo": {}, "epsTrendCurrency": null}, "epsRevisions": {"upLast7days": {}, "upLast30days": {}, "downLast30days": {}, "downLast7Days": {}, "downLast90days": {}, "epsRevisionsCurrency": null}}, {"maxAge": 1, "period": "+1q", "endDate": null, "growth": {}, "earningsEstimate": {"avg": {}, "low": {}, "high": {}, "yearAgoEps": {}, "numberOfAnalysts": {}, "growth": {}, "earningsCurrency": null}, "revenueEstimate": {"avg": {"raw": 0, "fmt": null, "longFmt": "0"}, "low": {"raw": 0, "fmt": null, "longFmt": "0"}, "high": {"raw": 0, "fmt": null, "longFmt": "0"}, "numberOfAnalysts": {"raw": 0, "fmt": null, "longFmt": "0"}, "yearAgoRevenue": {}, "growth": {}, "revenueCurrency": null}, "epsTrend": {"current": {}, "7daysAgo": {}, "30daysAgo": {}, "60daysAgo": {}, "90daysAgo": {}, "epsTrendCurrency": null}, "epsRevisions": {"upLast7days": {}, "upLast30days": {}, "downLast30days": {}, "downLast7Days": {}, "downLast90days": {}, "epsRevisionsCurrency": null}}, {"maxAge": 1, "period": "0y", "endDate": "2025-12-31", "growth": {}, "earningsEstimate": {"avg": {}, "low": {}, "high": {}, "yearAgoEps": {}, "numberOfAnalysts": {}, "growth": {}, "earningsCurrency": null}, "revenueEstimate": {"avg": {"raw": 310900000, "fmt": "310.9M", "longFmt": "310,900,000"}, "low": {"raw": 310900000, "fmt": "310.9M", "longFmt": "310,900,000"}, "high": {"raw": 310900000, "fmt": "310.9M", "longFmt": "310,900,000"}, "numberOfAnalysts": {"raw": 1, "fmt": "1", "longFmt": "1"}, "yearAgoRevenue": {"raw": 110013000, "fmt": "110.01M", "longFmt": "110,013,000"}, "growth": {"raw": 1.8260001, "fmt": "182.60%"}, "revenueCurrency": "EUR"}, "epsTrend": {"current": {}, "7daysAgo": {}, "30daysAgo": {}, "60daysAgo": {}, "90daysAgo": {}, "epsTrendCurrency": null}, "epsRevisions": {"upLast7days": {}, "upLast30days": {}, "downLast30days": {}, "downLast7Days": {}, "downLast90days": {}, "epsRevisionsCurrency": null}}, {"maxAge": 1, "period": "+1y", "endDate": "2026-12-31", "growth": {}, "earningsEstimate": {"avg": {}, "low": {}, "high": {}, "yearAgoEps": {}, "numberOfAnalysts": {}, "growth": {}, "earningsCurrency": null}, "revenueEstimate": {"avg": {"raw": 443700000, "fmt": "443.7M", "longFmt": "443,700,000"}, "low": {"raw": 443700000, "fmt": "443.7M", "longFmt": "443,700,000"}, "high": {"raw": 443700000, "fmt": "443.7M", "longFmt": "443,700,000"}, "numberOfAnalysts": {"raw": 1, "fmt": "1", "longFmt": "1"}, "yearAgoRevenue": {"raw": 310900000, "fmt": "310.9M", "longFmt": "310,900,000"}, "growth": {"raw": 0.4271, "fmt": "42.71%"}, "revenueCurrency": "EUR"}, "epsTrend": {"current": {}, "7daysAgo": {}, "30daysAgo": {}, "60daysAgo": {}, "90daysAgo": {}, "epsTrendCurrency": null}, "epsRevisions": {"upLast7days": {}, "upLast30days": {}, "downLast30days": {}, "downLast7Days": {}, "downLast90days": {}, "epsRevisionsCurrency": null}}], "defaultMethodology": "nongaap", "maxAge": 1}, "earningsHistory": {"history": [], "defaultMethodology": "nongaap", "maxAge": 86400}, "financialData": {"maxAge": 86400, "currentPrice": {"raw": 0.8202, "fmt": "0.82"}, "targetHighPrice": {}, "targetLowPrice": {}, "targetMeanPrice": {}, "targetMedianPrice": {}, "recommendationMean": {}, "recommendationKey": "none", "numberOfAnalystOpinions": {}, "totalCash": {"raw": 37869000, "fmt": "37.87M", "longFmt": "37,869,000"}, "totalCashPerShare": {"raw": 0.678, "fmt": "0.68"}, "ebitda": {"raw": -28201000, "fmt": "-28.2M", "longFmt": "-28,201,000"}, "totalDebt": {"raw": 36871000, "fmt": "36.87M", "longFmt": "36,871,000"}, "quickRatio": {"raw": 0.886, "fmt": "0.89"}, "currentRatio": {"raw": 1.894, "fmt": "1.89"}, "totalRevenue": {"raw": 45364000, "fmt": "45.36M", "longFmt": "45,364,000"}, "debtToEquity": {}, "revenuePerShare": {"raw": 0.853, "fmt": "0.85"}, "returnOnAssets": {"raw": -0.15991999, "fmt": "-15.99%"}, "returnOnEquity": {}, "grossProfits": {"raw": -2908000, "fmt": "-2.91M", "longFmt": "-2,908,000"}, "freeCashflow": {"raw": -29704124, "fmt": "-29.7M", "longFmt": "-29,704,124"}, "operatingCashflow": {"raw": -42244000, "fmt": "-42.24M", "longFmt": "-42,244,000"}, "earningsGrowth": {}, "revenueGrowth": {"raw": -0.816, "fmt": "-81.60%"}, "grossMargins": {"raw": -0.0641, "fmt": "-6.41%"}, "ebitdaMargins": {"raw": -0.62166, "fmt": "-62.17%"}, "operatingMargins": {"raw": -2.05392, "fmt": "-205.39%"}, "profitMargins": {"raw": -1.4894, "fmt": "-148.94%"}, "financialCurrency": "EUR"}}