{"assetProfile": {"address1": "One Market Street", "address2": "Suite 400", "city": "San Francisco", "state": "CA", "zip": "94105", "country": "United States", "phone": "415 507 5000", "website": "https://www.autodesk.com", "industry": "Software - Application", "industryKey": "software-application", "industryDisp": "Software - Application", "sector": "Technology", "sectorKey": "technology", "sectorDisp": "Technology", "longBusinessSummary": "Autodesk, Inc. provides 3D design, engineering, and entertainment technology solutions worldwide. It offers AutoCAD Civil 3D, a surveying, design, analysis, and documentation solution; Autodesk Build, a toolset for managing, sharing, and accessing project documents for streamlined workflows between the office, trailer, and jobsite; Revit, a software built for building information modeling to help professionals design, build, and maintain energy-efficient buildings; Autodesk BIM Collaborate Pro, cloud-based design collaboration and design management software; BuildingConnected, a SaaS preconstruction solution; and Tandem, a cloud-based platform that transforms the built asset lifecycle. The company also provides AutoCAD software, a customizable and extensible CAD application for professional design, drafting, detailing, and visualization; AutoCAD LT, a drafting and detailing software; Fusion, a 3D CAD, computer-aided manufacturing, and computer-aided engineering tool; Inventor, a software solution that offers a set of tools for 3D mechanical design, simulation, analysis, tooling, visualization, and documentation; product design and manufacturing collection tools; and Vault, a data management software for managing data in one central location, accelerate design processes, and streamline internal/external collaboration. It offers Flow Production Tracking, a cloud-based production management software; Maya software that offers 3D modeling, animation, effects, rendering, and compositing solutions for film and video artists, game developers, and design visualization professionals; Media and Entertainment Collection that offers end-to-end creative tools for entertainment creation; and 3ds Max software, which provides 3D modeling, animation, and rendering solutions. The company sells its products and services through a network of resellers and distributors. The company has a strategic alliance with Eaton Corporation plc for the development of AI-Powered Digital Energy Twin and Software Tools. Autodesk, Inc. was incorporated in 1982 and is headquartered in San Francisco, California.", "fullTimeEmployees": 15300, "companyOfficers": [{"maxAge": 1, "name": "Dr. Andrew  Anagnost Ph.D.", "age": 59, "title": "President, CEO & Director", "yearBorn": 1965, "fiscalYear": 2025, "totalPay": {"raw": 2708347, "fmt": "2.71M", "longFmt": "2,708,347"}, "exercisedValue": {"raw": 0, "fmt": null, "longFmt": "0"}, "unexercisedValue": {"raw": 0, "fmt": null, "longFmt": "0"}}, {"maxAge": 1, "name": "Mr. Janesh  Moorjani", "age": 51, "title": "Executive VP & Chief Financial Officer", "yearBorn": 1973, "fiscalYear": 2025, "totalPay": {"raw": 638340, "fmt": "638.34k", "longFmt": "638,340"}, "exercisedValue": {"raw": 0, "fmt": null, "longFmt": "0"}, "unexercisedValue": {"raw": 0, "fmt": null, "longFmt": "0"}}, {"maxAge": 1, "name": "Mr. Steven M. Blum", "age": 58, "title": "Executive VP & COO", "yearBorn": 1966, "fiscalYear": 2025, "totalPay": {"raw": 1443021, "fmt": "1.44M", "longFmt": "1,443,021"}, "exercisedValue": {"raw": 0, "fmt": null, "longFmt": "0"}, "unexercisedValue": {"raw": 0, "fmt": null, "longFmt": "0"}}, {"maxAge": 1, "name": "Ms. Ruth Ann Keene J.D.", "age": 55, "title": "Executive VP, Corporate Affairs, Chief Legal Officer & Corporate Secretary", "yearBorn": 1969, "fiscalYear": 2025, "totalPay": {"raw": 1093461, "fmt": "1.09M", "longFmt": "1,093,461"}, "exercisedValue": {"raw": 0, "fmt": null, "longFmt": "0"}, "unexercisedValue": {"raw": 0, "fmt": null, "longFmt": "0"}}, {"maxAge": 1, "name": "Ms. Rebecca  Pearce", "age": 46, "title": "Executive VP & Chief People Officer", "yearBorn": 1978, "fiscalYear": 2025, "totalPay": {"raw": 1014293, "fmt": "1.01M", "longFmt": "1,014,293"}, "exercisedValue": {"raw": 0, "fmt": null, "longFmt": "0"}, "unexercisedValue": {"raw": 0, "fmt": null, "longFmt": "0"}}, {"maxAge": 1, "name": "Ms. Deborah L. Clifford", "age": 50, "title": "Executive VP & Chief Strategy Officer", "yearBorn": 1974, "fiscalYear": 2025, "totalPay": {"raw": 1236226, "fmt": "1.24M", "longFmt": "1,236,226"}, "exercisedValue": {"raw": 0, "fmt": null, "longFmt": "0"}, "unexercisedValue": {"raw": 0, "fmt": null, "longFmt": "0"}}, {"maxAge": 1, "name": "Dan  Drake", "title": "Founder", "fiscalYear": 2025, "exercisedValue": {"raw": 0, "fmt": null, "longFmt": "0"}, "unexercisedValue": {"raw": 0, "fmt": null, "longFmt": "0"}}, {"maxAge": 1, "name": "Greg  Lutz", "title": "Founder", "fiscalYear": 2025, "exercisedValue": {"raw": 0, "fmt": null, "longFmt": "0"}, "unexercisedValue": {"raw": 0, "fmt": null, "longFmt": "0"}}, {"maxAge": 1, "name": "Ms. Venmal  Arasu", "age": 54, "title": "Executive VP & CTO", "yearBorn": 1970, "fiscalYear": 2025, "exercisedValue": {"raw": 0, "fmt": null, "longFmt": "0"}, "unexercisedValue": {"raw": 0, "fmt": null, "longFmt": "0"}}, {"maxAge": 1, "name": "Mr. Carl  White", "title": "Senior VP Global Revenue Operations & CIO", "fiscalYear": 2025, "exercisedValue": {"raw": 0, "fmt": null, "longFmt": "0"}, "unexercisedValue": {"raw": 0, "fmt": null, "longFmt": "0"}}], "auditRisk": 5, "boardRisk": 3, "compensationRisk": 8, "shareHolderRightsRisk": 2, "overallRisk": 3, "governanceEpochDate": 1761955200, "compensationAsOfEpochDate": 1767139200, "irWebsite": "http://investors.autodesk.com/phoenix.zhtml?c=117861&p=irol-irhome", "executiveTeam": [], "maxAge": 86400}, "calendarEvents": {"maxAge": 1, "earnings": {"earningsDate": [{"raw": 1764104400, "fmt": "2025-11-25"}], "earningsCallDate": [{"raw": 1756414800, "fmt": "2025-08-28"}], "isEarningsDateEstimate": true, "earningsAverage": {"raw": 2.49606, "fmt": "2.50"}, "earningsLow": {"raw": 2.47521, "fmt": "2.48"}, "earningsHigh": {"raw": 2.56781, "fmt": "2.57"}, "revenueAverage": {"raw": 1806246640, "fmt": "1.81B", "longFmt": "1,806,246,640"}, "revenueLow": {"raw": 1800000000, "fmt": "1.8B", "longFmt": "1,800,000,000"}, "revenueHigh": {"raw": 1817947660, "fmt": "1.82B", "longFmt": "1,817,947,660"}}, "exDividendDate": {"raw": 1111449600, "fmt": "2005-03-22"}, "dividendDate": {}}, "earningsTrend": {"trend": [{"maxAge": 1, "period": "0q", "endDate": "2025-10-31", "growth": {"raw": 0.1503, "fmt": "15.03%"}, "earningsEstimate": {"avg": {"raw": 2.49606, "fmt": "2.5"}, "low": {"raw": 2.47521, "fmt": "2.48"}, "high": {"raw": 2.56781, "fmt": "2.57"}, "yearAgoEps": {"raw": 2.17, "fmt": "2.17"}, "numberOfAnalysts": {"raw": 25, "fmt": "25", "longFmt": "25"}, "growth": {"raw": 0.1503, "fmt": "15.03%"}, "earningsCurrency": "USD"}, "revenueEstimate": {"avg": {"raw": 1806246640, "fmt": "1.81B", "longFmt": "1,806,246,640"}, "low": {"raw": 1800000000, "fmt": "1.8B", "longFmt": "1,800,000,000"}, "high": {"raw": 1817947660, "fmt": "1.82B", "longFmt": "1,817,947,660"}, "numberOfAnalysts": {"raw": 23, "fmt": "23", "longFmt": "23"}, "yearAgoRevenue": {"raw": 1570000000, "fmt": "1.57B", "longFmt": "1,570,000,000"}, "growth": {"raw": 0.1505, "fmt": "15.05%"}, "revenueCurrency": "USD"}, "epsTrend": {"current": {"raw": 2.49606, "fmt": "2.5"}, "7daysAgo": {"raw": 2.49606, "fmt": "2.5"}, "30daysAgo": {"raw": 2.49606, "fmt": "2.5"}, "60daysAgo": {"raw": 2.39828, "fmt": "2.4"}, "90daysAgo": {"raw": 2.3982, "fmt": "2.4"}, "epsTrendCurrency": "USD"}, "epsRevisions": {"upLast7days": {"raw": 25, "fmt": "25", "longFmt": "25"}, "upLast30days": {"raw": 24, "fmt": "24", "longFmt": "24"}, "downLast30days": {"raw": 0, "fmt": null, "longFmt": "0"}, "downLast7Days": {"raw": 0, "fmt": null, "longFmt": "0"}, "downLast90days": {}, "epsRevisionsCurrency": "USD"}}, {"maxAge": 1, "period": "+1q", "endDate": "2026-01-31", "growth": {"raw": 0.1029, "fmt": "10.29%"}, "earningsEstimate": {"avg": {"raw": 2.52565, "fmt": "2.53"}, "low": {"raw": 2.468, "fmt": "2.47"}, "high": {"raw": 2.60936, "fmt": "2.61"}, "yearAgoEps": {"raw": 2.29, "fmt": "2.29"}, "numberOfAnalysts": {"raw": 25, "fmt": "25", "longFmt": "25"}, "growth": {"raw": 0.1029, "fmt": "10.29%"}, "earningsCurrency": "USD"}, "revenueEstimate": {"avg": {"raw": 1857262330, "fmt": "1.86B", "longFmt": "1,857,262,330"}, "low": {"raw": 1848400000, "fmt": "1.85B", "longFmt": "1,848,400,000"}, "high": {"raw": 1900000000, "fmt": "1.9B", "longFmt": "1,900,000,000"}, "numberOfAnalysts": {"raw": 23, "fmt": "23", "longFmt": "23"}, "yearAgoRevenue": {"raw": 1639000000, "fmt": "1.64B", "longFmt": "1,639,000,000"}, "growth": {"raw": 0.13319999, "fmt": "13.32%"}, "revenueCurrency": "USD"}, "epsTrend": {"current": {"raw": 2.52565, "fmt": "2.53"}, "7daysAgo": {"raw": 2.52565, "fmt": "2.53"}, "30daysAgo": {"raw": 2.52565, "fmt": "2.53"}, "60daysAgo": {"raw": 2.51493, "fmt": "2.51"}, "90daysAgo": {"raw": 2.51471, "fmt": "2.51"}, "epsTrendCurrency": "USD"}, "epsRevisions": {"upLast7days": {"raw": 14, "fmt": "14", "longFmt": "14"}, "upLast30days": {"raw": 13, "fmt": "13", "longFmt": "13"}, "downLast30days": {"raw": 9, "fmt": "9", "longFmt": "9"}, "downLast7Days": {"raw": 9, "fmt": "9", "longFmt": "9"}, "downLast90days": {}, "epsRevisionsCurrency": "USD"}}, {"maxAge": 1, "period": "0y", "endDate": "2026-01-31", "growth": {"raw": 0.1741, "fmt": "17.41%"}, "earningsEstimate": {"avg": {"raw": 9.94497, "fmt": "9.94"}, "low": {"raw": 9.86, "fmt": "9.86"}, "high": {"raw": 10.33465, "fmt": "10.33"}, "yearAgoEps": {"raw": 8.47, "fmt": "8.47"}, "numberOfAnalysts": {"raw": 28, "fmt": "28", "longFmt": "28"}, "growth": {"raw": 0.1741, "fmt": "17.41%"}, "earningsCurrency": "USD"}, "revenueEstimate": {"avg": {"raw": 7066186210, "fmt": "7.07B", "longFmt": "7,066,186,210"}, "low": {"raw": 7048900000, "fmt": "7.05B", "longFmt": "7,048,900,000"}, "high": {"raw": 7228226470, "fmt": "7.23B", "longFmt": "7,228,226,470"}, "numberOfAnalysts": {"raw": 26, "fmt": "26", "longFmt": "26"}, "yearAgoRevenue": {"raw": 6131000000, "fmt": "6.13B", "longFmt": "6,131,000,000"}, "growth": {"raw": 0.1525, "fmt": "15.25%"}, "revenueCurrency": "USD"}, "epsTrend": {"current": {"raw": 9.94497, "fmt": "9.94"}, "7daysAgo": {"raw": 9.94509, "fmt": "9.95"}, "30daysAgo": {"raw": 9.94423, "fmt": "9.94"}, "60daysAgo": {"raw": 9.64365, "fmt": "9.64"}, "90daysAgo": {"raw": 9.65318, "fmt": "9.65"}, "epsTrendCurrency": "USD"}, "epsRevisions": {"upLast7days": {"raw": 0, "fmt": null, "longFmt": "0"}, "upLast30days": {"raw": 1, "fmt": "1", "longFmt": "1"}, "downLast30days": {"raw": 2, "fmt": "2", "longFmt": "2"}, "downLast7Days": {"raw": 2, "fmt": "2", "longFmt": "2"}, "downLast90days": {}, "epsRevisionsCurrency": "USD"}}, {"maxAge": 1, "period": "+1y", "endDate": "2027-01-31", "growth": {"raw": 0.1416, "fmt": "14.16%"}, "earningsEstimate": {"avg": {"raw": 11.35354, "fmt": "11.35"}, "low": {"raw": 10.77, "fmt": "10.77"}, "high": {"raw": 12.10992, "fmt": "12.11"}, "yearAgoEps": {"raw": 9.94497, "fmt": "9.94"}, "numberOfAnalysts": {"raw": 29, "fmt": "29", "longFmt": "29"}, "growth": {"raw": 0.1416, "fmt": "14.16%"}, "earningsCurrency": "USD"}, "revenueEstimate": {"avg": {"raw": 7867579380, "fmt": "7.87B", "longFmt": "7,867,579,380"}, "low": {"raw": 7700000000, "fmt": "7.7B", "longFmt": "7,700,000,000"}, "high": {"raw": 8273112789, "fmt": "8.27B", "longFmt": "8,273,112,789"}, "numberOfAnalysts": {"raw": 28, "fmt": "28", "longFmt": "28"}, "yearAgoRevenue": {"raw": 7066186210, "fmt": "7.07B", "longFmt": "7,066,186,210"}, "growth": {"raw": 0.113400005, "fmt": "11.34%"}, "revenueCurrency": "USD"}, "epsTrend": {"current": {"raw": 11.35354, "fmt": "11.35"}, "7daysAgo": {"raw": 11.32859, "fmt": "11.33"}, "30daysAgo": {"raw": 11.32651, "fmt": "11.33"}, "60daysAgo": {"raw": 11.10374, "fmt": "11.1"}, "90daysAgo": {"raw": 11.08835, "fmt": "11.09"}, "epsTrendCurrency": "USD"}, "epsRevisions": {"upLast7days": {"raw": 2, "fmt": "2", "longFmt": "2"}, "upLast30days": {"raw": 3, "fmt": "3", "longFmt": "3"}, "downLast30days": {"raw": 1, "fmt": "1", "longFmt": "1"}, "downLast7Days": {"raw": 0, "fmt": null, "longFmt": "0"}, "downLast90days": {}, "epsRevisionsCurrency": "USD"}}], "defaultMethodology": "nongaap", "maxAge": 1}, "earningsHistory": {"history": [{"maxAge": 1, "epsActual": {"raw": 2.17, "fmt": "2.17"}, "epsEstimate": {"raw": 2.11867, "fmt": "2.12"}, "epsDifference": {"raw": 0.05, "fmt": "0.05"}, "surprisePercent": {"raw": 0.0242, "fmt": "2.42%"}, "quarter": {"raw": 1730332800, "fmt": "2024-10-31"}, "currency": "USD", "period": "-4q"}, {"maxAge": 1, "epsActual": {"raw": 2.29, "fmt": "2.29"}, "epsEstimate": {"raw": 2.13993, "fmt": "2.14"}, "epsDifference": {"raw": 0.15, "fmt": "0.15"}, "surprisePercent": {"raw": 0.0701, "fmt": "7.01%"}, "quarter": {"raw": 1738281600, "fmt": "2025-01-31"}, "currency": "USD", "period": "-3q"}, {"maxAge": 1, "epsActual": {"raw": 2.29, "fmt": "2.29"}, "epsEstimate": {"raw": 2.1468, "fmt": "2.15"}, "epsDifference": {"raw": 0.14, "fmt": "0.14"}, "surprisePercent": {"raw": 0.066700004, "fmt": "6.67%"}, "quarter": {"raw": 1745971200, "fmt": "2025-04-30"}, "currency": "USD", "period": "-2q"}, {"maxAge": 1, "epsActual": {"raw": 2.62, "fmt": "2.62"}, "epsEstimate": {"raw": 2.44838, "fmt": "2.45"}, "epsDifference": {"raw": 0.17, "fmt": "0.17"}, "surprisePercent": {"raw": 0.0701, "fmt": "7.01%"}, "quarter": {"raw": 1753920000, "fmt": "2025-07-31"}, "currency": "USD", "period": "-1q"}], "defaultMethodology": "nongaap", "maxAge": 86400}, "financialData": {"maxAge": 86400, "currentPrice": {"raw": 303.64, "fmt": "303.64"}, "targetHighPrice": {"raw": 430.0, "fmt": "430.00"}, "targetLowPrice": {"raw": 300.0, "fmt": "300.00"}, "targetMeanPrice": {"raw": 363.7143, "fmt": "363.71"}, "targetMedianPrice": {"raw": 371.5, "fmt": "371.50"}, "recommendationMean": {"raw": 1.6, "fmt": "1.60"}, "recommendationKey": "buy", "numberOfAnalystOpinions": {"raw": 28, "fmt": "28", "longFmt": "28"}, "totalCash": {"raw": 2236000000, "fmt": "2.24B", "longFmt": "2,236,000,000"}, "totalCashPerShare": {"raw": 10.498, "fmt": "10.5"}, "ebitda": {"raw": 1648999936, "fmt": "1.65B", "longFmt": "1,648,999,936"}, "totalDebt": {"raw": 2734000128, "fmt": "2.73B", "longFmt": "2,734,000,128"}, "quickRatio": {"raw": 0.606, "fmt": "0.61"}, "currentRatio": {"raw": 0.764, "fmt": "0.76"}, "totalRevenue": {"raw": 6605000192, "fmt": "6.61B", "longFmt": "6,605,000,192"}, "debtToEquity": {"raw": 100.7, "fmt": "100.70%"}, "revenuePerShare": {"raw": 30.793, "fmt": "30.79"}, "returnOnAssets": {"raw": 0.09272, "fmt": "9.27%"}, "returnOnEquity": {"raw": 0.402, "fmt": "40.20%"}, "grossProfits": {"raw": 6079000064, "fmt": "6.08B", "longFmt": "6,079,000,064"}, "freeCashflow": {"raw": 2376999936, "fmt": "2.38B", "longFmt": "2,376,999,936"}, "operatingCashflow": {"raw": 1924999936, "fmt": "1.92B", "longFmt": "1,924,999,936"}, "earningsGrowth": {"raw": 0.123, "fmt": "12.30%"}, "revenueGrowth": {"raw": 0.171, "fmt": "17.10%"}, "grossMargins": {"raw": 0.92036, "fmt": "92.04%"}, "ebitdaMargins": {"raw": 0.24966, "fmt": "24.97%"}, "operatingMargins": {"raw": 0.25865, "fmt": "25.87%"}, "profitMargins": {"raw": 0.15791, "fmt": "15.79%"}, "financialCurrency": "USD"}}