{"assetProfile": {"address1": "901 Explorer Boulevard", "city": "Huntsville", "state": "AL", "zip": "35806-2807", "country": "United States", "phone": "256 963 8000", "website": "https://www.adtran.com", "industry": "Communication Equipment", "industryKey": "communication-equipment", "industryDisp": "Communication Equipment", "sector": "Technology", "sectorKey": "technology", "sectorDisp": "Technology", "longBusinessSummary": "ADTRAN Holdings, Inc. provides networking and communications platforms, software, systems, and services in the United States, Germany, the United Kingdom, and internationally. It operates through two segments, Network Solutions, and Services & Support. It offers residential gateways; ethernet passive optical network ONUs; gigabit passive optical network/XGS-PON ONTs; traditional SSE, routers, and switches; edge cloud; carrier ethernet network interface devices; Optical Line Terminals; Packet Aggregation, Copper Access, and Oscilloquartz; optical transport and engine solutions; infrastructure monitoring solution; and training, professional, software, and managed services. The company provides various software, such as Mosaic One SaaS, n-Command, Procloud, MCP, AOE, and ACI-E. It serves large, medium, and small service providers; alternative service providers, such as utilities, municipalities and fiber overbuilders; cable/MSOs; and SMBs and distributed enterprises. The company was incorporated in 1985 and is headquartered in Huntsville, Alabama.", "fullTimeEmployees": 3091, "companyOfficers": [{"maxAge": 1, "name": "Mr. Thomas R. Stanton", "age": 59, "title": "President, CEO & Chairman", "yearBorn": 1965, "fiscalYear": 2024, "totalPay": {"raw": 1842510, "fmt": "1.84M", "longFmt": "1,842,510"}, "exercisedValue": {"raw": 0, "fmt": null, "longFmt": "0"}, "unexercisedValue": {"raw": 0, "fmt": null, "longFmt": "0"}}, {"maxAge": 1, "name": "Dr. Christoph  Glingener", "age": 56, "title": "Chief Technology Officer", "yearBorn": 1968, "fiscalYear": 2024, "totalPay": {"raw": 624481, "fmt": "624.48k", "longFmt": "624,481"}, "exercisedValue": {"raw": 0, "fmt": null, "longFmt": "0"}, "unexercisedValue": {"raw": 54410, "fmt": "54.41k", "longFmt": "54,410"}}, {"maxAge": 1, "name": "Mr. Ulrich  Dopfer", "age": 51, "title": "Vice President of Finance & Administration Planning", "yearBorn": 1973, "fiscalYear": 2024, "totalPay": {"raw": 667321, "fmt": "667.32k", "longFmt": "667,321"}, "exercisedValue": {"raw": 0, "fmt": null, "longFmt": "0"}, "unexercisedValue": {"raw": 0, "fmt": null, "longFmt": "0"}}, {"maxAge": 1, "name": "Mr. James D. Wilson Jr.", "age": 53, "title": "Chief Revenue Officer", "yearBorn": 1971, "fiscalYear": 2024, "totalPay": {"raw": 469257, "fmt": "469.26k", "longFmt": "469,257"}, "exercisedValue": {"raw": 0, "fmt": null, "longFmt": "0"}, "unexercisedValue": {"raw": 26161, "fmt": "26.16k", "longFmt": "26,161"}}, {"maxAge": 1, "name": "Mr. Timothy P. Santo CPA", "age": 47, "title": "Senior VP of Finance, Principal Accounting Officer, Treasurer & CFO", "yearBorn": 1977, "fiscalYear": 2024, "exercisedValue": {"raw": 0, "fmt": null, "longFmt": "0"}, "unexercisedValue": {"raw": 0, "fmt": null, "longFmt": "0"}}, {"maxAge": 1, "name": "Joia  Thompson", "title": "Vice President of Human Resources", "fiscalYear": 2024, "exercisedValue": {"raw": 0, "fmt": null, "longFmt": "0"}, "unexercisedValue": {"raw": 0, "fmt": null, "longFmt": "0"}}, {"maxAge": 1, "name": "Mr. Ronan  Kelly", "title": "Chief Technology Officer of The EMEA & APAC Regions", "fiscalYear": 2024, "exercisedValue": {"raw": 0, "fmt": null, "longFmt": "0"}, "unexercisedValue": {"raw": 0, "fmt": null, "longFmt": "0"}}, {"maxAge": 1, "name": "TJ  Rancour", "title": "President at CalChip Connect", "fiscalYear": 2024, "exercisedValue": {"raw": 0, "fmt": null, "longFmt": "0"}, "unexercisedValue": {"raw": 0, "fmt": null, "longFmt": "0"}}, {"maxAge": 1, "name": "Keith  Atwell", "title": "Head of Global Business Development", "fiscalYear": 2024, "exercisedValue": {"raw": 0, "fmt": null, "longFmt": "0"}, "unexercisedValue": {"raw": 0, "fmt": null, "longFmt": "0"}}], "auditRisk": 10, "boardRisk": 5, "compensationRisk": 6, "shareHolderRightsRisk": 1, "overallRisk": 6, "governanceEpochDate": 1761955200, "compensationAsOfEpochDate": 1735603200, "executiveTeam": [], "maxAge": 86400}, "calendarEvents": {"maxAge": 1, "earnings": {"earningsDate": [{"raw": 1762203600, "fmt": "2025-11-03"}], "earningsCallDate": [{"raw": 1762270200, "fmt": "2025-11-04"}], "isEarningsDateEstimate": false, "earningsAverage": {"raw": 0.08, "fmt": "0.08"}, "earningsLow": {"raw": 0.07, "fmt": "0.07"}, "earningsHigh": {"raw": 0.09, "fmt": "0.09"}, "revenueAverage": {"raw": 277484000, "fmt": "277.48M", "longFmt": "277,484,000"}, "revenueLow": {"raw": 274876000, "fmt": "274.88M", "longFmt": "274,876,000"}, "revenueHigh": {"raw": 279400000, "fmt": "279.4M", "longFmt": "279,400,000"}}, "exDividendDate": {"raw": 1692316800, "fmt": "2023-08-18"}, "dividendDate": {"raw": 1693872000, "fmt": "2023-09-05"}}, "earningsTrend": {"trend": [{"maxAge": 1, "period": "0q", "endDate": "2025-12-31", "growth": {"raw": 0.0, "fmt": "0.00%"}, "earningsEstimate": {"avg": {"raw": 0.08, "fmt": "0.08"}, "low": {"raw": 0.07, "fmt": "0.07"}, "high": {"raw": 0.09, "fmt": "0.09"}, "yearAgoEps": {"raw": 0.0, "fmt": "0"}, "numberOfAnalysts": {"raw": 5, "fmt": "5", "longFmt": "5"}, "growth": {"raw": 0.0, "fmt": "0.00%"}, "earningsCurrency": "USD"}, "revenueEstimate": {"avg": {"raw": 277484000, "fmt": "277.48M", "longFmt": "277,484,000"}, "low": {"raw": 274876000, "fmt": "274.88M", "longFmt": "274,876,000"}, "high": {"raw": 279400000, "fmt": "279.4M", "longFmt": "279,400,000"}, "numberOfAnalysts": {"raw": 6, "fmt": "6", "longFmt": "6"}, "yearAgoRevenue": {"raw": 242852000, "fmt": "242.85M", "longFmt": "242,852,000"}, "growth": {"raw": 0.1426, "fmt": "14.26%"}, "revenueCurrency": "USD"}, "epsTrend": {"current": {"raw": 0.08, "fmt": "0.08"}, "7daysAgo": {"raw": 0.08, "fmt": "0.08"}, "30daysAgo": {"raw": 0.08, "fmt": "0.08"}, "60daysAgo": {"raw": 0.0825, "fmt": "0.08"}, "90daysAgo": {"raw": 0.08, "fmt": "0.08"}, "epsTrendCurrency": "USD"}, "epsRevisions": {"upLast7days": {"raw": 2, "fmt": "2", "longFmt": "2"}, "upLast30days": {"raw": 0, "fmt": null, "longFmt": "0"}, "downLast30days": {"raw": 3, "fmt": "3", "longFmt": "3"}, "downLast7Days": {"raw": 2, "fmt": "2", "longFmt": "2"}, "downLast90days": {}, "epsRevisionsCurrency": "USD"}}, {"maxAge": 1, "period": "+1q", "endDate": "2026-03-31", "growth": {"raw": 1.111, "fmt": "111.10%"}, "earningsEstimate": {"avg": {"raw": 0.06333, "fmt": "0.06"}, "low": {"raw": 0.05, "fmt": "0.05"}, "high": {"raw": 0.08, "fmt": "0.08"}, "yearAgoEps": {"raw": 0.03, "fmt": "0.03"}, "numberOfAnalysts": {"raw": 3, "fmt": "3", "longFmt": "3"}, "growth": {"raw": 1.111, "fmt": "111.10%"}, "earningsCurrency": "USD"}, "revenueEstimate": {"avg": {"raw": 275534750, "fmt": "275.53M", "longFmt": "275,534,750"}, "low": {"raw": 272739000, "fmt": "272.74M", "longFmt": "272,739,000"}, "high": {"raw": 278400000, "fmt": "278.4M", "longFmt": "278,400,000"}, "numberOfAnalysts": {"raw": 4, "fmt": "4", "longFmt": "4"}, "yearAgoRevenue": {"raw": 247744000, "fmt": "247.74M", "longFmt": "247,744,000"}, "growth": {"raw": 0.1122, "fmt": "11.22%"}, "revenueCurrency": "USD"}, "epsTrend": {"current": {"raw": 0.06333, "fmt": "0.06"}, "7daysAgo": {"raw": 0.06333, "fmt": "0.06"}, "30daysAgo": {"raw": 0.06333, "fmt": "0.06"}, "60daysAgo": {"raw": 0.07, "fmt": "0.07"}, "90daysAgo": {"raw": 0.07, "fmt": "0.07"}, "epsTrendCurrency": "USD"}, "epsRevisions": {"upLast7days": {"raw": 1, "fmt": "1", "longFmt": "1"}, "upLast30days": {"raw": 1, "fmt": "1", "longFmt": "1"}, "downLast30days": {"raw": 0, "fmt": null, "longFmt": "0"}, "downLast7Days": {"raw": 0, "fmt": null, "longFmt": "0"}, "downLast90days": {}, "epsRevisionsCurrency": "USD"}}, {"maxAge": 1, "period": "0y", "endDate": "2025-12-31", "growth": {"raw": 1.4286, "fmt": "142.86%"}, "earningsEstimate": {"avg": {"raw": 0.15429, "fmt": "0.15"}, "low": {"raw": 0.11, "fmt": "0.11"}, "high": {"raw": 0.19, "fmt": "0.19"}, "yearAgoEps": {"raw": -0.36, "fmt": "-0.36"}, "numberOfAnalysts": {"raw": 7, "fmt": "7", "longFmt": "7"}, "growth": {"raw": 1.4286, "fmt": "142.86%"}, "earningsCurrency": "USD"}, "revenueEstimate": {"avg": {"raw": 1067865120, "fmt": "1.07B", "longFmt": "1,067,865,120"}, "low": {"raw": 1062563000, "fmt": "1.06B", "longFmt": "1,062,563,000"}, "high": {"raw": 1086500000, "fmt": "1.09B", "longFmt": "1,086,500,000"}, "numberOfAnalysts": {"raw": 8, "fmt": "8", "longFmt": "8"}, "yearAgoRevenue": {"raw": 922720000, "fmt": "922.72M", "longFmt": "922,720,000"}, "growth": {"raw": 0.1573, "fmt": "15.73%"}, "revenueCurrency": "USD"}, "epsTrend": {"current": {"raw": 0.15429, "fmt": "0.15"}, "7daysAgo": {"raw": 0.15429, "fmt": "0.15"}, "30daysAgo": {"raw": 0.15429, "fmt": "0.15"}, "60daysAgo": {"raw": 0.15667, "fmt": "0.16"}, "90daysAgo": {"raw": 0.175, "fmt": "0.17"}, "epsTrendCurrency": "USD"}, "epsRevisions": {"upLast7days": {"raw": 0, "fmt": null, "longFmt": "0"}, "upLast30days": {"raw": 0, "fmt": null, "longFmt": "0"}, "downLast30days": {"raw": 2, "fmt": "2", "longFmt": "2"}, "downLast7Days": {"raw": 1, "fmt": "1", "longFmt": "1"}, "downLast90days": {}, "epsRevisionsCurrency": "USD"}}, {"maxAge": 1, "period": "+1y", "endDate": "2026-12-31", "growth": {"raw": 1.9489999, "fmt": "194.90%"}, "earningsEstimate": {"avg": {"raw": 0.455, "fmt": "0.46"}, "low": {"raw": 0.29, "fmt": "0.29"}, "high": {"raw": 0.6, "fmt": "0.6"}, "yearAgoEps": {"raw": 0.15429, "fmt": "0.15"}, "numberOfAnalysts": {"raw": 6, "fmt": "6", "longFmt": "6"}, "growth": {"raw": 1.9489999, "fmt": "194.90%"}, "earningsCurrency": "USD"}, "revenueEstimate": {"avg": {"raw": 1166503750, "fmt": "1.17B", "longFmt": "1,166,503,750"}, "low": {"raw": 1125000000, "fmt": "1.12B", "longFmt": "1,125,000,000"}, "high": {"raw": 1244500000, "fmt": "1.24B", "longFmt": "1,244,500,000"}, "numberOfAnalysts": {"raw": 8, "fmt": "8", "longFmt": "8"}, "yearAgoRevenue": {"raw": 1067865120, "fmt": "1.07B", "longFmt": "1,067,865,120"}, "growth": {"raw": 0.0924, "fmt": "9.24%"}, "revenueCurrency": "USD"}, "epsTrend": {"current": {"raw": 0.455, "fmt": "0.46"}, "7daysAgo": {"raw": 0.455, "fmt": "0.46"}, "30daysAgo": {"raw": 0.455, "fmt": "0.46"}, "60daysAgo": {"raw": 0.454, "fmt": "0.45"}, "90daysAgo": {"raw": 0.45333, "fmt": "0.45"}, "epsTrendCurrency": "USD"}, "epsRevisions": {"upLast7days": {"raw": 1, "fmt": "1", "longFmt": "1"}, "upLast30days": {"raw": 2, "fmt": "2", "longFmt": "2"}, "downLast30days": {"raw": 0, "fmt": null, "longFmt": "0"}, "downLast7Days": {"raw": 0, "fmt": null, "longFmt": "0"}, "downLast90days": {}, "epsRevisionsCurrency": "USD"}}], "defaultMethodology": "nongaap", "maxAge": 1}, "earningsHistory": {"history": [{"maxAge": 1, "epsActual": {"raw": 0.0, "fmt": "0"}, "epsEstimate": {"raw": -0.03, "fmt": "-0.03"}, "epsDifference": {"raw": 0.03, "fmt": "0.03"}, "surprisePercent": {"raw": 1.0, "fmt": "100.00%"}, "quarter": {"raw": 1735603200, "fmt": "2024-12-31"}, "currency": "USD", "period": "-4q"}, {"maxAge": 1, "epsActual": {"raw": 0.03, "fmt": "0.03"}, "epsEstimate": {"raw": -0.03, "fmt": "-0.03"}, "epsDifference": {"raw": 0.06, "fmt": "0.06"}, "surprisePercent": {"raw": 2.0, "fmt": "200.00%"}, "quarter": {"raw": 1743379200, "fmt": "2025-03-31"}, "currency": "USD", "period": "-3q"}, {"maxAge": 1, "epsActual": {"raw": 0.0, "fmt": "0"}, "epsEstimate": {"raw": 0.0075, "fmt": "0.01"}, "epsDifference": {"raw": -0.01, "fmt": "-0.01"}, "surprisePercent": {"raw": -1.0, "fmt": "-100.00%"}, "quarter": {"raw": 1751241600, "fmt": "2025-06-30"}, "currency": "USD", "period": "-2q"}, {"maxAge": 1, "epsActual": {"raw": 0.05, "fmt": "0.05"}, "epsEstimate": {"raw": 0.062, "fmt": "0.06"}, "epsDifference": {"raw": -0.01, "fmt": "-0.01"}, "surprisePercent": {"raw": -0.1935, "fmt": "-19.35%"}, "quarter": {"raw": 1759190400, "fmt": "2025-09-30"}, "currency": "USD", "period": "-1q"}], "defaultMethodology": "nongaap", "maxAge": 86400}, "financialData": {"maxAge": 86400, "currentPrice": {"raw": 10.43, "fmt": "10.43"}, "targetHighPrice": {"raw": 16.0, "fmt": "16.00"}, "targetLowPrice": {"raw": 9.0, "fmt": "9.00"}, "targetMeanPrice": {"raw": 12.66667, "fmt": "12.67"}, "targetMedianPrice": {"raw": 12.5, "fmt": "12.50"}, "recommendationMean": {"raw": 1.77778, "fmt": "1.78"}, "recommendationKey": "buy", "numberOfAnalystOpinions": {"raw": 6, "fmt": "6", "longFmt": "6"}, "totalCash": {"raw": 106271000, "fmt": "106.27M", "longFmt": "106,271,000"}, "totalCashPerShare": {"raw": 1.332, "fmt": "1.33"}, "ebitda": {"raw": 40381000, "fmt": "40.38M", "longFmt": "40,381,000"}, "totalDebt": {"raw": 217963008, "fmt": "217.96M", "longFmt": "217,963,008"}, "quickRatio": {"raw": 0.929, "fmt": "0.93"}, "currentRatio": {"raw": 1.961, "fmt": "1.96"}, "totalRevenue": {"raw": 983368000, "fmt": "983.37M", "longFmt": "983,368,000"}, "debtToEquity": {"raw": 38.125, "fmt": "38.12%"}, "revenuePerShare": {"raw": 12.393, "fmt": "12.39"}, "returnOnAssets": {"raw": -0.0253, "fmt": "-2.53%"}, "returnOnEquity": {"raw": -0.15078, "fmt": "-15.08%"}, "grossProfits": {"raw": 364787008, "fmt": "364.79M", "longFmt": "364,787,008"}, "freeCashflow": {"raw": 75178376, "fmt": "75.18M", "longFmt": "75,178,376"}, "operatingCashflow": {"raw": 120602000, "fmt": "120.6M", "longFmt": "120,602,000"}, "earningsGrowth": {}, "revenueGrowth": {"raw": 0.173, "fmt": "17.30%"}, "grossMargins": {"raw": 0.37096, "fmt": "37.10%"}, "ebitdaMargins": {"raw": 0.04106, "fmt": "4.11%"}, "operatingMargins": {"raw": -0.05095, "fmt": "-5.09%"}, "profitMargins": {"raw": -0.103970006, "fmt": "-10.40%"}, "financialCurrency": "USD"}}