{"assetProfile": {"address1": "2569 Wyandotte Street", "address2": "Suite 101", "city": "Mountain View", "state": "CA", "zip": "94043", "country": "United States", "phone": "650 870 1200", "website": "https://www.aditxt.com", "industry": "Biotechnology", "industryKey": "biotechnology", "industryDisp": "Biotechnology", "sector": "Healthcare", "sectorKey": "healthcare", "sectorDisp": "Healthcare", "longBusinessSummary": "Aditxt, Inc., a commercial-stage company, discovers and develops products in the areas of immune health, precision health, population health, women's health, and neurologic health. The company develops AditxtScore that enable individuals to understand, manage, and monitor their immune profiles in order to be informed about attacks on or by their immune system; and Apoptotic DNA Immunotherapy, a nucleic acid-based technology that utilizes an approach that mimics the way the body naturally induces tolerance to its tissues. It also develops ADI-100 for skin grafting, psoriasis, type 1 diabetes, and multiple sclerosis. Aditxt, Inc. has a license agreement with Loma Linda University and Leland Stanford Junior University. The company was formerly known as ADiTx Therapeutics, Inc. and changed its name to Aditxt, Inc. in July 2021. Aditxt, Inc. was incorporated in 2017 and is headquartered in Mountain View, California.", "fullTimeEmployees": 26, "companyOfficers": [{"maxAge": 1, "name": "Mr. Amro A. Albanna", "age": 54, "title": "Co-Founder, Chairman, CEO & President", "yearBorn": 1970, "fiscalYear": 2024, "totalPay": {"raw": 500000, "fmt": "500k", "longFmt": "500,000"}, "exercisedValue": {"raw": 0, "fmt": null, "longFmt": "0"}, "unexercisedValue": {"raw": 0, "fmt": null, "longFmt": "0"}}, {"maxAge": 1, "name": "Dr. Shahrokh  Shabahang D.D.S., M.S., Ph.D.", "age": 61, "title": "Co-Founder, Chief Innovation Officer, Secretary & Director", "yearBorn": 1963, "fiscalYear": 2024, "totalPay": {"raw": 325000, "fmt": "325k", "longFmt": "325,000"}, "exercisedValue": {"raw": 0, "fmt": null, "longFmt": "0"}, "unexercisedValue": {"raw": 0, "fmt": null, "longFmt": "0"}}, {"maxAge": 1, "name": "Mr. Thomas J. Farley CPA", "age": 51, "title": "Chief Financial Officer", "yearBorn": 1973, "fiscalYear": 2024, "totalPay": {"raw": 464616, "fmt": "464.62k", "longFmt": "464,616"}, "exercisedValue": {"raw": 0, "fmt": null, "longFmt": "0"}, "unexercisedValue": {"raw": 0, "fmt": null, "longFmt": "0"}}, {"maxAge": 1, "name": "Ms. Corinne D. Pankovcin CPA, M.B.A.", "age": 58, "title": "Chief Mergers & Acquisitions Officer", "yearBorn": 1966, "fiscalYear": 2024, "totalPay": {"raw": 385008, "fmt": "385.01k", "longFmt": "385,008"}, "exercisedValue": {"raw": 0, "fmt": null, "longFmt": "0"}, "unexercisedValue": {"raw": 0, "fmt": null, "longFmt": "0"}}, {"maxAge": 1, "name": "Ms. Rowena  Albanna", "age": 58, "title": "Chief Operating Officer", "yearBorn": 1966, "fiscalYear": 2024, "exercisedValue": {"raw": 0, "fmt": null, "longFmt": "0"}, "unexercisedValue": {"raw": 0, "fmt": null, "longFmt": "0"}}, {"maxAge": 1, "name": "Ms. Jennifer  Lee", "title": "Director of Human Resources", "fiscalYear": 2024, "exercisedValue": {"raw": 0, "fmt": null, "longFmt": "0"}, "unexercisedValue": {"raw": 0, "fmt": null, "longFmt": "0"}}, {"maxAge": 1, "name": "Dr. Dolly B. Tyan D(ABHI), Ph.D.", "title": "Senior Vice President of Clinical Development \u0096 Transplantation", "fiscalYear": 2024, "exercisedValue": {"raw": 0, "fmt": null, "longFmt": "0"}, "unexercisedValue": {"raw": 0, "fmt": null, "longFmt": "0"}}, {"maxAge": 1, "name": "Mr. Ge  Chen M.D., M.S.", "title": "Senior Vice President of Preclinical Research & Discovery", "fiscalYear": 2024, "exercisedValue": {"raw": 0, "fmt": null, "longFmt": "0"}, "unexercisedValue": {"raw": 0, "fmt": null, "longFmt": "0"}}], "compensationAsOfEpochDate": 1735603200, "executiveTeam": [], "maxAge": 86400}, "calendarEvents": {"maxAge": 1, "earnings": {"earningsDate": [{"raw": 1755547200, "fmt": "2025-08-18"}, {"raw": 1755892800, "fmt": "2025-08-22"}], "earningsCallDate": [], "isEarningsDateEstimate": true, "earningsAverage": {}, "earningsLow": {}, "earningsHigh": {}, "revenueAverage": {}, "revenueLow": {}, "revenueHigh": {}}, "exDividendDate": {}, "dividendDate": {}}, "earningsTrend": {"trend": [{"maxAge": 1, "period": "0q", "endDate": "2023-12-31", "growth": {}, "earningsEstimate": {"avg": {}, "low": {}, "high": {}, "yearAgoEps": {}, "numberOfAnalysts": {}, "growth": {}, "earningsCurrency": null}, "revenueEstimate": {"avg": {"raw": 0, "fmt": null, "longFmt": "0"}, "low": {"raw": 0, "fmt": null, "longFmt": "0"}, "high": {"raw": 0, "fmt": null, "longFmt": "0"}, "numberOfAnalysts": {"raw": 0, "fmt": null, "longFmt": "0"}, "yearAgoRevenue": {}, "growth": {}, "revenueCurrency": null}, "epsTrend": {"current": {}, "7daysAgo": {}, "30daysAgo": {}, "60daysAgo": {}, "90daysAgo": {}, "epsTrendCurrency": null}, "epsRevisions": {"upLast7days": {}, "upLast30days": {}, "downLast30days": {}, "downLast7Days": {}, "downLast90days": {}, "epsRevisionsCurrency": null}}, {"maxAge": 1, "period": "+1q", "endDate": null, "growth": {}, "earningsEstimate": {"avg": {}, "low": {}, "high": {}, "yearAgoEps": {}, "numberOfAnalysts": {}, "growth": {}, "earningsCurrency": null}, "revenueEstimate": {"avg": {"raw": 0, "fmt": null, "longFmt": "0"}, "low": {"raw": 0, "fmt": null, "longFmt": "0"}, "high": {"raw": 0, "fmt": null, "longFmt": "0"}, "numberOfAnalysts": {"raw": 0, "fmt": null, "longFmt": "0"}, "yearAgoRevenue": {}, "growth": {}, "revenueCurrency": null}, "epsTrend": {"current": {}, "7daysAgo": {}, "30daysAgo": {}, "60daysAgo": {}, "90daysAgo": {}, "epsTrendCurrency": null}, "epsRevisions": {"upLast7days": {}, "upLast30days": {}, "downLast30days": {}, "downLast7Days": {}, "downLast90days": {}, "epsRevisionsCurrency": null}}, {"maxAge": 1, "period": "0y", "endDate": "2023-12-31", "growth": {}, "earningsEstimate": {"avg": {}, "low": {}, "high": {}, "yearAgoEps": {}, "numberOfAnalysts": {}, "growth": {}, "earningsCurrency": null}, "revenueEstimate": {"avg": {"raw": 0, "fmt": null, "longFmt": "0"}, "low": {"raw": 0, "fmt": null, "longFmt": "0"}, "high": {"raw": 0, "fmt": null, "longFmt": "0"}, "numberOfAnalysts": {"raw": 0, "fmt": null, "longFmt": "0"}, "yearAgoRevenue": {}, "growth": {}, "revenueCurrency": null}, "epsTrend": {"current": {}, "7daysAgo": {}, "30daysAgo": {}, "60daysAgo": {}, "90daysAgo": {}, "epsTrendCurrency": null}, "epsRevisions": {"upLast7days": {}, "upLast30days": {}, "downLast30days": {}, "downLast7Days": {}, "downLast90days": {}, "epsRevisionsCurrency": null}}, {"maxAge": 1, "period": "+1y", "endDate": null, "growth": {}, "earningsEstimate": {"avg": {}, "low": {}, "high": {}, "yearAgoEps": {}, "numberOfAnalysts": {}, "growth": {}, "earningsCurrency": null}, "revenueEstimate": {"avg": {"raw": 0, "fmt": null, "longFmt": "0"}, "low": {"raw": 0, "fmt": null, "longFmt": "0"}, "high": {"raw": 0, "fmt": null, "longFmt": "0"}, "numberOfAnalysts": {"raw": 0, "fmt": null, "longFmt": "0"}, "yearAgoRevenue": {}, "growth": {}, "revenueCurrency": null}, "epsTrend": {"current": {}, "7daysAgo": {}, "30daysAgo": {}, "60daysAgo": {}, "90daysAgo": {}, "epsTrendCurrency": null}, "epsRevisions": {"upLast7days": {}, "upLast30days": {}, "downLast30days": {}, "downLast7Days": {}, "downLast90days": {}, "epsRevisionsCurrency": null}}], "defaultMethodology": "nongaap", "maxAge": 1}, "earningsHistory": {"history": [{"maxAge": 1, "epsActual": {"raw": 141023328.0, "fmt": "141,023,328"}, "epsEstimate": {"raw": -66895680.0, "fmt": "-66,895,680"}, "epsDifference": {"raw": 207919008.0, "fmt": "207,919,008"}, "surprisePercent": {"raw": 3.1081, "fmt": "310.81%"}, "quarter": {"raw": 1672444800, "fmt": "2022-12-31"}, "currency": "USD", "period": "-4q"}, {"maxAge": 1, "epsActual": {"raw": -59211716.0, "fmt": "-59,211,716"}, "epsEstimate": {"raw": -39775808.0, "fmt": "-39,775,808"}, "epsDifference": {"raw": -19435906.0, "fmt": "-19,435,906"}, "surprisePercent": {"raw": -0.48860002, "fmt": "-48.86%"}, "quarter": {"raw": 1680220800, "fmt": "2023-03-31"}, "currency": "USD", "period": "-3q"}, {"maxAge": 1, "epsActual": {"raw": -55109836.0, "fmt": "-55,109,836"}, "epsEstimate": {"raw": -9017357.0, "fmt": "-9,017,357"}, "epsDifference": {"raw": -46092480.0, "fmt": "-46,092,480"}, "surprisePercent": {"raw": -5.1115, "fmt": "-511.15%"}, "quarter": {"raw": 1696032000, "fmt": "2023-09-30"}, "currency": "USD", "period": "-1q"}], "defaultMethodology": "nongaap", "maxAge": 86400}, "financialData": {"maxAge": 86400, "currentPrice": {"raw": 6.51, "fmt": "6.51"}, "targetHighPrice": {}, "targetLowPrice": {}, "targetMeanPrice": {}, "targetMedianPrice": {}, "recommendationMean": {}, "recommendationKey": "none", "numberOfAnalystOpinions": {}, "totalCash": {"raw": 323679, "fmt": "323.68k", "longFmt": "323,679"}, "totalCashPerShare": {"raw": 7.349, "fmt": "7.35"}, "ebitda": {"raw": -21663292, "fmt": "-21.66M", "longFmt": "-21,663,292"}, "totalDebt": {"raw": 5482442, "fmt": "5.48M", "longFmt": "5,482,442"}, "quickRatio": {"raw": 0.018, "fmt": "0.02"}, "currentRatio": {"raw": 0.021, "fmt": "0.02"}, "totalRevenue": {"raw": 12051, "fmt": "12.05k", "longFmt": "12,051"}, "debtToEquity": {"raw": 45.707, "fmt": "45.71%"}, "revenuePerShare": {"raw": 0.017, "fmt": "0.02"}, "returnOnAssets": {"raw": -0.45264, "fmt": "-45.26%"}, "returnOnEquity": {"raw": -2.8220599, "fmt": "-282.21%"}, "grossProfits": {"raw": -528229, "fmt": "-528.23k", "longFmt": "-528,229"}, "freeCashflow": {"raw": -15578672, "fmt": "-15.58M", "longFmt": "-15,578,672"}, "operatingCashflow": {"raw": -22609446, "fmt": "-22.61M", "longFmt": "-22,609,446"}, "earningsGrowth": {}, "revenueGrowth": {"raw": -0.977, "fmt": "-97.70%"}, "grossMargins": {"raw": 0.0, "fmt": "0.00%"}, "ebitdaMargins": {"raw": 0.0, "fmt": "0.00%"}, "operatingMargins": {"raw": -6127.884, "fmt": "-612,788.38%"}, "profitMargins": {"raw": 0.0, "fmt": "0.00%"}, "financialCurrency": "USD"}}