{"assetProfile": {"address1": "542 Newbold Street", "city": "London", "state": "ON", "zip": "N6E 2S5", "country": "Canada", "phone": "226 784 8889", "website": "https://www.adurocleantech.com", "industry": "Pollution & Treatment Controls", "industryKey": "pollution-treatment-controls", "industryDisp": "Pollution & Treatment Controls", "sector": "Industrials", "sectorKey": "industrials", "sectorDisp": "Industrials", "longBusinessSummary": "Aduro Clean Technologies Inc. engages in developing water-based chemical recycling technologies. The company's platform converts end-of-life plastics and tire rubber to specialty chemicals and fuels; upgrades heavy crude oils; and transforms renewable oils into renewable fuels and specialty chemicals. Its water based chemical recycling platform features applications in hydrochemolytic plastics upcycling, hydrochemolytic renewables upgrading, and hydrochemolytic bitumen upgrading sectors. The company was formerly known as Dimension Five Technologies Inc. and changed its name to Aduro Clean Technologies Inc. in 2021. Aduro Clean Technologies Inc. is headquartered in London, Canada.", "fullTimeEmployees": 25, "companyOfficers": [{"maxAge": 1, "name": "Mr. Ofer  Vicus", "age": 56, "title": "Co-Founder, Executive Chair & CEO", "yearBorn": 1968, "fiscalYear": 2025, "totalPay": {"raw": 392387, "fmt": "392.39k", "longFmt": "392,387"}, "exercisedValue": {"raw": 0, "fmt": null, "longFmt": "0"}, "unexercisedValue": {"raw": 0, "fmt": null, "longFmt": "0"}}, {"maxAge": 1, "name": "Mr. William Marcus Trygstad", "age": 68, "title": "Co-Founder, Principal Scientist & Director", "yearBorn": 1956, "fiscalYear": 2025, "totalPay": {"raw": 176931, "fmt": "176.93k", "longFmt": "176,931"}, "exercisedValue": {"raw": 0, "fmt": null, "longFmt": "0"}, "unexercisedValue": {"raw": 0, "fmt": null, "longFmt": "0"}}, {"maxAge": 1, "name": "Mr. Mena  Beshay C.M.A., CPA", "age": 43, "title": "CFO & Corporate Secretary", "yearBorn": 1981, "fiscalYear": 2025, "totalPay": {"raw": 142686, "fmt": "142.69k", "longFmt": "142,686"}, "exercisedValue": {"raw": 0, "fmt": null, "longFmt": "0"}, "unexercisedValue": {"raw": 0, "fmt": null, "longFmt": "0"}}, {"maxAge": 1, "name": "Mr. David  Weizenbach P.Eng.", "title": "Chief Operating Officer", "fiscalYear": 2025, "exercisedValue": {"raw": 0, "fmt": null, "longFmt": "0"}, "unexercisedValue": {"raw": 0, "fmt": null, "longFmt": "0"}}, {"maxAge": 1, "name": "Mr. Eric  Appelman", "age": 60, "title": "Chief Revenue Officer", "yearBorn": 1964, "fiscalYear": 2025, "totalPay": {"raw": 169149, "fmt": "169.15k", "longFmt": "169,149"}, "exercisedValue": {"raw": 0, "fmt": null, "longFmt": "0"}, "unexercisedValue": {"raw": 0, "fmt": null, "longFmt": "0"}}, {"maxAge": 1, "name": "Mr. Anil K. Jhawar", "age": 42, "title": "Chief Scientist", "yearBorn": 1982, "fiscalYear": 2025, "exercisedValue": {"raw": 0, "fmt": null, "longFmt": "0"}, "unexercisedValue": {"raw": 0, "fmt": null, "longFmt": "0"}}, {"maxAge": 1, "name": "Mr. Abe  Dyck", "title": "Head of Corporate Development & Investor Relations", "fiscalYear": 2025, "exercisedValue": {"raw": 0, "fmt": null, "longFmt": "0"}, "unexercisedValue": {"raw": 0, "fmt": null, "longFmt": "0"}}, {"maxAge": 1, "name": "Ms. Stefanie  Steenhuis", "title": "Head of Brand & Marketing", "fiscalYear": 2025, "exercisedValue": {"raw": 0, "fmt": null, "longFmt": "0"}, "unexercisedValue": {"raw": 0, "fmt": null, "longFmt": "0"}}, {"maxAge": 1, "name": "Mr. Birendra  Adhikari", "age": 46, "title": "Head of Research & Development", "yearBorn": 1978, "fiscalYear": 2025, "exercisedValue": {"raw": 0, "fmt": null, "longFmt": "0"}, "unexercisedValue": {"raw": 0, "fmt": null, "longFmt": "0"}}], "compensationAsOfEpochDate": 1767139200, "executiveTeam": [], "maxAge": 86400}, "calendarEvents": {"maxAge": 1, "earnings": {"earningsDate": [{"raw": 1768397400, "fmt": "2026-01-14"}], "earningsCallDate": [], "isEarningsDateEstimate": true, "earningsAverage": {"raw": -0.11, "fmt": "-0.11"}, "earningsLow": {"raw": -0.11, "fmt": "-0.11"}, "earningsHigh": {"raw": -0.11, "fmt": "-0.11"}, "revenueAverage": {}, "revenueLow": {}, "revenueHigh": {}}, "exDividendDate": {}, "dividendDate": {}}, "earningsTrend": {"trend": [{"maxAge": 1, "period": "0q", "endDate": "2025-11-30", "growth": {}, "earningsEstimate": {"avg": {"raw": -0.11, "fmt": "-0.11"}, "low": {"raw": -0.11, "fmt": "-0.11"}, "high": {"raw": -0.11, "fmt": "-0.11"}, "yearAgoEps": {}, "numberOfAnalysts": {"raw": 1, "fmt": "1", "longFmt": "1"}, "growth": {}, "earningsCurrency": "CAD"}, "revenueEstimate": {"avg": {"raw": 0, "fmt": null, "longFmt": "0"}, "low": {"raw": 0, "fmt": null, "longFmt": "0"}, "high": {"raw": 0, "fmt": null, "longFmt": "0"}, "numberOfAnalysts": {"raw": 0, "fmt": null, "longFmt": "0"}, "yearAgoRevenue": {}, "growth": {}, "revenueCurrency": null}, "epsTrend": {"current": {"raw": -0.11, "fmt": "-0.11"}, "7daysAgo": {"raw": -0.12, "fmt": "-0.12"}, "30daysAgo": {"raw": -0.12, "fmt": "-0.12"}, "60daysAgo": {"raw": 0.0, "fmt": "0"}, "90daysAgo": {"raw": 0.0, "fmt": "0"}, "epsTrendCurrency": "CAD"}, "epsRevisions": {"upLast7days": {"raw": 1, "fmt": "1", "longFmt": "1"}, "upLast30days": {"raw": 1, "fmt": "1", "longFmt": "1"}, "downLast30days": {"raw": 0, "fmt": null, "longFmt": "0"}, "downLast7Days": {"raw": 0, "fmt": null, "longFmt": "0"}, "downLast90days": {}, "epsRevisionsCurrency": "CAD"}}, {"maxAge": 1, "period": "+1q", "endDate": "2026-02-28", "growth": {"raw": -0.2, "fmt": "-20.00%"}, "earningsEstimate": {"avg": {"raw": -0.12, "fmt": "-0.12"}, "low": {"raw": -0.12, "fmt": "-0.12"}, "high": {"raw": -0.12, "fmt": "-0.12"}, "yearAgoEps": {"raw": -0.1, "fmt": "-0.1"}, "numberOfAnalysts": {"raw": 1, "fmt": "1", "longFmt": "1"}, "growth": {"raw": -0.2, "fmt": "-20.00%"}, "earningsCurrency": "CAD"}, "revenueEstimate": {"avg": {"raw": 0, "fmt": null, "longFmt": "0"}, "low": {"raw": 0, "fmt": null, "longFmt": "0"}, "high": {"raw": 0, "fmt": null, "longFmt": "0"}, "numberOfAnalysts": {"raw": 0, "fmt": null, "longFmt": "0"}, "yearAgoRevenue": {}, "growth": {}, "revenueCurrency": null}, "epsTrend": {"current": {"raw": -0.12, "fmt": "-0.12"}, "7daysAgo": {"raw": -0.12, "fmt": "-0.12"}, "30daysAgo": {"raw": -0.12, "fmt": "-0.12"}, "60daysAgo": {"raw": 0.0, "fmt": "0"}, "90daysAgo": {"raw": 0.0, "fmt": "0"}, "epsTrendCurrency": "CAD"}, "epsRevisions": {"upLast7days": {"raw": 0, "fmt": null, "longFmt": "0"}, "upLast30days": {"raw": 0, "fmt": null, "longFmt": "0"}, "downLast30days": {"raw": 0, "fmt": null, "longFmt": "0"}, "downLast7Days": {"raw": 0, "fmt": null, "longFmt": "0"}, "downLast90days": {}, "epsRevisionsCurrency": "CAD"}}, {"maxAge": 1, "period": "0y", "endDate": "2026-05-31", "growth": {"raw": -0.031400003, "fmt": "-3.14%"}, "earningsEstimate": {"avg": {"raw": -0.46, "fmt": "-0.46"}, "low": {"raw": -0.46, "fmt": "-0.46"}, "high": {"raw": -0.46, "fmt": "-0.46"}, "yearAgoEps": {"raw": -0.446, "fmt": "-0.45"}, "numberOfAnalysts": {"raw": 1, "fmt": "1", "longFmt": "1"}, "growth": {"raw": -0.031400003, "fmt": "-3.14%"}, "earningsCurrency": "CAD"}, "revenueEstimate": {"avg": {"raw": 100000, "fmt": "100k", "longFmt": "100,000"}, "low": {"raw": 100000, "fmt": "100k", "longFmt": "100,000"}, "high": {"raw": 100000, "fmt": "100k", "longFmt": "100,000"}, "numberOfAnalysts": {"raw": 1, "fmt": "1", "longFmt": "1"}, "yearAgoRevenue": {"raw": 231210, "fmt": "231.21k", "longFmt": "231,210"}, "growth": {"raw": -0.5675, "fmt": "-56.75%"}, "revenueCurrency": "CAD"}, "epsTrend": {"current": {"raw": -0.46, "fmt": "-0.46"}, "7daysAgo": {"raw": -0.46, "fmt": "-0.46"}, "30daysAgo": {"raw": -0.46, "fmt": "-0.46"}, "60daysAgo": {"raw": -0.46, "fmt": "-0.46"}, "90daysAgo": {"raw": -0.48, "fmt": "-0.48"}, "epsTrendCurrency": "CAD"}, "epsRevisions": {"upLast7days": {"raw": 1, "fmt": "1", "longFmt": "1"}, "upLast30days": {"raw": 1, "fmt": "1", "longFmt": "1"}, "downLast30days": {"raw": 0, "fmt": null, "longFmt": "0"}, "downLast7Days": {"raw": 0, "fmt": null, "longFmt": "0"}, "downLast90days": {}, "epsRevisionsCurrency": "CAD"}}, {"maxAge": 1, "period": "+1y", "endDate": "2027-05-31", "growth": {"raw": 0.19569999, "fmt": "19.57%"}, "earningsEstimate": {"avg": {"raw": -0.37, "fmt": "-0.37"}, "low": {"raw": -0.37, "fmt": "-0.37"}, "high": {"raw": -0.37, "fmt": "-0.37"}, "yearAgoEps": {"raw": -0.46, "fmt": "-0.46"}, "numberOfAnalysts": {"raw": 1, "fmt": "1", "longFmt": "1"}, "growth": {"raw": 0.19569999, "fmt": "19.57%"}, "earningsCurrency": "CAD"}, "revenueEstimate": {"avg": {"raw": 8200000, "fmt": "8.2M", "longFmt": "8,200,000"}, "low": {"raw": 8200000, "fmt": "8.2M", "longFmt": "8,200,000"}, "high": {"raw": 8200000, "fmt": "8.2M", "longFmt": "8,200,000"}, "numberOfAnalysts": {"raw": 1, "fmt": "1", "longFmt": "1"}, "yearAgoRevenue": {"raw": 100000, "fmt": "100k", "longFmt": "100,000"}, "growth": {"raw": 81.0, "fmt": "8,100.00%"}, "revenueCurrency": "CAD"}, "epsTrend": {"current": {"raw": -0.37, "fmt": "-0.37"}, "7daysAgo": {"raw": -0.31, "fmt": "-0.31"}, "30daysAgo": {"raw": -0.31, "fmt": "-0.31"}, "60daysAgo": {"raw": -0.31, "fmt": "-0.31"}, "90daysAgo": {"raw": -0.32, "fmt": "-0.32"}, "epsTrendCurrency": "CAD"}, "epsRevisions": {"upLast7days": {"raw": 0, "fmt": null, "longFmt": "0"}, "upLast30days": {"raw": 0, "fmt": null, "longFmt": "0"}, "downLast30days": {"raw": 1, "fmt": "1", "longFmt": "1"}, "downLast7Days": {"raw": 1, "fmt": "1", "longFmt": "1"}, "downLast90days": {}, "epsRevisionsCurrency": "CAD"}}], "defaultMethodology": "nongaap", "maxAge": 1}, "earningsHistory": {"history": [{"maxAge": 1, "epsActual": {"raw": -0.1, "fmt": "-0.1"}, "epsEstimate": {"raw": -0.11, "fmt": "-0.11"}, "epsDifference": {"raw": 0.01, "fmt": "0.01"}, "surprisePercent": {"raw": 0.090900004, "fmt": "9.09%"}, "quarter": {"raw": 1740700800, "fmt": "2025-02-28"}, "currency": "CAD", "period": "-3q"}, {"maxAge": 1, "epsActual": {"raw": -0.128, "fmt": "-0.13"}, "epsEstimate": {"raw": -0.1, "fmt": "-0.1"}, "epsDifference": {"raw": -0.03, "fmt": "-0.03"}, "surprisePercent": {"raw": -0.28, "fmt": "-28.00%"}, "quarter": {"raw": 1748649600, "fmt": "2025-05-31"}, "currency": "CAD", "period": "-2q"}, {"maxAge": 1, "epsActual": {"raw": -0.205, "fmt": "-0.2"}, "epsEstimate": {"raw": -0.11, "fmt": "-0.11"}, "epsDifference": {"raw": -0.09, "fmt": "-0.09"}, "surprisePercent": {"raw": -0.8636, "fmt": "-86.36%"}, "quarter": {"raw": 1756598400, "fmt": "2025-08-31"}, "currency": "CAD", "period": "-1q"}], "defaultMethodology": "nongaap", "maxAge": 86400}, "financialData": {"maxAge": 86400, "currentPrice": {"raw": 13.91, "fmt": "13.91"}, "targetHighPrice": {"raw": 47.19982, "fmt": "47.20"}, "targetLowPrice": {"raw": 47.19982, "fmt": "47.20"}, "targetMeanPrice": {"raw": 47.19982, "fmt": "47.20"}, "targetMedianPrice": {"raw": 47.19982, "fmt": "47.20"}, "recommendationMean": {}, "recommendationKey": "none", "numberOfAnalystOpinions": {"raw": 1, "fmt": "1", "longFmt": "1"}, "totalCash": {"raw": 15161788, "fmt": "15.16M", "longFmt": "15,161,788"}, "totalCashPerShare": {"raw": 0.486, "fmt": "0.49"}, "ebitda": {"raw": -13840942, "fmt": "-13.84M", "longFmt": "-13,840,942"}, "totalDebt": {"raw": 156568, "fmt": "156.57k", "longFmt": "156,568"}, "quickRatio": {"raw": 26.404, "fmt": "26.40"}, "currentRatio": {"raw": 28.331, "fmt": "28.33"}, "totalRevenue": {"raw": 220712, "fmt": "220.71k", "longFmt": "220,712"}, "debtToEquity": {"raw": 0.864, "fmt": "0.86%"}, "revenuePerShare": {"raw": 0.008, "fmt": "0.01"}, "returnOnAssets": {"raw": -0.54118, "fmt": "-54.12%"}, "returnOnEquity": {"raw": -1.1459401, "fmt": "-114.59%"}, "grossProfits": {"raw": 220712, "fmt": "220.71k", "longFmt": "220,712"}, "freeCashflow": {"raw": -6692659, "fmt": "-6.69M", "longFmt": "-6,692,659"}, "operatingCashflow": {"raw": -9706522, "fmt": "-9.71M", "longFmt": "-9,706,522"}, "earningsGrowth": {}, "revenueGrowth": {"raw": -0.191, "fmt": "-19.10%"}, "grossMargins": {"raw": 1.0, "fmt": "100.00%"}, "ebitdaMargins": {"raw": 0.0, "fmt": "0.00%"}, "operatingMargins": {"raw": -110.57198, "fmt": "-11,057.20%"}, "profitMargins": {"raw": 0.0, "fmt": "0.00%"}, "financialCurrency": "CAD"}}