{"assetProfile": {"address1": "6303 Cowboys Way", "address2": "Suite 600", "city": "Frisco", "state": "TX", "zip": "75034", "country": "United States", "phone": "469 535 8200", "website": "https://www.addus.com", "industry": "Medical Care Facilities", "industryKey": "medical-care-facilities", "industryDisp": "Medical Care Facilities", "sector": "Healthcare", "sectorKey": "healthcare", "sectorDisp": "Healthcare", "longBusinessSummary": "Addus HomeCare Corporation, together with its subsidiaries, provides personal care services to elderly, chronically ill, disabled persons, and individuals who are at risk of hospitalization or institutionalization in the United States. It operates through three segments: Personal Care, Hospice, and Home Health. The Personal Care segment provides non-medical assistance with activities of daily living. This segment offers services that include assistance with bathing, grooming, oral care, feeding and dressing, medication reminders, meal planning and preparation, housekeeping, and transportation services. The Hospice segment provides palliative nursing care, social work, spiritual counseling, homemaker, and bereavement counseling services for people who are terminally ill, as well as related services for their families. The Home Health segment offers skilled nursing and physical, occupational, and speech therapy for the individuals who requires assistance during an illness or after hospitalization. The company serves federal, state, and local governmental agencies; managed care organizations; commercial insurers; and private individuals. Addus HomeCare Corporation was founded in 1979 and is headquartered in Frisco, Texas.", "fullTimeEmployees": 6165, "companyOfficers": [{"maxAge": 1, "name": "Mr. R. Dirk Allison CPA", "age": 68, "title": "CEO & Chairman of the Board", "yearBorn": 1956, "fiscalYear": 2024, "totalPay": {"raw": 2469971, "fmt": "2.47M", "longFmt": "2,469,971"}, "exercisedValue": {"raw": 1290500, "fmt": "1.29M", "longFmt": "1,290,500"}, "unexercisedValue": {"raw": 18920140, "fmt": "18.92M", "longFmt": "18,920,140"}}, {"maxAge": 1, "name": "Ms. Heather  Dixon CPA", "age": 52, "title": "President & COO", "yearBorn": 1972, "fiscalYear": 2024, "totalPay": {"raw": 85000, "fmt": "85k", "longFmt": "85,000"}, "exercisedValue": {"raw": 0, "fmt": null, "longFmt": "0"}, "unexercisedValue": {"raw": 0, "fmt": null, "longFmt": "0"}}, {"maxAge": 1, "name": "Mr. Brian W. Poff", "age": 50, "title": "CFO, Executive VP, Secretary & Treasurer", "yearBorn": 1974, "fiscalYear": 2024, "totalPay": {"raw": 1211899, "fmt": "1.21M", "longFmt": "1,211,899"}, "exercisedValue": {"raw": 0, "fmt": null, "longFmt": "0"}, "unexercisedValue": {"raw": 2525034, "fmt": "2.53M", "longFmt": "2,525,034"}}, {"maxAge": 1, "name": "Mr. Sean P. Gaffney", "age": 45, "title": "Executive VP & Chief Legal Officer", "yearBorn": 1979, "fiscalYear": 2024, "totalPay": {"raw": 815107, "fmt": "815.11k", "longFmt": "815,107"}, "exercisedValue": {"raw": 0, "fmt": null, "longFmt": "0"}, "unexercisedValue": {"raw": 564600, "fmt": "564.6k", "longFmt": "564,600"}}, {"maxAge": 1, "name": "Mr. Darby  Anderson", "age": 58, "title": "Executive VP & Chief Government Relations Officer", "yearBorn": 1966, "fiscalYear": 2024, "totalPay": {"raw": 882997, "fmt": "883k", "longFmt": "882,997"}, "exercisedValue": {"raw": 0, "fmt": null, "longFmt": "0"}, "unexercisedValue": {"raw": 4092146, "fmt": "4.09M", "longFmt": "4,092,146"}}, {"maxAge": 1, "name": "Mr. W. Bradley Bickham J.D.", "age": 61, "title": "Advisor", "yearBorn": 1963, "fiscalYear": 2024, "totalPay": {"raw": 1362181, "fmt": "1.36M", "longFmt": "1,362,181"}, "exercisedValue": {"raw": 0, "fmt": null, "longFmt": "0"}, "unexercisedValue": {"raw": 3199284, "fmt": "3.2M", "longFmt": "3,199,284"}}, {"maxAge": 1, "name": "Mr. Zach  Simpson", "title": "Senior VP & Chief Accounting Officer", "fiscalYear": 2024, "exercisedValue": {"raw": 0, "fmt": null, "longFmt": "0"}, "unexercisedValue": {"raw": 0, "fmt": null, "longFmt": "0"}}, {"maxAge": 1, "name": "Mr. Michael D. Wattenbarger", "age": 54, "title": "Executive VP & Chief Information Officer", "yearBorn": 1970, "fiscalYear": 2024, "totalPay": {"raw": 391106, "fmt": "391.11k", "longFmt": "391,106"}, "exercisedValue": {"raw": 6716, "fmt": "6.72k", "longFmt": "6,716"}, "unexercisedValue": {"raw": 0, "fmt": null, "longFmt": "0"}}, {"maxAge": 1, "name": "Ms. Monica  Raines", "age": 45, "title": "Executive VP and Chief Compliance & Quality Officer", "yearBorn": 1979, "fiscalYear": 2024, "totalPay": {"raw": 538175, "fmt": "538.17k", "longFmt": "538,175"}, "exercisedValue": {"raw": 0, "fmt": null, "longFmt": "0"}, "unexercisedValue": {"raw": 253193, "fmt": "253.19k", "longFmt": "253,193"}}, {"maxAge": 1, "name": "Mr. Roberton James Stevenson", "age": 44, "title": "Executive VP & Chief Human Resource Officer", "yearBorn": 1980, "fiscalYear": 2024, "totalPay": {"raw": 664525, "fmt": "664.52k", "longFmt": "664,525"}, "exercisedValue": {"raw": 0, "fmt": null, "longFmt": "0"}, "unexercisedValue": {"raw": 0, "fmt": null, "longFmt": "0"}}], "auditRisk": 4, "boardRisk": 6, "compensationRisk": 4, "shareHolderRightsRisk": 7, "overallRisk": 6, "governanceEpochDate": 1761955200, "compensationAsOfEpochDate": 1735603200, "executiveTeam": [], "maxAge": 86400}, "calendarEvents": {"maxAge": 1, "earnings": {"earningsDate": [{"raw": 1762203600, "fmt": "2025-11-03"}], "earningsCallDate": [{"raw": 1762264800, "fmt": "2025-11-04"}], "isEarningsDateEstimate": false, "earningsAverage": {"raw": 1.72061, "fmt": "1.72"}, "earningsLow": {"raw": 1.65, "fmt": "1.65"}, "earningsHigh": {"raw": 1.86672, "fmt": "1.87"}, "revenueAverage": {"raw": 364923670, "fmt": "364.92M", "longFmt": "364,923,670"}, "revenueLow": {"raw": 358625000, "fmt": "358.62M", "longFmt": "358,625,000"}, "revenueHigh": {"raw": 376000000, "fmt": "376M", "longFmt": "376,000,000"}}, "exDividendDate": {}, "dividendDate": {}}, "earningsTrend": {"trend": [{"maxAge": 1, "period": "0q", "endDate": "2025-12-31", "growth": {"raw": 0.2468, "fmt": "24.68%"}, "earningsEstimate": {"avg": {"raw": 1.72061, "fmt": "1.72"}, "low": {"raw": 1.65, "fmt": "1.65"}, "high": {"raw": 1.86672, "fmt": "1.87"}, "yearAgoEps": {"raw": 1.38, "fmt": "1.38"}, "numberOfAnalysts": {"raw": 11, "fmt": "11", "longFmt": "11"}, "growth": {"raw": 0.2468, "fmt": "24.68%"}, "earningsCurrency": "USD"}, "revenueEstimate": {"avg": {"raw": 364923670, "fmt": "364.92M", "longFmt": "364,923,670"}, "low": {"raw": 358625000, "fmt": "358.62M", "longFmt": "358,625,000"}, "high": {"raw": 376000000, "fmt": "376M", "longFmt": "376,000,000"}, "numberOfAnalysts": {"raw": 11, "fmt": "11", "longFmt": "11"}, "yearAgoRevenue": {"raw": 297144000, "fmt": "297.14M", "longFmt": "297,144,000"}, "growth": {"raw": 0.2281, "fmt": "22.81%"}, "revenueCurrency": "USD"}, "epsTrend": {"current": {"raw": 1.72061, "fmt": "1.72"}, "7daysAgo": {"raw": 1.72061, "fmt": "1.72"}, "30daysAgo": {"raw": 1.72061, "fmt": "1.72"}, "60daysAgo": {"raw": 1.70283, "fmt": "1.7"}, "90daysAgo": {"raw": 1.6926, "fmt": "1.69"}, "epsTrendCurrency": "USD"}, "epsRevisions": {"upLast7days": {"raw": 2, "fmt": "2", "longFmt": "2"}, "upLast30days": {"raw": 6, "fmt": "6", "longFmt": "6"}, "downLast30days": {"raw": 4, "fmt": "4", "longFmt": "4"}, "downLast7Days": {"raw": 0, "fmt": null, "longFmt": "0"}, "downLast90days": {}, "epsRevisionsCurrency": "USD"}}, {"maxAge": 1, "period": "+1q", "endDate": "2026-03-31", "growth": {"raw": 0.1166, "fmt": "11.66%"}, "earningsEstimate": {"avg": {"raw": 1.58559, "fmt": "1.59"}, "low": {"raw": 1.53353, "fmt": "1.53"}, "high": {"raw": 1.67, "fmt": "1.67"}, "yearAgoEps": {"raw": 1.42, "fmt": "1.42"}, "numberOfAnalysts": {"raw": 6, "fmt": "6", "longFmt": "6"}, "growth": {"raw": 0.1166, "fmt": "11.66%"}, "earningsCurrency": "USD"}, "revenueEstimate": {"avg": {"raw": 364300650, "fmt": "364.3M", "longFmt": "364,300,650"}, "low": {"raw": 360865000, "fmt": "360.87M", "longFmt": "360,865,000"}, "high": {"raw": 369780100, "fmt": "369.78M", "longFmt": "369,780,100"}, "numberOfAnalysts": {"raw": 6, "fmt": "6", "longFmt": "6"}, "yearAgoRevenue": {"raw": 337708000, "fmt": "337.71M", "longFmt": "337,708,000"}, "growth": {"raw": 0.0787, "fmt": "7.87%"}, "revenueCurrency": "USD"}, "epsTrend": {"current": {"raw": 1.58559, "fmt": "1.59"}, "7daysAgo": {"raw": 1.56871, "fmt": "1.57"}, "30daysAgo": {"raw": 1.56871, "fmt": "1.57"}, "60daysAgo": {"raw": 1.58194, "fmt": "1.58"}, "90daysAgo": {"raw": 1.54966, "fmt": "1.55"}, "epsTrendCurrency": "USD"}, "epsRevisions": {"upLast7days": {"raw": 3, "fmt": "3", "longFmt": "3"}, "upLast30days": {"raw": 3, "fmt": "3", "longFmt": "3"}, "downLast30days": {"raw": 1, "fmt": "1", "longFmt": "1"}, "downLast7Days": {"raw": 1, "fmt": "1", "longFmt": "1"}, "downLast90days": {}, "epsRevisionsCurrency": "USD"}}, {"maxAge": 1, "period": "0y", "endDate": "2025-12-31", "growth": {"raw": 0.1726, "fmt": "17.26%"}, "earningsEstimate": {"avg": {"raw": 6.16762, "fmt": "6.17"}, "low": {"raw": 6.1, "fmt": "6.1"}, "high": {"raw": 6.29382, "fmt": "6.29"}, "yearAgoEps": {"raw": 5.26, "fmt": "5.26"}, "numberOfAnalysts": {"raw": 11, "fmt": "11", "longFmt": "11"}, "growth": {"raw": 0.1726, "fmt": "17.26%"}, "earningsCurrency": "USD"}, "revenueEstimate": {"avg": {"raw": 1406504030, "fmt": "1.41B", "longFmt": "1,406,504,030"}, "low": {"raw": 1398900000, "fmt": "1.4B", "longFmt": "1,398,900,000"}, "high": {"raw": 1417000000, "fmt": "1.42B", "longFmt": "1,417,000,000"}, "numberOfAnalysts": {"raw": 11, "fmt": "11", "longFmt": "11"}, "yearAgoRevenue": {"raw": 1154599000, "fmt": "1.15B", "longFmt": "1,154,599,000"}, "growth": {"raw": 0.2182, "fmt": "21.82%"}, "revenueCurrency": "USD"}, "epsTrend": {"current": {"raw": 6.16762, "fmt": "6.17"}, "7daysAgo": {"raw": 6.16762, "fmt": "6.17"}, "30daysAgo": {"raw": 6.16762, "fmt": "6.17"}, "60daysAgo": {"raw": 6.14383, "fmt": "6.14"}, "90daysAgo": {"raw": 6.11358, "fmt": "6.11"}, "epsTrendCurrency": "USD"}, "epsRevisions": {"upLast7days": {"raw": 1, "fmt": "1", "longFmt": "1"}, "upLast30days": {"raw": 7, "fmt": "7", "longFmt": "7"}, "downLast30days": {"raw": 3, "fmt": "3", "longFmt": "3"}, "downLast7Days": {"raw": 0, "fmt": null, "longFmt": "0"}, "downLast90days": {}, "epsRevisionsCurrency": "USD"}}, {"maxAge": 1, "period": "+1y", "endDate": "2026-12-31", "growth": {"raw": 0.109, "fmt": "10.90%"}, "earningsEstimate": {"avg": {"raw": 6.83987, "fmt": "6.84"}, "low": {"raw": 6.72, "fmt": "6.72"}, "high": {"raw": 7.12, "fmt": "7.12"}, "yearAgoEps": {"raw": 6.16762, "fmt": "6.17"}, "numberOfAnalysts": {"raw": 11, "fmt": "11", "longFmt": "11"}, "growth": {"raw": 0.109, "fmt": "10.90%"}, "earningsCurrency": "USD"}, "revenueEstimate": {"avg": {"raw": 1500479970, "fmt": "1.5B", "longFmt": "1,500,479,970"}, "low": {"raw": 1463528000, "fmt": "1.46B", "longFmt": "1,463,528,000"}, "high": {"raw": 1530759000, "fmt": "1.53B", "longFmt": "1,530,759,000"}, "numberOfAnalysts": {"raw": 11, "fmt": "11", "longFmt": "11"}, "yearAgoRevenue": {"raw": 1406504030, "fmt": "1.41B", "longFmt": "1,406,504,030"}, "growth": {"raw": 0.0668, "fmt": "6.68%"}, "revenueCurrency": "USD"}, "epsTrend": {"current": {"raw": 6.83987, "fmt": "6.84"}, "7daysAgo": {"raw": 6.83987, "fmt": "6.84"}, "30daysAgo": {"raw": 6.83987, "fmt": "6.84"}, "60daysAgo": {"raw": 6.83114, "fmt": "6.83"}, "90daysAgo": {"raw": 6.70653, "fmt": "6.71"}, "epsTrendCurrency": "USD"}, "epsRevisions": {"upLast7days": {"raw": 2, "fmt": "2", "longFmt": "2"}, "upLast30days": {"raw": 10, "fmt": "10", "longFmt": "10"}, "downLast30days": {"raw": 1, "fmt": "1", "longFmt": "1"}, "downLast7Days": {"raw": 0, "fmt": null, "longFmt": "0"}, "downLast90days": {}, "epsRevisionsCurrency": "USD"}}], "defaultMethodology": "nongaap", "maxAge": 1}, "earningsHistory": {"history": [{"maxAge": 1, "epsActual": {"raw": 1.38, "fmt": "1.38"}, "epsEstimate": {"raw": 1.35883, "fmt": "1.36"}, "epsDifference": {"raw": 0.02, "fmt": "0.02"}, "surprisePercent": {"raw": 0.0156, "fmt": "1.56%"}, "quarter": {"raw": 1735603200, "fmt": "2024-12-31"}, "currency": "USD", "period": "-4q"}, {"maxAge": 1, "epsActual": {"raw": 1.42, "fmt": "1.42"}, "epsEstimate": {"raw": 1.33281, "fmt": "1.33"}, "epsDifference": {"raw": 0.09, "fmt": "0.09"}, "surprisePercent": {"raw": 0.0654, "fmt": "6.54%"}, "quarter": {"raw": 1743379200, "fmt": "2025-03-31"}, "currency": "USD", "period": "-3q"}, {"maxAge": 1, "epsActual": {"raw": 1.49, "fmt": "1.49"}, "epsEstimate": {"raw": 1.46299, "fmt": "1.46"}, "epsDifference": {"raw": 0.03, "fmt": "0.03"}, "surprisePercent": {"raw": 0.0185, "fmt": "1.85%"}, "quarter": {"raw": 1751241600, "fmt": "2025-06-30"}, "currency": "USD", "period": "-2q"}, {"maxAge": 1, "epsActual": {"raw": 1.56, "fmt": "1.56"}, "epsEstimate": {"raw": 1.53397, "fmt": "1.53"}, "epsDifference": {"raw": 0.03, "fmt": "0.03"}, "surprisePercent": {"raw": 0.017, "fmt": "1.70%"}, "quarter": {"raw": 1759190400, "fmt": "2025-09-30"}, "currency": "USD", "period": "-1q"}], "defaultMethodology": "nongaap", "maxAge": 86400}, "financialData": {"maxAge": 86400, "currentPrice": {"raw": 118.99, "fmt": "118.99"}, "targetHighPrice": {"raw": 160.0, "fmt": "160.00"}, "targetLowPrice": {"raw": 111.0, "fmt": "111.00"}, "targetMeanPrice": {"raw": 141.90909, "fmt": "141.91"}, "targetMedianPrice": {"raw": 145.0, "fmt": "145.00"}, "recommendationMean": {"raw": 1.5, "fmt": "1.50"}, "recommendationKey": "strong_buy", "numberOfAnalystOpinions": {"raw": 11, "fmt": "11", "longFmt": "11"}, "totalCash": {"raw": 91176000, "fmt": "91.18M", "longFmt": "91,176,000"}, "totalCashPerShare": {"raw": 5.02, "fmt": "5.02"}, "ebitda": {"raw": 147550000, "fmt": "147.55M", "longFmt": "147,550,000"}, "totalDebt": {"raw": 222251008, "fmt": "222.25M", "longFmt": "222,251,008"}, "quickRatio": {"raw": 1.549, "fmt": "1.55"}, "currentRatio": {"raw": 1.738, "fmt": "1.74"}, "totalRevenue": {"raw": 1274082048, "fmt": "1.27B", "longFmt": "1,274,082,048"}, "debtToEquity": {"raw": 21.75, "fmt": "21.75%"}, "revenuePerShare": {"raw": 70.974, "fmt": "70.97"}, "returnOnAssets": {"raw": 0.06585, "fmt": "6.58%"}, "returnOnEquity": {"raw": 0.08538, "fmt": "8.54%"}, "grossProfits": {"raw": 415240000, "fmt": "415.24M", "longFmt": "415,240,000"}, "freeCashflow": {"raw": 50854376, "fmt": "50.85M", "longFmt": "50,854,376"}, "operatingCashflow": {"raw": 100421000, "fmt": "100.42M", "longFmt": "100,421,000"}, "earningsGrowth": {"raw": 0.091, "fmt": "9.10%"}, "revenueGrowth": {"raw": 0.218, "fmt": "21.80%"}, "grossMargins": {"raw": 0.32591, "fmt": "32.59%"}, "ebitdaMargins": {"raw": 0.11581001, "fmt": "11.58%"}, "operatingMargins": {"raw": 0.094110005, "fmt": "9.41%"}, "profitMargins": {"raw": 0.065120004, "fmt": "6.51%"}, "financialCurrency": "USD"}}