{"assetProfile": {"address1": "8001 Forsyth Boulevard", "address2": "Suite 1025", "city": "Clayton", "state": "MO", "zip": "63105", "country": "United States", "phone": "314 655 9333", "website": "https://www.youradv.com", "industry": "Advertising Agencies", "industryKey": "advertising-agencies", "industryDisp": "Advertising Agencies", "sector": "Communication Services", "sectorKey": "communication-services", "sectorDisp": "Communication Services", "longBusinessSummary": "Advantage Solutions Inc. provides business solutions to consumer packaged goods companies and retailers in North America, Asia Pacific, and Europe. It operates in three segments: Branded Services, Experiential Services, and Retailer Services. The company offers brokerage services to branded consumer goods manufacturers and retailers; and analytical services, such as retailer point-of-sale, primary market, and shopper research, as well as services, including selling to retailers, retail merchandising, and omni-channel marketing. It also provides supply chain and logistics services; retailers end-to-end solutions that includes private brand strategy, merchandising, retail media, and aisle/shelf optimization; in-store merchandising or reset services; and advisory and agency services. The company was formerly known as Karman Holding Corp. and changed its name to Advantage Solutions Inc. in March 2016. The company was founded in 1987 and is headquartered in Clayton, Missouri.", "fullTimeEmployees": 17000, "companyOfficers": [{"maxAge": 1, "name": "Mr. David A. Peacock", "age": 56, "title": "CEO & Director", "yearBorn": 1968, "fiscalYear": 2024, "totalPay": {"raw": 1881777, "fmt": "1.88M", "longFmt": "1,881,777"}, "exercisedValue": {"raw": 0, "fmt": null, "longFmt": "0"}, "unexercisedValue": {"raw": 432000, "fmt": "432k", "longFmt": "432,000"}}, {"maxAge": 1, "name": "Mr. Michael  Taylor", "age": 51, "title": "COO of Retailer and Experiential Services", "yearBorn": 1973, "fiscalYear": 2024, "totalPay": {"raw": 802931, "fmt": "802.93k", "longFmt": "802,931"}, "exercisedValue": {"raw": 0, "fmt": null, "longFmt": "0"}, "unexercisedValue": {"raw": 154000, "fmt": "154k", "longFmt": "154,000"}}, {"maxAge": 1, "name": "Mr. Daniel  Gore", "age": 55, "title": "Chief Accounting Officer & Principal Accounting Officer", "yearBorn": 1969, "fiscalYear": 2024, "exercisedValue": {"raw": 0, "fmt": null, "longFmt": "0"}, "unexercisedValue": {"raw": 0, "fmt": null, "longFmt": "0"}}, {"maxAge": 1, "name": "Mr. Bryce O. Robinson", "age": 50, "title": "Chief Legal Officer & Corporate Secretary", "yearBorn": 1974, "fiscalYear": 2024, "exercisedValue": {"raw": 0, "fmt": null, "longFmt": "0"}, "unexercisedValue": {"raw": 0, "fmt": null, "longFmt": "0"}}, {"maxAge": 1, "name": "Ms. Pamela  Morris-Thornton", "title": "Chief Human Resources Officer", "fiscalYear": 2024, "exercisedValue": {"raw": 0, "fmt": null, "longFmt": "0"}, "unexercisedValue": {"raw": 0, "fmt": null, "longFmt": "0"}}, {"maxAge": 1, "name": "Mr. Francesco  Tinto", "title": "Chief Digital Officer", "fiscalYear": 2024, "exercisedValue": {"raw": 0, "fmt": null, "longFmt": "0"}, "unexercisedValue": {"raw": 0, "fmt": null, "longFmt": "0"}}, {"maxAge": 1, "name": "Mr. Brian  McRoskey", "title": "Chief Commercial Officer", "fiscalYear": 2024, "exercisedValue": {"raw": 0, "fmt": null, "longFmt": "0"}, "unexercisedValue": {"raw": 0, "fmt": null, "longFmt": "0"}}, {"maxAge": 1, "name": "Mr. George  Johnson", "title": "Chief Workforce Operations Officer", "fiscalYear": 2024, "exercisedValue": {"raw": 0, "fmt": null, "longFmt": "0"}, "unexercisedValue": {"raw": 0, "fmt": null, "longFmt": "0"}}, {"maxAge": 1, "name": "Mr. Dean T. General", "age": 57, "title": "Chief Industry Development Officer", "yearBorn": 1967, "fiscalYear": 2024, "exercisedValue": {"raw": 0, "fmt": null, "longFmt": "0"}, "unexercisedValue": {"raw": 0, "fmt": null, "longFmt": "0"}}, {"maxAge": 1, "name": "Mr. Jeff  Harsh", "age": 52, "title": "COO of Branded Services", "yearBorn": 1972, "fiscalYear": 2024, "exercisedValue": {"raw": 0, "fmt": null, "longFmt": "0"}, "unexercisedValue": {"raw": 0, "fmt": null, "longFmt": "0"}}], "auditRisk": 7, "boardRisk": 8, "compensationRisk": 10, "shareHolderRightsRisk": 7, "overallRisk": 9, "governanceEpochDate": 1761955200, "compensationAsOfEpochDate": 1735603200, "executiveTeam": [], "maxAge": 86400}, "calendarEvents": {"maxAge": 1, "earnings": {"earningsDate": [{"raw": 1762435800, "fmt": "2025-11-06"}], "earningsCallDate": [{"raw": 1762435800, "fmt": "2025-11-06"}], "isEarningsDateEstimate": false, "earningsAverage": {"raw": 0.23617, "fmt": "0.24"}, "earningsLow": {"raw": 0.12, "fmt": "0.12"}, "earningsHigh": {"raw": 0.35234, "fmt": "0.35"}, "revenueAverage": {"raw": 933555280, "fmt": "933.56M", "longFmt": "933,555,280"}, "revenueLow": {"raw": 931800000, "fmt": "931.8M", "longFmt": "931,800,000"}, "revenueHigh": {"raw": 935310550, "fmt": "935.31M", "longFmt": "935,310,550"}}, "exDividendDate": {}, "dividendDate": {}}, "earningsTrend": {"trend": [{"maxAge": 1, "period": "0q", "endDate": "2025-09-30", "growth": {"raw": 72.8031, "fmt": "7,280.31%"}, "earningsEstimate": {"avg": {"raw": 0.23617, "fmt": "0.24"}, "low": {"raw": 0.12, "fmt": "0.12"}, "high": {"raw": 0.35234, "fmt": "0.35"}, "yearAgoEps": {"raw": 0.0032, "fmt": "0"}, "numberOfAnalysts": {"raw": 2, "fmt": "2", "longFmt": "2"}, "growth": {"raw": 72.8031, "fmt": "7,280.31%"}, "earningsCurrency": "USD"}, "revenueEstimate": {"avg": {"raw": 933555280, "fmt": "933.56M", "longFmt": "933,555,280"}, "low": {"raw": 931800000, "fmt": "931.8M", "longFmt": "931,800,000"}, "high": {"raw": 935310550, "fmt": "935.31M", "longFmt": "935,310,550"}, "numberOfAnalysts": {"raw": 2, "fmt": "2", "longFmt": "2"}, "yearAgoRevenue": {"raw": 939270000, "fmt": "939.27M", "longFmt": "939,270,000"}, "growth": {"raw": -0.0061000003, "fmt": "-0.61%"}, "revenueCurrency": "USD"}, "epsTrend": {"current": {"raw": 0.23617, "fmt": "0.24"}, "7daysAgo": {"raw": 0.146, "fmt": "0.15"}, "30daysAgo": {"raw": 0.146, "fmt": "0.15"}, "60daysAgo": {"raw": 0.146, "fmt": "0.15"}, "90daysAgo": {"raw": 0.11382, "fmt": "0.11"}, "epsTrendCurrency": "USD"}, "epsRevisions": {"upLast7days": {"raw": 1, "fmt": "1", "longFmt": "1"}, "upLast30days": {"raw": 1, "fmt": "1", "longFmt": "1"}, "downLast30days": {"raw": 1, "fmt": "1", "longFmt": "1"}, "downLast7Days": {"raw": 1, "fmt": "1", "longFmt": "1"}, "downLast90days": {}, "epsRevisionsCurrency": "USD"}}, {"maxAge": 1, "period": "+1q", "endDate": "2025-12-31", "growth": {"raw": 24.238, "fmt": "2,423.80%"}, "earningsEstimate": {"avg": {"raw": 0.23238, "fmt": "0.23"}, "low": {"raw": 0.11, "fmt": "0.11"}, "high": {"raw": 0.35476, "fmt": "0.35"}, "yearAgoEps": {"raw": -0.01, "fmt": "-0.01"}, "numberOfAnalysts": {"raw": 2, "fmt": "2", "longFmt": "2"}, "growth": {"raw": 24.238, "fmt": "2,423.80%"}, "earningsCurrency": "USD"}, "revenueEstimate": {"avg": {"raw": 893615000, "fmt": "893.62M", "longFmt": "893,615,000"}, "low": {"raw": 884300000, "fmt": "884.3M", "longFmt": "884,300,000"}, "high": {"raw": 902930000, "fmt": "902.93M", "longFmt": "902,930,000"}, "numberOfAnalysts": {"raw": 2, "fmt": "2", "longFmt": "2"}, "yearAgoRevenue": {"raw": 892285000, "fmt": "892.28M", "longFmt": "892,285,000"}, "growth": {"raw": 0.0015, "fmt": "0.15%"}, "revenueCurrency": "USD"}, "epsTrend": {"current": {"raw": 0.23238, "fmt": "0.23"}, "7daysAgo": {"raw": 0.14724, "fmt": "0.15"}, "30daysAgo": {"raw": 0.14724, "fmt": "0.15"}, "60daysAgo": {"raw": 0.14724, "fmt": "0.15"}, "90daysAgo": {"raw": 0.14679, "fmt": "0.15"}, "epsTrendCurrency": "USD"}, "epsRevisions": {"upLast7days": {"raw": 0, "fmt": null, "longFmt": "0"}, "upLast30days": {"raw": 0, "fmt": null, "longFmt": "0"}, "downLast30days": {"raw": 1, "fmt": "1", "longFmt": "1"}, "downLast7Days": {"raw": 1, "fmt": "1", "longFmt": "1"}, "downLast90days": {}, "epsRevisionsCurrency": "USD"}}, {"maxAge": 1, "period": "0y", "endDate": "2025-12-31", "growth": {"raw": 4.394, "fmt": "439.40%"}, "earningsEstimate": {"avg": {"raw": 0.40728, "fmt": "0.41"}, "low": {"raw": 0.26, "fmt": "0.26"}, "high": {"raw": 0.55456, "fmt": "0.55"}, "yearAgoEps": {"raw": -0.12, "fmt": "-0.12"}, "numberOfAnalysts": {"raw": 2, "fmt": "2", "longFmt": "2"}, "growth": {"raw": 4.394, "fmt": "439.40%"}, "earningsCurrency": "USD"}, "revenueEstimate": {"avg": {"raw": 3524050540, "fmt": "3.52B", "longFmt": "3,524,050,540"}, "low": {"raw": 3511700000, "fmt": "3.51B", "longFmt": "3,511,700,000"}, "high": {"raw": 3533739550, "fmt": "3.53B", "longFmt": "3,533,739,550"}, "numberOfAnalysts": {"raw": 3, "fmt": "3", "longFmt": "3"}, "yearAgoRevenue": {"raw": 3566324000, "fmt": "3.57B", "longFmt": "3,566,324,000"}, "growth": {"raw": -0.0119, "fmt": "-1.19%"}, "revenueCurrency": "USD"}, "epsTrend": {"current": {"raw": 0.40728, "fmt": "0.41"}, "7daysAgo": {"raw": 0.38929, "fmt": "0.39"}, "30daysAgo": {"raw": 0.38929, "fmt": "0.39"}, "60daysAgo": {"raw": 0.38929, "fmt": "0.39"}, "90daysAgo": {"raw": 0.41489, "fmt": "0.41"}, "epsTrendCurrency": "USD"}, "epsRevisions": {"upLast7days": {"raw": 1, "fmt": "1", "longFmt": "1"}, "upLast30days": {"raw": 1, "fmt": "1", "longFmt": "1"}, "downLast30days": {"raw": 1, "fmt": "1", "longFmt": "1"}, "downLast7Days": {"raw": 1, "fmt": "1", "longFmt": "1"}, "downLast90days": {}, "epsRevisionsCurrency": "USD"}}, {"maxAge": 1, "period": "+1y", "endDate": "2026-12-31", "growth": {"raw": -0.0915, "fmt": "-9.15%"}, "earningsEstimate": {"avg": {"raw": 0.37, "fmt": "0.37"}, "low": {"raw": 0.37, "fmt": "0.37"}, "high": {"raw": 0.37, "fmt": "0.37"}, "yearAgoEps": {"raw": 0.40728, "fmt": "0.41"}, "numberOfAnalysts": {"raw": 1, "fmt": "1", "longFmt": "1"}, "growth": {"raw": -0.0915, "fmt": "-9.15%"}, "earningsCurrency": "USD"}, "revenueEstimate": {"avg": {"raw": 3548117050, "fmt": "3.55B", "longFmt": "3,548,117,050"}, "low": {"raw": 3544934100, "fmt": "3.54B", "longFmt": "3,544,934,100"}, "high": {"raw": 3551300000, "fmt": "3.55B", "longFmt": "3,551,300,000"}, "numberOfAnalysts": {"raw": 2, "fmt": "2", "longFmt": "2"}, "yearAgoRevenue": {"raw": 3524050540, "fmt": "3.52B", "longFmt": "3,524,050,540"}, "growth": {"raw": 0.0068, "fmt": "0.68%"}, "revenueCurrency": "USD"}, "epsTrend": {"current": {"raw": 0.37, "fmt": "0.37"}, "7daysAgo": {"raw": 0.37, "fmt": "0.37"}, "30daysAgo": {"raw": 0.37, "fmt": "0.37"}, "60daysAgo": {"raw": 0.37, "fmt": "0.37"}, "90daysAgo": {"raw": 0.46, "fmt": "0.46"}, "epsTrendCurrency": "USD"}, "epsRevisions": {"upLast7days": {"raw": 0, "fmt": null, "longFmt": "0"}, "upLast30days": {"raw": 0, "fmt": null, "longFmt": "0"}, "downLast30days": {"raw": 1, "fmt": "1", "longFmt": "1"}, "downLast7Days": {"raw": 1, "fmt": "1", "longFmt": "1"}, "downLast90days": {}, "epsRevisionsCurrency": "USD"}}], "defaultMethodology": "nongaap", "maxAge": 1}, "earningsHistory": {"history": [{"maxAge": 1, "epsActual": {"raw": 0.0032, "fmt": "0"}, "epsEstimate": {"raw": 0.11095, "fmt": "0.11"}, "epsDifference": {"raw": -0.11, "fmt": "-0.11"}, "surprisePercent": {"raw": -0.97120005, "fmt": "-97.12%"}, "quarter": {"raw": 1727654400, "fmt": "2024-09-30"}, "currency": "USD", "period": "-4q"}, {"maxAge": 1, "epsActual": {"raw": -0.01, "fmt": "-0.01"}, "epsEstimate": {"raw": 0.1197, "fmt": "0.12"}, "epsDifference": {"raw": -0.13, "fmt": "-0.13"}, "surprisePercent": {"raw": -1.0835, "fmt": "-108.35%"}, "quarter": {"raw": 1735603200, "fmt": "2024-12-31"}, "currency": "USD", "period": "-3q"}, {"maxAge": 1, "epsActual": {"raw": -0.1344, "fmt": "-0.13"}, "epsEstimate": {"raw": 0.06011, "fmt": "0.06"}, "epsDifference": {"raw": -0.19, "fmt": "-0.19"}, "surprisePercent": {"raw": -3.2359, "fmt": "-323.59%"}, "quarter": {"raw": 1743379200, "fmt": "2025-03-31"}, "currency": "USD", "period": "-2q"}, {"maxAge": 1, "epsActual": {"raw": -0.0432, "fmt": "-0.04"}, "epsEstimate": {"raw": 0.11434, "fmt": "0.11"}, "epsDifference": {"raw": -0.16, "fmt": "-0.16"}, "surprisePercent": {"raw": -1.3778, "fmt": "-137.78%"}, "quarter": {"raw": 1751241600, "fmt": "2025-06-30"}, "currency": "USD", "period": "-1q"}], "defaultMethodology": "nongaap", "maxAge": 86400}, "financialData": {"maxAge": 86400, "currentPrice": {"raw": 1.27, "fmt": "1.27"}, "targetHighPrice": {"raw": 4.0, "fmt": "4.00"}, "targetLowPrice": {"raw": 2.0, "fmt": "2.00"}, "targetMeanPrice": {"raw": 2.83333, "fmt": "2.83"}, "targetMedianPrice": {"raw": 2.5, "fmt": "2.50"}, "recommendationMean": {}, "recommendationKey": "none", "numberOfAnalystOpinions": {"raw": 3, "fmt": "3", "longFmt": "3"}, "totalCash": {"raw": 102869000, "fmt": "102.87M", "longFmt": "102,869,000"}, "totalCashPerShare": {"raw": 0.316, "fmt": "0.32"}, "ebitda": {"raw": 314679008, "fmt": "314.68M", "longFmt": "314,679,008"}, "totalDebt": {"raw": 1678146944, "fmt": "1.68B", "longFmt": "1,678,146,944"}, "quickRatio": {"raw": 1.64, "fmt": "1.64"}, "currentRatio": {"raw": 1.958, "fmt": "1.96"}, "totalRevenue": {"raw": 3527054080, "fmt": "3.53B", "longFmt": "3,527,054,080"}, "debtToEquity": {"raw": 245.496, "fmt": "245.50%"}, "revenuePerShare": {"raw": 10.955, "fmt": "10.95"}, "returnOnAssets": {"raw": 0.021089999, "fmt": "2.11%"}, "returnOnEquity": {"raw": -0.36424, "fmt": "-36.42%"}, "grossProfits": {"raw": 501496992, "fmt": "501.5M", "longFmt": "501,496,992"}, "freeCashflow": {"raw": 215929504, "fmt": "215.93M", "longFmt": "215,929,504"}, "operatingCashflow": {"raw": 1312000, "fmt": "1.31M", "longFmt": "1,312,000"}, "earningsGrowth": {}, "revenueGrowth": {"raw": 0.0, "fmt": "0.00%"}, "grossMargins": {"raw": 0.14219, "fmt": "14.22%"}, "ebitdaMargins": {"raw": 0.08922, "fmt": "8.92%"}, "operatingMargins": {"raw": 0.00849, "fmt": "0.85%"}, "profitMargins": {"raw": -0.08715, "fmt": "-8.72%"}, "financialCurrency": "USD"}}