{"assetProfile": {"address1": "122 East 42nd Street", "address2": "18th Floor", "city": "New York", "state": "NY", "zip": "10168", "country": "United States", "website": "https://www.advanbiomed.com", "industry": "Diagnostics & Research", "industryKey": "diagnostics-research", "industryDisp": "Diagnostics & Research", "sector": "Healthcare", "sectorKey": "healthcare", "sectorDisp": "Healthcare", "longBusinessSummary": "Advanced Biomed Inc., an investment holding company, engages in the research and development of microfluidic biochip technologies for precision oncology detection, diagnosis, and treatment in Taiwan. Its devices include A+Pre, an automated sample preparation system that enables pre-concentration of diluted blood samples; AC-1000, a rare cell device to solve the problem of detection of hypercoagulable state samples of tumor patients; A+SCDrop, a circulating tumor cell (CTC) single-cell capture device; and A+CellScan, an analyzer with an immunostaining chip for immunostaining/analysis of the AC-1000 product. The company also offers microfluidic biochips, such as A+Pre, AC-1000 CTC enrichment, and A+CellScan chips to provide assay products and services to cancer patients. In addition, its immunochromogenic kits include A+CTCE kit to identify epithelial circulating tumor cells and determined by the immunochromogenicity of EpCAM, CK (pan), CD45, and CD14 antibodies; A+CTCM kit to identify mesenchymal circulating tumor cells based on the immunochromogenicity of Vimentin, CD45, and CD14 antibodies; A+EMT to identify epithelial-to-mesenchymal circulating tumor cells determined by the immunochromogenicity of cell-surface Vimentin, and CD45 and CD14 antibodies; and A+CM to identify tumor-associated macrophages based on the immunochromogenicity of PD-L1, CD45, and CD14 antibodies. Further, the company is developing A+LCGuard for early screening of lung cancer. Additionally, it establishes and operates medical clinics in the People's Republic of China. The company was founded in 2014 and is headquartered in New York, New York.", "fullTimeEmployees": 31, "companyOfficers": [{"maxAge": 1, "name": "Dr. Yi  Lu Ph.D.", "age": 59, "title": "CEO & Chairman", "yearBorn": 1965, "fiscalYear": 2025, "exercisedValue": {"raw": 0, "fmt": null, "longFmt": "0"}, "unexercisedValue": {"raw": 0, "fmt": null, "longFmt": "0"}}, {"maxAge": 1, "name": "Mr. Mingze  Yin", "age": 35, "title": "Chief Financial Officer", "yearBorn": 1989, "fiscalYear": 2025, "totalPay": {"raw": 161743, "fmt": "161.74k", "longFmt": "161,743"}, "exercisedValue": {"raw": 0, "fmt": null, "longFmt": "0"}, "unexercisedValue": {"raw": 0, "fmt": null, "longFmt": "0"}}, {"maxAge": 1, "name": "Dr. I-Fang  Cheng Ph.D.", "age": 44, "title": "CTO & Director", "yearBorn": 1980, "fiscalYear": 2025, "exercisedValue": {"raw": 0, "fmt": null, "longFmt": "0"}, "unexercisedValue": {"raw": 0, "fmt": null, "longFmt": "0"}}, {"maxAge": 1, "name": "-  Alan", "title": "Director of Investor Relations", "fiscalYear": 2025, "exercisedValue": {"raw": 0, "fmt": null, "longFmt": "0"}, "unexercisedValue": {"raw": 0, "fmt": null, "longFmt": "0"}}, {"maxAge": 1, "name": "Dr. Hung To Pau Ph.D.", "age": 50, "title": "Secretary", "yearBorn": 1974, "fiscalYear": 2025, "exercisedValue": {"raw": 0, "fmt": null, "longFmt": "0"}, "unexercisedValue": {"raw": 0, "fmt": null, "longFmt": "0"}}], "compensationAsOfEpochDate": 1767139200, "executiveTeam": [], "maxAge": 86400}, "calendarEvents": {"maxAge": 1, "earnings": {"earningsDate": [], "earningsCallDate": [], "isEarningsDateEstimate": false, "earningsAverage": {}, "earningsLow": {}, "earningsHigh": {}, "revenueAverage": {}, "revenueLow": {}, "revenueHigh": {}}, "exDividendDate": {}, "dividendDate": {}}, "earningsTrend": {"trend": [{"maxAge": 1, "period": "0q", "endDate": null, "growth": {}, "earningsEstimate": {"avg": {}, "low": {}, "high": {}, "yearAgoEps": {}, "numberOfAnalysts": {}, "growth": {}, "earningsCurrency": null}, "revenueEstimate": {"avg": {"raw": 0, "fmt": null, "longFmt": "0"}, "low": {"raw": 0, "fmt": null, "longFmt": "0"}, "high": {"raw": 0, "fmt": null, "longFmt": "0"}, "numberOfAnalysts": {"raw": 0, "fmt": null, "longFmt": "0"}, "yearAgoRevenue": {}, "growth": {}, "revenueCurrency": null}, "epsTrend": {"current": {}, "7daysAgo": {}, "30daysAgo": {}, "60daysAgo": {}, "90daysAgo": {}, "epsTrendCurrency": null}, "epsRevisions": {"upLast7days": {}, "upLast30days": {}, "downLast30days": {}, "downLast7Days": {}, "downLast90days": {}, "epsRevisionsCurrency": null}}, {"maxAge": 1, "period": "+1q", "endDate": null, "growth": {}, "earningsEstimate": {"avg": {}, "low": {}, "high": {}, "yearAgoEps": {}, "numberOfAnalysts": {}, "growth": {}, "earningsCurrency": null}, "revenueEstimate": {"avg": {"raw": 0, "fmt": null, "longFmt": "0"}, "low": {"raw": 0, "fmt": null, "longFmt": "0"}, "high": {"raw": 0, "fmt": null, "longFmt": "0"}, "numberOfAnalysts": {"raw": 0, "fmt": null, "longFmt": "0"}, "yearAgoRevenue": {}, "growth": {}, "revenueCurrency": null}, "epsTrend": {"current": {}, "7daysAgo": {}, "30daysAgo": {}, "60daysAgo": {}, "90daysAgo": {}, "epsTrendCurrency": null}, "epsRevisions": {"upLast7days": {}, "upLast30days": {}, "downLast30days": {}, "downLast7Days": {}, "downLast90days": {}, "epsRevisionsCurrency": null}}, {"maxAge": 1, "period": "0y", "endDate": null, "growth": {}, "earningsEstimate": {"avg": {}, "low": {}, "high": {}, "yearAgoEps": {}, "numberOfAnalysts": {}, "growth": {}, "earningsCurrency": null}, "revenueEstimate": {"avg": {"raw": 0, "fmt": null, "longFmt": "0"}, "low": {"raw": 0, "fmt": null, "longFmt": "0"}, "high": {"raw": 0, "fmt": null, "longFmt": "0"}, "numberOfAnalysts": {"raw": 0, "fmt": null, "longFmt": "0"}, "yearAgoRevenue": {}, "growth": {}, "revenueCurrency": null}, "epsTrend": {"current": {}, "7daysAgo": {}, "30daysAgo": {}, "60daysAgo": {}, "90daysAgo": {}, "epsTrendCurrency": null}, "epsRevisions": {"upLast7days": {}, "upLast30days": {}, "downLast30days": {}, "downLast7Days": {}, "downLast90days": {}, "epsRevisionsCurrency": null}}, {"maxAge": 1, "period": "+1y", "endDate": null, "growth": {}, "earningsEstimate": {"avg": {}, "low": {}, "high": {}, "yearAgoEps": {}, "numberOfAnalysts": {}, "growth": {}, "earningsCurrency": null}, "revenueEstimate": {"avg": {"raw": 0, "fmt": null, "longFmt": "0"}, "low": {"raw": 0, "fmt": null, "longFmt": "0"}, "high": {"raw": 0, "fmt": null, "longFmt": "0"}, "numberOfAnalysts": {"raw": 0, "fmt": null, "longFmt": "0"}, "yearAgoRevenue": {}, "growth": {}, "revenueCurrency": null}, "epsTrend": {"current": {}, "7daysAgo": {}, "30daysAgo": {}, "60daysAgo": {}, "90daysAgo": {}, "epsTrendCurrency": null}, "epsRevisions": {"upLast7days": {}, "upLast30days": {}, "downLast30days": {}, "downLast7Days": {}, "downLast90days": {}, "epsRevisionsCurrency": null}}], "defaultMethodology": "nongaap", "maxAge": 1}, "earningsHistory": {"history": [], "defaultMethodology": "nongaap", "maxAge": 86400}, "financialData": {"maxAge": 86400, "currentPrice": {"raw": 0.4603, "fmt": "0.46"}, "targetHighPrice": {}, "targetLowPrice": {}, "targetMeanPrice": {}, "targetMedianPrice": {}, "recommendationMean": {}, "recommendationKey": "none", "numberOfAnalystOpinions": {}, "totalCash": {"raw": 2903915, "fmt": "2.9M", "longFmt": "2,903,915"}, "totalCashPerShare": {"raw": 0.134, "fmt": "0.13"}, "ebitda": {"raw": -2677206, "fmt": "-2.68M", "longFmt": "-2,677,206"}, "totalDebt": {"raw": 1264829, "fmt": "1.26M", "longFmt": "1,264,829"}, "quickRatio": {"raw": 1.086, "fmt": "1.09"}, "currentRatio": {"raw": 2.088, "fmt": "2.09"}, "totalRevenue": {}, "debtToEquity": {"raw": 36.371, "fmt": "36.37%"}, "revenuePerShare": {}, "returnOnAssets": {"raw": -0.34416, "fmt": "-34.42%"}, "returnOnEquity": {"raw": -1.26788, "fmt": "-126.79%"}, "grossProfits": {}, "freeCashflow": {"raw": -4377256, "fmt": "-4.38M", "longFmt": "-4,377,256"}, "operatingCashflow": {"raw": -5825055, "fmt": "-5.83M", "longFmt": "-5,825,055"}, "earningsGrowth": {}, "revenueGrowth": {}, "grossMargins": {"raw": 0.0, "fmt": "0.00%"}, "ebitdaMargins": {"raw": 0.0, "fmt": "0.00%"}, "operatingMargins": {"raw": 0.0, "fmt": "0.00%"}, "profitMargins": {"raw": 0.0, "fmt": "0.00%"}, "financialCurrency": "USD"}}