{"assetProfile": {"address1": "100 Cardinal Way", "city": "Redwood City", "state": "CA", "zip": "94063", "country": "United States", "phone": "650 656 9323", "fax": "650 649 1995", "website": "https://adverum.com", "industry": "Biotechnology", "industryKey": "biotechnology", "industryDisp": "Biotechnology", "sector": "Healthcare", "sectorKey": "healthcare", "sectorDisp": "Healthcare", "longBusinessSummary": "Adverum Biotechnologies, Inc., a clinical-stage company, develops gene therapy product candidates to treat ocular diseases. Its lead product candidate is ixoberogene soroparvovec Ixo-vec, a single intravitreal injection gene therapy candidate used for the treatment of patients with wet age-related macular degeneration and diabetic macular edema which is in phase 2 clinical trials. The company is developing BGTF-027 (AAV.7m8-L-opsin), a novel gene therapy product candidate designed to deliver a functional copy of the OPN1LW gene to the foveal cones of patients suffering from blue cone monochromacy. Adverum Biotechnologies, Inc. has license and collaboration agreements with University of California; GenSight Biologics; Ray Therapeutics; Lexeo Therapeutics; and Virovek, Inc. The company was formerly known as Avalanche Biotechnologies, Inc. and changed its name to Adverum Biotechnologies, Inc. in May 2016. Adverum Biotechnologies, Inc. was incorporated in 2006 and is headquartered in Redwood City, California.", "fullTimeEmployees": 155, "companyOfficers": [{"maxAge": 1, "name": "Dr. Laurent  Fischer M.D.", "age": 60, "title": "President, CEO & Director", "yearBorn": 1964, "fiscalYear": 2024, "totalPay": {"raw": 1120675, "fmt": "1.12M", "longFmt": "1,120,675"}, "exercisedValue": {"raw": 0, "fmt": null, "longFmt": "0"}, "unexercisedValue": {"raw": 0, "fmt": null, "longFmt": "0"}}, {"maxAge": 1, "name": "Ms. Linda M. Rubinstein M.A.", "age": 57, "title": "CFO, Principal Financial Officer & Principal Accounting Officer", "yearBorn": 1967, "fiscalYear": 2024, "totalPay": {"raw": 713240, "fmt": "713.24k", "longFmt": "713,240"}, "exercisedValue": {"raw": 0, "fmt": null, "longFmt": "0"}, "unexercisedValue": {"raw": 0, "fmt": null, "longFmt": "0"}}, {"maxAge": 1, "name": "Mr. Kishor Peter Soparkar J.D.", "age": 53, "title": "Chief Operating Officer", "yearBorn": 1971, "fiscalYear": 2024, "totalPay": {"raw": 725617, "fmt": "725.62k", "longFmt": "725,617"}, "exercisedValue": {"raw": 0, "fmt": null, "longFmt": "0"}, "unexercisedValue": {"raw": 0, "fmt": null, "longFmt": "0"}}, {"maxAge": 1, "name": "Dr. Setareh  Seyedkazemi Pharm.D.", "age": 50, "title": "Chief Development Officer", "yearBorn": 1974, "fiscalYear": 2024, "totalPay": {"raw": 705621, "fmt": "705.62k", "longFmt": "705,621"}, "exercisedValue": {"raw": 0, "fmt": null, "longFmt": "0"}, "unexercisedValue": {"raw": 0, "fmt": null, "longFmt": "0"}}, {"maxAge": 1, "name": "Dr. Rabia Gurses Ozden M.D.", "age": 56, "title": "Chief Medical Officer", "yearBorn": 1968, "fiscalYear": 2024, "totalPay": {"raw": 795099, "fmt": "795.1k", "longFmt": "795,099"}, "exercisedValue": {"raw": 0, "fmt": null, "longFmt": "0"}, "unexercisedValue": {"raw": 0, "fmt": null, "longFmt": "0"}}, {"maxAge": 1, "name": "Dr. R. Andrew Ramelmeier Ph.D.", "age": 62, "title": "Chief Technology Officer", "yearBorn": 1962, "fiscalYear": 2024, "exercisedValue": {"raw": 0, "fmt": null, "longFmt": "0"}, "unexercisedValue": {"raw": 0, "fmt": null, "longFmt": "0"}}, {"maxAge": 1, "name": "Dr. Romuald  Corbau Ph.D.", "age": 55, "title": "Chief Scientific Officer", "yearBorn": 1969, "fiscalYear": 2024, "exercisedValue": {"raw": 0, "fmt": null, "longFmt": "0"}, "unexercisedValue": {"raw": 0, "fmt": null, "longFmt": "0"}}, {"maxAge": 1, "name": "Ms. Aneta  Ferguson", "title": "General Counsel", "fiscalYear": 2024, "exercisedValue": {"raw": 0, "fmt": null, "longFmt": "0"}, "unexercisedValue": {"raw": 0, "fmt": null, "longFmt": "0"}}, {"maxAge": 1, "name": "Ms. Dena  House", "title": "Chief People Officer", "fiscalYear": 2024, "exercisedValue": {"raw": 0, "fmt": null, "longFmt": "0"}, "unexercisedValue": {"raw": 0, "fmt": null, "longFmt": "0"}}, {"maxAge": 1, "name": "Ms. Carla  Fiankan", "title": "Senior Vice President of Regulatory Affairs", "fiscalYear": 2024, "exercisedValue": {"raw": 0, "fmt": null, "longFmt": "0"}, "unexercisedValue": {"raw": 0, "fmt": null, "longFmt": "0"}}], "auditRisk": 10, "boardRisk": 6, "compensationRisk": 8, "shareHolderRightsRisk": 8, "overallRisk": 8, "governanceEpochDate": 1761955200, "compensationAsOfEpochDate": 1735603200, "executiveTeam": [], "maxAge": 86400}, "calendarEvents": {"maxAge": 1, "earnings": {"earningsDate": [{"raw": 1762867800, "fmt": "2025-11-11"}], "earningsCallDate": [], "isEarningsDateEstimate": true, "earningsAverage": {"raw": -1.682, "fmt": "-1.68"}, "earningsLow": {"raw": -2.45, "fmt": "-2.45"}, "earningsHigh": {"raw": -0.84, "fmt": "-0.84"}, "revenueAverage": {"raw": 0, "fmt": null, "longFmt": "0"}, "revenueLow": {"raw": 0, "fmt": null, "longFmt": "0"}, "revenueHigh": {"raw": 0, "fmt": null, "longFmt": "0"}}, "exDividendDate": {}, "dividendDate": {}}, "earningsTrend": {"trend": [{"maxAge": 1, "period": "0q", "endDate": "2025-09-30", "growth": {"raw": -0.2938, "fmt": "-29.38%"}, "earningsEstimate": {"avg": {"raw": -1.682, "fmt": "-1.68"}, "low": {"raw": -2.45, "fmt": "-2.45"}, "high": {"raw": -0.84, "fmt": "-0.84"}, "yearAgoEps": {"raw": -1.3, "fmt": "-1.3"}, "numberOfAnalysts": {"raw": 5, "fmt": "5", "longFmt": "5"}, "growth": {"raw": -0.2938, "fmt": "-29.38%"}, "earningsCurrency": "USD"}, "revenueEstimate": {"avg": {"raw": 0, "fmt": null, "longFmt": "0"}, "low": {"raw": 0, "fmt": null, "longFmt": "0"}, "high": {"raw": 0, "fmt": null, "longFmt": "0"}, "numberOfAnalysts": {"raw": 6, "fmt": "6", "longFmt": "6"}, "yearAgoRevenue": {"raw": 1000000, "fmt": "1M", "longFmt": "1,000,000"}, "growth": {"raw": -1.0, "fmt": "-100.00%"}, "revenueCurrency": "USD"}, "epsTrend": {"current": {"raw": -1.682, "fmt": "-1.68"}, "7daysAgo": {"raw": -1.682, "fmt": "-1.68"}, "30daysAgo": {"raw": -1.682, "fmt": "-1.68"}, "60daysAgo": {"raw": -1.682, "fmt": "-1.68"}, "90daysAgo": {"raw": -0.922, "fmt": "-0.92"}, "epsTrendCurrency": "USD"}, "epsRevisions": {"upLast7days": {"raw": 1, "fmt": "1", "longFmt": "1"}, "upLast30days": {"raw": 1, "fmt": "1", "longFmt": "1"}, "downLast30days": {"raw": 4, "fmt": "4", "longFmt": "4"}, "downLast7Days": {"raw": 4, "fmt": "4", "longFmt": "4"}, "downLast90days": {}, "epsRevisionsCurrency": "USD"}}, {"maxAge": 1, "period": "+1q", "endDate": "2025-12-31", "growth": {"raw": 0.7327, "fmt": "73.27%"}, "earningsEstimate": {"avg": {"raw": -0.524, "fmt": "-0.52"}, "low": {"raw": -1.12, "fmt": "-1.12"}, "high": {"raw": 0.7, "fmt": "0.7"}, "yearAgoEps": {"raw": -1.96, "fmt": "-1.96"}, "numberOfAnalysts": {"raw": 5, "fmt": "5", "longFmt": "5"}, "growth": {"raw": 0.7327, "fmt": "73.27%"}, "earningsCurrency": "USD"}, "revenueEstimate": {"avg": {"raw": 12658330, "fmt": "12.66M", "longFmt": "12,658,330"}, "low": {"raw": 0, "fmt": null, "longFmt": "0"}, "high": {"raw": 75000000, "fmt": "75M", "longFmt": "75,000,000"}, "numberOfAnalysts": {"raw": 6, "fmt": "6", "longFmt": "6"}, "yearAgoRevenue": {"raw": 0, "fmt": null, "longFmt": "0"}, "growth": {"raw": 0.0, "fmt": "0.00%"}, "revenueCurrency": "USD"}, "epsTrend": {"current": {"raw": -0.524, "fmt": "-0.52"}, "7daysAgo": {"raw": -0.616, "fmt": "-0.62"}, "30daysAgo": {"raw": -0.616, "fmt": "-0.62"}, "60daysAgo": {"raw": -0.616, "fmt": "-0.62"}, "90daysAgo": {"raw": -0.668, "fmt": "-0.67"}, "epsTrendCurrency": "USD"}, "epsRevisions": {"upLast7days": {"raw": 2, "fmt": "2", "longFmt": "2"}, "upLast30days": {"raw": 2, "fmt": "2", "longFmt": "2"}, "downLast30days": {"raw": 3, "fmt": "3", "longFmt": "3"}, "downLast7Days": {"raw": 3, "fmt": "3", "longFmt": "3"}, "downLast90days": {}, "epsRevisionsCurrency": "USD"}}, {"maxAge": 1, "period": "0y", "endDate": "2025-12-31", "growth": {"raw": 0.1396, "fmt": "13.96%"}, "earningsEstimate": {"avg": {"raw": -5.696, "fmt": "-5.7"}, "low": {"raw": -7.59, "fmt": "-7.59"}, "high": {"raw": -3.68, "fmt": "-3.68"}, "yearAgoEps": {"raw": -6.62, "fmt": "-6.62"}, "numberOfAnalysts": {"raw": 5, "fmt": "5", "longFmt": "5"}, "growth": {"raw": 0.1396, "fmt": "13.96%"}, "earningsCurrency": "USD"}, "revenueEstimate": {"avg": {"raw": 12658330, "fmt": "12.66M", "longFmt": "12,658,330"}, "low": {"raw": 0, "fmt": null, "longFmt": "0"}, "high": {"raw": 75000000, "fmt": "75M", "longFmt": "75,000,000"}, "numberOfAnalysts": {"raw": 6, "fmt": "6", "longFmt": "6"}, "yearAgoRevenue": {"raw": 1000000, "fmt": "1M", "longFmt": "1,000,000"}, "growth": {"raw": 11.658299, "fmt": "1,165.83%"}, "revenueCurrency": "USD"}, "epsTrend": {"current": {"raw": -5.696, "fmt": "-5.7"}, "7daysAgo": {"raw": -5.31, "fmt": "-5.31"}, "30daysAgo": {"raw": -5.31, "fmt": "-5.31"}, "60daysAgo": {"raw": -5.31, "fmt": "-5.31"}, "90daysAgo": {"raw": -5.204, "fmt": "-5.2"}, "epsTrendCurrency": "USD"}, "epsRevisions": {"upLast7days": {"raw": 1, "fmt": "1", "longFmt": "1"}, "upLast30days": {"raw": 1, "fmt": "1", "longFmt": "1"}, "downLast30days": {"raw": 4, "fmt": "4", "longFmt": "4"}, "downLast7Days": {"raw": 4, "fmt": "4", "longFmt": "4"}, "downLast90days": {}, "epsRevisionsCurrency": "USD"}}, {"maxAge": 1, "period": "+1y", "endDate": "2026-12-31", "growth": {"raw": 0.6879, "fmt": "68.79%"}, "earningsEstimate": {"avg": {"raw": -1.778, "fmt": "-1.78"}, "low": {"raw": -3.21, "fmt": "-3.21"}, "high": {"raw": -0.42, "fmt": "-0.42"}, "yearAgoEps": {"raw": -5.696, "fmt": "-5.7"}, "numberOfAnalysts": {"raw": 5, "fmt": "5", "longFmt": "5"}, "growth": {"raw": 0.6879, "fmt": "68.79%"}, "earningsCurrency": "USD"}, "revenueEstimate": {"avg": {"raw": 12650500, "fmt": "12.65M", "longFmt": "12,650,500"}, "low": {"raw": 0, "fmt": null, "longFmt": "0"}, "high": {"raw": 75000000, "fmt": "75M", "longFmt": "75,000,000"}, "numberOfAnalysts": {"raw": 6, "fmt": "6", "longFmt": "6"}, "yearAgoRevenue": {"raw": 12658330, "fmt": "12.66M", "longFmt": "12,658,330"}, "growth": {"raw": -0.00059999997, "fmt": "-0.06%"}, "revenueCurrency": "USD"}, "epsTrend": {"current": {"raw": -1.778, "fmt": "-1.78"}, "7daysAgo": {"raw": -1.766, "fmt": "-1.77"}, "30daysAgo": {"raw": -1.766, "fmt": "-1.77"}, "60daysAgo": {"raw": -1.766, "fmt": "-1.77"}, "90daysAgo": {"raw": -2.382, "fmt": "-2.38"}, "epsTrendCurrency": "USD"}, "epsRevisions": {"upLast7days": {"raw": 4, "fmt": "4", "longFmt": "4"}, "upLast30days": {"raw": 4, "fmt": "4", "longFmt": "4"}, "downLast30days": {"raw": 1, "fmt": "1", "longFmt": "1"}, "downLast7Days": {"raw": 1, "fmt": "1", "longFmt": "1"}, "downLast90days": {}, "epsRevisionsCurrency": "USD"}}], "defaultMethodology": "nongaap", "maxAge": 1}, "earningsHistory": {"history": [{"maxAge": 1, "epsActual": {"raw": -1.3, "fmt": "-1.3"}, "epsEstimate": {"raw": -1.30167, "fmt": "-1.3"}, "epsDifference": {"raw": 0.0, "fmt": "0"}, "surprisePercent": {"raw": 0.0013, "fmt": "0.13%"}, "quarter": {"raw": 1727654400, "fmt": "2024-09-30"}, "currency": "USD", "period": "-4q"}, {"maxAge": 1, "epsActual": {"raw": -1.96, "fmt": "-1.96"}, "epsEstimate": {"raw": -1.385, "fmt": "-1.38"}, "epsDifference": {"raw": -0.58, "fmt": "-0.58"}, "surprisePercent": {"raw": -0.4152, "fmt": "-41.52%"}, "quarter": {"raw": 1735603200, "fmt": "2024-12-31"}, "currency": "USD", "period": "-3q"}, {"maxAge": 1, "epsActual": {"raw": -2.25, "fmt": "-2.25"}, "epsEstimate": {"raw": -1.974, "fmt": "-1.97"}, "epsDifference": {"raw": -0.28, "fmt": "-0.28"}, "surprisePercent": {"raw": -0.1398, "fmt": "-13.98%"}, "quarter": {"raw": 1743379200, "fmt": "2025-03-31"}, "currency": "USD", "period": "-2q"}, {"maxAge": 1, "epsActual": {"raw": -2.34, "fmt": "-2.34"}, "epsEstimate": {"raw": -2.284, "fmt": "-2.28"}, "epsDifference": {"raw": -0.06, "fmt": "-0.06"}, "surprisePercent": {"raw": -0.024500001, "fmt": "-2.45%"}, "quarter": {"raw": 1751241600, "fmt": "2025-06-30"}, "currency": "USD", "period": "-1q"}], "defaultMethodology": "nongaap", "maxAge": 86400}, "financialData": {"maxAge": 86400, "currentPrice": {"raw": 4.29, "fmt": "4.29"}, "targetHighPrice": {"raw": 30.0, "fmt": "30.00"}, "targetLowPrice": {"raw": 4.0, "fmt": "4.00"}, "targetMeanPrice": {"raw": 9.9, "fmt": "9.90"}, "targetMedianPrice": {"raw": 5.0, "fmt": "5.00"}, "recommendationMean": {"raw": 2.16667, "fmt": "2.17"}, "recommendationKey": "buy", "numberOfAnalystOpinions": {"raw": 5, "fmt": "5", "longFmt": "5"}, "totalCash": {"raw": 44397000, "fmt": "44.4M", "longFmt": "44,397,000"}, "totalCashPerShare": {"raw": 2.116, "fmt": "2.12"}, "ebitda": {"raw": -172214000, "fmt": "-172.21M", "longFmt": "-172,214,000"}, "totalDebt": {"raw": 92221000, "fmt": "92.22M", "longFmt": "92,221,000"}, "quickRatio": {"raw": 1.416, "fmt": "1.42"}, "currentRatio": {"raw": 1.543, "fmt": "1.54"}, "totalRevenue": {"raw": 1000000, "fmt": "1M", "longFmt": "1,000,000"}, "debtToEquity": {}, "revenuePerShare": {"raw": 0.048, "fmt": "0.05"}, "returnOnAssets": {"raw": -0.62549996, "fmt": "-62.55%"}, "returnOnEquity": {"raw": -2.29338, "fmt": "-229.34%"}, "grossProfits": {"raw": -109406000, "fmt": "-109.41M", "longFmt": "-109,406,000"}, "freeCashflow": {"raw": -82016496, "fmt": "-82.02M", "longFmt": "-82,016,496"}, "operatingCashflow": {"raw": -130911000, "fmt": "-130.91M", "longFmt": "-130,911,000"}, "earningsGrowth": {}, "revenueGrowth": {}, "grossMargins": {"raw": 0.0, "fmt": "0.00%"}, "ebitdaMargins": {"raw": 0.0, "fmt": "0.00%"}, "operatingMargins": {"raw": -175.13199, "fmt": "-17,513.20%"}, "profitMargins": {"raw": 0.0, "fmt": "0.00%"}, "financialCurrency": "USD"}}