{"assetProfile": {"address1": "Chemin des Mines, 9", "city": "Geneva", "zip": "1202", "country": "Switzerland", "phone": "41 22 884 1555", "fax": "41 22 884 1556", "website": "https://www.addextherapeutics.com", "industry": "Biotechnology", "industryKey": "biotechnology", "industryDisp": "Biotechnology", "sector": "Healthcare", "sectorKey": "healthcare", "sectorDisp": "Healthcare", "longBusinessSummary": "Addex Therapeutics Ltd discovers, develops, and commercializes small-molecule pharmaceutical products for neurological disorders in Switzerland. The company focuses on the discovery of G-protein coupled receptors and enzymes. Its lead programs include Dipraglurant, which is in phase 1 clinical trial for the treatment of post-stroke/TBI recovery, as well as to treat Parkinson's disease levodopa-induced dyskinesia. The company also develops ADX71149, a novel orally active metabotropic glutamate receptor subtype 2 positive allosteric modulator (mGlu2 PAM); and GABAB PAM for the treatment pain, anxiety, addiction, cough, and overactive bladder. It has license and collaboration agreement with Janssen Pharmaceuticals Inc. for the develop mGlu2 PAM compounds for the treatment of human health; and license and research agreement with Indivior PLC discovery, development, and commercialization of novel GABAB PAM compounds for the treatment of addiction and other CNS diseases. The company was formerly known as Addex Pharmaceuticals Ltd. Addex Therapeutics Ltd was founded in 2002 and is based in Geneva, Switzerland.", "fullTimeEmployees": 2, "companyOfficers": [{"maxAge": 1, "name": "Mr. Timothy Mark Dyer", "age": 56, "title": "Co-Founder, CEO & Director", "yearBorn": 1968, "fiscalYear": 2024, "exercisedValue": {"raw": 0, "fmt": null, "longFmt": "0"}, "unexercisedValue": {"raw": 0, "fmt": null, "longFmt": "0"}}, {"maxAge": 1, "name": "Dr. Roger G. Mills M.D.", "age": 67, "title": "Chief Medical Officer & Director", "yearBorn": 1957, "fiscalYear": 2024, "totalPay": {"raw": 34468, "fmt": "34.47k", "longFmt": "34,468"}, "exercisedValue": {"raw": 0, "fmt": null, "longFmt": "0"}, "unexercisedValue": {"raw": 0, "fmt": null, "longFmt": "0"}}, {"maxAge": 1, "name": "Mr. L\u00e9naic  Teyss\u00e9dou", "age": 38, "title": "Head of Finance", "yearBorn": 1986, "fiscalYear": 2024, "exercisedValue": {"raw": 0, "fmt": null, "longFmt": "0"}, "unexercisedValue": {"raw": 0, "fmt": null, "longFmt": "0"}}, {"maxAge": 1, "name": "Dr. Mikhail  Kalinichev Ph.D.", "age": 57, "title": "Head of Translational Science", "yearBorn": 1967, "fiscalYear": 2024, "exercisedValue": {"raw": 0, "fmt": null, "longFmt": "0"}, "unexercisedValue": {"raw": 0, "fmt": null, "longFmt": "0"}}], "compensationAsOfEpochDate": 1735603200, "executiveTeam": [], "maxAge": 86400}, "calendarEvents": {"maxAge": 1, "earnings": {"earningsDate": [{"raw": 1756702800, "fmt": "2025-09-01"}], "earningsCallDate": [], "isEarningsDateEstimate": false, "earningsAverage": {}, "earningsLow": {}, "earningsHigh": {}, "revenueAverage": {}, "revenueLow": {}, "revenueHigh": {}}, "exDividendDate": {}, "dividendDate": {}}, "earningsTrend": {"trend": [{"maxAge": 1, "period": "0q", "endDate": null, "growth": {}, "earningsEstimate": {"avg": {}, "low": {}, "high": {}, "yearAgoEps": {}, "numberOfAnalysts": {}, "growth": {}, "earningsCurrency": null}, "revenueEstimate": {"avg": {"raw": 0, "fmt": null, "longFmt": "0"}, "low": {"raw": 0, "fmt": null, "longFmt": "0"}, "high": {"raw": 0, "fmt": null, "longFmt": "0"}, "numberOfAnalysts": {"raw": 0, "fmt": null, "longFmt": "0"}, "yearAgoRevenue": {}, "growth": {}, "revenueCurrency": null}, "epsTrend": {"current": {}, "7daysAgo": {}, "30daysAgo": {}, "60daysAgo": {}, "90daysAgo": {}, "epsTrendCurrency": null}, "epsRevisions": {"upLast7days": {}, "upLast30days": {}, "downLast30days": {}, "downLast7Days": {}, "downLast90days": {}, "epsRevisionsCurrency": null}}, {"maxAge": 1, "period": "+1q", "endDate": null, "growth": {}, "earningsEstimate": {"avg": {}, "low": {}, "high": {}, "yearAgoEps": {}, "numberOfAnalysts": {}, "growth": {}, "earningsCurrency": null}, "revenueEstimate": {"avg": {"raw": 0, "fmt": null, "longFmt": "0"}, "low": {"raw": 0, "fmt": null, "longFmt": "0"}, "high": {"raw": 0, "fmt": null, "longFmt": "0"}, "numberOfAnalysts": {"raw": 0, "fmt": null, "longFmt": "0"}, "yearAgoRevenue": {}, "growth": {}, "revenueCurrency": null}, "epsTrend": {"current": {}, "7daysAgo": {}, "30daysAgo": {}, "60daysAgo": {}, "90daysAgo": {}, "epsTrendCurrency": null}, "epsRevisions": {"upLast7days": {}, "upLast30days": {}, "downLast30days": {}, "downLast7Days": {}, "downLast90days": {}, "epsRevisionsCurrency": null}}, {"maxAge": 1, "period": "0y", "endDate": "2025-12-31", "growth": {}, "earningsEstimate": {"avg": {}, "low": {}, "high": {}, "yearAgoEps": {}, "numberOfAnalysts": {}, "growth": {}, "earningsCurrency": null}, "revenueEstimate": {"avg": {"raw": 1500000, "fmt": "1.5M", "longFmt": "1,500,000"}, "low": {"raw": 1500000, "fmt": "1.5M", "longFmt": "1,500,000"}, "high": {"raw": 1500000, "fmt": "1.5M", "longFmt": "1,500,000"}, "numberOfAnalysts": {"raw": 1, "fmt": "1", "longFmt": "1"}, "yearAgoRevenue": {"raw": 410000, "fmt": "410k", "longFmt": "410,000"}, "growth": {"raw": 2.6585, "fmt": "265.85%"}, "revenueCurrency": "CHF"}, "epsTrend": {"current": {}, "7daysAgo": {}, "30daysAgo": {}, "60daysAgo": {}, "90daysAgo": {}, "epsTrendCurrency": null}, "epsRevisions": {"upLast7days": {}, "upLast30days": {}, "downLast30days": {}, "downLast7Days": {}, "downLast90days": {}, "epsRevisionsCurrency": null}}, {"maxAge": 1, "period": "+1y", "endDate": "2026-12-31", "growth": {}, "earningsEstimate": {"avg": {}, "low": {}, "high": {}, "yearAgoEps": {}, "numberOfAnalysts": {}, "growth": {}, "earningsCurrency": null}, "revenueEstimate": {"avg": {"raw": 1500000, "fmt": "1.5M", "longFmt": "1,500,000"}, "low": {"raw": 1500000, "fmt": "1.5M", "longFmt": "1,500,000"}, "high": {"raw": 1500000, "fmt": "1.5M", "longFmt": "1,500,000"}, "numberOfAnalysts": {"raw": 1, "fmt": "1", "longFmt": "1"}, "yearAgoRevenue": {"raw": 1500000, "fmt": "1.5M", "longFmt": "1,500,000"}, "growth": {"raw": 0.0, "fmt": "0.00%"}, "revenueCurrency": "CHF"}, "epsTrend": {"current": {}, "7daysAgo": {}, "30daysAgo": {}, "60daysAgo": {}, "90daysAgo": {}, "epsTrendCurrency": null}, "epsRevisions": {"upLast7days": {}, "upLast30days": {}, "downLast30days": {}, "downLast7Days": {}, "downLast90days": {}, "epsRevisionsCurrency": null}}], "defaultMethodology": "nongaap", "maxAge": 1}, "earningsHistory": {"history": [], "defaultMethodology": "nongaap", "maxAge": 86400}, "financialData": {"maxAge": 86400, "currentPrice": {"raw": 8.71, "fmt": "8.71"}, "targetHighPrice": {}, "targetLowPrice": {}, "targetMeanPrice": {}, "targetMedianPrice": {}, "recommendationMean": {}, "recommendationKey": "none", "numberOfAnalystOpinions": {}, "totalCash": {"raw": 2300994, "fmt": "2.3M", "longFmt": "2,300,994"}, "totalCashPerShare": {"raw": 0.021, "fmt": "0.02"}, "ebitda": {"raw": -2325371, "fmt": "-2.33M", "longFmt": "-2,325,371"}, "totalDebt": {"raw": 38387, "fmt": "38.39k", "longFmt": "38,387"}, "quickRatio": {"raw": 2.034, "fmt": "2.03"}, "currentRatio": {"raw": 2.31, "fmt": "2.31"}, "totalRevenue": {"raw": 167285, "fmt": "167.28k", "longFmt": "167,285"}, "debtToEquity": {"raw": 0.532, "fmt": "0.53%"}, "revenuePerShare": {"raw": 0.24, "fmt": "0.24"}, "returnOnAssets": {"raw": -0.13551, "fmt": "-13.55%"}, "returnOnEquity": {"raw": -0.61912996, "fmt": "-61.91%"}, "grossProfits": {"raw": -493098, "fmt": "-493.1k", "longFmt": "-493,098"}, "freeCashflow": {"raw": -554191, "fmt": "-554.19k", "longFmt": "-554,191"}, "operatingCashflow": {"raw": -1440687, "fmt": "-1.44M", "longFmt": "-1,440,687"}, "earningsGrowth": {}, "revenueGrowth": {"raw": -0.684, "fmt": "-68.40%"}, "grossMargins": {"raw": -2.9476502, "fmt": "-294.77%"}, "ebitdaMargins": {"raw": 0.0, "fmt": "0.00%"}, "operatingMargins": {"raw": -20.1484, "fmt": "-2,014.84%"}, "profitMargins": {"raw": 0.0, "fmt": "0.00%"}, "financialCurrency": "CHF"}}