{"assetProfile": {"address1": "Schulstrasse 4", "city": "Frauenfeld", "zip": "8500", "country": "Switzerland", "phone": "41 44 308 58 00", "website": "https://www.aebi-schmidt.com", "industry": "Farm & Heavy Construction Machinery", "industryKey": "farm-heavy-construction-machinery", "industryDisp": "Farm & Heavy Construction Machinery", "sector": "Industrials", "sectorKey": "industrials", "sectorDisp": "Industrials", "longBusinessSummary": "Aebi Schmidt Holding AG develops and manufactures special-purpose vehicles and attachments. It offers winter maintenance technology products, including snow clearance and de-icing equipment, as well as attachments for tractors and Mercedes-Benz Unimog; airport technology products, such as snow clearance and de-icing equipment, sweepers, and control systems; and agricultural engineering solutions, such as implement carriers for steep slopes, multipurpose transporters, and motor mowers/single-axle machines. The company also provides such as on-demand, remote diagnostics warranty extension, service checks and contracts, vProtect maintenance and services, as well as digital solutions. In addition, it offers spreaders, sprayers, snow ploughs snow removal machines, and truck equipment and trailers. Aebi Schmidt Holding AG was founded in 1883 and is based in Frauenfeld, Switzerland with production facilities in Burgdorf, Switzerland; St. Blasien, Germany; Holten, the Netherlands; and Kielce, Poland; Jyv\u00e4skyl\u00e4, Finland; Indiana, Michigan, Wisconsin, Pennsylvania, Illinois, Minnesota, USA; and Quebec, Canada.", "fullTimeEmployees": 3000, "companyOfficers": [{"maxAge": 1, "name": "Mr. Barend  Fruithof", "age": 57, "title": "Group Chief Executive Officer & Director", "yearBorn": 1967, "fiscalYear": 2024, "totalPay": {"raw": 1701237, "fmt": "1.7M", "longFmt": "1,701,237"}, "exercisedValue": {"raw": 0, "fmt": null, "longFmt": "0"}, "unexercisedValue": {"raw": 0, "fmt": null, "longFmt": "0"}}, {"maxAge": 1, "name": "Mr. Steffen  Schewerda", "age": 52, "title": "Chief Executive Officer of North America", "yearBorn": 1972, "fiscalYear": 2024, "totalPay": {"raw": 844367, "fmt": "844.37k", "longFmt": "844,367"}, "exercisedValue": {"raw": 0, "fmt": null, "longFmt": "0"}, "unexercisedValue": {"raw": 0, "fmt": null, "longFmt": "0"}}, {"maxAge": 1, "name": "Mr. Thomas  Schenkirsch", "age": 48, "title": "Head Group Strategic Development & Deputy Group CEO", "yearBorn": 1976, "fiscalYear": 2024, "totalPay": {"raw": 452673, "fmt": "452.67k", "longFmt": "452,673"}, "exercisedValue": {"raw": 0, "fmt": null, "longFmt": "0"}, "unexercisedValue": {"raw": 0, "fmt": null, "longFmt": "0"}}, {"maxAge": 1, "name": "Mr. Marco  Portmann", "title": "Chief Financial Officer", "fiscalYear": 2024, "exercisedValue": {"raw": 0, "fmt": null, "longFmt": "0"}, "unexercisedValue": {"raw": 0, "fmt": null, "longFmt": "0"}}, {"maxAge": 1, "name": "Mr. Marco  Studer", "age": 48, "title": "Member of Management Board", "yearBorn": 1976, "fiscalYear": 2024, "exercisedValue": {"raw": 0, "fmt": null, "longFmt": "0"}, "unexercisedValue": {"raw": 0, "fmt": null, "longFmt": "0"}}, {"maxAge": 1, "name": "Mr. Rudi  Rosenkamp", "age": 61, "title": "CCO and Member of Management Board", "yearBorn": 1963, "fiscalYear": 2024, "exercisedValue": {"raw": 0, "fmt": null, "longFmt": "0"}, "unexercisedValue": {"raw": 0, "fmt": null, "longFmt": "0"}}, {"maxAge": 1, "name": "Mr. Jochen  Schneider", "age": 62, "title": "Member of Management Board", "yearBorn": 1962, "fiscalYear": 2024, "exercisedValue": {"raw": 0, "fmt": null, "longFmt": "0"}, "unexercisedValue": {"raw": 0, "fmt": null, "longFmt": "0"}}, {"maxAge": 1, "name": "Mr. Jacob  Farmer", "age": 46, "title": "President of Commercial & Fleet", "yearBorn": 1978, "fiscalYear": 2024, "exercisedValue": {"raw": 0, "fmt": null, "longFmt": "0"}, "unexercisedValue": {"raw": 0, "fmt": null, "longFmt": "0"}}, {"maxAge": 1, "name": "Mr. Stefan  Kaltenbach", "title": "Chief Supply Chain", "fiscalYear": 2024, "exercisedValue": {"raw": 0, "fmt": null, "longFmt": "0"}, "unexercisedValue": {"raw": 0, "fmt": null, "longFmt": "0"}}, {"maxAge": 1, "name": "Mr. Henning  Schroeder", "title": "Chief Executive Officer of Europe", "fiscalYear": 2024, "exercisedValue": {"raw": 0, "fmt": null, "longFmt": "0"}, "unexercisedValue": {"raw": 0, "fmt": null, "longFmt": "0"}}], "compensationAsOfEpochDate": 1735603200, "executiveTeam": [], "maxAge": 86400}, "calendarEvents": {"maxAge": 1, "earnings": {"earningsDate": [{"raw": 1763040600, "fmt": "2025-11-13"}], "earningsCallDate": [{"raw": 1763067600, "fmt": "2025-11-13"}], "isEarningsDateEstimate": false, "earningsAverage": {"raw": 0.13, "fmt": "0.13"}, "earningsLow": {"raw": 0.1, "fmt": "0.10"}, "earningsHigh": {"raw": 0.19, "fmt": "0.19"}, "revenueAverage": {"raw": 488143330, "fmt": "488.14M", "longFmt": "488,143,330"}, "revenueLow": {"raw": 471700000, "fmt": "471.7M", "longFmt": "471,700,000"}, "revenueHigh": {"raw": 505630000, "fmt": "505.63M", "longFmt": "505,630,000"}}, "exDividendDate": {"raw": 1763337600, "fmt": "2025-11-17"}, "dividendDate": {"raw": 1766016000, "fmt": "2025-12-18"}}, "earningsTrend": {"trend": [{"maxAge": 1, "period": "0q", "endDate": "2025-09-30", "growth": {}, "earningsEstimate": {"avg": {"raw": 0.13, "fmt": "0.13"}, "low": {"raw": 0.1, "fmt": "0.1"}, "high": {"raw": 0.19, "fmt": "0.19"}, "yearAgoEps": {}, "numberOfAnalysts": {"raw": 3, "fmt": "3", "longFmt": "3"}, "growth": {}, "earningsCurrency": "USD"}, "revenueEstimate": {"avg": {"raw": 488143330, "fmt": "488.14M", "longFmt": "488,143,330"}, "low": {"raw": 471700000, "fmt": "471.7M", "longFmt": "471,700,000"}, "high": {"raw": 505630000, "fmt": "505.63M", "longFmt": "505,630,000"}, "numberOfAnalysts": {"raw": 3, "fmt": "3", "longFmt": "3"}, "yearAgoRevenue": {}, "growth": {}, "revenueCurrency": "USD"}, "epsTrend": {"current": {"raw": 0.13, "fmt": "0.13"}, "7daysAgo": {"raw": 0.28, "fmt": "0.28"}, "30daysAgo": {"raw": 0.28, "fmt": "0.28"}, "60daysAgo": {"raw": 0.0, "fmt": "0"}, "90daysAgo": {"raw": 0.0, "fmt": "0"}, "epsTrendCurrency": "USD"}, "epsRevisions": {"upLast7days": {"raw": 0, "fmt": null, "longFmt": "0"}, "upLast30days": {"raw": 0, "fmt": null, "longFmt": "0"}, "downLast30days": {"raw": 0, "fmt": null, "longFmt": "0"}, "downLast7Days": {"raw": 0, "fmt": null, "longFmt": "0"}, "downLast90days": {}, "epsRevisionsCurrency": "USD"}}, {"maxAge": 1, "period": "+1q", "endDate": "2025-12-31", "growth": {}, "earningsEstimate": {"avg": {"raw": 0.25, "fmt": "0.25"}, "low": {"raw": 0.2, "fmt": "0.2"}, "high": {"raw": 0.33, "fmt": "0.33"}, "yearAgoEps": {}, "numberOfAnalysts": {"raw": 3, "fmt": "3", "longFmt": "3"}, "growth": {}, "earningsCurrency": "USD"}, "revenueEstimate": {"avg": {"raw": 543546670, "fmt": "543.55M", "longFmt": "543,546,670"}, "low": {"raw": 513740000, "fmt": "513.74M", "longFmt": "513,740,000"}, "high": {"raw": 586400000, "fmt": "586.4M", "longFmt": "586,400,000"}, "numberOfAnalysts": {"raw": 3, "fmt": "3", "longFmt": "3"}, "yearAgoRevenue": {}, "growth": {}, "revenueCurrency": "USD"}, "epsTrend": {"current": {"raw": 0.25, "fmt": "0.25"}, "7daysAgo": {"raw": 0.275, "fmt": "0.28"}, "30daysAgo": {"raw": 0.275, "fmt": "0.28"}, "60daysAgo": {"raw": 0.0, "fmt": "0"}, "90daysAgo": {"raw": 0.0, "fmt": "0"}, "epsTrendCurrency": "USD"}, "epsRevisions": {"upLast7days": {"raw": 0, "fmt": null, "longFmt": "0"}, "upLast30days": {"raw": 0, "fmt": null, "longFmt": "0"}, "downLast30days": {"raw": 0, "fmt": null, "longFmt": "0"}, "downLast7Days": {"raw": 0, "fmt": null, "longFmt": "0"}, "downLast90days": {}, "epsRevisionsCurrency": "USD"}}, {"maxAge": 1, "period": "0y", "endDate": "2025-12-31", "growth": {}, "earningsEstimate": {"avg": {"raw": 0.42667, "fmt": "0.43"}, "low": {"raw": 0.21, "fmt": "0.21"}, "high": {"raw": 0.57, "fmt": "0.57"}, "yearAgoEps": {}, "numberOfAnalysts": {"raw": 3, "fmt": "3", "longFmt": "3"}, "growth": {}, "earningsCurrency": "USD"}, "revenueEstimate": {"avg": {"raw": 1587876670, "fmt": "1.59B", "longFmt": "1,587,876,670"}, "low": {"raw": 1398100000, "fmt": "1.4B", "longFmt": "1,398,100,000"}, "high": {"raw": 1926730000, "fmt": "1.93B", "longFmt": "1,926,730,000"}, "numberOfAnalysts": {"raw": 3, "fmt": "3", "longFmt": "3"}, "yearAgoRevenue": {}, "growth": {}, "revenueCurrency": "USD"}, "epsTrend": {"current": {"raw": 0.42667, "fmt": "0.43"}, "7daysAgo": {"raw": 0.795, "fmt": "0.8"}, "30daysAgo": {"raw": 0.795, "fmt": "0.8"}, "60daysAgo": {"raw": 0.0, "fmt": "0"}, "90daysAgo": {"raw": 0.0, "fmt": "0"}, "epsTrendCurrency": "USD"}, "epsRevisions": {"upLast7days": {"raw": 0, "fmt": null, "longFmt": "0"}, "upLast30days": {"raw": 0, "fmt": null, "longFmt": "0"}, "downLast30days": {"raw": 0, "fmt": null, "longFmt": "0"}, "downLast7Days": {"raw": 0, "fmt": null, "longFmt": "0"}, "downLast90days": {}, "epsRevisionsCurrency": "USD"}}, {"maxAge": 1, "period": "+1y", "endDate": "2026-12-31", "growth": {"raw": 1.1719, "fmt": "117.19%"}, "earningsEstimate": {"avg": {"raw": 0.92667, "fmt": "0.93"}, "low": {"raw": 0.83, "fmt": "0.83"}, "high": {"raw": 1.0, "fmt": "1"}, "yearAgoEps": {"raw": 0.42667, "fmt": "0.43"}, "numberOfAnalysts": {"raw": 3, "fmt": "3", "longFmt": "3"}, "growth": {"raw": 1.1719, "fmt": "117.19%"}, "earningsCurrency": "USD"}, "revenueEstimate": {"avg": {"raw": 2039720000, "fmt": "2.04B", "longFmt": "2,039,720,000"}, "low": {"raw": 1996200000, "fmt": "2B", "longFmt": "1,996,200,000"}, "high": {"raw": 2065760000, "fmt": "2.07B", "longFmt": "2,065,760,000"}, "numberOfAnalysts": {"raw": 3, "fmt": "3", "longFmt": "3"}, "yearAgoRevenue": {"raw": 1587876670, "fmt": "1.59B", "longFmt": "1,587,876,670"}, "growth": {"raw": 0.2846, "fmt": "28.46%"}, "revenueCurrency": "USD"}, "epsTrend": {"current": {"raw": 0.92667, "fmt": "0.93"}, "7daysAgo": {"raw": 1.13, "fmt": "1.13"}, "30daysAgo": {"raw": 1.13, "fmt": "1.13"}, "60daysAgo": {"raw": 0.0, "fmt": "0"}, "90daysAgo": {"raw": 0.0, "fmt": "0"}, "epsTrendCurrency": "USD"}, "epsRevisions": {"upLast7days": {"raw": 0, "fmt": null, "longFmt": "0"}, "upLast30days": {"raw": 0, "fmt": null, "longFmt": "0"}, "downLast30days": {"raw": 0, "fmt": null, "longFmt": "0"}, "downLast7Days": {"raw": 0, "fmt": null, "longFmt": "0"}, "downLast90days": {}, "epsRevisionsCurrency": "USD"}}], "defaultMethodology": "nongaap", "maxAge": 1}, "earningsHistory": {"history": [{"maxAge": 1, "epsActual": {"raw": 0.0777, "fmt": "0.08"}, "epsEstimate": {"raw": 0.095, "fmt": "0.09"}, "epsDifference": {"raw": -0.02, "fmt": "-0.02"}, "surprisePercent": {"raw": -0.1821, "fmt": "-18.21%"}, "quarter": {"raw": 1751241600, "fmt": "2025-06-30"}, "currency": "USD", "period": "-1q"}], "defaultMethodology": "nongaap", "maxAge": 86400}, "financialData": {"maxAge": 86400, "currentPrice": {"raw": 11.14, "fmt": "11.14"}, "targetHighPrice": {"raw": 16.0, "fmt": "16.00"}, "targetLowPrice": {"raw": 15.0, "fmt": "15.00"}, "targetMeanPrice": {"raw": 15.5, "fmt": "15.50"}, "targetMedianPrice": {"raw": 15.5, "fmt": "15.50"}, "recommendationMean": {}, "recommendationKey": "none", "numberOfAnalystOpinions": {"raw": 2, "fmt": "2", "longFmt": "2"}, "totalCash": {"raw": 63579000, "fmt": "63.58M", "longFmt": "63,579,000"}, "totalCashPerShare": {"raw": 0.822, "fmt": "0.82"}, "ebitda": {"raw": 84292000, "fmt": "84.29M", "longFmt": "84,292,000"}, "totalDebt": {"raw": 560100992, "fmt": "560.1M", "longFmt": "560,100,992"}, "quickRatio": {"raw": 0.899, "fmt": "0.90"}, "currentRatio": {"raw": 1.963, "fmt": "1.96"}, "totalRevenue": {"raw": 1087607040, "fmt": "1.09B", "longFmt": "1,087,607,040"}, "debtToEquity": {"raw": 155.931, "fmt": "155.93%"}, "revenuePerShare": {"raw": 26.949, "fmt": "26.95"}, "returnOnAssets": {}, "returnOnEquity": {}, "grossProfits": {"raw": 222468992, "fmt": "222.47M", "longFmt": "222,468,992"}, "freeCashflow": {}, "operatingCashflow": {"raw": 54699000, "fmt": "54.7M", "longFmt": "54,699,000"}, "earningsGrowth": {}, "revenueGrowth": {"raw": 0.042, "fmt": "4.20%"}, "grossMargins": {"raw": 0.20455, "fmt": "20.45%"}, "ebitdaMargins": {"raw": 0.0775, "fmt": "7.75%"}, "operatingMargins": {"raw": 0.053260002, "fmt": "5.33%"}, "profitMargins": {"raw": 0.01245, "fmt": "1.25%"}, "financialCurrency": "USD"}}