{"assetProfile": {"address1": "Junbing Industrial Zone", "city": "Jinjiang", "country": "China", "website": "https://www.aehltd.com", "industry": "Building Products & Equipment", "industryKey": "building-products-equipment", "industryDisp": "Building Products & Equipment", "sector": "Industrials", "sectorKey": "industrials", "sectorDisp": "Industrials", "longBusinessSummary": "Antelope Enterprise Holdings Limited, through its subsidiaries, provides livestream e-commerce, and business management and information systems consulting services in the People's Republic of China and the United States. The company operates social media and various e-commerce platforms. It also provides business management consulting; information system technology consulting services, including the sales of software use rights for digital data deposit platforms and asset management systems, and online social media platform development and consulting. In addition, the company engages in natural gas power generation and power station acquisitions and investments business; offers film and television entertainment, internet celebrity economy, and games; and trades building material. The company was formerly known as China Ceramics Co., Ltd. and changed its name to Antelope Enterprise Holdings Limited in October 2020. Antelope Enterprise Holdings Limited was founded in 1993 and is headquartered in Jinjiang, the People's Republic of China.", "fullTimeEmployees": 66, "companyOfficers": [{"maxAge": 1, "name": "Ms. Tingting  Zhang", "age": 29, "title": "CEO & Director", "yearBorn": 1995, "fiscalYear": 2024, "totalPay": {"raw": 160000, "fmt": "160k", "longFmt": "160,000"}, "exercisedValue": {"raw": 0, "fmt": null, "longFmt": "0"}, "unexercisedValue": {"raw": 0, "fmt": null, "longFmt": "0"}}, {"maxAge": 1, "name": "Ms. Xiaoying  Song", "age": 33, "title": "CFO & Executive Director", "yearBorn": 1991, "fiscalYear": 2024, "exercisedValue": {"raw": 0, "fmt": null, "longFmt": "0"}, "unexercisedValue": {"raw": 0, "fmt": null, "longFmt": "0"}}, {"maxAge": 1, "name": "Mr. Junjie  Dong", "age": 37, "title": "Corporate Secretary, Chief Compliance Officer & Executive Director", "yearBorn": 1987, "fiscalYear": 2024, "totalPay": {"raw": 465982, "fmt": "465.98k", "longFmt": "465,982"}, "exercisedValue": {"raw": 0, "fmt": null, "longFmt": "0"}, "unexercisedValue": {"raw": 0, "fmt": null, "longFmt": "0"}}, {"maxAge": 1, "name": "Mr. Di  Wu", "title": "President & Director of AEHL US", "fiscalYear": 2024, "exercisedValue": {"raw": 0, "fmt": null, "longFmt": "0"}, "unexercisedValue": {"raw": 0, "fmt": null, "longFmt": "0"}}], "compensationAsOfEpochDate": 1735603200, "executiveTeam": [], "maxAge": 86400}, "calendarEvents": {"maxAge": 1, "earnings": {"earningsDate": [], "earningsCallDate": [], "isEarningsDateEstimate": false, "earningsAverage": {}, "earningsLow": {}, "earningsHigh": {}, "revenueAverage": {}, "revenueLow": {}, "revenueHigh": {}}, "exDividendDate": {"raw": 1418169600, "fmt": "2014-12-10"}, "dividendDate": {"raw": 1599091200, "fmt": "2020-09-03"}}, "earningsTrend": {"trend": [{"maxAge": 1, "period": "0q", "endDate": null, "growth": {}, "earningsEstimate": {"avg": {}, "low": {}, "high": {}, "yearAgoEps": {}, "numberOfAnalysts": {}, "growth": {}, "earningsCurrency": null}, "revenueEstimate": {"avg": {"raw": 0, "fmt": null, "longFmt": "0"}, "low": {"raw": 0, "fmt": null, "longFmt": "0"}, "high": {"raw": 0, "fmt": null, "longFmt": "0"}, "numberOfAnalysts": {"raw": 0, "fmt": null, "longFmt": "0"}, "yearAgoRevenue": {}, "growth": {}, "revenueCurrency": null}, "epsTrend": {"current": {}, "7daysAgo": {}, "30daysAgo": {}, "60daysAgo": {}, "90daysAgo": {}, "epsTrendCurrency": null}, "epsRevisions": {"upLast7days": {}, "upLast30days": {}, "downLast30days": {}, "downLast7Days": {}, "downLast90days": {}, "epsRevisionsCurrency": null}}, {"maxAge": 1, "period": "+1q", "endDate": null, "growth": {}, "earningsEstimate": {"avg": {}, "low": {}, "high": {}, "yearAgoEps": {}, "numberOfAnalysts": {}, "growth": {}, "earningsCurrency": null}, "revenueEstimate": {"avg": {"raw": 0, "fmt": null, "longFmt": "0"}, "low": {"raw": 0, "fmt": null, "longFmt": "0"}, "high": {"raw": 0, "fmt": null, "longFmt": "0"}, "numberOfAnalysts": {"raw": 0, "fmt": null, "longFmt": "0"}, "yearAgoRevenue": {}, "growth": {}, "revenueCurrency": null}, "epsTrend": {"current": {}, "7daysAgo": {}, "30daysAgo": {}, "60daysAgo": {}, "90daysAgo": {}, "epsTrendCurrency": null}, "epsRevisions": {"upLast7days": {}, "upLast30days": {}, "downLast30days": {}, "downLast7Days": {}, "downLast90days": {}, "epsRevisionsCurrency": null}}, {"maxAge": 1, "period": "0y", "endDate": "2023-12-31", "growth": {}, "earningsEstimate": {"avg": {}, "low": {}, "high": {}, "yearAgoEps": {}, "numberOfAnalysts": {}, "growth": {}, "earningsCurrency": null}, "revenueEstimate": {"avg": {"raw": 0, "fmt": null, "longFmt": "0"}, "low": {"raw": 0, "fmt": null, "longFmt": "0"}, "high": {"raw": 0, "fmt": null, "longFmt": "0"}, "numberOfAnalysts": {"raw": 0, "fmt": null, "longFmt": "0"}, "yearAgoRevenue": {}, "growth": {}, "revenueCurrency": null}, "epsTrend": {"current": {}, "7daysAgo": {}, "30daysAgo": {}, "60daysAgo": {}, "90daysAgo": {}, "epsTrendCurrency": null}, "epsRevisions": {"upLast7days": {}, "upLast30days": {}, "downLast30days": {}, "downLast7Days": {}, "downLast90days": {}, "epsRevisionsCurrency": null}}, {"maxAge": 1, "period": "+1y", "endDate": null, "growth": {}, "earningsEstimate": {"avg": {}, "low": {}, "high": {}, "yearAgoEps": {}, "numberOfAnalysts": {}, "growth": {}, "earningsCurrency": null}, "revenueEstimate": {"avg": {"raw": 0, "fmt": null, "longFmt": "0"}, "low": {"raw": 0, "fmt": null, "longFmt": "0"}, "high": {"raw": 0, "fmt": null, "longFmt": "0"}, "numberOfAnalysts": {"raw": 0, "fmt": null, "longFmt": "0"}, "yearAgoRevenue": {}, "growth": {}, "revenueCurrency": null}, "epsTrend": {"current": {}, "7daysAgo": {}, "30daysAgo": {}, "60daysAgo": {}, "90daysAgo": {}, "epsTrendCurrency": null}, "epsRevisions": {"upLast7days": {}, "upLast30days": {}, "downLast30days": {}, "downLast7Days": {}, "downLast90days": {}, "epsRevisionsCurrency": null}}], "defaultMethodology": "nongaap", "maxAge": 1}, "earningsHistory": {"history": [], "defaultMethodology": "nongaap", "maxAge": 86400}, "financialData": {"maxAge": 86400, "currentPrice": {"raw": 1.99, "fmt": "1.99"}, "targetHighPrice": {}, "targetLowPrice": {}, "targetMeanPrice": {}, "targetMedianPrice": {}, "recommendationMean": {}, "recommendationKey": "none", "numberOfAnalystOpinions": {}, "totalCash": {"raw": 1047000, "fmt": "1.05M", "longFmt": "1,047,000"}, "totalCashPerShare": {"raw": 0.894, "fmt": "0.89"}, "ebitda": {"raw": -11260000, "fmt": "-11.26M", "longFmt": "-11,260,000"}, "totalDebt": {"raw": 6879000, "fmt": "6.88M", "longFmt": "6,879,000"}, "quickRatio": {"raw": 0.221, "fmt": "0.22"}, "currentRatio": {"raw": 2.517, "fmt": "2.52"}, "totalRevenue": {"raw": 98773000, "fmt": "98.77M", "longFmt": "98,773,000"}, "debtToEquity": {"raw": 26.215, "fmt": "26.21%"}, "revenuePerShare": {"raw": 297.976, "fmt": "297.98"}, "returnOnAssets": {"raw": -0.25939, "fmt": "-25.94%"}, "returnOnEquity": {"raw": -0.52099, "fmt": "-52.10%"}, "grossProfits": {"raw": -126000, "fmt": "-126k", "longFmt": "-126,000"}, "freeCashflow": {"raw": -22893750, "fmt": "-22.89M", "longFmt": "-22,893,750"}, "operatingCashflow": {"raw": -15483000, "fmt": "-15.48M", "longFmt": "-15,483,000"}, "earningsGrowth": {}, "revenueGrowth": {"raw": 1.014, "fmt": "101.40%"}, "grossMargins": {"raw": -0.0012800001, "fmt": "-0.13%"}, "ebitdaMargins": {"raw": -0.11399999, "fmt": "-11.40%"}, "operatingMargins": {"raw": -0.08676, "fmt": "-8.68%"}, "profitMargins": {"raw": -0.106750004, "fmt": "-10.68%"}, "financialCurrency": "USD"}}