{"assetProfile": {"address1": "400 Kato Terrace", "city": "Fremont", "state": "CA", "zip": "94539", "country": "United States", "phone": "510 623 9400", "website": "https://www.aehr.com", "industry": "Semiconductor Equipment & Materials", "industryKey": "semiconductor-equipment-materials", "industryDisp": "Semiconductor Equipment & Materials", "sector": "Technology", "sectorKey": "technology", "sectorDisp": "Technology", "longBusinessSummary": "Aehr Test Systems, Inc. provides test solutions for testing, burning-in, and semiconductor devices in wafer level, singulated die, package part form, and installed systems in the United States, Asia, and Europe. Its product portfolio includes FOX-XP and FOX-NP systems that are full wafer contact and singulated die/module test and burn-in systems that can test, burn-in, and stabilize range of devices, including silicon carbide-based and other power semiconductors, 2D and 3D sensors used in mobile phones, tablets and other computing devices, memory semiconductors, processors, microcontrollers, systems-on-a-chip, and photonics and integrated optical devices. The company offers FOX-CP system, a low-cost single-wafer compact test solution for logic, memory, and photonic devices; and FOX WaferPak Contactor, a full wafer contactor capable of testing wafers up to 300mm that enables integrated circuit manufacturers to perform test, burn-in, and stabilization of full wafers on the FOX-P systems. In addition, it also provides FOX DiePak Carrier, which allows testing, burning in, and stabilization of singulated bare die and modules; and FOX DiePak Loader. The company was incorporated in 1977 and is headquartered in Fremont, California.", "fullTimeEmployees": 136, "companyOfficers": [{"maxAge": 1, "name": "Mr. Rhea J. Posedel", "age": 82, "title": "Founder & Independent Chairman", "yearBorn": 1942, "fiscalYear": 2025, "totalPay": {"raw": 108880, "fmt": "108.88k", "longFmt": "108,880"}, "exercisedValue": {"raw": 0, "fmt": null, "longFmt": "0"}, "unexercisedValue": {"raw": 0, "fmt": null, "longFmt": "0"}}, {"maxAge": 1, "name": "Mr. Gayn  Erickson", "age": 60, "title": "President, CEO & Director", "yearBorn": 1964, "fiscalYear": 2025, "totalPay": {"raw": 771203, "fmt": "771.2k", "longFmt": "771,203"}, "exercisedValue": {"raw": 0, "fmt": null, "longFmt": "0"}, "unexercisedValue": {"raw": 0, "fmt": null, "longFmt": "0"}}, {"maxAge": 1, "name": "Mr. Chris P. Siu", "age": 53, "title": "CFO, Executive VP of Finance & Secretary", "yearBorn": 1971, "fiscalYear": 2025, "totalPay": {"raw": 509771, "fmt": "509.77k", "longFmt": "509,771"}, "exercisedValue": {"raw": 0, "fmt": null, "longFmt": "0"}, "unexercisedValue": {"raw": 0, "fmt": null, "longFmt": "0"}}, {"maxAge": 1, "name": "Mr. Adil  Engineer", "age": 47, "title": "Chief Operating Officer", "yearBorn": 1977, "fiscalYear": 2025, "totalPay": {"raw": 446252, "fmt": "446.25k", "longFmt": "446,252"}, "exercisedValue": {"raw": 0, "fmt": null, "longFmt": "0"}, "unexercisedValue": {"raw": 5897, "fmt": "5.9k", "longFmt": "5,897"}}, {"maxAge": 1, "name": "Mr. Donald P. Richmond II", "age": 68, "title": "Chief Technology Officer", "yearBorn": 1956, "fiscalYear": 2025, "totalPay": {"raw": 198799, "fmt": "198.8k", "longFmt": "198,799"}, "exercisedValue": {"raw": 0, "fmt": null, "longFmt": "0"}, "unexercisedValue": {"raw": 42735, "fmt": "42.73k", "longFmt": "42,735"}}, {"maxAge": 1, "name": "Mr. Vernon  Rogers", "age": 57, "title": "Executive Vice President of Sales & Marketing", "yearBorn": 1967, "fiscalYear": 2025, "totalPay": {"raw": 470670, "fmt": "470.67k", "longFmt": "470,670"}, "exercisedValue": {"raw": 0, "fmt": null, "longFmt": "0"}, "unexercisedValue": {"raw": 1442237, "fmt": "1.44M", "longFmt": "1,442,237"}}, {"maxAge": 1, "name": "Mr. Alberto  Salamone", "title": "Executive Vice President of Packaged Parts Burn-in Business", "fiscalYear": 2025, "exercisedValue": {"raw": 0, "fmt": null, "longFmt": "0"}, "unexercisedValue": {"raw": 0, "fmt": null, "longFmt": "0"}}, {"maxAge": 1, "name": "Mr. Didier  Wimmers", "title": "Executive Vice President of Research & Development", "fiscalYear": 2025, "exercisedValue": {"raw": 0, "fmt": null, "longFmt": "0"}, "unexercisedValue": {"raw": 0, "fmt": null, "longFmt": "0"}}], "auditRisk": 5, "boardRisk": 7, "compensationRisk": 7, "shareHolderRightsRisk": 1, "overallRisk": 4, "governanceEpochDate": 1761955200, "compensationAsOfEpochDate": 1767139200, "executiveTeam": [], "maxAge": 86400}, "calendarEvents": {"maxAge": 1, "earnings": {"earningsDate": [{"raw": 1768251600, "fmt": "2026-01-12"}], "earningsCallDate": [{"raw": 1759784400, "fmt": "2025-10-06"}], "isEarningsDateEstimate": true, "earningsAverage": {"raw": 0.0, "fmt": "0.00"}, "earningsLow": {"raw": 0.0, "fmt": "0.00"}, "earningsHigh": {"raw": 0.0, "fmt": "0.00"}, "revenueAverage": {"raw": 11445000, "fmt": "11.45M", "longFmt": "11,445,000"}, "revenueLow": {"raw": 11047000, "fmt": "11.05M", "longFmt": "11,047,000"}, "revenueHigh": {"raw": 12100000, "fmt": "12.1M", "longFmt": "12,100,000"}}, "exDividendDate": {}, "dividendDate": {}}, "earningsTrend": {"trend": [{"maxAge": 1, "period": "0q", "endDate": "2025-11-30", "growth": {"raw": -1.0, "fmt": "-100.00%"}, "earningsEstimate": {"avg": {"raw": 0.0, "fmt": "0"}, "low": {"raw": 0.0, "fmt": "0"}, "high": {"raw": 0.0, "fmt": "0"}, "yearAgoEps": {"raw": 0.02, "fmt": "0.02"}, "numberOfAnalysts": {"raw": 1, "fmt": "1", "longFmt": "1"}, "growth": {"raw": -1.0, "fmt": "-100.00%"}, "earningsCurrency": "USD"}, "revenueEstimate": {"avg": {"raw": 11445000, "fmt": "11.45M", "longFmt": "11,445,000"}, "low": {"raw": 11047000, "fmt": "11.05M", "longFmt": "11,047,000"}, "high": {"raw": 12100000, "fmt": "12.1M", "longFmt": "12,100,000"}, "numberOfAnalysts": {"raw": 3, "fmt": "3", "longFmt": "3"}, "yearAgoRevenue": {"raw": 13453000, "fmt": "13.45M", "longFmt": "13,453,000"}, "growth": {"raw": -0.14930001, "fmt": "-14.93%"}, "revenueCurrency": "USD"}, "epsTrend": {"current": {"raw": 0.0, "fmt": "0"}, "7daysAgo": {"raw": 0.04, "fmt": "0.04"}, "30daysAgo": {"raw": 0.01667, "fmt": "0.02"}, "60daysAgo": {"raw": 0.01667, "fmt": "0.02"}, "90daysAgo": {"raw": 0.005, "fmt": "0"}, "epsTrendCurrency": "USD"}, "epsRevisions": {"upLast7days": {"raw": 0, "fmt": null, "longFmt": "0"}, "upLast30days": {"raw": 0, "fmt": null, "longFmt": "0"}, "downLast30days": {"raw": 1, "fmt": "1", "longFmt": "1"}, "downLast7Days": {"raw": 1, "fmt": "1", "longFmt": "1"}, "downLast90days": {}, "epsRevisionsCurrency": "USD"}}, {"maxAge": 1, "period": "+1q", "endDate": "2026-02-28", "growth": {"raw": -0.5714, "fmt": "-57.14%"}, "earningsEstimate": {"avg": {"raw": 0.03, "fmt": "0.03"}, "low": {"raw": 0.02, "fmt": "0.02"}, "high": {"raw": 0.04, "fmt": "0.04"}, "yearAgoEps": {"raw": 0.07, "fmt": "0.07"}, "numberOfAnalysts": {"raw": 2, "fmt": "2", "longFmt": "2"}, "growth": {"raw": -0.5714, "fmt": "-57.14%"}, "earningsCurrency": "USD"}, "revenueEstimate": {"avg": {"raw": 16030000, "fmt": "16.03M", "longFmt": "16,030,000"}, "low": {"raw": 12400000, "fmt": "12.4M", "longFmt": "12,400,000"}, "high": {"raw": 17900000, "fmt": "17.9M", "longFmt": "17,900,000"}, "numberOfAnalysts": {"raw": 3, "fmt": "3", "longFmt": "3"}, "yearAgoRevenue": {"raw": 18307000, "fmt": "18.31M", "longFmt": "18,307,000"}, "growth": {"raw": -0.1244, "fmt": "-12.44%"}, "revenueCurrency": "USD"}, "epsTrend": {"current": {"raw": 0.03, "fmt": "0.03"}, "7daysAgo": {"raw": 0.045, "fmt": "0.05"}, "30daysAgo": {"raw": 0.03667, "fmt": "0.04"}, "60daysAgo": {"raw": 0.03667, "fmt": "0.04"}, "90daysAgo": {"raw": 0.03, "fmt": "0.03"}, "epsTrendCurrency": "USD"}, "epsRevisions": {"upLast7days": {"raw": 0, "fmt": null, "longFmt": "0"}, "upLast30days": {"raw": 0, "fmt": null, "longFmt": "0"}, "downLast30days": {"raw": 1, "fmt": "1", "longFmt": "1"}, "downLast7Days": {"raw": 1, "fmt": "1", "longFmt": "1"}, "downLast90days": {}, "epsRevisionsCurrency": "USD"}}, {"maxAge": 1, "period": "0y", "endDate": "2026-05-31", "growth": {"raw": -0.43330002, "fmt": "-43.33%"}, "earningsEstimate": {"avg": {"raw": 0.085, "fmt": "0.09"}, "low": {"raw": 0.05, "fmt": "0.05"}, "high": {"raw": 0.12, "fmt": "0.12"}, "yearAgoEps": {"raw": 0.15, "fmt": "0.15"}, "numberOfAnalysts": {"raw": 2, "fmt": "2", "longFmt": "2"}, "growth": {"raw": -0.43330002, "fmt": "-43.33%"}, "earningsCurrency": "USD"}, "revenueEstimate": {"avg": {"raw": 58915330, "fmt": "58.92M", "longFmt": "58,915,330"}, "low": {"raw": 49502000, "fmt": "49.5M", "longFmt": "49,502,000"}, "high": {"raw": 63874000, "fmt": "63.87M", "longFmt": "63,874,000"}, "numberOfAnalysts": {"raw": 3, "fmt": "3", "longFmt": "3"}, "yearAgoRevenue": {"raw": 58968000, "fmt": "58.97M", "longFmt": "58,968,000"}, "growth": {"raw": -0.00090000004, "fmt": "-0.09%"}, "revenueCurrency": "USD"}, "epsTrend": {"current": {"raw": 0.085, "fmt": "0.09"}, "7daysAgo": {"raw": 0.12, "fmt": "0.12"}, "30daysAgo": {"raw": 0.11333, "fmt": "0.11"}, "60daysAgo": {"raw": 0.11333, "fmt": "0.11"}, "90daysAgo": {"raw": 0.08, "fmt": "0.08"}, "epsTrendCurrency": "USD"}, "epsRevisions": {"upLast7days": {"raw": 0, "fmt": null, "longFmt": "0"}, "upLast30days": {"raw": 1, "fmt": "1", "longFmt": "1"}, "downLast30days": {"raw": 1, "fmt": "1", "longFmt": "1"}, "downLast7Days": {"raw": 0, "fmt": null, "longFmt": "0"}, "downLast90days": {}, "epsRevisionsCurrency": "USD"}}, {"maxAge": 1, "period": "+1y", "endDate": "2027-05-31", "growth": {"raw": 2.7647, "fmt": "276.47%"}, "earningsEstimate": {"avg": {"raw": 0.32, "fmt": "0.32"}, "low": {"raw": 0.18, "fmt": "0.18"}, "high": {"raw": 0.46, "fmt": "0.46"}, "yearAgoEps": {"raw": 0.085, "fmt": "0.09"}, "numberOfAnalysts": {"raw": 2, "fmt": "2", "longFmt": "2"}, "growth": {"raw": 2.7647, "fmt": "276.47%"}, "earningsCurrency": "USD"}, "revenueEstimate": {"avg": {"raw": 80531330, "fmt": "80.53M", "longFmt": "80,531,330"}, "low": {"raw": 68700000, "fmt": "68.7M", "longFmt": "68,700,000"}, "high": {"raw": 89104000, "fmt": "89.1M", "longFmt": "89,104,000"}, "numberOfAnalysts": {"raw": 3, "fmt": "3", "longFmt": "3"}, "yearAgoRevenue": {"raw": 58915330, "fmt": "58.92M", "longFmt": "58,915,330"}, "growth": {"raw": 0.3669, "fmt": "36.69%"}, "revenueCurrency": "USD"}, "epsTrend": {"current": {"raw": 0.32, "fmt": "0.32"}, "7daysAgo": {"raw": 0.39, "fmt": "0.39"}, "30daysAgo": {"raw": 0.31, "fmt": "0.31"}, "60daysAgo": {"raw": 0.31667, "fmt": "0.32"}, "90daysAgo": {"raw": 0.36333, "fmt": "0.36"}, "epsTrendCurrency": "USD"}, "epsRevisions": {"upLast7days": {"raw": 0, "fmt": null, "longFmt": "0"}, "upLast30days": {"raw": 0, "fmt": null, "longFmt": "0"}, "downLast30days": {"raw": 1, "fmt": "1", "longFmt": "1"}, "downLast7Days": {"raw": 1, "fmt": "1", "longFmt": "1"}, "downLast90days": {}, "epsRevisionsCurrency": "USD"}}], "defaultMethodology": "nongaap", "maxAge": 1}, "earningsHistory": {"history": [{"maxAge": 1, "epsActual": {"raw": 0.02, "fmt": "0.02"}, "epsEstimate": {"raw": 0.03, "fmt": "0.03"}, "epsDifference": {"raw": -0.01, "fmt": "-0.01"}, "surprisePercent": {"raw": -0.33330002, "fmt": "-33.33%"}, "quarter": {"raw": 1732924800, "fmt": "2024-11-30"}, "currency": "USD", "period": "-4q"}, {"maxAge": 1, "epsActual": {"raw": 0.07, "fmt": "0.07"}, "epsEstimate": {"raw": 0.04, "fmt": "0.04"}, "epsDifference": {"raw": 0.03, "fmt": "0.03"}, "surprisePercent": {"raw": 0.75, "fmt": "75.00%"}, "quarter": {"raw": 1740700800, "fmt": "2025-02-28"}, "currency": "USD", "period": "-3q"}, {"maxAge": 1, "epsActual": {"raw": -0.01, "fmt": "-0.01"}, "epsEstimate": {"raw": -0.015, "fmt": "-0.01"}, "epsDifference": {"raw": 0.0, "fmt": "0"}, "surprisePercent": {"raw": 0.33330002, "fmt": "33.33%"}, "quarter": {"raw": 1748649600, "fmt": "2025-05-31"}, "currency": "USD", "period": "-2q"}, {"maxAge": 1, "epsActual": {"raw": 0.01, "fmt": "0.01"}, "epsEstimate": {"raw": 0.0, "fmt": "0"}, "epsDifference": {"raw": 0.01, "fmt": "0.01"}, "surprisePercent": {"raw": 0.0, "fmt": "0.00%"}, "quarter": {"raw": 1756598400, "fmt": "2025-08-31"}, "currency": "USD", "period": "-1q"}], "defaultMethodology": "nongaap", "maxAge": 86400}, "financialData": {"maxAge": 86400, "currentPrice": {"raw": 26.0, "fmt": "26.00"}, "targetHighPrice": {"raw": 24.0, "fmt": "24.00"}, "targetLowPrice": {"raw": 24.0, "fmt": "24.00"}, "targetMeanPrice": {"raw": 24.0, "fmt": "24.00"}, "targetMedianPrice": {"raw": 24.0, "fmt": "24.00"}, "recommendationMean": {}, "recommendationKey": "none", "numberOfAnalystOpinions": {"raw": 2, "fmt": "2", "longFmt": "2"}, "totalCash": {"raw": 22708000, "fmt": "22.71M", "longFmt": "22,708,000"}, "totalCashPerShare": {"raw": 0.757, "fmt": "0.76"}, "ebitda": {"raw": -5611000, "fmt": "-5.61M", "longFmt": "-5,611,000"}, "totalDebt": {"raw": 10615000, "fmt": "10.62M", "longFmt": "10,615,000"}, "quickRatio": {"raw": 3.128, "fmt": "3.13"}, "currentRatio": {"raw": 7.055, "fmt": "7.05"}, "totalRevenue": {"raw": 56818000, "fmt": "56.82M", "longFmt": "56,818,000"}, "debtToEquity": {"raw": 8.673, "fmt": "8.67%"}, "revenuePerShare": {"raw": 1.908, "fmt": "1.91"}, "returnOnAssets": {"raw": -0.03586, "fmt": "-3.59%"}, "returnOnEquity": {"raw": -0.05435, "fmt": "-5.43%"}, "grossProfits": {"raw": 20574000, "fmt": "20.57M", "longFmt": "20,574,000"}, "freeCashflow": {"raw": -11518375, "fmt": "-11.52M", "longFmt": "-11,518,375"}, "operatingCashflow": {"raw": -10062000, "fmt": "-10.06M", "longFmt": "-10,062,000"}, "earningsGrowth": {}, "revenueGrowth": {"raw": -0.164, "fmt": "-16.40%"}, "grossMargins": {"raw": 0.3621, "fmt": "36.21%"}, "ebitdaMargins": {"raw": -0.09875, "fmt": "-9.88%"}, "operatingMargins": {"raw": -0.35072, "fmt": "-35.07%"}, "profitMargins": {"raw": -0.11711001, "fmt": "-11.71%"}, "financialCurrency": "USD"}}