{"assetProfile": {"address1": "4800 Montgomery Lane", "address2": "Suite 210", "city": "Bethesda", "state": "MD", "zip": "20814", "country": "United States", "phone": "301 971 3940", "website": "https://www.alsetinc.com", "industry": "Real Estate - Development", "industryKey": "real-estate-development", "industryDisp": "Real Estate - Development", "sector": "Real Estate", "sectorKey": "real-estate", "sectorDisp": "Real Estate", "longBusinessSummary": "Alset Inc. engages in real estate development business in the United States, Singapore, Hong Kong, Australia, South Korea, and the People's Republic of China. It operates through Real Estate, Digital Transformation Technology, Biohealth, and Other Business Activities segments. The Real Estate segment develops property projects and participates in third-party property development projects; and owns, operates, and manages real estate development projects, including land subdivision developments and house rental projects. The Digital Transformation Technology segment provides support, implementation, and development services with various technologies, including blockchain, e-commerce, social media, artificial intelligent customer service applications, and metaverse services. Its technology platform focuses on business-to-business solutions, such as communications and workflow through instant messaging systems, social media, e-commerce and payment systems, direct marketing platforms, e-real estate, brand protection, and counterfeit and fraud detection; and mobile application product development and other businesses, including information technology services to end-users, service providers, and other commercial users through multiple platforms. The Biohealth segment engages in developing, researching, testing, manufacturing, licensing, and distributing biohealth products and services through retail, direct selling, network marketing, and e-commerce. The Other Business Activities segment provides corporate strategy and business development, food and beverage, asset management, corporate restructuring, and leveraged buy-out services; and operates cafes and restaurants, and a portfolio of trading securities. It engages in consumer products business and financial services. The company was formerly known as Alset EHome International Inc. and changed its name to Alset Inc. in October 2022. The company was incorporated in 2018 and is headquartered in Bethesda, Maryland.", "fullTimeEmployees": 71, "companyOfficers": [{"maxAge": 1, "name": "Mr. Heng Fai  Chan", "age": 79, "title": "Founder, Chairman of the Board & CEO", "yearBorn": 1945, "fiscalYear": 2024, "totalPay": {"raw": 448430, "fmt": "448.43k", "longFmt": "448,430"}, "exercisedValue": {"raw": 0, "fmt": null, "longFmt": "0"}, "unexercisedValue": {"raw": 0, "fmt": null, "longFmt": "0"}}, {"maxAge": 1, "name": "Mr. Tung Moe  Chan BApSc, MBA, MEng", "age": 45, "title": "Co-CEO & Executive Director", "yearBorn": 1979, "fiscalYear": 2024, "totalPay": {"raw": 376781, "fmt": "376.78k", "longFmt": "376,781"}, "exercisedValue": {"raw": 0, "fmt": null, "longFmt": "0"}, "unexercisedValue": {"raw": 0, "fmt": null, "longFmt": "0"}}, {"maxAge": 1, "name": "Mr. Wai Leung  Lui", "age": 53, "title": "Co-Chief Financial Officer", "yearBorn": 1971, "fiscalYear": 2024, "totalPay": {"raw": 199326, "fmt": "199.33k", "longFmt": "199,326"}, "exercisedValue": {"raw": 0, "fmt": null, "longFmt": "0"}, "unexercisedValue": {"raw": 0, "fmt": null, "longFmt": "0"}}, {"maxAge": 1, "name": "Mr. Rongguo  Wei CPA", "age": 52, "title": "Co-Chief Financial Officer", "yearBorn": 1972, "fiscalYear": 2024, "totalPay": {"raw": 232073, "fmt": "232.07k", "longFmt": "232,073"}, "exercisedValue": {"raw": 0, "fmt": null, "longFmt": "0"}, "unexercisedValue": {"raw": 0, "fmt": null, "longFmt": "0"}}, {"maxAge": 1, "name": "Mr. Charles W. S. MacKenzie", "age": 53, "title": "Chief Development Officer", "yearBorn": 1971, "fiscalYear": 2024, "totalPay": {"raw": 360000, "fmt": "360k", "longFmt": "360,000"}, "exercisedValue": {"raw": 0, "fmt": null, "longFmt": "0"}, "unexercisedValue": {"raw": 0, "fmt": null, "longFmt": "0"}}, {"maxAge": 1, "name": "Mr. Sheng Hon  Lim", "age": 32, "title": "Chief Business Officer & Executive Director", "yearBorn": 1992, "fiscalYear": 2024, "totalPay": {"raw": 275822, "fmt": "275.82k", "longFmt": "275,822"}, "exercisedValue": {"raw": 0, "fmt": null, "longFmt": "0"}, "unexercisedValue": {"raw": 0, "fmt": null, "longFmt": "0"}}, {"maxAge": 1, "name": "Mr. Michael  Gershon", "age": 51, "title": "Chief Legal Officer", "yearBorn": 1973, "fiscalYear": 2024, "exercisedValue": {"raw": 0, "fmt": null, "longFmt": "0"}, "unexercisedValue": {"raw": 0, "fmt": null, "longFmt": "0"}}], "auditRisk": 10, "boardRisk": 10, "compensationRisk": 5, "shareHolderRightsRisk": 7, "overallRisk": 10, "governanceEpochDate": 1761955200, "compensationAsOfEpochDate": 1735603200, "executiveTeam": [], "maxAge": 86400}, "calendarEvents": {"maxAge": 1, "earnings": {"earningsDate": [{"raw": 1755028800, "fmt": "2025-08-12"}, {"raw": 1755460800, "fmt": "2025-08-17"}], "earningsCallDate": [], "isEarningsDateEstimate": true, "earningsAverage": {}, "earningsLow": {}, "earningsHigh": {}, "revenueAverage": {}, "revenueLow": {}, "revenueHigh": {}}, "exDividendDate": {}, "dividendDate": {}}, "earningsTrend": {"trend": [{"maxAge": 1, "period": "0q", "endDate": null, "growth": {}, "earningsEstimate": {"avg": {}, "low": {}, "high": {}, "yearAgoEps": {}, "numberOfAnalysts": {}, "growth": {}, "earningsCurrency": null}, "revenueEstimate": {"avg": {"raw": 0, "fmt": null, "longFmt": "0"}, "low": {"raw": 0, "fmt": null, "longFmt": "0"}, "high": {"raw": 0, "fmt": null, "longFmt": "0"}, "numberOfAnalysts": {"raw": 0, "fmt": null, "longFmt": "0"}, "yearAgoRevenue": {}, "growth": {}, "revenueCurrency": null}, "epsTrend": {"current": {}, "7daysAgo": {}, "30daysAgo": {}, "60daysAgo": {}, "90daysAgo": {}, "epsTrendCurrency": null}, "epsRevisions": {"upLast7days": {}, "upLast30days": {}, "downLast30days": {}, "downLast7Days": {}, "downLast90days": {}, "epsRevisionsCurrency": null}}, {"maxAge": 1, "period": "+1q", "endDate": null, "growth": {}, "earningsEstimate": {"avg": {}, "low": {}, "high": {}, "yearAgoEps": {}, "numberOfAnalysts": {}, "growth": {}, "earningsCurrency": null}, "revenueEstimate": {"avg": {"raw": 0, "fmt": null, "longFmt": "0"}, "low": {"raw": 0, "fmt": null, "longFmt": "0"}, "high": {"raw": 0, "fmt": null, "longFmt": "0"}, "numberOfAnalysts": {"raw": 0, "fmt": null, "longFmt": "0"}, "yearAgoRevenue": {}, "growth": {}, "revenueCurrency": null}, "epsTrend": {"current": {}, "7daysAgo": {}, "30daysAgo": {}, "60daysAgo": {}, "90daysAgo": {}, "epsTrendCurrency": null}, "epsRevisions": {"upLast7days": {}, "upLast30days": {}, "downLast30days": {}, "downLast7Days": {}, "downLast90days": {}, "epsRevisionsCurrency": null}}, {"maxAge": 1, "period": "0y", "endDate": null, "growth": {}, "earningsEstimate": {"avg": {}, "low": {}, "high": {}, "yearAgoEps": {}, "numberOfAnalysts": {}, "growth": {}, "earningsCurrency": null}, "revenueEstimate": {"avg": {"raw": 0, "fmt": null, "longFmt": "0"}, "low": {"raw": 0, "fmt": null, "longFmt": "0"}, "high": {"raw": 0, "fmt": null, "longFmt": "0"}, "numberOfAnalysts": {"raw": 0, "fmt": null, "longFmt": "0"}, "yearAgoRevenue": {}, "growth": {}, "revenueCurrency": null}, "epsTrend": {"current": {}, "7daysAgo": {}, "30daysAgo": {}, "60daysAgo": {}, "90daysAgo": {}, "epsTrendCurrency": null}, "epsRevisions": {"upLast7days": {}, "upLast30days": {}, "downLast30days": {}, "downLast7Days": {}, "downLast90days": {}, "epsRevisionsCurrency": null}}, {"maxAge": 1, "period": "+1y", "endDate": null, "growth": {}, "earningsEstimate": {"avg": {}, "low": {}, "high": {}, "yearAgoEps": {}, "numberOfAnalysts": {}, "growth": {}, "earningsCurrency": null}, "revenueEstimate": {"avg": {"raw": 0, "fmt": null, "longFmt": "0"}, "low": {"raw": 0, "fmt": null, "longFmt": "0"}, "high": {"raw": 0, "fmt": null, "longFmt": "0"}, "numberOfAnalysts": {"raw": 0, "fmt": null, "longFmt": "0"}, "yearAgoRevenue": {}, "growth": {}, "revenueCurrency": null}, "epsTrend": {"current": {}, "7daysAgo": {}, "30daysAgo": {}, "60daysAgo": {}, "90daysAgo": {}, "epsTrendCurrency": null}, "epsRevisions": {"upLast7days": {}, "upLast30days": {}, "downLast30days": {}, "downLast7Days": {}, "downLast90days": {}, "epsRevisionsCurrency": null}}], "defaultMethodology": "nongaap", "maxAge": 1}, "earningsHistory": {"history": [], "defaultMethodology": "nongaap", "maxAge": 86400}, "financialData": {"maxAge": 86400, "currentPrice": {"raw": 2.98, "fmt": "2.98"}, "targetHighPrice": {}, "targetLowPrice": {}, "targetMeanPrice": {}, "targetMedianPrice": {}, "recommendationMean": {}, "recommendationKey": "none", "numberOfAnalystOpinions": {}, "totalCash": {"raw": 32648312, "fmt": "32.65M", "longFmt": "32,648,312"}, "totalCashPerShare": {"raw": 0.832, "fmt": "0.83"}, "ebitda": {"raw": -2942613, "fmt": "-2.94M", "longFmt": "-2,942,613"}, "totalDebt": {"raw": 2534327, "fmt": "2.53M", "longFmt": "2,534,327"}, "quickRatio": {"raw": 10.324, "fmt": "10.32"}, "currentRatio": {"raw": 10.81, "fmt": "10.81"}, "totalRevenue": {"raw": 16069911, "fmt": "16.07M", "longFmt": "16,069,911"}, "debtToEquity": {"raw": 3.118, "fmt": "3.12%"}, "revenuePerShare": {"raw": 1.577, "fmt": "1.58"}, "returnOnAssets": {"raw": -0.0291, "fmt": "-2.91%"}, "returnOnEquity": {"raw": -0.16628, "fmt": "-16.63%"}, "grossProfits": {"raw": 7155037, "fmt": "7.16M", "longFmt": "7,155,037"}, "freeCashflow": {"raw": -2257780, "fmt": "-2.26M", "longFmt": "-2,257,780"}, "operatingCashflow": {"raw": 4678484, "fmt": "4.68M", "longFmt": "4,678,484"}, "earningsGrowth": {}, "revenueGrowth": {"raw": -0.025, "fmt": "-2.50%"}, "grossMargins": {"raw": 0.44524, "fmt": "44.52%"}, "ebitdaMargins": {"raw": -0.18311001, "fmt": "-18.31%"}, "operatingMargins": {"raw": -2.45598, "fmt": "-245.60%"}, "profitMargins": {"raw": -0.7786, "fmt": "-77.86%"}, "financialCurrency": "USD"}}