{"assetProfile": {"address1": "1595 Wynkoop Street", "address2": "Suite 800", "city": "Denver", "state": "CO", "zip": "80202", "country": "United States", "phone": "970 407 6626", "website": "https://www.advancedenergy.com", "industry": "Electrical Equipment & Parts", "industryKey": "electrical-equipment-parts", "industryDisp": "Electrical Equipment & Parts", "sector": "Industrials", "sectorKey": "industrials", "sectorDisp": "Industrials", "longBusinessSummary": "Advanced Energy Industries, Inc. provides precision power conversion, measurement, and control solutions in the United States and internationally. The company's plasma power products offer solutions to enable innovation for semiconductor and thin film plasma processes, such as dry etch and deposition. It also provides high and low voltage power products used in a range of applications, such as semiconductor equipment, industrial production, medical and life science equipment, data centers computing, networking, and telecommunications. In addition, the company supplies sensing, controls, and instrumentation products for advanced measurement and calibration of power and temperature. Further, it provides calibration, conversions, upgrades, and refurbishments and used equipment to companies, as well as repair and maintenance services. The company offers its products through direct sales force, independent sales representatives, channel partners, and distributors, as well as provides warranty and non-warranty repair services. Advanced Energy Industries, Inc. was incorporated in 1981 and is headquartered in Denver, Colorado.", "fullTimeEmployees": 10000, "companyOfficers": [{"maxAge": 1, "name": "Mr. Stephen D. Kelley J.D.", "age": 62, "title": "President, CEO & Director", "yearBorn": 1962, "fiscalYear": 2024, "totalPay": {"raw": 2068129, "fmt": "2.07M", "longFmt": "2,068,129"}, "exercisedValue": {"raw": 0, "fmt": null, "longFmt": "0"}, "unexercisedValue": {"raw": 220552, "fmt": "220.55k", "longFmt": "220,552"}}, {"maxAge": 1, "name": "Mr. Paul R. Oldham", "age": 61, "title": "Executive VP & CFO", "yearBorn": 1963, "fiscalYear": 2024, "totalPay": {"raw": 997194, "fmt": "997.19k", "longFmt": "997,194"}, "exercisedValue": {"raw": 0, "fmt": null, "longFmt": "0"}, "unexercisedValue": {"raw": 358411, "fmt": "358.41k", "longFmt": "358,411"}}, {"maxAge": 1, "name": "Mr. Eduardo Bernal Acebedo", "age": 56, "title": "Executive VP & COO", "yearBorn": 1968, "fiscalYear": 2024, "totalPay": {"raw": 1040011, "fmt": "1.04M", "longFmt": "1,040,011"}, "exercisedValue": {"raw": 0, "fmt": null, "longFmt": "0"}, "unexercisedValue": {"raw": 358411, "fmt": "358.41k", "longFmt": "358,411"}}, {"maxAge": 1, "name": "Ms. Elizabeth Karpinski Vonne J.D.", "age": 51, "title": "Executive VP, General Counsel & Corporate Secretary", "yearBorn": 1973, "fiscalYear": 2024, "totalPay": {"raw": 836359, "fmt": "836.36k", "longFmt": "836,359"}, "exercisedValue": {"raw": 0, "fmt": null, "longFmt": "0"}, "unexercisedValue": {"raw": 0, "fmt": null, "longFmt": "0"}}, {"maxAge": 1, "name": "Mr. John  Donaghey", "age": 54, "title": "Executive VP & Global Head of Sales", "yearBorn": 1970, "fiscalYear": 2024, "totalPay": {"raw": 859503, "fmt": "859.5k", "longFmt": "859,503"}, "exercisedValue": {"raw": 0, "fmt": null, "longFmt": "0"}, "unexercisedValue": {"raw": 192998, "fmt": "193k", "longFmt": "192,998"}}, {"maxAge": 1, "name": "Mr. Bernard R. Colpitts Jr.", "age": 49, "title": "Senior VP & Chief Accounting Officer", "yearBorn": 1975, "fiscalYear": 2024, "exercisedValue": {"raw": 0, "fmt": null, "longFmt": "0"}, "unexercisedValue": {"raw": 0, "fmt": null, "longFmt": "0"}}, {"maxAge": 1, "name": "Mr. Randy  Heckman", "title": "Senior VP & CTO", "fiscalYear": 2024, "exercisedValue": {"raw": 0, "fmt": null, "longFmt": "0"}, "unexercisedValue": {"raw": 0, "fmt": null, "longFmt": "0"}}, {"maxAge": 1, "name": "Ms. Cathy  Mackinnon", "title": "Senior Vice President of Corporate Development", "fiscalYear": 2024, "exercisedValue": {"raw": 0, "fmt": null, "longFmt": "0"}, "unexercisedValue": {"raw": 0, "fmt": null, "longFmt": "0"}}, {"maxAge": 1, "name": "Mr. Rory G. O'Byrne", "title": "Senior VP & Chief People Officer", "fiscalYear": 2024, "exercisedValue": {"raw": 0, "fmt": null, "longFmt": "0"}, "unexercisedValue": {"raw": 0, "fmt": null, "longFmt": "0"}}, {"maxAge": 1, "name": "Mr. William George Trupkiewicz CPA", "age": 60, "title": "Vice President", "yearBorn": 1964, "fiscalYear": 2024, "totalPay": {"raw": 366224, "fmt": "366.22k", "longFmt": "366,224"}, "exercisedValue": {"raw": 0, "fmt": null, "longFmt": "0"}, "unexercisedValue": {"raw": 0, "fmt": null, "longFmt": "0"}}], "auditRisk": 1, "boardRisk": 2, "compensationRisk": 2, "shareHolderRightsRisk": 4, "overallRisk": 2, "governanceEpochDate": 1761955200, "compensationAsOfEpochDate": 1735603200, "irWebsite": "http://ir.advanced-energy.com/phoenix.zhtml?c=105985&p=irol-IRHome", "executiveTeam": [], "maxAge": 86400}, "calendarEvents": {"maxAge": 1, "earnings": {"earningsDate": [{"raw": 1762290000, "fmt": "2025-11-04"}], "earningsCallDate": [{"raw": 1762291800, "fmt": "2025-11-04"}], "isEarningsDateEstimate": false, "earningsAverage": {"raw": 1.46803, "fmt": "1.47"}, "earningsLow": {"raw": 1.43, "fmt": "1.43"}, "earningsHigh": {"raw": 1.53, "fmt": "1.53"}, "revenueAverage": {"raw": 441538020, "fmt": "441.54M", "longFmt": "441,538,020"}, "revenueLow": {"raw": 440000000, "fmt": "440M", "longFmt": "440,000,000"}, "revenueHigh": {"raw": 445000000, "fmt": "445M", "longFmt": "445,000,000"}}, "exDividendDate": {"raw": 1763942400, "fmt": "2025-11-24"}, "dividendDate": {"raw": 1764892800, "fmt": "2025-12-05"}}, "earningsTrend": {"trend": [{"maxAge": 1, "period": "0q", "endDate": "2025-09-30", "growth": {"raw": 0.498, "fmt": "49.80%"}, "earningsEstimate": {"avg": {"raw": 1.46803, "fmt": "1.47"}, "low": {"raw": 1.43, "fmt": "1.43"}, "high": {"raw": 1.53, "fmt": "1.53"}, "yearAgoEps": {"raw": 0.98, "fmt": "0.98"}, "numberOfAnalysts": {"raw": 10, "fmt": "10", "longFmt": "10"}, "growth": {"raw": 0.498, "fmt": "49.80%"}, "earningsCurrency": "USD"}, "revenueEstimate": {"avg": {"raw": 441538020, "fmt": "441.54M", "longFmt": "441,538,020"}, "low": {"raw": 440000000, "fmt": "440M", "longFmt": "440,000,000"}, "high": {"raw": 445000000, "fmt": "445M", "longFmt": "445,000,000"}, "numberOfAnalysts": {"raw": 10, "fmt": "10", "longFmt": "10"}, "yearAgoRevenue": {"raw": 374217000, "fmt": "374.22M", "longFmt": "374,217,000"}, "growth": {"raw": 0.17989999, "fmt": "17.99%"}, "revenueCurrency": "USD"}, "epsTrend": {"current": {"raw": 1.46803, "fmt": "1.47"}, "7daysAgo": {"raw": 1.46803, "fmt": "1.47"}, "30daysAgo": {"raw": 1.46503, "fmt": "1.47"}, "60daysAgo": {"raw": 1.46503, "fmt": "1.47"}, "90daysAgo": {"raw": 1.30526, "fmt": "1.31"}, "epsTrendCurrency": "USD"}, "epsRevisions": {"upLast7days": {"raw": 1, "fmt": "1", "longFmt": "1"}, "upLast30days": {"raw": 1, "fmt": "1", "longFmt": "1"}, "downLast30days": {"raw": 0, "fmt": null, "longFmt": "0"}, "downLast7Days": {"raw": 0, "fmt": null, "longFmt": "0"}, "downLast90days": {}, "epsRevisionsCurrency": "USD"}}, {"maxAge": 1, "period": "+1q", "endDate": "2025-12-31", "growth": {"raw": 0.174, "fmt": "17.40%"}, "earningsEstimate": {"avg": {"raw": 1.52626, "fmt": "1.53"}, "low": {"raw": 1.44, "fmt": "1.44"}, "high": {"raw": 1.68, "fmt": "1.68"}, "yearAgoEps": {"raw": 1.3, "fmt": "1.3"}, "numberOfAnalysts": {"raw": 10, "fmt": "10", "longFmt": "10"}, "growth": {"raw": 0.174, "fmt": "17.40%"}, "earningsCurrency": "USD"}, "revenueEstimate": {"avg": {"raw": 445853050, "fmt": "445.85M", "longFmt": "445,853,050"}, "low": {"raw": 440600000, "fmt": "440.6M", "longFmt": "440,600,000"}, "high": {"raw": 452100000, "fmt": "452.1M", "longFmt": "452,100,000"}, "numberOfAnalysts": {"raw": 10, "fmt": "10", "longFmt": "10"}, "yearAgoRevenue": {"raw": 415403000, "fmt": "415.4M", "longFmt": "415,403,000"}, "growth": {"raw": 0.0733, "fmt": "7.33%"}, "revenueCurrency": "USD"}, "epsTrend": {"current": {"raw": 1.52626, "fmt": "1.53"}, "7daysAgo": {"raw": 1.52626, "fmt": "1.53"}, "30daysAgo": {"raw": 1.52026, "fmt": "1.52"}, "60daysAgo": {"raw": 1.52026, "fmt": "1.52"}, "90daysAgo": {"raw": 1.4072, "fmt": "1.41"}, "epsTrendCurrency": "USD"}, "epsRevisions": {"upLast7days": {"raw": 2, "fmt": "2", "longFmt": "2"}, "upLast30days": {"raw": 2, "fmt": "2", "longFmt": "2"}, "downLast30days": {"raw": 0, "fmt": null, "longFmt": "0"}, "downLast7Days": {"raw": 0, "fmt": null, "longFmt": "0"}, "downLast90days": {}, "epsRevisionsCurrency": "USD"}}, {"maxAge": 1, "period": "0y", "endDate": "2025-12-31", "growth": {"raw": 0.5398, "fmt": "53.98%"}, "earningsEstimate": {"avg": {"raw": 5.7127, "fmt": "5.71"}, "low": {"raw": 5.6, "fmt": "5.6"}, "high": {"raw": 5.92, "fmt": "5.92"}, "yearAgoEps": {"raw": 3.71, "fmt": "3.71"}, "numberOfAnalysts": {"raw": 11, "fmt": "11", "longFmt": "11"}, "growth": {"raw": 0.5398, "fmt": "53.98%"}, "earningsCurrency": "USD"}, "revenueEstimate": {"avg": {"raw": 1732255520, "fmt": "1.73B", "longFmt": "1,732,255,520"}, "low": {"raw": 1720000000, "fmt": "1.72B", "longFmt": "1,720,000,000"}, "high": {"raw": 1739100000, "fmt": "1.74B", "longFmt": "1,739,100,000"}, "numberOfAnalysts": {"raw": 11, "fmt": "11", "longFmt": "11"}, "yearAgoRevenue": {"raw": 1482042000, "fmt": "1.48B", "longFmt": "1,482,042,000"}, "growth": {"raw": 0.1688, "fmt": "16.88%"}, "revenueCurrency": "USD"}, "epsTrend": {"current": {"raw": 5.7127, "fmt": "5.71"}, "7daysAgo": {"raw": 5.7127, "fmt": "5.71"}, "30daysAgo": {"raw": 5.70543, "fmt": "5.71"}, "60daysAgo": {"raw": 5.70543, "fmt": "5.71"}, "90daysAgo": {"raw": 5.24915, "fmt": "5.25"}, "epsTrendCurrency": "USD"}, "epsRevisions": {"upLast7days": {"raw": 2, "fmt": "2", "longFmt": "2"}, "upLast30days": {"raw": 2, "fmt": "2", "longFmt": "2"}, "downLast30days": {"raw": 0, "fmt": null, "longFmt": "0"}, "downLast7Days": {"raw": 0, "fmt": null, "longFmt": "0"}, "downLast90days": {}, "epsRevisionsCurrency": "USD"}}, {"maxAge": 1, "period": "+1y", "endDate": "2026-12-31", "growth": {"raw": 0.1768, "fmt": "17.68%"}, "earningsEstimate": {"avg": {"raw": 6.72256, "fmt": "6.72"}, "low": {"raw": 6.05, "fmt": "6.05"}, "high": {"raw": 7.4, "fmt": "7.4"}, "yearAgoEps": {"raw": 5.7127, "fmt": "5.71"}, "numberOfAnalysts": {"raw": 10, "fmt": "10", "longFmt": "10"}, "growth": {"raw": 0.1768, "fmt": "17.68%"}, "earningsCurrency": "USD"}, "revenueEstimate": {"avg": {"raw": 1866629930, "fmt": "1.87B", "longFmt": "1,866,629,930"}, "low": {"raw": 1800000000, "fmt": "1.8B", "longFmt": "1,800,000,000"}, "high": {"raw": 1910000000, "fmt": "1.91B", "longFmt": "1,910,000,000"}, "numberOfAnalysts": {"raw": 10, "fmt": "10", "longFmt": "10"}, "yearAgoRevenue": {"raw": 1732255520, "fmt": "1.73B", "longFmt": "1,732,255,520"}, "growth": {"raw": 0.0776, "fmt": "7.76%"}, "revenueCurrency": "USD"}, "epsTrend": {"current": {"raw": 6.72256, "fmt": "6.72"}, "7daysAgo": {"raw": 6.69056, "fmt": "6.69"}, "30daysAgo": {"raw": 6.65556, "fmt": "6.66"}, "60daysAgo": {"raw": 6.65556, "fmt": "6.66"}, "90daysAgo": {"raw": 6.31025, "fmt": "6.31"}, "epsTrendCurrency": "USD"}, "epsRevisions": {"upLast7days": {"raw": 1, "fmt": "1", "longFmt": "1"}, "upLast30days": {"raw": 4, "fmt": "4", "longFmt": "4"}, "downLast30days": {"raw": 0, "fmt": null, "longFmt": "0"}, "downLast7Days": {"raw": 0, "fmt": null, "longFmt": "0"}, "downLast90days": {}, "epsRevisionsCurrency": "USD"}}], "defaultMethodology": "nongaap", "maxAge": 1}, "earningsHistory": {"history": [{"maxAge": 1, "epsActual": {"raw": 0.98, "fmt": "0.98"}, "epsEstimate": {"raw": 0.90658, "fmt": "0.91"}, "epsDifference": {"raw": 0.07, "fmt": "0.07"}, "surprisePercent": {"raw": 0.081, "fmt": "8.10%"}, "quarter": {"raw": 1727654400, "fmt": "2024-09-30"}, "currency": "USD", "period": "-4q"}, {"maxAge": 1, "epsActual": {"raw": 1.3, "fmt": "1.3"}, "epsEstimate": {"raw": 1.10164, "fmt": "1.1"}, "epsDifference": {"raw": 0.2, "fmt": "0.2"}, "surprisePercent": {"raw": 0.18010001, "fmt": "18.01%"}, "quarter": {"raw": 1735603200, "fmt": "2024-12-31"}, "currency": "USD", "period": "-3q"}, {"maxAge": 1, "epsActual": {"raw": 1.23, "fmt": "1.23"}, "epsEstimate": {"raw": 1.05941, "fmt": "1.06"}, "epsDifference": {"raw": 0.17, "fmt": "0.17"}, "surprisePercent": {"raw": 0.161, "fmt": "16.10%"}, "quarter": {"raw": 1743379200, "fmt": "2025-03-31"}, "currency": "USD", "period": "-2q"}, {"maxAge": 1, "epsActual": {"raw": 1.5, "fmt": "1.5"}, "epsEstimate": {"raw": 1.30751, "fmt": "1.31"}, "epsDifference": {"raw": 0.19, "fmt": "0.19"}, "surprisePercent": {"raw": 0.1472, "fmt": "14.72%"}, "quarter": {"raw": 1751241600, "fmt": "2025-06-30"}, "currency": "USD", "period": "-1q"}], "defaultMethodology": "nongaap", "maxAge": 86400}, "financialData": {"maxAge": 86400, "currentPrice": {"raw": 205.61, "fmt": "205.61"}, "targetHighPrice": {"raw": 205.0, "fmt": "205.00"}, "targetLowPrice": {"raw": 120.0, "fmt": "120.00"}, "targetMeanPrice": {"raw": 170.5, "fmt": "170.50"}, "targetMedianPrice": {"raw": 175.0, "fmt": "175.00"}, "recommendationMean": {"raw": 1.81818, "fmt": "1.82"}, "recommendationKey": "buy", "numberOfAnalystOpinions": {"raw": 10, "fmt": "10", "longFmt": "10"}, "totalCash": {"raw": 713699968, "fmt": "713.7M", "longFmt": "713,699,968"}, "totalCashPerShare": {"raw": 18.921, "fmt": "18.92"}, "ebitda": {"raw": 193434000, "fmt": "193.43M", "longFmt": "193,434,000"}, "totalDebt": {"raw": 687500032, "fmt": "687.5M", "longFmt": "687,500,032"}, "quickRatio": {"raw": 2.851, "fmt": "2.85"}, "currentRatio": {"raw": 4.089, "fmt": "4.09"}, "totalRevenue": {"raw": 1635741952, "fmt": "1.64B", "longFmt": "1,635,741,952"}, "debtToEquity": {"raw": 54.681, "fmt": "54.68%"}, "revenuePerShare": {"raw": 43.532, "fmt": "43.53"}, "returnOnAssets": {"raw": 0.0323, "fmt": "3.23%"}, "returnOnEquity": {"raw": 0.07051, "fmt": "7.05%"}, "grossProfits": {"raw": 610950976, "fmt": "610.95M", "longFmt": "610,950,976"}, "freeCashflow": {"raw": 130742752, "fmt": "130.74M", "longFmt": "130,742,752"}, "operatingCashflow": {"raw": 190847008, "fmt": "190.85M", "longFmt": "190,847,008"}, "earningsGrowth": {"raw": 0.68, "fmt": "68.00%"}, "revenueGrowth": {"raw": 0.21, "fmt": "21.00%"}, "grossMargins": {"raw": 0.3735, "fmt": "37.35%"}, "ebitdaMargins": {"raw": 0.11825, "fmt": "11.82%"}, "operatingMargins": {"raw": 0.09196, "fmt": "9.20%"}, "profitMargins": {"raw": 0.0513, "fmt": "5.13%"}, "financialCurrency": "USD"}}