{"assetProfile": {"address1": "11555 Sorrento Valley Road", "address2": "Suite 203", "city": "San Diego", "state": "CA", "zip": "92121", "country": "United States", "phone": "619 941 0360", "fax": "619 941 0361", "website": "https://www.aethlonmedical.com", "industry": "Medical Devices", "industryKey": "medical-devices", "industryDisp": "Medical Devices", "sector": "Healthcare", "sectorKey": "healthcare", "sectorDisp": "Healthcare", "longBusinessSummary": "Aethlon Medical, Inc., a medical therapeutic company, engages in developing novel immunotherapeutic devices to treat cancer and viral infections in the United States. It develops Hemopurifier, a clinical-stage immunotherapeutic device intended for applications in cancer, and life-threatening viral infections, and use in organ transplantation. The company was founded in 1984 and is based in San Diego, California.", "fullTimeEmployees": 9, "companyOfficers": [{"maxAge": 1, "name": "Mr. James B. Frakes M.B.A.", "age": 67, "title": "CEO, CFO, Chief Accounting Officer, Secretary & Director", "yearBorn": 1957, "fiscalYear": 2025, "totalPay": {"raw": 500000, "fmt": "500k", "longFmt": "500,000"}, "exercisedValue": {"raw": 0, "fmt": null, "longFmt": "0"}, "unexercisedValue": {"raw": 0, "fmt": null, "longFmt": "0"}}, {"maxAge": 1, "name": "Mr. Guy F. Cipriani BS (Eng.), MBA", "age": 54, "title": "Senior VP & COO", "yearBorn": 1970, "fiscalYear": 2025, "totalPay": {"raw": 395688, "fmt": "395.69k", "longFmt": "395,688"}, "exercisedValue": {"raw": 0, "fmt": null, "longFmt": "0"}, "unexercisedValue": {"raw": 0, "fmt": null, "longFmt": "0"}}, {"maxAge": 1, "name": "Dr. Steven P. LaRosa M.D.", "age": 56, "title": "Chief Medical Officer", "yearBorn": 1968, "fiscalYear": 2025, "totalPay": {"raw": 480000, "fmt": "480k", "longFmt": "480,000"}, "exercisedValue": {"raw": 0, "fmt": null, "longFmt": "0"}, "unexercisedValue": {"raw": 0, "fmt": null, "longFmt": "0"}}, {"maxAge": 1, "name": "Ms. Michele  Bombardiere", "title": "VP & Controller", "fiscalYear": 2025, "exercisedValue": {"raw": 0, "fmt": null, "longFmt": "0"}, "unexercisedValue": {"raw": 0, "fmt": null, "longFmt": "0"}}], "compensationAsOfEpochDate": 1767139200, "executiveTeam": [], "maxAge": 86400}, "calendarEvents": {"maxAge": 1, "earnings": {"earningsDate": [{"raw": 1762981200, "fmt": "2025-11-12"}], "earningsCallDate": [{"raw": 1755117000, "fmt": "2025-08-13"}], "isEarningsDateEstimate": true, "earningsAverage": {"raw": -1.695, "fmt": "-1.70"}, "earningsLow": {"raw": -2.39, "fmt": "-2.39"}, "earningsHigh": {"raw": -1.0, "fmt": "-1.00"}, "revenueAverage": {"raw": 0, "fmt": null, "longFmt": "0"}, "revenueLow": {"raw": 0, "fmt": null, "longFmt": "0"}, "revenueHigh": {"raw": 0, "fmt": null, "longFmt": "0"}}, "exDividendDate": {}, "dividendDate": {"raw": 1571097600, "fmt": "2019-10-15"}}, "earningsTrend": {"trend": [{"maxAge": 1, "period": "0q", "endDate": "2025-09-30", "growth": {"raw": 0.8941, "fmt": "89.41%"}, "earningsEstimate": {"avg": {"raw": -1.695, "fmt": "-1.7"}, "low": {"raw": -2.39, "fmt": "-2.39"}, "high": {"raw": -1.0, "fmt": "-1"}, "yearAgoEps": {"raw": -16.0, "fmt": "-16"}, "numberOfAnalysts": {"raw": 2, "fmt": "2", "longFmt": "2"}, "growth": {"raw": 0.8941, "fmt": "89.41%"}, "earningsCurrency": "USD"}, "revenueEstimate": {"avg": {"raw": 0, "fmt": null, "longFmt": "0"}, "low": {"raw": 0, "fmt": null, "longFmt": "0"}, "high": {"raw": 0, "fmt": null, "longFmt": "0"}, "numberOfAnalysts": {"raw": 3, "fmt": "3", "longFmt": "3"}, "yearAgoRevenue": {"raw": 0, "fmt": null, "longFmt": "0"}, "growth": {"raw": 0.0, "fmt": "0.00%"}, "revenueCurrency": "USD"}, "epsTrend": {"current": {"raw": -1.695, "fmt": "-1.7"}, "7daysAgo": {"raw": -4.0, "fmt": "-4"}, "30daysAgo": {"raw": -4.0, "fmt": "-4"}, "60daysAgo": {"raw": -4.0, "fmt": "-4"}, "90daysAgo": {"raw": -4.0, "fmt": "-4"}, "epsTrendCurrency": "USD"}, "epsRevisions": {"upLast7days": {"raw": 0, "fmt": null, "longFmt": "0"}, "upLast30days": {"raw": 0, "fmt": null, "longFmt": "0"}, "downLast30days": {"raw": 0, "fmt": null, "longFmt": "0"}, "downLast7Days": {"raw": 0, "fmt": null, "longFmt": "0"}, "downLast90days": {}, "epsRevisionsCurrency": "USD"}}, {"maxAge": 1, "period": "+1q", "endDate": "2025-12-31", "growth": {"raw": 0.7615, "fmt": "76.15%"}, "earningsEstimate": {"avg": {"raw": -2.48, "fmt": "-2.48"}, "low": {"raw": -2.5, "fmt": "-2.5"}, "high": {"raw": -2.46, "fmt": "-2.46"}, "yearAgoEps": {"raw": -10.4, "fmt": "-10.4"}, "numberOfAnalysts": {"raw": 2, "fmt": "2", "longFmt": "2"}, "growth": {"raw": 0.7615, "fmt": "76.15%"}, "earningsCurrency": "USD"}, "revenueEstimate": {"avg": {"raw": 0, "fmt": null, "longFmt": "0"}, "low": {"raw": 0, "fmt": null, "longFmt": "0"}, "high": {"raw": 0, "fmt": null, "longFmt": "0"}, "numberOfAnalysts": {"raw": 3, "fmt": "3", "longFmt": "3"}, "yearAgoRevenue": {"raw": 0, "fmt": null, "longFmt": "0"}, "growth": {"raw": 0.0, "fmt": "0.00%"}, "revenueCurrency": "USD"}, "epsTrend": {"current": {"raw": -2.48, "fmt": "-2.48"}, "7daysAgo": {"raw": -4.85, "fmt": "-4.85"}, "30daysAgo": {"raw": -4.85, "fmt": "-4.85"}, "60daysAgo": {"raw": -4.85, "fmt": "-4.85"}, "90daysAgo": {"raw": -4.65, "fmt": "-4.65"}, "epsTrendCurrency": "USD"}, "epsRevisions": {"upLast7days": {"raw": 0, "fmt": null, "longFmt": "0"}, "upLast30days": {"raw": 0, "fmt": null, "longFmt": "0"}, "downLast30days": {"raw": 0, "fmt": null, "longFmt": "0"}, "downLast7Days": {"raw": 0, "fmt": null, "longFmt": "0"}, "downLast90days": {}, "epsRevisionsCurrency": "USD"}}, {"maxAge": 1, "period": "0y", "endDate": "2026-03-31", "growth": {"raw": 0.8577, "fmt": "85.77%"}, "earningsEstimate": {"avg": {"raw": -12.21, "fmt": "-12.21"}, "low": {"raw": -14.5, "fmt": "-14.5"}, "high": {"raw": -9.92, "fmt": "-9.92"}, "yearAgoEps": {"raw": -85.8, "fmt": "-85.8"}, "numberOfAnalysts": {"raw": 2, "fmt": "2", "longFmt": "2"}, "growth": {"raw": 0.8577, "fmt": "85.77%"}, "earningsCurrency": "USD"}, "revenueEstimate": {"avg": {"raw": 0, "fmt": null, "longFmt": "0"}, "low": {"raw": 0, "fmt": null, "longFmt": "0"}, "high": {"raw": 0, "fmt": null, "longFmt": "0"}, "numberOfAnalysts": {"raw": 3, "fmt": "3", "longFmt": "3"}, "yearAgoRevenue": {"raw": 0, "fmt": null, "longFmt": "0"}, "growth": {"raw": 0.0, "fmt": "0.00%"}, "revenueCurrency": "USD"}, "epsTrend": {"current": {"raw": -12.21, "fmt": "-12.21"}, "7daysAgo": {"raw": -22.5, "fmt": "-22.5"}, "30daysAgo": {"raw": -22.5, "fmt": "-22.5"}, "60daysAgo": {"raw": -19.75, "fmt": "-19.75"}, "90daysAgo": {"raw": -22.5, "fmt": "-22.5"}, "epsTrendCurrency": "USD"}, "epsRevisions": {"upLast7days": {"raw": 0, "fmt": null, "longFmt": "0"}, "upLast30days": {"raw": 0, "fmt": null, "longFmt": "0"}, "downLast30days": {"raw": 0, "fmt": null, "longFmt": "0"}, "downLast7Days": {"raw": 0, "fmt": null, "longFmt": "0"}, "downLast90days": {}, "epsRevisionsCurrency": "USD"}}, {"maxAge": 1, "period": "+1y", "endDate": "2027-03-31", "growth": {"raw": 0.5332, "fmt": "53.32%"}, "earningsEstimate": {"avg": {"raw": -5.7, "fmt": "-5.7"}, "low": {"raw": -5.7, "fmt": "-5.7"}, "high": {"raw": -5.7, "fmt": "-5.7"}, "yearAgoEps": {"raw": -12.21, "fmt": "-12.21"}, "numberOfAnalysts": {"raw": 1, "fmt": "1", "longFmt": "1"}, "growth": {"raw": 0.5332, "fmt": "53.32%"}, "earningsCurrency": "USD"}, "revenueEstimate": {"avg": {"raw": 0, "fmt": null, "longFmt": "0"}, "low": {"raw": 0, "fmt": null, "longFmt": "0"}, "high": {"raw": 0, "fmt": null, "longFmt": "0"}, "numberOfAnalysts": {"raw": 2, "fmt": "2", "longFmt": "2"}, "yearAgoRevenue": {"raw": 0, "fmt": null, "longFmt": "0"}, "growth": {"raw": 0.0, "fmt": "0.00%"}, "revenueCurrency": "USD"}, "epsTrend": {"current": {"raw": -5.7, "fmt": "-5.7"}, "7daysAgo": {"raw": -5.7, "fmt": "-5.7"}, "30daysAgo": {"raw": -6.0, "fmt": "-6"}, "60daysAgo": {"raw": 0.0, "fmt": "0"}, "90daysAgo": {"raw": 0.0, "fmt": "0"}, "epsTrendCurrency": "USD"}, "epsRevisions": {"upLast7days": {"raw": 0, "fmt": null, "longFmt": "0"}, "upLast30days": {"raw": 0, "fmt": null, "longFmt": "0"}, "downLast30days": {"raw": 0, "fmt": null, "longFmt": "0"}, "downLast7Days": {"raw": 0, "fmt": null, "longFmt": "0"}, "downLast90days": {}, "epsRevisionsCurrency": "USD"}}], "defaultMethodology": "nongaap", "maxAge": 1}, "earningsHistory": {"history": [{"maxAge": 1, "epsActual": {"raw": -16.0, "fmt": "-16"}, "epsEstimate": {"raw": -15.6, "fmt": "-15.6"}, "epsDifference": {"raw": -0.4, "fmt": "-0.4"}, "surprisePercent": {"raw": -0.0256, "fmt": "-2.56%"}, "quarter": {"raw": 1727654400, "fmt": "2024-09-30"}, "currency": "USD", "period": "-4q"}, {"maxAge": 1, "epsActual": {"raw": -10.4, "fmt": "-10.4"}, "epsEstimate": {"raw": -16.26667, "fmt": "-16.27"}, "epsDifference": {"raw": 5.87, "fmt": "5.87"}, "surprisePercent": {"raw": 0.3607, "fmt": "36.07%"}, "quarter": {"raw": 1735603200, "fmt": "2024-12-31"}, "currency": "USD", "period": "-3q"}, {"maxAge": 1, "epsActual": {"raw": -37.0, "fmt": "-37"}, "epsEstimate": {"raw": -10.9, "fmt": "-10.9"}, "epsDifference": {"raw": -26.1, "fmt": "-26.1"}, "surprisePercent": {"raw": -2.3945, "fmt": "-239.45%"}, "quarter": {"raw": 1743379200, "fmt": "2025-03-31"}, "currency": "USD", "period": "-2q"}, {"maxAge": 1, "epsActual": {"raw": -8.5, "fmt": "-8.5"}, "epsEstimate": {"raw": -7.3, "fmt": "-7.3"}, "epsDifference": {"raw": -1.2, "fmt": "-1.2"}, "surprisePercent": {"raw": -0.16440001, "fmt": "-16.44%"}, "quarter": {"raw": 1751241600, "fmt": "2025-06-30"}, "currency": "USD", "period": "-1q"}], "defaultMethodology": "nongaap", "maxAge": 86400}, "financialData": {"maxAge": 86400, "currentPrice": {"raw": 4.92, "fmt": "4.92"}, "targetHighPrice": {"raw": 15.0, "fmt": "15.00"}, "targetLowPrice": {"raw": 9.75, "fmt": "9.75"}, "targetMeanPrice": {"raw": 12.375, "fmt": "12.38"}, "targetMedianPrice": {"raw": 12.375, "fmt": "12.38"}, "recommendationMean": {"raw": 3.0, "fmt": "3.00"}, "recommendationKey": "hold", "numberOfAnalystOpinions": {"raw": 2, "fmt": "2", "longFmt": "2"}, "totalCash": {"raw": 3765154, "fmt": "3.77M", "longFmt": "3,765,154"}, "totalCashPerShare": {"raw": 14.489, "fmt": "14.49"}, "ebitda": {"raw": -8176761, "fmt": "-8.18M", "longFmt": "-8,176,761"}, "totalDebt": {"raw": 686579, "fmt": "686.58k", "longFmt": "686,579"}, "quickRatio": {"raw": 2.314, "fmt": "2.31"}, "currentRatio": {"raw": 2.489, "fmt": "2.49"}, "totalRevenue": {}, "debtToEquity": {"raw": 20.055, "fmt": "20.06%"}, "revenuePerShare": {}, "returnOnAssets": {"raw": -0.63638, "fmt": "-63.64%"}, "returnOnEquity": {"raw": -2.0728998, "fmt": "-207.29%"}, "grossProfits": {}, "freeCashflow": {"raw": -5086986, "fmt": "-5.09M", "longFmt": "-5,086,986"}, "operatingCashflow": {"raw": -7612932, "fmt": "-7.61M", "longFmt": "-7,612,932"}, "earningsGrowth": {}, "revenueGrowth": {}, "grossMargins": {"raw": 0.0, "fmt": "0.00%"}, "ebitdaMargins": {"raw": 0.0, "fmt": "0.00%"}, "operatingMargins": {"raw": 0.0, "fmt": "0.00%"}, "profitMargins": {"raw": 0.0, "fmt": "0.00%"}, "financialCurrency": "USD"}}