{"assetProfile": {"address1": "8201 Peters Road", "address2": "Suite 1000", "city": "Plantation", "state": "FL", "zip": "33324", "country": "United States", "phone": "954 255 4000", "website": "https://www.aent.com", "industry": "Entertainment", "industryKey": "entertainment", "industryDisp": "Entertainment", "sector": "Communication Services", "sectorKey": "communication-services", "sectorDisp": "Communication Services", "longBusinessSummary": "Alliance Entertainment Holding Corporation operates as a wholesaler and e-commerce provider for the entertainment industry worldwide. It offers vinyl records, video games, digital video discs, blu-rays, toys, compact discs, collectibles, and other entertainment and consumer products. The company also provides third party logistics products and services. It distributes its physical media, entertainment products, hardware, and accessories through multi-channel strategy. The company exports its products. Alliance Entertainment Holding Corporation was founded in 1990 and is based in Plantation, Florida.", "fullTimeEmployees": 697, "companyOfficers": [{"maxAge": 1, "name": "Mr. Bruce  Ogilvie Jr.", "age": 67, "title": "Executive Chairman of the Board", "yearBorn": 1957, "fiscalYear": 2025, "totalPay": {"raw": 1315628, "fmt": "1.32M", "longFmt": "1,315,628"}, "exercisedValue": {"raw": 0, "fmt": null, "longFmt": "0"}, "unexercisedValue": {"raw": 0, "fmt": null, "longFmt": "0"}}, {"maxAge": 1, "name": "Mr. Jeffrey  Walker", "age": 57, "title": "CEO & Director", "yearBorn": 1967, "fiscalYear": 2025, "totalPay": {"raw": 1315216, "fmt": "1.32M", "longFmt": "1,315,216"}, "exercisedValue": {"raw": 0, "fmt": null, "longFmt": "0"}, "unexercisedValue": {"raw": 0, "fmt": null, "longFmt": "0"}}, {"maxAge": 1, "name": "Ms. Amanda  Gnecco CPA", "age": 44, "title": "CFO & Chief Accounting Officer", "yearBorn": 1980, "fiscalYear": 2025, "exercisedValue": {"raw": 0, "fmt": null, "longFmt": "0"}, "unexercisedValue": {"raw": 0, "fmt": null, "longFmt": "0"}}, {"maxAge": 1, "name": "Mr. Warwick  Goldby", "age": 48, "title": "Chief Operating Officer", "yearBorn": 1976, "fiscalYear": 2025, "exercisedValue": {"raw": 0, "fmt": null, "longFmt": "0"}, "unexercisedValue": {"raw": 0, "fmt": null, "longFmt": "0"}}, {"maxAge": 1, "name": "Mr. Robert  Black", "age": 63, "title": "Chief Compliance Officer", "yearBorn": 1961, "fiscalYear": 2025, "totalPay": {"raw": 263614, "fmt": "263.61k", "longFmt": "263,614"}, "exercisedValue": {"raw": 0, "fmt": null, "longFmt": "0"}, "unexercisedValue": {"raw": 0, "fmt": null, "longFmt": "0"}}, {"maxAge": 1, "name": "Ben  Means", "title": "President of Distribution Solutions", "fiscalYear": 2025, "totalPay": {"raw": 374415, "fmt": "374.42k", "longFmt": "374,415"}, "exercisedValue": {"raw": 0, "fmt": null, "longFmt": "0"}, "unexercisedValue": {"raw": 0, "fmt": null, "longFmt": "0"}}, {"maxAge": 1, "name": "Mr. Robert  Oram", "title": "Executive VP", "fiscalYear": 2025, "exercisedValue": {"raw": 0, "fmt": null, "longFmt": "0"}, "unexercisedValue": {"raw": 0, "fmt": null, "longFmt": "0"}}, {"maxAge": 1, "name": "Mr. Ian  Ching", "title": "Senior Vice President of Information Technology", "fiscalYear": 2025, "exercisedValue": {"raw": 0, "fmt": null, "longFmt": "0"}, "unexercisedValue": {"raw": 0, "fmt": null, "longFmt": "0"}}, {"maxAge": 1, "name": "Mr. Tony  Timpano", "title": "Senior Vice President of Business & Legal Affairs", "fiscalYear": 2025, "exercisedValue": {"raw": 0, "fmt": null, "longFmt": "0"}, "unexercisedValue": {"raw": 0, "fmt": null, "longFmt": "0"}}, {"maxAge": 1, "name": "Mr. Alex  Jimenez", "title": "Senior Vice President of Import Services", "fiscalYear": 2025, "exercisedValue": {"raw": 0, "fmt": null, "longFmt": "0"}, "unexercisedValue": {"raw": 0, "fmt": null, "longFmt": "0"}}], "compensationAsOfEpochDate": 1767139200, "executiveTeam": [], "maxAge": 86400}, "calendarEvents": {"maxAge": 1, "earnings": {"earningsDate": [], "earningsCallDate": [], "earningsAverage": {}, "earningsLow": {}, "earningsHigh": {}, "revenueAverage": {"raw": 237300500, "fmt": "237.3M", "longFmt": "237,300,500"}, "revenueLow": {"raw": 230501000, "fmt": "230.5M", "longFmt": "230,501,000"}, "revenueHigh": {"raw": 244100000, "fmt": "244.1M", "longFmt": "244,100,000"}}, "exDividendDate": {}, "dividendDate": {}}, "earningsTrend": {"trend": [{"maxAge": 1, "period": "0q", "endDate": "2025-09-30", "growth": {}, "earningsEstimate": {"avg": {}, "low": {}, "high": {}, "yearAgoEps": {}, "numberOfAnalysts": {}, "growth": {}, "earningsCurrency": null}, "revenueEstimate": {"avg": {"raw": 237300500, "fmt": "237.3M", "longFmt": "237,300,500"}, "low": {"raw": 230501000, "fmt": "230.5M", "longFmt": "230,501,000"}, "high": {"raw": 244100000, "fmt": "244.1M", "longFmt": "244,100,000"}, "numberOfAnalysts": {"raw": 2, "fmt": "2", "longFmt": "2"}, "yearAgoRevenue": {"raw": 228990000, "fmt": "228.99M", "longFmt": "228,990,000"}, "growth": {"raw": 0.0363, "fmt": "3.63%"}, "revenueCurrency": "USD"}, "epsTrend": {"current": {}, "7daysAgo": {}, "30daysAgo": {}, "60daysAgo": {}, "90daysAgo": {}, "epsTrendCurrency": null}, "epsRevisions": {"upLast7days": {}, "upLast30days": {}, "downLast30days": {}, "downLast7Days": {}, "downLast90days": {}, "epsRevisionsCurrency": null}}, {"maxAge": 1, "period": "+1q", "endDate": "2025-12-31", "growth": {}, "earningsEstimate": {"avg": {}, "low": {}, "high": {}, "yearAgoEps": {}, "numberOfAnalysts": {}, "growth": {}, "earningsCurrency": null}, "revenueEstimate": {"avg": {"raw": 397640000, "fmt": "397.64M", "longFmt": "397,640,000"}, "low": {"raw": 394900000, "fmt": "394.9M", "longFmt": "394,900,000"}, "high": {"raw": 400380000, "fmt": "400.38M", "longFmt": "400,380,000"}, "numberOfAnalysts": {"raw": 2, "fmt": "2", "longFmt": "2"}, "yearAgoRevenue": {"raw": 393672000, "fmt": "393.67M", "longFmt": "393,672,000"}, "growth": {"raw": 0.0101, "fmt": "1.01%"}, "revenueCurrency": "USD"}, "epsTrend": {"current": {}, "7daysAgo": {}, "30daysAgo": {}, "60daysAgo": {}, "90daysAgo": {}, "epsTrendCurrency": null}, "epsRevisions": {"upLast7days": {}, "upLast30days": {}, "downLast30days": {}, "downLast7Days": {}, "downLast90days": {}, "epsRevisionsCurrency": null}}, {"maxAge": 1, "period": "0y", "endDate": "2026-06-30", "growth": {}, "earningsEstimate": {"avg": {}, "low": {}, "high": {}, "yearAgoEps": {}, "numberOfAnalysts": {}, "growth": {}, "earningsCurrency": null}, "revenueEstimate": {"avg": {"raw": 1091214670, "fmt": "1.09B", "longFmt": "1,091,214,670"}, "low": {"raw": 1082667000, "fmt": "1.08B", "longFmt": "1,082,667,000"}, "high": {"raw": 1101977000, "fmt": "1.1B", "longFmt": "1,101,977,000"}, "numberOfAnalysts": {"raw": 3, "fmt": "3", "longFmt": "3"}, "yearAgoRevenue": {"raw": 1063457000, "fmt": "1.06B", "longFmt": "1,063,457,000"}, "growth": {"raw": 0.026099999, "fmt": "2.61%"}, "revenueCurrency": "USD"}, "epsTrend": {"current": {}, "7daysAgo": {}, "30daysAgo": {}, "60daysAgo": {}, "90daysAgo": {}, "epsTrendCurrency": null}, "epsRevisions": {"upLast7days": {}, "upLast30days": {}, "downLast30days": {}, "downLast7Days": {}, "downLast90days": {}, "epsRevisionsCurrency": null}}, {"maxAge": 1, "period": "+1y", "endDate": "2027-06-30", "growth": {}, "earningsEstimate": {"avg": {}, "low": {}, "high": {}, "yearAgoEps": {}, "numberOfAnalysts": {}, "growth": {}, "earningsCurrency": null}, "revenueEstimate": {"avg": {"raw": 1106053000, "fmt": "1.11B", "longFmt": "1,106,053,000"}, "low": {"raw": 1089106000, "fmt": "1.09B", "longFmt": "1,089,106,000"}, "high": {"raw": 1123000000, "fmt": "1.12B", "longFmt": "1,123,000,000"}, "numberOfAnalysts": {"raw": 2, "fmt": "2", "longFmt": "2"}, "yearAgoRevenue": {"raw": 1091214670, "fmt": "1.09B", "longFmt": "1,091,214,670"}, "growth": {"raw": 0.0136, "fmt": "1.36%"}, "revenueCurrency": "USD"}, "epsTrend": {"current": {}, "7daysAgo": {}, "30daysAgo": {}, "60daysAgo": {}, "90daysAgo": {}, "epsTrendCurrency": null}, "epsRevisions": {"upLast7days": {}, "upLast30days": {}, "downLast30days": {}, "downLast7Days": {}, "downLast90days": {}, "epsRevisionsCurrency": null}}], "defaultMethodology": "nongaap", "maxAge": 1}, "earningsHistory": {"history": [], "defaultMethodology": "nongaap", "maxAge": 86400}, "financialData": {"maxAge": 86400, "currentPrice": {"raw": 0.8035, "fmt": "0.80"}, "targetHighPrice": {}, "targetLowPrice": {}, "targetMeanPrice": {}, "targetMedianPrice": {}, "recommendationMean": {}, "recommendationKey": "none", "numberOfAnalystOpinions": {}, "totalCash": {"raw": 1236000, "fmt": "1.24M", "longFmt": "1,236,000"}, "totalCashPerShare": {"raw": 0.024, "fmt": "0.02"}, "ebitda": {"raw": 36485000, "fmt": "36.48M", "longFmt": "36,485,000"}, "totalDebt": {"raw": 90935000, "fmt": "90.94M", "longFmt": "90,935,000"}, "quickRatio": {"raw": 0.628, "fmt": "0.63"}, "currentRatio": {"raw": 1.263, "fmt": "1.26"}, "totalRevenue": {"raw": 1063457024, "fmt": "1.06B", "longFmt": "1,063,457,024"}, "debtToEquity": {"raw": 88.097, "fmt": "88.10%"}, "revenuePerShare": {"raw": 20.87, "fmt": "20.87"}, "returnOnAssets": {"raw": 0.05547, "fmt": "5.55%"}, "returnOnEquity": {"raw": 0.15800999, "fmt": "15.80%"}, "grossProfits": {"raw": 132852000, "fmt": "132.85M", "longFmt": "132,852,000"}, "freeCashflow": {"raw": 13517000, "fmt": "13.52M", "longFmt": "13,517,000"}, "operatingCashflow": {"raw": 26809000, "fmt": "26.81M", "longFmt": "26,809,000"}, "earningsGrowth": {"raw": 1.298, "fmt": "129.80%"}, "revenueGrowth": {"raw": -0.039, "fmt": "-3.90%"}, "grossMargins": {"raw": 0.124919996, "fmt": "12.49%"}, "ebitdaMargins": {"raw": 0.03431, "fmt": "3.43%"}, "operatingMargins": {"raw": 0.04675, "fmt": "4.68%"}, "profitMargins": {"raw": 0.01418, "fmt": "1.42%"}, "financialCurrency": "USD"}}