{"assetProfile": {"address1": "1 Riverside Plaza", "city": "Columbus", "state": "OH", "zip": "43215-2373", "country": "United States", "phone": "614 716 1000", "website": "https://www.aep.com", "industry": "Utilities - Regulated Electric", "industryKey": "utilities-regulated-electric", "industryDisp": "Utilities - Regulated Electric", "sector": "Utilities", "sectorKey": "utilities", "sectorDisp": "Utilities", "longBusinessSummary": "American Electric Power Company, Inc., an electric public utility holding company, engages in the generation, transmission, and distribution of electricity for sale to retail and wholesale customers in the United States. It operates through Vertically Integrated Utilities, Transmission and Distribution Utilities, AEP Transmission Holdco, and Generation & Marketing segments. The company generates electricity using coal and lignite, natural gas, renewable, nuclear, hydro, solar, wind, and other energy sources; owns, operates, maintains, and invests in transmission infrastructure; and engages in wholesale energy trading and marketing business. It operates approximately 225,000 circuit miles of distribution lines that delivers electricity to 5.6 million customers; 40,000 circuit miles of transmission lines; and 23,000 MWs of regulated owned generating capacity. American Electric Power Company, Inc. was incorporated in 1906 and is headquartered in Columbus, Ohio.", "fullTimeEmployees": 16330, "companyOfficers": [{"maxAge": 1, "name": "Mr. William J. Fehrman", "age": 64, "title": "Chairman, President & CEO", "yearBorn": 1960, "fiscalYear": 2024, "totalPay": {"raw": 3787878, "fmt": "3.79M", "longFmt": "3,787,878"}, "exercisedValue": {"raw": 0, "fmt": null, "longFmt": "0"}, "unexercisedValue": {"raw": 0, "fmt": null, "longFmt": "0"}}, {"maxAge": 1, "name": "Mr. Greg B. Hall", "age": 52, "title": "Executive VP & Chief Commercial Officer", "yearBorn": 1972, "fiscalYear": 2024, "totalPay": {"raw": 1131884, "fmt": "1.13M", "longFmt": "1,131,884"}, "exercisedValue": {"raw": 0, "fmt": null, "longFmt": "0"}, "unexercisedValue": {"raw": 0, "fmt": null, "longFmt": "0"}}, {"maxAge": 1, "name": "Ms. Kate  Sturgess", "age": 39, "title": "Senior VP, Controller & Chief Accounting Officer", "yearBorn": 1985, "fiscalYear": 2024, "exercisedValue": {"raw": 0, "fmt": null, "longFmt": "0"}, "unexercisedValue": {"raw": 0, "fmt": null, "longFmt": "0"}}, {"maxAge": 1, "name": "Mr. Johannes G. Eckert", "title": "Executive VP and Chief Information & Technology Officer", "fiscalYear": 2024, "exercisedValue": {"raw": 0, "fmt": null, "longFmt": "0"}, "unexercisedValue": {"raw": 0, "fmt": null, "longFmt": "0"}}, {"maxAge": 1, "name": "Ms. Darcy  Reese", "title": "Vice President of Investor Relations", "fiscalYear": 2024, "exercisedValue": {"raw": 0, "fmt": null, "longFmt": "0"}, "unexercisedValue": {"raw": 0, "fmt": null, "longFmt": "0"}}, {"maxAge": 1, "name": "Gina E. Mazzei-Smith", "age": 57, "title": "Chief Compliance Officer", "yearBorn": 1967, "fiscalYear": 2024, "exercisedValue": {"raw": 0, "fmt": null, "longFmt": "0"}, "unexercisedValue": {"raw": 0, "fmt": null, "longFmt": "0"}}, {"maxAge": 1, "name": "Mr. Robert B. Berntsen", "age": 54, "title": "Executive VP & General Counsel", "yearBorn": 1970, "fiscalYear": 2024, "exercisedValue": {"raw": 0, "fmt": null, "longFmt": "0"}, "unexercisedValue": {"raw": 0, "fmt": null, "longFmt": "0"}}, {"maxAge": 1, "name": "Mr. Chris  Brathwaite", "title": "VP & Chief Communications Officer", "fiscalYear": 2024, "exercisedValue": {"raw": 0, "fmt": null, "longFmt": "0"}, "unexercisedValue": {"raw": 0, "fmt": null, "longFmt": "0"}}, {"maxAge": 1, "name": "Mr. Phillip R. Ulrich", "age": 53, "title": "Executive VP & Chief Human Resources Officer", "yearBorn": 1971, "fiscalYear": 2024, "exercisedValue": {"raw": 0, "fmt": null, "longFmt": "0"}, "unexercisedValue": {"raw": 0, "fmt": null, "longFmt": "0"}}, {"maxAge": 1, "name": "Mr. Stuart J. Solomon", "age": 62, "title": "Senior Vice President of Generation Services", "yearBorn": 1962, "fiscalYear": 2024, "exercisedValue": {"raw": 0, "fmt": null, "longFmt": "0"}, "unexercisedValue": {"raw": 0, "fmt": null, "longFmt": "0"}}], "auditRisk": 5, "boardRisk": 4, "compensationRisk": 3, "shareHolderRightsRisk": 6, "overallRisk": 4, "governanceEpochDate": 1761955200, "compensationAsOfEpochDate": 1735603200, "irWebsite": "https://www.aep.com/investors/", "executiveTeam": [], "maxAge": 86400}, "calendarEvents": {"maxAge": 1, "earnings": {"earningsDate": [{"raw": 1761741000, "fmt": "2025-10-29"}], "earningsCallDate": [{"raw": 1761742800, "fmt": "2025-10-29"}], "isEarningsDateEstimate": false, "earningsAverage": {"raw": 1.13552, "fmt": "1.14"}, "earningsLow": {"raw": 1.0, "fmt": "1.00"}, "earningsHigh": {"raw": 1.27, "fmt": "1.27"}, "revenueAverage": {"raw": 5062498590, "fmt": "5.06B", "longFmt": "5,062,498,590"}, "revenueLow": {"raw": 4688252930, "fmt": "4.69B", "longFmt": "4,688,252,930"}, "revenueHigh": {"raw": 5744600000, "fmt": "5.74B", "longFmt": "5,744,600,000"}}, "exDividendDate": {"raw": 1762732800, "fmt": "2025-11-10"}, "dividendDate": {"raw": 1765324800, "fmt": "2025-12-10"}}, "earningsTrend": {"trend": [{"maxAge": 1, "period": "0q", "endDate": "2025-12-31", "growth": {"raw": -0.084300004, "fmt": "-8.43%"}, "earningsEstimate": {"avg": {"raw": 1.13552, "fmt": "1.14"}, "low": {"raw": 1.0, "fmt": "1"}, "high": {"raw": 1.27, "fmt": "1.27"}, "yearAgoEps": {"raw": 1.24, "fmt": "1.24"}, "numberOfAnalysts": {"raw": 12, "fmt": "12", "longFmt": "12"}, "growth": {"raw": -0.084300004, "fmt": "-8.43%"}, "earningsCurrency": "USD"}, "revenueEstimate": {"avg": {"raw": 5062498590, "fmt": "5.06B", "longFmt": "5,062,498,590"}, "low": {"raw": 4688252930, "fmt": "4.69B", "longFmt": "4,688,252,930"}, "high": {"raw": 5744600000, "fmt": "5.74B", "longFmt": "5,744,600,000"}, "numberOfAnalysts": {"raw": 5, "fmt": "5", "longFmt": "5"}, "yearAgoRevenue": {"raw": 4696300000, "fmt": "4.7B", "longFmt": "4,696,300,000"}, "growth": {"raw": 0.078, "fmt": "7.80%"}, "revenueCurrency": "USD"}, "epsTrend": {"current": {"raw": 1.13552, "fmt": "1.14"}, "7daysAgo": {"raw": 1.11736, "fmt": "1.12"}, "30daysAgo": {"raw": 1.08572, "fmt": "1.09"}, "60daysAgo": {"raw": 1.06675, "fmt": "1.07"}, "90daysAgo": {"raw": 1.0399, "fmt": "1.04"}, "epsTrendCurrency": "USD"}, "epsRevisions": {"upLast7days": {"raw": 1, "fmt": "1", "longFmt": "1"}, "upLast30days": {"raw": 6, "fmt": "6", "longFmt": "6"}, "downLast30days": {"raw": 2, "fmt": "2", "longFmt": "2"}, "downLast7Days": {"raw": 0, "fmt": null, "longFmt": "0"}, "downLast90days": {}, "epsRevisionsCurrency": "USD"}}, {"maxAge": 1, "period": "+1q", "endDate": "2026-03-31", "growth": {"raw": 0.0044, "fmt": "0.44%"}, "earningsEstimate": {"avg": {"raw": 1.54685, "fmt": "1.55"}, "low": {"raw": 1.4, "fmt": "1.4"}, "high": {"raw": 1.67, "fmt": "1.67"}, "yearAgoEps": {"raw": 1.54, "fmt": "1.54"}, "numberOfAnalysts": {"raw": 9, "fmt": "9", "longFmt": "9"}, "growth": {"raw": 0.0044, "fmt": "0.44%"}, "earningsCurrency": "USD"}, "revenueEstimate": {"avg": {"raw": 5637955290, "fmt": "5.64B", "longFmt": "5,637,955,290"}, "low": {"raw": 5416400000, "fmt": "5.42B", "longFmt": "5,416,400,000"}, "high": {"raw": 6075000000, "fmt": "6.08B", "longFmt": "6,075,000,000"}, "numberOfAnalysts": {"raw": 4, "fmt": "4", "longFmt": "4"}, "yearAgoRevenue": {"raw": 5463400000, "fmt": "5.46B", "longFmt": "5,463,400,000"}, "growth": {"raw": 0.0319, "fmt": "3.19%"}, "revenueCurrency": "USD"}, "epsTrend": {"current": {"raw": 1.54685, "fmt": "1.55"}, "7daysAgo": {"raw": 1.51937, "fmt": "1.52"}, "30daysAgo": {"raw": 1.521, "fmt": "1.52"}, "60daysAgo": {"raw": 1.519, "fmt": "1.52"}, "90daysAgo": {"raw": 1.50584, "fmt": "1.51"}, "epsTrendCurrency": "USD"}, "epsRevisions": {"upLast7days": {"raw": 2, "fmt": "2", "longFmt": "2"}, "upLast30days": {"raw": 1, "fmt": "1", "longFmt": "1"}, "downLast30days": {"raw": 2, "fmt": "2", "longFmt": "2"}, "downLast7Days": {"raw": 2, "fmt": "2", "longFmt": "2"}, "downLast90days": {}, "epsRevisionsCurrency": "USD"}}, {"maxAge": 1, "period": "0y", "endDate": "2025-12-31", "growth": {"raw": 0.0515, "fmt": "5.15%"}, "earningsEstimate": {"avg": {"raw": 5.90939, "fmt": "5.91"}, "low": {"raw": 5.86, "fmt": "5.86"}, "high": {"raw": 6.04, "fmt": "6.04"}, "yearAgoEps": {"raw": 5.62, "fmt": "5.62"}, "numberOfAnalysts": {"raw": 21, "fmt": "21", "longFmt": "21"}, "growth": {"raw": 0.0515, "fmt": "5.15%"}, "earningsCurrency": "USD"}, "revenueEstimate": {"avg": {"raw": 21514698260, "fmt": "21.51B", "longFmt": "21,514,698,260"}, "low": {"raw": 19711000000, "fmt": "19.71B", "longFmt": "19,711,000,000"}, "high": {"raw": 23210000000, "fmt": "23.21B", "longFmt": "23,210,000,000"}, "numberOfAnalysts": {"raw": 12, "fmt": "12", "longFmt": "12"}, "yearAgoRevenue": {"raw": 19721300000, "fmt": "19.72B", "longFmt": "19,721,300,000"}, "growth": {"raw": 0.090900004, "fmt": "9.09%"}, "revenueCurrency": "USD"}, "epsTrend": {"current": {"raw": 5.90939, "fmt": "5.91"}, "7daysAgo": {"raw": 5.90045, "fmt": "5.9"}, "30daysAgo": {"raw": 5.88893, "fmt": "5.89"}, "60daysAgo": {"raw": 5.89555, "fmt": "5.9"}, "90daysAgo": {"raw": 5.89723, "fmt": "5.9"}, "epsTrendCurrency": "USD"}, "epsRevisions": {"upLast7days": {"raw": 0, "fmt": null, "longFmt": "0"}, "upLast30days": {"raw": 7, "fmt": "7", "longFmt": "7"}, "downLast30days": {"raw": 3, "fmt": "3", "longFmt": "3"}, "downLast7Days": {"raw": 1, "fmt": "1", "longFmt": "1"}, "downLast90days": {}, "epsRevisionsCurrency": "USD"}}, {"maxAge": 1, "period": "+1y", "endDate": "2026-12-31", "growth": {"raw": 0.067600004, "fmt": "6.76%"}, "earningsEstimate": {"avg": {"raw": 6.30869, "fmt": "6.31"}, "low": {"raw": 6.20997, "fmt": "6.21"}, "high": {"raw": 6.44, "fmt": "6.44"}, "yearAgoEps": {"raw": 5.90939, "fmt": "5.91"}, "numberOfAnalysts": {"raw": 21, "fmt": "21", "longFmt": "21"}, "growth": {"raw": 0.067600004, "fmt": "6.76%"}, "earningsCurrency": "USD"}, "revenueEstimate": {"avg": {"raw": 23346783820, "fmt": "23.35B", "longFmt": "23,346,783,820"}, "low": {"raw": 21108883610, "fmt": "21.11B", "longFmt": "21,108,883,610"}, "high": {"raw": 27589000000, "fmt": "27.59B", "longFmt": "27,589,000,000"}, "numberOfAnalysts": {"raw": 12, "fmt": "12", "longFmt": "12"}, "yearAgoRevenue": {"raw": 21514698260, "fmt": "21.51B", "longFmt": "21,514,698,260"}, "growth": {"raw": 0.085200004, "fmt": "8.52%"}, "revenueCurrency": "USD"}, "epsTrend": {"current": {"raw": 6.30869, "fmt": "6.31"}, "7daysAgo": {"raw": 6.29358, "fmt": "6.29"}, "30daysAgo": {"raw": 6.29362, "fmt": "6.29"}, "60daysAgo": {"raw": 6.30091, "fmt": "6.3"}, "90daysAgo": {"raw": 6.29215, "fmt": "6.29"}, "epsTrendCurrency": "USD"}, "epsRevisions": {"upLast7days": {"raw": 2, "fmt": "2", "longFmt": "2"}, "upLast30days": {"raw": 5, "fmt": "5", "longFmt": "5"}, "downLast30days": {"raw": 3, "fmt": "3", "longFmt": "3"}, "downLast7Days": {"raw": 1, "fmt": "1", "longFmt": "1"}, "downLast90days": {}, "epsRevisionsCurrency": "USD"}}], "defaultMethodology": "nongaap", "maxAge": 1}, "earningsHistory": {"history": [{"maxAge": 1, "epsActual": {"raw": 1.24, "fmt": "1.24"}, "epsEstimate": {"raw": 1.2424, "fmt": "1.24"}, "epsDifference": {"raw": -0.0, "fmt": "-0"}, "surprisePercent": {"raw": -0.0019, "fmt": "-0.19%"}, "quarter": {"raw": 1735603200, "fmt": "2024-12-31"}, "currency": "USD", "period": "-4q"}, {"maxAge": 1, "epsActual": {"raw": 1.54, "fmt": "1.54"}, "epsEstimate": {"raw": 1.40176, "fmt": "1.4"}, "epsDifference": {"raw": 0.14, "fmt": "0.14"}, "surprisePercent": {"raw": 0.0986, "fmt": "9.86%"}, "quarter": {"raw": 1743379200, "fmt": "2025-03-31"}, "currency": "USD", "period": "-3q"}, {"maxAge": 1, "epsActual": {"raw": 1.43, "fmt": "1.43"}, "epsEstimate": {"raw": 1.26734, "fmt": "1.27"}, "epsDifference": {"raw": 0.16, "fmt": "0.16"}, "surprisePercent": {"raw": 0.1283, "fmt": "12.83%"}, "quarter": {"raw": 1751241600, "fmt": "2025-06-30"}, "currency": "USD", "period": "-2q"}, {"maxAge": 1, "epsActual": {"raw": 1.8, "fmt": "1.8"}, "epsEstimate": {"raw": 1.80502, "fmt": "1.81"}, "epsDifference": {"raw": -0.01, "fmt": "-0.01"}, "surprisePercent": {"raw": -0.0028, "fmt": "-0.28%"}, "quarter": {"raw": 1759190400, "fmt": "2025-09-30"}, "currency": "USD", "period": "-1q"}], "defaultMethodology": "nongaap", "maxAge": 86400}, "financialData": {"maxAge": 86400, "currentPrice": {"raw": 119.92, "fmt": "119.92"}, "targetHighPrice": {"raw": 139.0, "fmt": "139.00"}, "targetLowPrice": {"raw": 108.5, "fmt": "108.50"}, "targetMeanPrice": {"raw": 127.32353, "fmt": "127.32"}, "targetMedianPrice": {"raw": 128.0, "fmt": "128.00"}, "recommendationMean": {"raw": 2.45455, "fmt": "2.45"}, "recommendationKey": "buy", "numberOfAnalystOpinions": {"raw": 17, "fmt": "17", "longFmt": "17"}, "totalCash": {"raw": 1293100032, "fmt": "1.29B", "longFmt": "1,293,100,032"}, "totalCashPerShare": {"raw": 2.416, "fmt": "2.42"}, "ebitda": {"raw": 8757300224, "fmt": "8.76B", "longFmt": "8,757,300,224"}, "totalDebt": {"raw": 47890001920, "fmt": "47.89B", "longFmt": "47,890,001,920"}, "quickRatio": {"raw": 0.419, "fmt": "0.42"}, "currentRatio": {"raw": 0.686, "fmt": "0.69"}, "totalRevenue": {"raw": 21257000960, "fmt": "21.26B", "longFmt": "21,257,000,960"}, "debtToEquity": {"raw": 152.132, "fmt": "152.13%"}, "revenuePerShare": {"raw": 39.821, "fmt": "39.82"}, "returnOnAssets": {"raw": 0.03209, "fmt": "3.21%"}, "returnOnEquity": {"raw": 0.12923001, "fmt": "12.92%"}, "grossProfits": {"raw": 10293000192, "fmt": "10.29B", "longFmt": "10,293,000,192"}, "freeCashflow": {"raw": -4280337408, "fmt": "-4.28B", "longFmt": "-4,280,337,408"}, "operatingCashflow": {"raw": 6858200064, "fmt": "6.86B", "longFmt": "6,858,200,064"}, "earningsGrowth": {"raw": 0.006, "fmt": "0.60%"}, "revenueGrowth": {"raw": 0.109, "fmt": "10.90%"}, "grossMargins": {"raw": 0.48422, "fmt": "48.42%"}, "ebitdaMargins": {"raw": 0.41197, "fmt": "41.20%"}, "operatingMargins": {"raw": 0.25885, "fmt": "25.89%"}, "profitMargins": {"raw": 0.17228001, "fmt": "17.23%"}, "financialCurrency": "USD"}}