{"assetProfile": {"address1": "60 Paya Lebar Road, #08-13", "address2": "Paya Lebar Square", "city": "Singapore", "zip": "409051", "country": "Singapore", "phone": "65 9841 6625", "website": "https://aeriestechnology.com", "industry": "Consulting Services", "industryKey": "consulting-services", "industryDisp": "Consulting Services", "sector": "Industrials", "sectorKey": "industrials", "sectorDisp": "Industrials", "longBusinessSummary": "Aeries Technology, Inc. provides professional and technology consulting services in North America, the Asia Pacific, and internationally. The company offers professional advisory services, such as the participation of senior leadership, recommending strategies and practices related to operating model design, consultation on various areas, market availability, regulatory compliance, and optimization of tax structure; and operations management services, including application engineering, information technology, data analytics, cybersecurity, finance, human resources, customer service, and operations. It serves portfolio companies of private equity firms and middle-market companies. The company was founded in 2012 and is headquartered in Singapore.", "fullTimeEmployees": 1400, "companyOfficers": [{"maxAge": 1, "name": "Mr. Bhisham  Khare", "age": 46, "title": "CEO & Director", "yearBorn": 1978, "fiscalYear": 2025, "totalPay": {"raw": 645406, "fmt": "645.41k", "longFmt": "645,406"}, "exercisedValue": {"raw": 0, "fmt": null, "longFmt": "0"}, "unexercisedValue": {"raw": 27191, "fmt": "27.19k", "longFmt": "27,191"}}, {"maxAge": 1, "name": "Mr. Daniel S.  Webb", "age": 38, "title": "CFO & Chief Investment Officer", "yearBorn": 1986, "fiscalYear": 2025, "totalPay": {"raw": 415133, "fmt": "415.13k", "longFmt": "415,133"}, "exercisedValue": {"raw": 0, "fmt": null, "longFmt": "0"}, "unexercisedValue": {"raw": 0, "fmt": null, "longFmt": "0"}}, {"maxAge": 1, "name": "Mr. Unnikrishnan Balakrishnan Nambiar", "age": 55, "title": "Chief Technology Officer", "yearBorn": 1969, "fiscalYear": 2025, "totalPay": {"raw": 283328, "fmt": "283.33k", "longFmt": "283,328"}, "exercisedValue": {"raw": 0, "fmt": null, "longFmt": "0"}, "unexercisedValue": {"raw": 27191, "fmt": "27.19k", "longFmt": "27,191"}}, {"maxAge": 1, "name": "Mr. Maulik  Doshi", "age": 39, "title": "Interim Principal Accounting Officer", "yearBorn": 1985, "fiscalYear": 2025, "exercisedValue": {"raw": 0, "fmt": null, "longFmt": "0"}, "unexercisedValue": {"raw": 0, "fmt": null, "longFmt": "0"}}, {"maxAge": 1, "name": "Mr. Mario  Jimenez", "title": "Head of Mexico Operations", "fiscalYear": 2025, "exercisedValue": {"raw": 0, "fmt": null, "longFmt": "0"}, "unexercisedValue": {"raw": 0, "fmt": null, "longFmt": "0"}}, {"maxAge": 1, "name": "Mr. Elias  Mendoza", "title": "Chief Growth & Strategy Officer", "fiscalYear": 2025, "exercisedValue": {"raw": 0, "fmt": null, "longFmt": "0"}, "unexercisedValue": {"raw": 0, "fmt": null, "longFmt": "0"}}, {"maxAge": 1, "name": "Mr. Ryan  Gardella", "title": "Investor Relations", "fiscalYear": 2025, "exercisedValue": {"raw": 0, "fmt": null, "longFmt": "0"}, "unexercisedValue": {"raw": 0, "fmt": null, "longFmt": "0"}}], "compensationAsOfEpochDate": 1767139200, "executiveTeam": [], "maxAge": 86400}, "calendarEvents": {"maxAge": 1, "earnings": {"earningsDate": [], "earningsCallDate": [], "earningsAverage": {}, "earningsLow": {}, "earningsHigh": {}, "revenueAverage": {}, "revenueLow": {}, "revenueHigh": {}}, "exDividendDate": {}, "dividendDate": {}}, "earningsTrend": {"trend": [{"maxAge": 1, "period": "0q", "endDate": "2024-12-31", "growth": {}, "earningsEstimate": {"avg": {}, "low": {}, "high": {}, "yearAgoEps": {}, "numberOfAnalysts": {}, "growth": {}, "earningsCurrency": null}, "revenueEstimate": {"avg": {"raw": 0, "fmt": null, "longFmt": "0"}, "low": {"raw": 0, "fmt": null, "longFmt": "0"}, "high": {"raw": 0, "fmt": null, "longFmt": "0"}, "numberOfAnalysts": {"raw": 0, "fmt": null, "longFmt": "0"}, "yearAgoRevenue": {}, "growth": {}, "revenueCurrency": null}, "epsTrend": {"current": {}, "7daysAgo": {}, "30daysAgo": {}, "60daysAgo": {}, "90daysAgo": {}, "epsTrendCurrency": null}, "epsRevisions": {"upLast7days": {}, "upLast30days": {}, "downLast30days": {}, "downLast7Days": {}, "downLast90days": {}, "epsRevisionsCurrency": null}}, {"maxAge": 1, "period": "+1q", "endDate": null, "growth": {}, "earningsEstimate": {"avg": {}, "low": {}, "high": {}, "yearAgoEps": {}, "numberOfAnalysts": {}, "growth": {}, "earningsCurrency": null}, "revenueEstimate": {"avg": {"raw": 0, "fmt": null, "longFmt": "0"}, "low": {"raw": 0, "fmt": null, "longFmt": "0"}, "high": {"raw": 0, "fmt": null, "longFmt": "0"}, "numberOfAnalysts": {"raw": 0, "fmt": null, "longFmt": "0"}, "yearAgoRevenue": {}, "growth": {}, "revenueCurrency": null}, "epsTrend": {"current": {}, "7daysAgo": {}, "30daysAgo": {}, "60daysAgo": {}, "90daysAgo": {}, "epsTrendCurrency": null}, "epsRevisions": {"upLast7days": {}, "upLast30days": {}, "downLast30days": {}, "downLast7Days": {}, "downLast90days": {}, "epsRevisionsCurrency": null}}, {"maxAge": 1, "period": "0y", "endDate": null, "growth": {}, "earningsEstimate": {"avg": {}, "low": {}, "high": {}, "yearAgoEps": {}, "numberOfAnalysts": {}, "growth": {}, "earningsCurrency": null}, "revenueEstimate": {"avg": {"raw": 0, "fmt": null, "longFmt": "0"}, "low": {"raw": 0, "fmt": null, "longFmt": "0"}, "high": {"raw": 0, "fmt": null, "longFmt": "0"}, "numberOfAnalysts": {"raw": 0, "fmt": null, "longFmt": "0"}, "yearAgoRevenue": {}, "growth": {}, "revenueCurrency": null}, "epsTrend": {"current": {}, "7daysAgo": {}, "30daysAgo": {}, "60daysAgo": {}, "90daysAgo": {}, "epsTrendCurrency": null}, "epsRevisions": {"upLast7days": {}, "upLast30days": {}, "downLast30days": {}, "downLast7Days": {}, "downLast90days": {}, "epsRevisionsCurrency": null}}, {"maxAge": 1, "period": "+1y", "endDate": null, "growth": {}, "earningsEstimate": {"avg": {}, "low": {}, "high": {}, "yearAgoEps": {}, "numberOfAnalysts": {}, "growth": {}, "earningsCurrency": null}, "revenueEstimate": {"avg": {"raw": 0, "fmt": null, "longFmt": "0"}, "low": {"raw": 0, "fmt": null, "longFmt": "0"}, "high": {"raw": 0, "fmt": null, "longFmt": "0"}, "numberOfAnalysts": {"raw": 0, "fmt": null, "longFmt": "0"}, "yearAgoRevenue": {}, "growth": {}, "revenueCurrency": null}, "epsTrend": {"current": {}, "7daysAgo": {}, "30daysAgo": {}, "60daysAgo": {}, "90daysAgo": {}, "epsTrendCurrency": null}, "epsRevisions": {"upLast7days": {}, "upLast30days": {}, "downLast30days": {}, "downLast7Days": {}, "downLast90days": {}, "epsRevisionsCurrency": null}}], "defaultMethodology": "nongaap", "maxAge": 1}, "earningsHistory": {"history": [], "defaultMethodology": "nongaap", "maxAge": 86400}, "financialData": {"maxAge": 86400, "currentPrice": {"raw": 0.0398, "fmt": "0.04"}, "targetHighPrice": {}, "targetLowPrice": {}, "targetMeanPrice": {}, "targetMedianPrice": {}, "recommendationMean": {}, "recommendationKey": "none", "numberOfAnalystOpinions": {}, "totalCash": {"raw": 2137000, "fmt": "2.14M", "longFmt": "2,137,000"}, "totalCashPerShare": {"raw": 0.047, "fmt": "0.05"}, "ebitda": {"raw": -8622000, "fmt": "-8.62M", "longFmt": "-8,622,000"}, "totalDebt": {"raw": 15892000, "fmt": "15.89M", "longFmt": "15,892,000"}, "quickRatio": {"raw": 0.397, "fmt": "0.40"}, "currentRatio": {"raw": 0.654, "fmt": "0.65"}, "totalRevenue": {"raw": 68861000, "fmt": "68.86M", "longFmt": "68,861,000"}, "debtToEquity": {}, "revenuePerShare": {"raw": 1.517, "fmt": "1.52"}, "returnOnAssets": {"raw": -0.13573, "fmt": "-13.57%"}, "returnOnEquity": {}, "grossProfits": {"raw": 16488000, "fmt": "16.49M", "longFmt": "16,488,000"}, "freeCashflow": {"raw": -3355875, "fmt": "-3.36M", "longFmt": "-3,355,875"}, "operatingCashflow": {"raw": 2080000, "fmt": "2.08M", "longFmt": "2,080,000"}, "earningsGrowth": {}, "revenueGrowth": {"raw": -0.08, "fmt": "-8.00%"}, "grossMargins": {"raw": 0.23944001, "fmt": "23.94%"}, "ebitdaMargins": {"raw": -0.12521, "fmt": "-12.52%"}, "operatingMargins": {"raw": 0.053489998, "fmt": "5.35%"}, "profitMargins": {"raw": -0.049099997, "fmt": "-4.91%"}, "financialCurrency": "USD"}}