{"assetProfile": {"address1": "555 Ellis Street", "city": "Mountain View", "state": "CA", "zip": "94043", "country": "United States", "phone": "650 481 7070", "website": "https://www.aeva.com", "industry": "Software - Infrastructure", "industryKey": "software-infrastructure", "industryDisp": "Software - Infrastructure", "sector": "Technology", "sectorKey": "technology", "sectorDisp": "Technology", "longBusinessSummary": "Aeva Technologies, Inc. engages in the design, development, manufacture, and sale of LiDAR sensing systems, and related perception and autonomy-enabling software solutions in North America, Europe, the Middle East, Africa, and Asia. The company develops its products using frequency modulated continuous wave (FMCW) sensing technology. It offers Aeries II, a 4D LiDAR solution that consist of 4D LiDAR sensing system with embedded software for automotive grade production across passenger car, trucking, and mobility applications; Atlas, a FMCW 4D LiDAR with simultaneous velocity and range detection for mass production and built to meet automotive-grade requirements; and Atlas Ultra, a 4D LiDAR sensor built to meet the performance demands of SAE Level 3 and 4 automated driving systems in passenger and commercial vehicles. The company's products are also used in consumer devices, industrial automation, and security market applications. Aeva Technologies, Inc. was founded in 2017 and is headquartered in Mountain View, California.", "fullTimeEmployees": 276, "companyOfficers": [{"maxAge": 1, "name": "Mr. Mina  Rezk", "age": 38, "title": "Co-Founder, President, CTO & Chairman of the Board", "yearBorn": 1986, "fiscalYear": 2024, "totalPay": {"raw": 1873000, "fmt": "1.87M", "longFmt": "1,873,000"}, "exercisedValue": {"raw": 0, "fmt": null, "longFmt": "0"}, "unexercisedValue": {"raw": 3761404, "fmt": "3.76M", "longFmt": "3,761,404"}}, {"maxAge": 1, "name": "Mr. Soroush Salehian Dardashti", "age": 34, "title": "Co-Founder, CEO & Director", "yearBorn": 1990, "fiscalYear": 2024, "totalPay": {"raw": 1513000, "fmt": "1.51M", "longFmt": "1,513,000"}, "exercisedValue": {"raw": 0, "fmt": null, "longFmt": "0"}, "unexercisedValue": {"raw": 2023101, "fmt": "2.02M", "longFmt": "2,023,101"}}, {"maxAge": 1, "name": "Mr. Saurabh  Sinha", "age": 45, "title": "Chief Financial Officer", "yearBorn": 1979, "fiscalYear": 2024, "totalPay": {"raw": 1124638, "fmt": "1.12M", "longFmt": "1,124,638"}, "exercisedValue": {"raw": 0, "fmt": null, "longFmt": "0"}, "unexercisedValue": {"raw": 0, "fmt": null, "longFmt": "0"}}, {"maxAge": 1, "name": "Mr. Axel  Gern", "title": "Head of Engineering in Germany", "fiscalYear": 2024, "exercisedValue": {"raw": 0, "fmt": null, "longFmt": "0"}, "unexercisedValue": {"raw": 0, "fmt": null, "longFmt": "0"}}], "auditRisk": 7, "boardRisk": 10, "compensationRisk": 10, "shareHolderRightsRisk": 8, "overallRisk": 10, "governanceEpochDate": 1761955200, "compensationAsOfEpochDate": 1735603200, "executiveTeam": [], "maxAge": 86400}, "calendarEvents": {"maxAge": 1, "earnings": {"earningsDate": [{"raw": 1762376400, "fmt": "2025-11-05"}], "earningsCallDate": [{"raw": 1762380000, "fmt": "2025-11-05"}], "isEarningsDateEstimate": false, "earningsAverage": {"raw": -0.45, "fmt": "-0.45"}, "earningsLow": {"raw": -0.5, "fmt": "-0.50"}, "earningsHigh": {"raw": -0.42, "fmt": "-0.42"}, "revenueAverage": {"raw": 2762000, "fmt": "2.76M", "longFmt": "2,762,000"}, "revenueLow": {"raw": 2300000, "fmt": "2.3M", "longFmt": "2,300,000"}, "revenueHigh": {"raw": 3200000, "fmt": "3.2M", "longFmt": "3,200,000"}}, "exDividendDate": {}, "dividendDate": {}}, "earningsTrend": {"trend": [{"maxAge": 1, "period": "0q", "endDate": "2025-09-30", "growth": {"raw": 0.18180001, "fmt": "18.18%"}, "earningsEstimate": {"avg": {"raw": -0.45, "fmt": "-0.45"}, "low": {"raw": -0.5, "fmt": "-0.5"}, "high": {"raw": -0.42, "fmt": "-0.42"}, "yearAgoEps": {"raw": -0.55, "fmt": "-0.55"}, "numberOfAnalysts": {"raw": 4, "fmt": "4", "longFmt": "4"}, "growth": {"raw": 0.18180001, "fmt": "18.18%"}, "earningsCurrency": "USD"}, "revenueEstimate": {"avg": {"raw": 2762000, "fmt": "2.76M", "longFmt": "2,762,000"}, "low": {"raw": 2300000, "fmt": "2.3M", "longFmt": "2,300,000"}, "high": {"raw": 3200000, "fmt": "3.2M", "longFmt": "3,200,000"}, "numberOfAnalysts": {"raw": 4, "fmt": "4", "longFmt": "4"}, "yearAgoRevenue": {"raw": 2250000, "fmt": "2.25M", "longFmt": "2,250,000"}, "growth": {"raw": 0.22760001, "fmt": "22.76%"}, "revenueCurrency": "USD"}, "epsTrend": {"current": {"raw": -0.45, "fmt": "-0.45"}, "7daysAgo": {"raw": -0.45, "fmt": "-0.45"}, "30daysAgo": {"raw": -0.4525, "fmt": "-0.45"}, "60daysAgo": {"raw": -0.4525, "fmt": "-0.45"}, "90daysAgo": {"raw": -0.445, "fmt": "-0.44"}, "epsTrendCurrency": "USD"}, "epsRevisions": {"upLast7days": {"raw": 1, "fmt": "1", "longFmt": "1"}, "upLast30days": {"raw": 1, "fmt": "1", "longFmt": "1"}, "downLast30days": {"raw": 0, "fmt": null, "longFmt": "0"}, "downLast7Days": {"raw": 0, "fmt": null, "longFmt": "0"}, "downLast90days": {}, "epsRevisionsCurrency": "USD"}}, {"maxAge": 1, "period": "+1q", "endDate": "2025-12-31", "growth": {"raw": 0.1276, "fmt": "12.76%"}, "earningsEstimate": {"avg": {"raw": -0.4275, "fmt": "-0.43"}, "low": {"raw": -0.44, "fmt": "-0.44"}, "high": {"raw": -0.4, "fmt": "-0.4"}, "yearAgoEps": {"raw": -0.49, "fmt": "-0.49"}, "numberOfAnalysts": {"raw": 4, "fmt": "4", "longFmt": "4"}, "growth": {"raw": 0.1276, "fmt": "12.76%"}, "earningsCurrency": "USD"}, "revenueEstimate": {"avg": {"raw": 6744500, "fmt": "6.74M", "longFmt": "6,744,500"}, "low": {"raw": 6500000, "fmt": "6.5M", "longFmt": "6,500,000"}, "high": {"raw": 7300000, "fmt": "7.3M", "longFmt": "7,300,000"}, "numberOfAnalysts": {"raw": 4, "fmt": "4", "longFmt": "4"}, "yearAgoRevenue": {"raw": 2696000, "fmt": "2.7M", "longFmt": "2,696,000"}, "growth": {"raw": 1.5016999, "fmt": "150.17%"}, "revenueCurrency": "USD"}, "epsTrend": {"current": {"raw": -0.4275, "fmt": "-0.43"}, "7daysAgo": {"raw": -0.42, "fmt": "-0.42"}, "30daysAgo": {"raw": -0.42, "fmt": "-0.42"}, "60daysAgo": {"raw": -0.42, "fmt": "-0.42"}, "90daysAgo": {"raw": -0.4375, "fmt": "-0.44"}, "epsTrendCurrency": "USD"}, "epsRevisions": {"upLast7days": {"raw": 0, "fmt": null, "longFmt": "0"}, "upLast30days": {"raw": 2, "fmt": "2", "longFmt": "2"}, "downLast30days": {"raw": 1, "fmt": "1", "longFmt": "1"}, "downLast7Days": {"raw": 1, "fmt": "1", "longFmt": "1"}, "downLast90days": {}, "epsRevisionsCurrency": "USD"}}, {"maxAge": 1, "period": "0y", "endDate": "2025-12-31", "growth": {"raw": 0.1659, "fmt": "16.59%"}, "earningsEstimate": {"avg": {"raw": -1.81, "fmt": "-1.81"}, "low": {"raw": -1.9, "fmt": "-1.9"}, "high": {"raw": -1.72, "fmt": "-1.72"}, "yearAgoEps": {"raw": -2.17, "fmt": "-2.17"}, "numberOfAnalysts": {"raw": 4, "fmt": "4", "longFmt": "4"}, "growth": {"raw": 0.1659, "fmt": "16.59%"}, "earningsCurrency": "USD"}, "revenueEstimate": {"avg": {"raw": 18444490, "fmt": "18.44M", "longFmt": "18,444,490"}, "low": {"raw": 18000000, "fmt": "18M", "longFmt": "18,000,000"}, "high": {"raw": 18622450, "fmt": "18.62M", "longFmt": "18,622,450"}, "numberOfAnalysts": {"raw": 5, "fmt": "5", "longFmt": "5"}, "yearAgoRevenue": {"raw": 9065000, "fmt": "9.06M", "longFmt": "9,065,000"}, "growth": {"raw": 1.0347, "fmt": "103.47%"}, "revenueCurrency": "USD"}, "epsTrend": {"current": {"raw": -1.81, "fmt": "-1.81"}, "7daysAgo": {"raw": -1.8025, "fmt": "-1.8"}, "30daysAgo": {"raw": -1.8025, "fmt": "-1.8"}, "60daysAgo": {"raw": -1.8025, "fmt": "-1.8"}, "90daysAgo": {"raw": -1.805, "fmt": "-1.8"}, "epsTrendCurrency": "USD"}, "epsRevisions": {"upLast7days": {"raw": 0, "fmt": null, "longFmt": "0"}, "upLast30days": {"raw": 1, "fmt": "1", "longFmt": "1"}, "downLast30days": {"raw": 3, "fmt": "3", "longFmt": "3"}, "downLast7Days": {"raw": 1, "fmt": "1", "longFmt": "1"}, "downLast90days": {}, "epsRevisionsCurrency": "USD"}}, {"maxAge": 1, "period": "+1y", "endDate": "2026-12-31", "growth": {"raw": 0.0539, "fmt": "5.39%"}, "earningsEstimate": {"avg": {"raw": -1.7125, "fmt": "-1.71"}, "low": {"raw": -2.0, "fmt": "-2"}, "high": {"raw": -1.52, "fmt": "-1.52"}, "yearAgoEps": {"raw": -1.81, "fmt": "-1.81"}, "numberOfAnalysts": {"raw": 4, "fmt": "4", "longFmt": "4"}, "growth": {"raw": 0.0539, "fmt": "5.39%"}, "earningsCurrency": "USD"}, "revenueEstimate": {"avg": {"raw": 37694840, "fmt": "37.69M", "longFmt": "37,694,840"}, "low": {"raw": 32000000, "fmt": "32M", "longFmt": "32,000,000"}, "high": {"raw": 42400000, "fmt": "42.4M", "longFmt": "42,400,000"}, "numberOfAnalysts": {"raw": 5, "fmt": "5", "longFmt": "5"}, "yearAgoRevenue": {"raw": 18444490, "fmt": "18.44M", "longFmt": "18,444,490"}, "growth": {"raw": 1.0437, "fmt": "104.37%"}, "revenueCurrency": "USD"}, "epsTrend": {"current": {"raw": -1.7125, "fmt": "-1.71"}, "7daysAgo": {"raw": -1.7175, "fmt": "-1.72"}, "30daysAgo": {"raw": -1.7175, "fmt": "-1.72"}, "60daysAgo": {"raw": -1.7175, "fmt": "-1.72"}, "90daysAgo": {"raw": -1.6875, "fmt": "-1.69"}, "epsTrendCurrency": "USD"}, "epsRevisions": {"upLast7days": {"raw": 3, "fmt": "3", "longFmt": "3"}, "upLast30days": {"raw": 1, "fmt": "1", "longFmt": "1"}, "downLast30days": {"raw": 0, "fmt": null, "longFmt": "0"}, "downLast7Days": {"raw": 1, "fmt": "1", "longFmt": "1"}, "downLast90days": {}, "epsRevisionsCurrency": "USD"}}], "defaultMethodology": "nongaap", "maxAge": 1}, "earningsHistory": {"history": [{"maxAge": 1, "epsActual": {"raw": -0.55, "fmt": "-0.55"}, "epsEstimate": {"raw": -0.595, "fmt": "-0.6"}, "epsDifference": {"raw": 0.04, "fmt": "0.04"}, "surprisePercent": {"raw": 0.0756, "fmt": "7.56%"}, "quarter": {"raw": 1727654400, "fmt": "2024-09-30"}, "currency": "USD", "period": "-4q"}, {"maxAge": 1, "epsActual": {"raw": -0.49, "fmt": "-0.49"}, "epsEstimate": {"raw": -0.57667, "fmt": "-0.58"}, "epsDifference": {"raw": 0.09, "fmt": "0.09"}, "surprisePercent": {"raw": 0.1503, "fmt": "15.03%"}, "quarter": {"raw": 1735603200, "fmt": "2024-12-31"}, "currency": "USD", "period": "-3q"}, {"maxAge": 1, "epsActual": {"raw": -0.45, "fmt": "-0.45"}, "epsEstimate": {"raw": -0.48333, "fmt": "-0.48"}, "epsDifference": {"raw": 0.03, "fmt": "0.03"}, "surprisePercent": {"raw": 0.069, "fmt": "6.90%"}, "quarter": {"raw": 1743379200, "fmt": "2025-03-31"}, "currency": "USD", "period": "-2q"}, {"maxAge": 1, "epsActual": {"raw": -0.44, "fmt": "-0.44"}, "epsEstimate": {"raw": -0.47, "fmt": "-0.47"}, "epsDifference": {"raw": 0.03, "fmt": "0.03"}, "surprisePercent": {"raw": 0.0638, "fmt": "6.38%"}, "quarter": {"raw": 1751241600, "fmt": "2025-06-30"}, "currency": "USD", "period": "-1q"}], "defaultMethodology": "nongaap", "maxAge": 86400}, "financialData": {"maxAge": 86400, "currentPrice": {"raw": 15.42, "fmt": "15.42"}, "targetHighPrice": {"raw": 33.0, "fmt": "33.00"}, "targetLowPrice": {"raw": 19.0, "fmt": "19.00"}, "targetMeanPrice": {"raw": 26.2, "fmt": "26.20"}, "targetMedianPrice": {"raw": 25.0, "fmt": "25.00"}, "recommendationMean": {"raw": 1.4, "fmt": "1.40"}, "recommendationKey": "strong_buy", "numberOfAnalystOpinions": {"raw": 5, "fmt": "5", "longFmt": "5"}, "totalCash": {"raw": 49849000, "fmt": "49.85M", "longFmt": "49,849,000"}, "totalCashPerShare": {"raw": 0.885, "fmt": "0.88"}, "ebitda": {"raw": -132001000, "fmt": "-132M", "longFmt": "-132,001,000"}, "totalDebt": {"raw": 1827000, "fmt": "1.83M", "longFmt": "1,827,000"}, "quickRatio": {"raw": 0.571, "fmt": "0.57"}, "currentRatio": {"raw": 0.646, "fmt": "0.65"}, "totalRevenue": {"raw": 13825000, "fmt": "13.82M", "longFmt": "13,825,000"}, "debtToEquity": {}, "revenuePerShare": {"raw": 0.254, "fmt": "0.25"}, "returnOnAssets": {"raw": -0.59401, "fmt": "-59.40%"}, "returnOnEquity": {"raw": -14.416379, "fmt": "-1,441.64%"}, "grossProfits": {"raw": -3960000, "fmt": "-3.96M", "longFmt": "-3,960,000"}, "freeCashflow": {"raw": 11073000, "fmt": "11.07M", "longFmt": "11,073,000"}, "operatingCashflow": {"raw": -107402000, "fmt": "-107.4M", "longFmt": "-107,402,000"}, "earningsGrowth": {}, "revenueGrowth": {"raw": 1.739, "fmt": "173.90%"}, "grossMargins": {"raw": -0.28643999, "fmt": "-28.64%"}, "ebitdaMargins": {"raw": 0.0, "fmt": "0.00%"}, "operatingMargins": {"raw": -6.33696, "fmt": "-633.70%"}, "profitMargins": {"raw": 0.0, "fmt": "0.00%"}, "financialCurrency": "USD"}}