{"assetProfile": {"address1": "555 Ellis Street", "city": "Mountain View", "state": "CA", "zip": "94043", "country": "United States", "phone": "650 481 7070", "website": "https://www.aeva.com", "industry": "Software - Infrastructure", "industryKey": "software-infrastructure", "industryDisp": "Software - Infrastructure", "sector": "Technology", "sectorKey": "technology", "sectorDisp": "Technology", "longBusinessSummary": "Aeva Technologies, Inc. engages in the design, development, manufacture, and sale of LiDAR sensing systems, and related perception and autonomy-enabling software solutions in North America, Europe, the Middle East, Africa, and Asia. The company develops its products using frequency modulated continuous wave (FMCW) sensing technology. It offers Aeries II, a 4D LiDAR solution that consist of 4D LiDAR sensing system with embedded software for automotive grade production across passenger car, trucking, and mobility applications; Atlas, a FMCW 4D LiDAR with simultaneous velocity and range detection for mass production and built to meet automotive-grade requirements; and Atlas Ultra, a 4D LiDAR sensor built to meet the performance demands of SAE Level 3 and 4 automated driving systems in passenger and commercial vehicles. The company's products are also used in consumer devices, industrial automation, and security market applications. Aeva Technologies, Inc. was founded in 2017 and is headquartered in Mountain View, California.", "fullTimeEmployees": 276, "companyOfficers": [{"maxAge": 1, "name": "Mr. Mina  Rezk", "age": 38, "title": "Co-Founder, President, CTO & Chairman of the Board", "yearBorn": 1986, "fiscalYear": 2024, "totalPay": {"raw": 1873000, "fmt": "1.87M", "longFmt": "1,873,000"}, "exercisedValue": {"raw": 0, "fmt": null, "longFmt": "0"}, "unexercisedValue": {"raw": 3761404, "fmt": "3.76M", "longFmt": "3,761,404"}}, {"maxAge": 1, "name": "Mr. Soroush Salehian Dardashti", "age": 34, "title": "Co-Founder, CEO & Director", "yearBorn": 1990, "fiscalYear": 2024, "totalPay": {"raw": 1513000, "fmt": "1.51M", "longFmt": "1,513,000"}, "exercisedValue": {"raw": 0, "fmt": null, "longFmt": "0"}, "unexercisedValue": {"raw": 2023101, "fmt": "2.02M", "longFmt": "2,023,101"}}, {"maxAge": 1, "name": "Mr. Saurabh  Sinha", "age": 45, "title": "Chief Financial Officer", "yearBorn": 1979, "fiscalYear": 2024, "totalPay": {"raw": 1124638, "fmt": "1.12M", "longFmt": "1,124,638"}, "exercisedValue": {"raw": 0, "fmt": null, "longFmt": "0"}, "unexercisedValue": {"raw": 0, "fmt": null, "longFmt": "0"}}, {"maxAge": 1, "name": "Mr. Axel  Gern", "title": "Head of Engineering in Germany", "fiscalYear": 2024, "exercisedValue": {"raw": 0, "fmt": null, "longFmt": "0"}, "unexercisedValue": {"raw": 0, "fmt": null, "longFmt": "0"}}], "compensationAsOfEpochDate": 1735603200, "executiveTeam": [], "maxAge": 86400}, "calendarEvents": {"maxAge": 1, "earnings": {"earningsDate": [], "earningsCallDate": [], "earningsAverage": {}, "earningsLow": {}, "earningsHigh": {}, "revenueAverage": {"raw": 2762000, "fmt": "2.76M", "longFmt": "2,762,000"}, "revenueLow": {"raw": 2300000, "fmt": "2.3M", "longFmt": "2,300,000"}, "revenueHigh": {"raw": 3200000, "fmt": "3.2M", "longFmt": "3,200,000"}}, "exDividendDate": {}, "dividendDate": {}}, "earningsTrend": {"trend": [{"maxAge": 1, "period": "0q", "endDate": "2025-09-30", "growth": {}, "earningsEstimate": {"avg": {}, "low": {}, "high": {}, "yearAgoEps": {}, "numberOfAnalysts": {}, "growth": {}, "earningsCurrency": null}, "revenueEstimate": {"avg": {"raw": 2762000, "fmt": "2.76M", "longFmt": "2,762,000"}, "low": {"raw": 2300000, "fmt": "2.3M", "longFmt": "2,300,000"}, "high": {"raw": 3200000, "fmt": "3.2M", "longFmt": "3,200,000"}, "numberOfAnalysts": {"raw": 4, "fmt": "4", "longFmt": "4"}, "yearAgoRevenue": {"raw": 2250000, "fmt": "2.25M", "longFmt": "2,250,000"}, "growth": {"raw": 0.22760001, "fmt": "22.76%"}, "revenueCurrency": "USD"}, "epsTrend": {"current": {}, "7daysAgo": {}, "30daysAgo": {}, "60daysAgo": {}, "90daysAgo": {}, "epsTrendCurrency": null}, "epsRevisions": {"upLast7days": {}, "upLast30days": {}, "downLast30days": {}, "downLast7Days": {}, "downLast90days": {}, "epsRevisionsCurrency": null}}, {"maxAge": 1, "period": "+1q", "endDate": "2025-12-31", "growth": {}, "earningsEstimate": {"avg": {}, "low": {}, "high": {}, "yearAgoEps": {}, "numberOfAnalysts": {}, "growth": {}, "earningsCurrency": null}, "revenueEstimate": {"avg": {"raw": 6744500, "fmt": "6.74M", "longFmt": "6,744,500"}, "low": {"raw": 6500000, "fmt": "6.5M", "longFmt": "6,500,000"}, "high": {"raw": 7300000, "fmt": "7.3M", "longFmt": "7,300,000"}, "numberOfAnalysts": {"raw": 4, "fmt": "4", "longFmt": "4"}, "yearAgoRevenue": {"raw": 2696000, "fmt": "2.7M", "longFmt": "2,696,000"}, "growth": {"raw": 1.5016999, "fmt": "150.17%"}, "revenueCurrency": "USD"}, "epsTrend": {"current": {}, "7daysAgo": {}, "30daysAgo": {}, "60daysAgo": {}, "90daysAgo": {}, "epsTrendCurrency": null}, "epsRevisions": {"upLast7days": {}, "upLast30days": {}, "downLast30days": {}, "downLast7Days": {}, "downLast90days": {}, "epsRevisionsCurrency": null}}, {"maxAge": 1, "period": "0y", "endDate": "2025-12-31", "growth": {}, "earningsEstimate": {"avg": {}, "low": {}, "high": {}, "yearAgoEps": {}, "numberOfAnalysts": {}, "growth": {}, "earningsCurrency": null}, "revenueEstimate": {"avg": {"raw": 18444490, "fmt": "18.44M", "longFmt": "18,444,490"}, "low": {"raw": 18000000, "fmt": "18M", "longFmt": "18,000,000"}, "high": {"raw": 18622450, "fmt": "18.62M", "longFmt": "18,622,450"}, "numberOfAnalysts": {"raw": 5, "fmt": "5", "longFmt": "5"}, "yearAgoRevenue": {"raw": 9065000, "fmt": "9.06M", "longFmt": "9,065,000"}, "growth": {"raw": 1.0347, "fmt": "103.47%"}, "revenueCurrency": "USD"}, "epsTrend": {"current": {}, "7daysAgo": {}, "30daysAgo": {}, "60daysAgo": {}, "90daysAgo": {}, "epsTrendCurrency": null}, "epsRevisions": {"upLast7days": {}, "upLast30days": {}, "downLast30days": {}, "downLast7Days": {}, "downLast90days": {}, "epsRevisionsCurrency": null}}, {"maxAge": 1, "period": "+1y", "endDate": "2026-12-31", "growth": {}, "earningsEstimate": {"avg": {}, "low": {}, "high": {}, "yearAgoEps": {}, "numberOfAnalysts": {}, "growth": {}, "earningsCurrency": null}, "revenueEstimate": {"avg": {"raw": 37694840, "fmt": "37.69M", "longFmt": "37,694,840"}, "low": {"raw": 32000000, "fmt": "32M", "longFmt": "32,000,000"}, "high": {"raw": 42400000, "fmt": "42.4M", "longFmt": "42,400,000"}, "numberOfAnalysts": {"raw": 5, "fmt": "5", "longFmt": "5"}, "yearAgoRevenue": {"raw": 18444490, "fmt": "18.44M", "longFmt": "18,444,490"}, "growth": {"raw": 1.0437, "fmt": "104.37%"}, "revenueCurrency": "USD"}, "epsTrend": {"current": {}, "7daysAgo": {}, "30daysAgo": {}, "60daysAgo": {}, "90daysAgo": {}, "epsTrendCurrency": null}, "epsRevisions": {"upLast7days": {}, "upLast30days": {}, "downLast30days": {}, "downLast7Days": {}, "downLast90days": {}, "epsRevisionsCurrency": null}}], "defaultMethodology": "nongaap", "maxAge": 1}, "earningsHistory": {"history": [], "defaultMethodology": "nongaap", "maxAge": 86400}, "financialData": {"maxAge": 86400, "currentPrice": {"raw": 0.18, "fmt": "0.18"}, "targetHighPrice": {}, "targetLowPrice": {}, "targetMeanPrice": {}, "targetMedianPrice": {}, "recommendationMean": {}, "recommendationKey": "none", "numberOfAnalystOpinions": {}, "totalCash": {"raw": 49849000, "fmt": "49.85M", "longFmt": "49,849,000"}, "totalCashPerShare": {"raw": 0.885, "fmt": "0.88"}, "ebitda": {"raw": -132001000, "fmt": "-132M", "longFmt": "-132,001,000"}, "totalDebt": {"raw": 1827000, "fmt": "1.83M", "longFmt": "1,827,000"}, "quickRatio": {"raw": 0.571, "fmt": "0.57"}, "currentRatio": {"raw": 0.646, "fmt": "0.65"}, "totalRevenue": {"raw": 13825000, "fmt": "13.82M", "longFmt": "13,825,000"}, "debtToEquity": {}, "revenuePerShare": {"raw": 0.254, "fmt": "0.25"}, "returnOnAssets": {"raw": -0.59401, "fmt": "-59.40%"}, "returnOnEquity": {"raw": -14.416379, "fmt": "-1,441.64%"}, "grossProfits": {"raw": -3960000, "fmt": "-3.96M", "longFmt": "-3,960,000"}, "freeCashflow": {"raw": 11073000, "fmt": "11.07M", "longFmt": "11,073,000"}, "operatingCashflow": {"raw": -107402000, "fmt": "-107.4M", "longFmt": "-107,402,000"}, "earningsGrowth": {}, "revenueGrowth": {"raw": 1.739, "fmt": "173.90%"}, "grossMargins": {"raw": -0.28643999, "fmt": "-28.64%"}, "ebitdaMargins": {"raw": 0.0, "fmt": "0.00%"}, "operatingMargins": {"raw": -6.33696, "fmt": "-633.70%"}, "profitMargins": {"raw": 0.0, "fmt": "0.00%"}, "financialCurrency": "USD"}}