{"assetProfile": {"address1": "5210 East Williams Circle", "address2": "Suite 750", "city": "Tucson", "state": "AZ", "zip": "85711", "country": "United States", "phone": "866 331 5324", "website": "https://www.audioeye.com", "industry": "Software - Application", "industryKey": "software-application", "industryDisp": "Software - Application", "sector": "Technology", "sectorKey": "technology", "sectorDisp": "Technology", "longBusinessSummary": "AudioEye, Inc. provides Internet content publication and distribution software and related services to Internet and other media to people regardless of their device, location, or disabilities in the United States and Europe. The company's software and services enable conversion of digital content into accessible formats and allow for real time distribution to end users on any Internet connected device. Its offering provides ongoing testing, automated fixes, and 24/7 monitoring that enhances conformance with web content accessibility guidelines; identifies and fixes the accessibility errors and addresses a range of disabilities, including dyslexia, color blindness, epilepsy, and others; and offers additional solutions to provide for enhanced compliance and accessibility, including periodic auditing, custom fixes by experts, and legal support services, as well as PDF remediation services, mobile application, and audit reporting services to help customers with their digital accessibility needs. The company serves small- and medium-sized businesses, corporate enterprises, non-profit organizations, and federal government agencies, as well as federal, state, and local governments and agencies through content management system partners, platform and agency partners, authorized resellers, and the marketplace. AudioEye, Inc. was incorporated in 2005 and is based in Tucson, Arizona.", "fullTimeEmployees": 117, "companyOfficers": [{"maxAge": 1, "name": "Dr. Carr  Bettis Ph.D.", "age": 60, "title": "Executive Chairman", "yearBorn": 1964, "fiscalYear": 2024, "totalPay": {"raw": 39944, "fmt": "39.94k", "longFmt": "39,944"}, "exercisedValue": {"raw": 0, "fmt": null, "longFmt": "0"}, "unexercisedValue": {"raw": 0, "fmt": null, "longFmt": "0"}}, {"maxAge": 1, "name": "Mr. David D. Moradi", "age": 48, "title": "CEO & Director", "yearBorn": 1976, "fiscalYear": 2024, "totalPay": {"raw": 400000, "fmt": "400k", "longFmt": "400,000"}, "exercisedValue": {"raw": 0, "fmt": null, "longFmt": "0"}, "unexercisedValue": {"raw": 0, "fmt": null, "longFmt": "0"}}, {"maxAge": 1, "name": "Ms. Kelly  Georgevich", "age": 41, "title": "CFO, Principal Financial Officer & Principal Accounting Officer", "yearBorn": 1983, "fiscalYear": 2024, "totalPay": {"raw": 435000, "fmt": "435k", "longFmt": "435,000"}, "exercisedValue": {"raw": 0, "fmt": null, "longFmt": "0"}, "unexercisedValue": {"raw": 0, "fmt": null, "longFmt": "0"}}, {"maxAge": 1, "name": "Mr. John  Postlethwait", "title": "Chief Operating Officer", "fiscalYear": 2024, "exercisedValue": {"raw": 0, "fmt": null, "longFmt": "0"}, "unexercisedValue": {"raw": 0, "fmt": null, "longFmt": "0"}}, {"maxAge": 1, "name": "James  Spolar", "title": "General Counsel & Secretary", "fiscalYear": 2024, "exercisedValue": {"raw": 0, "fmt": null, "longFmt": "0"}, "unexercisedValue": {"raw": 0, "fmt": null, "longFmt": "0"}}, {"maxAge": 1, "name": "Mr. Chad  Sollis", "title": "Chief Marketing Officer", "fiscalYear": 2024, "exercisedValue": {"raw": 0, "fmt": null, "longFmt": "0"}, "unexercisedValue": {"raw": 0, "fmt": null, "longFmt": "0"}}, {"maxAge": 1, "name": "Mr. Sean D. Bradley", "age": 42, "title": "Senior Vice President of Customer Advocacy", "yearBorn": 1982, "fiscalYear": 2024, "totalPay": {"raw": 210000, "fmt": "210k", "longFmt": "210,000"}, "exercisedValue": {"raw": 0, "fmt": null, "longFmt": "0"}, "unexercisedValue": {"raw": 224400, "fmt": "224.4k", "longFmt": "224,400"}}, {"maxAge": 1, "name": "Mr. Michael  Paciello", "title": "Chief Accessibility Officer", "fiscalYear": 2024, "exercisedValue": {"raw": 0, "fmt": null, "longFmt": "0"}, "unexercisedValue": {"raw": 0, "fmt": null, "longFmt": "0"}}], "auditRisk": 4, "boardRisk": 5, "compensationRisk": 8, "shareHolderRightsRisk": 3, "overallRisk": 5, "governanceEpochDate": 1761955200, "compensationAsOfEpochDate": 1735603200, "executiveTeam": [], "maxAge": 86400}, "calendarEvents": {"maxAge": 1, "earnings": {"earningsDate": [{"raw": 1762290000, "fmt": "2025-11-04"}], "earningsCallDate": [{"raw": 1762291800, "fmt": "2025-11-04"}], "isEarningsDateEstimate": false, "earningsAverage": {"raw": 0.1775, "fmt": "0.18"}, "earningsLow": {"raw": 0.17, "fmt": "0.17"}, "earningsHigh": {"raw": 0.18, "fmt": "0.18"}, "revenueAverage": {"raw": 10258200, "fmt": "10.26M", "longFmt": "10,258,200"}, "revenueLow": {"raw": 10178000, "fmt": "10.18M", "longFmt": "10,178,000"}, "revenueHigh": {"raw": 10353000, "fmt": "10.35M", "longFmt": "10,353,000"}}, "exDividendDate": {}, "dividendDate": {"raw": 1533686400, "fmt": "2018-08-08"}}, "earningsTrend": {"trend": [{"maxAge": 1, "period": "0q", "endDate": "2025-09-30", "growth": {"raw": 0.1094, "fmt": "10.94%"}, "earningsEstimate": {"avg": {"raw": 0.1775, "fmt": "0.18"}, "low": {"raw": 0.17, "fmt": "0.17"}, "high": {"raw": 0.18, "fmt": "0.18"}, "yearAgoEps": {"raw": 0.16, "fmt": "0.16"}, "numberOfAnalysts": {"raw": 4, "fmt": "4", "longFmt": "4"}, "growth": {"raw": 0.1094, "fmt": "10.94%"}, "earningsCurrency": "USD"}, "revenueEstimate": {"avg": {"raw": 10258200, "fmt": "10.26M", "longFmt": "10,258,200"}, "low": {"raw": 10178000, "fmt": "10.18M", "longFmt": "10,178,000"}, "high": {"raw": 10353000, "fmt": "10.35M", "longFmt": "10,353,000"}, "numberOfAnalysts": {"raw": 5, "fmt": "5", "longFmt": "5"}, "yearAgoRevenue": {"raw": 8925000, "fmt": "8.93M", "longFmt": "8,925,000"}, "growth": {"raw": 0.1494, "fmt": "14.94%"}, "revenueCurrency": "USD"}, "epsTrend": {"current": {"raw": 0.1775, "fmt": "0.18"}, "7daysAgo": {"raw": 0.1775, "fmt": "0.18"}, "30daysAgo": {"raw": 0.1775, "fmt": "0.18"}, "60daysAgo": {"raw": 0.1775, "fmt": "0.18"}, "90daysAgo": {"raw": 0.18, "fmt": "0.18"}, "epsTrendCurrency": "USD"}, "epsRevisions": {"upLast7days": {"raw": 1, "fmt": "1", "longFmt": "1"}, "upLast30days": {"raw": 1, "fmt": "1", "longFmt": "1"}, "downLast30days": {"raw": 1, "fmt": "1", "longFmt": "1"}, "downLast7Days": {"raw": 1, "fmt": "1", "longFmt": "1"}, "downLast90days": {}, "epsRevisionsCurrency": "USD"}}, {"maxAge": 1, "period": "+1q", "endDate": "2025-12-31", "growth": {"raw": 0.19440001, "fmt": "19.44%"}, "earningsEstimate": {"avg": {"raw": 0.215, "fmt": "0.22"}, "low": {"raw": 0.21, "fmt": "0.21"}, "high": {"raw": 0.22, "fmt": "0.22"}, "yearAgoEps": {"raw": 0.18, "fmt": "0.18"}, "numberOfAnalysts": {"raw": 4, "fmt": "4", "longFmt": "4"}, "growth": {"raw": 0.19440001, "fmt": "19.44%"}, "earningsCurrency": "USD"}, "revenueEstimate": {"avg": {"raw": 10584600, "fmt": "10.58M", "longFmt": "10,584,600"}, "low": {"raw": 10501000, "fmt": "10.5M", "longFmt": "10,501,000"}, "high": {"raw": 10695000, "fmt": "10.7M", "longFmt": "10,695,000"}, "numberOfAnalysts": {"raw": 5, "fmt": "5", "longFmt": "5"}, "yearAgoRevenue": {"raw": 9723000, "fmt": "9.72M", "longFmt": "9,723,000"}, "growth": {"raw": 0.088599995, "fmt": "8.86%"}, "revenueCurrency": "USD"}, "epsTrend": {"current": {"raw": 0.215, "fmt": "0.22"}, "7daysAgo": {"raw": 0.215, "fmt": "0.22"}, "30daysAgo": {"raw": 0.215, "fmt": "0.22"}, "60daysAgo": {"raw": 0.215, "fmt": "0.22"}, "90daysAgo": {"raw": 0.2225, "fmt": "0.22"}, "epsTrendCurrency": "USD"}, "epsRevisions": {"upLast7days": {"raw": 0, "fmt": null, "longFmt": "0"}, "upLast30days": {"raw": 0, "fmt": null, "longFmt": "0"}, "downLast30days": {"raw": 3, "fmt": "3", "longFmt": "3"}, "downLast7Days": {"raw": 3, "fmt": "3", "longFmt": "3"}, "downLast90days": {}, "epsRevisionsCurrency": "USD"}}, {"maxAge": 1, "period": "0y", "endDate": "2025-12-31", "growth": {"raw": 0.2682, "fmt": "26.82%"}, "earningsEstimate": {"avg": {"raw": 0.6975, "fmt": "0.7"}, "low": {"raw": 0.69, "fmt": "0.69"}, "high": {"raw": 0.71, "fmt": "0.71"}, "yearAgoEps": {"raw": 0.55, "fmt": "0.55"}, "numberOfAnalysts": {"raw": 4, "fmt": "4", "longFmt": "4"}, "growth": {"raw": 0.2682, "fmt": "26.82%"}, "earningsCurrency": "USD"}, "revenueEstimate": {"avg": {"raw": 40433400, "fmt": "40.43M", "longFmt": "40,433,400"}, "low": {"raw": 40350000, "fmt": "40.35M", "longFmt": "40,350,000"}, "high": {"raw": 40541000, "fmt": "40.54M", "longFmt": "40,541,000"}, "numberOfAnalysts": {"raw": 5, "fmt": "5", "longFmt": "5"}, "yearAgoRevenue": {"raw": 35201000, "fmt": "35.2M", "longFmt": "35,201,000"}, "growth": {"raw": 0.1486, "fmt": "14.86%"}, "revenueCurrency": "USD"}, "epsTrend": {"current": {"raw": 0.6975, "fmt": "0.7"}, "7daysAgo": {"raw": 0.6975, "fmt": "0.7"}, "30daysAgo": {"raw": 0.6975, "fmt": "0.7"}, "60daysAgo": {"raw": 0.6975, "fmt": "0.7"}, "90daysAgo": {"raw": 0.7, "fmt": "0.7"}, "epsTrendCurrency": "USD"}, "epsRevisions": {"upLast7days": {"raw": 1, "fmt": "1", "longFmt": "1"}, "upLast30days": {"raw": 1, "fmt": "1", "longFmt": "1"}, "downLast30days": {"raw": 2, "fmt": "2", "longFmt": "2"}, "downLast7Days": {"raw": 2, "fmt": "2", "longFmt": "2"}, "downLast90days": {}, "epsRevisionsCurrency": "USD"}}, {"maxAge": 1, "period": "+1y", "endDate": "2026-12-31", "growth": {"raw": 0.2366, "fmt": "23.66%"}, "earningsEstimate": {"avg": {"raw": 0.8625, "fmt": "0.86"}, "low": {"raw": 0.75, "fmt": "0.75"}, "high": {"raw": 0.92, "fmt": "0.92"}, "yearAgoEps": {"raw": 0.6975, "fmt": "0.7"}, "numberOfAnalysts": {"raw": 4, "fmt": "4", "longFmt": "4"}, "growth": {"raw": 0.2366, "fmt": "23.66%"}, "earningsCurrency": "USD"}, "revenueEstimate": {"avg": {"raw": 46406000, "fmt": "46.41M", "longFmt": "46,406,000"}, "low": {"raw": 45716000, "fmt": "45.72M", "longFmt": "45,716,000"}, "high": {"raw": 46905000, "fmt": "46.91M", "longFmt": "46,905,000"}, "numberOfAnalysts": {"raw": 5, "fmt": "5", "longFmt": "5"}, "yearAgoRevenue": {"raw": 40433400, "fmt": "40.43M", "longFmt": "40,433,400"}, "growth": {"raw": 0.14770001, "fmt": "14.77%"}, "revenueCurrency": "USD"}, "epsTrend": {"current": {"raw": 0.8625, "fmt": "0.86"}, "7daysAgo": {"raw": 0.8625, "fmt": "0.86"}, "30daysAgo": {"raw": 0.8625, "fmt": "0.86"}, "60daysAgo": {"raw": 0.8625, "fmt": "0.86"}, "90daysAgo": {"raw": 0.8725, "fmt": "0.87"}, "epsTrendCurrency": "USD"}, "epsRevisions": {"upLast7days": {"raw": 1, "fmt": "1", "longFmt": "1"}, "upLast30days": {"raw": 1, "fmt": "1", "longFmt": "1"}, "downLast30days": {"raw": 2, "fmt": "2", "longFmt": "2"}, "downLast7Days": {"raw": 2, "fmt": "2", "longFmt": "2"}, "downLast90days": {}, "epsRevisionsCurrency": "USD"}}], "defaultMethodology": "nongaap", "maxAge": 1}, "earningsHistory": {"history": [{"maxAge": 1, "epsActual": {"raw": 0.16, "fmt": "0.16"}, "epsEstimate": {"raw": 0.14333, "fmt": "0.14"}, "epsDifference": {"raw": 0.02, "fmt": "0.02"}, "surprisePercent": {"raw": 0.1163, "fmt": "11.63%"}, "quarter": {"raw": 1727654400, "fmt": "2024-09-30"}, "currency": "USD", "period": "-4q"}, {"maxAge": 1, "epsActual": {"raw": 0.18, "fmt": "0.18"}, "epsEstimate": {"raw": 0.1775, "fmt": "0.18"}, "epsDifference": {"raw": 0.0, "fmt": "0"}, "surprisePercent": {"raw": 0.014099999, "fmt": "1.41%"}, "quarter": {"raw": 1735603200, "fmt": "2024-12-31"}, "currency": "USD", "period": "-3q"}, {"maxAge": 1, "epsActual": {"raw": 0.15, "fmt": "0.15"}, "epsEstimate": {"raw": 0.1475, "fmt": "0.15"}, "epsDifference": {"raw": 0.0, "fmt": "0"}, "surprisePercent": {"raw": 0.016900001, "fmt": "1.69%"}, "quarter": {"raw": 1743379200, "fmt": "2025-03-31"}, "currency": "USD", "period": "-2q"}, {"maxAge": 1, "epsActual": {"raw": 0.15, "fmt": "0.15"}, "epsEstimate": {"raw": 0.15, "fmt": "0.15"}, "epsDifference": {"raw": 0.0, "fmt": "0"}, "surprisePercent": {"raw": 0.0, "fmt": "0.00%"}, "quarter": {"raw": 1751241600, "fmt": "2025-06-30"}, "currency": "USD", "period": "-1q"}], "defaultMethodology": "nongaap", "maxAge": 86400}, "financialData": {"maxAge": 86400, "currentPrice": {"raw": 15.25, "fmt": "15.25"}, "targetHighPrice": {"raw": 25.0, "fmt": "25.00"}, "targetLowPrice": {"raw": 19.0, "fmt": "19.00"}, "targetMeanPrice": {"raw": 22.2, "fmt": "22.20"}, "targetMedianPrice": {"raw": 22.0, "fmt": "22.00"}, "recommendationMean": {"raw": 1.4, "fmt": "1.40"}, "recommendationKey": "strong_buy", "numberOfAnalystOpinions": {"raw": 5, "fmt": "5", "longFmt": "5"}, "totalCash": {"raw": 6869000, "fmt": "6.87M", "longFmt": "6,869,000"}, "totalCashPerShare": {"raw": 0.554, "fmt": "0.55"}, "ebitda": {"raw": -1498000, "fmt": "-1.5M", "longFmt": "-1,498,000"}, "totalDebt": {"raw": 13252000, "fmt": "13.25M", "longFmt": "13,252,000"}, "quickRatio": {"raw": 1.039, "fmt": "1.04"}, "currentRatio": {"raw": 1.103, "fmt": "1.10"}, "totalRevenue": {"raw": 38238000, "fmt": "38.24M", "longFmt": "38,238,000"}, "debtToEquity": {"raw": 180.324, "fmt": "180.32%"}, "revenuePerShare": {"raw": 3.123, "fmt": "3.12"}, "returnOnAssets": {"raw": -0.06305, "fmt": "-6.31%"}, "returnOnEquity": {"raw": -0.6818, "fmt": "-68.18%"}, "grossProfits": {"raw": 30269000, "fmt": "30.27M", "longFmt": "30,269,000"}, "freeCashflow": {"raw": 5892375, "fmt": "5.89M", "longFmt": "5,892,375"}, "operatingCashflow": {"raw": 3289000, "fmt": "3.29M", "longFmt": "3,289,000"}, "earningsGrowth": {}, "revenueGrowth": {"raw": 0.164, "fmt": "16.40%"}, "grossMargins": {"raw": 0.79159, "fmt": "79.16%"}, "ebitdaMargins": {"raw": -0.03918, "fmt": "-3.92%"}, "operatingMargins": {"raw": -0.091809995, "fmt": "-9.18%"}, "profitMargins": {"raw": -0.10882, "fmt": "-10.88%"}, "financialCurrency": "USD"}}