{"assetProfile": {"address1": "3175 Highway 278", "city": "Covington", "state": "GA", "zip": "30014", "country": "United States", "phone": "770 786 7088", "website": "https://myaffinitybank.com", "industry": "Banks - Regional", "industryKey": "banks-regional", "industryDisp": "Banks - Regional", "sector": "Financial Services", "sectorKey": "financial-services", "sectorDisp": "Financial Services", "longBusinessSummary": "Affinity Bancshares, Inc. operates as the holding company for Affinity Bank that provides various banking products and services in Georgia. The company's deposit products include savings accounts, checking accounts, certificates of deposit, and individual retirement accounts, as well as Kasasa (rewards) deposit program for checking accounts with interest rates or cash-back rewards. It also provides commercial and residential real estate, commercial and industrial, residential mortgage, construction and land, and consumer loans, as well as balloon and adjustable-rate loans. In addition, the company invests in U.S. treasury securities; securities issued by the U.S. government and its agencies, or government sponsored enterprises, including mortgage-backed securities and collateralized mortgage obligations; corporate and municipal bonds; certificates of deposit in other financial institutions; and federal and money market funds. Further, it operates a virtual bank under the name FitnessBank, which accepts deposits and provides higher interest rates based on customers meeting certain fitness goals. The company was founded in 1928 and is headquartered in Covington, Georgia.", "fullTimeEmployees": 88, "companyOfficers": [{"maxAge": 1, "name": "Ms. Elizabeth M. Galazka", "age": 59, "title": "Executive Vice President of Business Development & Commercial Lending", "yearBorn": 1965, "fiscalYear": 2024, "totalPay": {"raw": 399926, "fmt": "399.93k", "longFmt": "399,926"}, "exercisedValue": {"raw": 0, "fmt": null, "longFmt": "0"}, "unexercisedValue": {"raw": 190883, "fmt": "190.88k", "longFmt": "190,883"}}, {"maxAge": 1, "name": "Mr. Clark N. Nelson Jr.", "age": 59, "title": "Executive VP & Chief Credit Officer", "yearBorn": 1965, "fiscalYear": 2024, "totalPay": {"raw": 478109, "fmt": "478.11k", "longFmt": "478,109"}, "exercisedValue": {"raw": 0, "fmt": null, "longFmt": "0"}, "unexercisedValue": {"raw": 199546, "fmt": "199.55k", "longFmt": "199,546"}}, {"maxAge": 1, "name": "Mr. Robert A. Vickers", "age": 43, "title": "Senior VP & Operations Officer", "yearBorn": 1981, "fiscalYear": 2024, "exercisedValue": {"raw": 0, "fmt": null, "longFmt": "0"}, "unexercisedValue": {"raw": 0, "fmt": null, "longFmt": "0"}}, {"maxAge": 1, "name": "Jacqueline  Lyle", "title": "Vice President of Compliance", "fiscalYear": 2024, "exercisedValue": {"raw": 0, "fmt": null, "longFmt": "0"}, "unexercisedValue": {"raw": 0, "fmt": null, "longFmt": "0"}}], "compensationAsOfEpochDate": 1735603200, "executiveTeam": [], "maxAge": 86400}, "calendarEvents": {"maxAge": 1, "earnings": {"earningsDate": [], "earningsCallDate": [], "isEarningsDateEstimate": true, "earningsAverage": {}, "earningsLow": {}, "earningsHigh": {}, "revenueAverage": {}, "revenueLow": {}, "revenueHigh": {}}, "exDividendDate": {"raw": 1741824000, "fmt": "2025-03-13"}, "dividendDate": {"raw": 1743033600, "fmt": "2025-03-27"}}, "earningsTrend": {"trend": [{"maxAge": 1, "period": "0q", "endDate": null, "growth": {}, "earningsEstimate": {"avg": {}, "low": {}, "high": {}, "yearAgoEps": {}, "numberOfAnalysts": {}, "growth": {}, "earningsCurrency": null}, "revenueEstimate": {"avg": {"raw": 0, "fmt": null, "longFmt": "0"}, "low": {"raw": 0, "fmt": null, "longFmt": "0"}, "high": {"raw": 0, "fmt": null, "longFmt": "0"}, "numberOfAnalysts": {"raw": 0, "fmt": null, "longFmt": "0"}, "yearAgoRevenue": {}, "growth": {}, "revenueCurrency": null}, "epsTrend": {"current": {}, "7daysAgo": {}, "30daysAgo": {}, "60daysAgo": {}, "90daysAgo": {}, "epsTrendCurrency": null}, "epsRevisions": {"upLast7days": {}, "upLast30days": {}, "downLast30days": {}, "downLast7Days": {}, "downLast90days": {}, "epsRevisionsCurrency": null}}, {"maxAge": 1, "period": "+1q", "endDate": null, "growth": {}, "earningsEstimate": {"avg": {}, "low": {}, "high": {}, "yearAgoEps": {}, "numberOfAnalysts": {}, "growth": {}, "earningsCurrency": null}, "revenueEstimate": {"avg": {"raw": 0, "fmt": null, "longFmt": "0"}, "low": {"raw": 0, "fmt": null, "longFmt": "0"}, "high": {"raw": 0, "fmt": null, "longFmt": "0"}, "numberOfAnalysts": {"raw": 0, "fmt": null, "longFmt": "0"}, "yearAgoRevenue": {}, "growth": {}, "revenueCurrency": null}, "epsTrend": {"current": {}, "7daysAgo": {}, "30daysAgo": {}, "60daysAgo": {}, "90daysAgo": {}, "epsTrendCurrency": null}, "epsRevisions": {"upLast7days": {}, "upLast30days": {}, "downLast30days": {}, "downLast7Days": {}, "downLast90days": {}, "epsRevisionsCurrency": null}}, {"maxAge": 1, "period": "0y", "endDate": null, "growth": {}, "earningsEstimate": {"avg": {}, "low": {}, "high": {}, "yearAgoEps": {}, "numberOfAnalysts": {}, "growth": {}, "earningsCurrency": null}, "revenueEstimate": {"avg": {"raw": 0, "fmt": null, "longFmt": "0"}, "low": {"raw": 0, "fmt": null, "longFmt": "0"}, "high": {"raw": 0, "fmt": null, "longFmt": "0"}, "numberOfAnalysts": {"raw": 0, "fmt": null, "longFmt": "0"}, "yearAgoRevenue": {}, "growth": {}, "revenueCurrency": null}, "epsTrend": {"current": {}, "7daysAgo": {}, "30daysAgo": {}, "60daysAgo": {}, "90daysAgo": {}, "epsTrendCurrency": null}, "epsRevisions": {"upLast7days": {}, "upLast30days": {}, "downLast30days": {}, "downLast7Days": {}, "downLast90days": {}, "epsRevisionsCurrency": null}}, {"maxAge": 1, "period": "+1y", "endDate": null, "growth": {}, "earningsEstimate": {"avg": {}, "low": {}, "high": {}, "yearAgoEps": {}, "numberOfAnalysts": {}, "growth": {}, "earningsCurrency": null}, "revenueEstimate": {"avg": {"raw": 0, "fmt": null, "longFmt": "0"}, "low": {"raw": 0, "fmt": null, "longFmt": "0"}, "high": {"raw": 0, "fmt": null, "longFmt": "0"}, "numberOfAnalysts": {"raw": 0, "fmt": null, "longFmt": "0"}, "yearAgoRevenue": {}, "growth": {}, "revenueCurrency": null}, "epsTrend": {"current": {}, "7daysAgo": {}, "30daysAgo": {}, "60daysAgo": {}, "90daysAgo": {}, "epsTrendCurrency": null}, "epsRevisions": {"upLast7days": {}, "upLast30days": {}, "downLast30days": {}, "downLast7Days": {}, "downLast90days": {}, "epsRevisionsCurrency": null}}], "defaultMethodology": "nongaap", "maxAge": 1}, "earningsHistory": {"history": [], "defaultMethodology": "nongaap", "maxAge": 86400}, "financialData": {"maxAge": 86400, "currentPrice": {"raw": 18.76, "fmt": "18.76"}, "targetHighPrice": {}, "targetLowPrice": {}, "targetMeanPrice": {}, "targetMedianPrice": {}, "recommendationMean": {}, "recommendationKey": "none", "numberOfAnalystOpinions": {}, "totalCash": {"raw": 84845000, "fmt": "84.84M", "longFmt": "84,845,000"}, "totalCashPerShare": {"raw": 13.699, "fmt": "13.7"}, "ebitda": {}, "totalDebt": {"raw": 54000000, "fmt": "54M", "longFmt": "54,000,000"}, "quickRatio": {}, "currentRatio": {}, "totalRevenue": {"raw": 31784000, "fmt": "31.78M", "longFmt": "31,784,000"}, "debtToEquity": {}, "revenuePerShare": {"raw": 5.008, "fmt": "5.01"}, "returnOnAssets": {"raw": 0.00837, "fmt": "0.84%"}, "returnOnEquity": {"raw": 0.05947, "fmt": "5.95%"}, "grossProfits": {"raw": 31784000, "fmt": "31.78M", "longFmt": "31,784,000"}, "freeCashflow": {}, "operatingCashflow": {}, "earningsGrowth": {"raw": 0.308, "fmt": "30.80%"}, "revenueGrowth": {"raw": 0.046, "fmt": "4.60%"}, "grossMargins": {"raw": 0.0, "fmt": "0.00%"}, "ebitdaMargins": {"raw": 0.0, "fmt": "0.00%"}, "operatingMargins": {"raw": 0.34951, "fmt": "34.95%"}, "profitMargins": {"raw": 0.23742001, "fmt": "23.74%"}, "financialCurrency": "USD"}}