{"assetProfile": {"address1": "477 S. Rosemary Avenue", "address2": "Suite 301", "city": "West Palm Beach", "state": "FL", "zip": "33401", "country": "United States", "phone": "561 510 2390", "website": "https://advancedflowercapital.com", "industry": "REIT - Mortgage", "industryKey": "reit-mortgage", "industryDisp": "REIT - Mortgage", "sector": "Real Estate", "sectorKey": "real-estate", "sectorDisp": "Real Estate", "longBusinessSummary": "Advanced Flower Capital Inc. originates, structures, underwrites, invests in, and manages senior secured loans and other types of mortgage loans and debt securities for established companies operating in the cannabis industry. It primarily originates loans structured as senior loans secured by real estate, equipment, cash flows, and licenses and/or other assets of the loan parties to the extent permitted by applicable laws and the regulations governing such loan parties. The company qualifies as a real estate investment trust for federal income tax purposes. It generally would not be subject to federal corporate income taxes if it distributes at least 90% of its taxable income to its stockholders. The company was formerly known as AFC Gamma, Inc. and changed its name to Advanced Flower Capital Inc. in October 2024. Advanced Flower Capital Inc. was incorporated in 2020 and is based in West Palm Beach, Florida.", "companyOfficers": [{"maxAge": 1, "name": "Mr. Leonard Mark Tannenbaum C.F.A.", "age": 53, "title": "Executive Chairman", "yearBorn": 1971, "exercisedValue": {"raw": 0, "fmt": null, "longFmt": "0"}, "unexercisedValue": {"raw": 0, "fmt": null, "longFmt": "0"}}, {"maxAge": 1, "name": "Mr. Daniel  Neville", "age": 38, "title": "CEO & Partner", "yearBorn": 1986, "exercisedValue": {"raw": 0, "fmt": null, "longFmt": "0"}, "unexercisedValue": {"raw": 0, "fmt": null, "longFmt": "0"}}, {"maxAge": 1, "name": "Ms. Robyn  Tannenbaum", "age": 38, "title": "Co-Founder, Partner, Chief Investment Officer & President", "yearBorn": 1986, "fiscalYear": 2024, "totalPay": {"raw": 69452, "fmt": "69.45k", "longFmt": "69,452"}, "exercisedValue": {"raw": 0, "fmt": null, "longFmt": "0"}, "unexercisedValue": {"raw": 0, "fmt": null, "longFmt": "0"}}, {"maxAge": 1, "name": "Mr. Brandon  Hetzel", "age": 38, "title": "CFO & Treasurer", "yearBorn": 1986, "fiscalYear": 2024, "totalPay": {"raw": 269580, "fmt": "269.58k", "longFmt": "269,580"}, "exercisedValue": {"raw": 0, "fmt": null, "longFmt": "0"}, "unexercisedValue": {"raw": 0, "fmt": null, "longFmt": "0"}}, {"maxAge": 1, "name": "Mr. Cody  Shue", "title": "Accounting Manager", "fiscalYear": 2024, "exercisedValue": {"raw": 0, "fmt": null, "longFmt": "0"}, "unexercisedValue": {"raw": 0, "fmt": null, "longFmt": "0"}}, {"maxAge": 1, "name": "Ms. Lana  Ping", "title": "Director of Investor Relations", "fiscalYear": 2024, "exercisedValue": {"raw": 0, "fmt": null, "longFmt": "0"}, "unexercisedValue": {"raw": 0, "fmt": null, "longFmt": "0"}}, {"maxAge": 1, "name": "Mr. Gabriel A. Katz", "age": 36, "title": "Chief Legal Officer", "yearBorn": 1988, "fiscalYear": 2024, "exercisedValue": {"raw": 0, "fmt": null, "longFmt": "0"}, "unexercisedValue": {"raw": 0, "fmt": null, "longFmt": "0"}}, {"maxAge": 1, "name": "Mr. James F. Velgot", "age": 62, "title": "Chief Marketing Officer", "yearBorn": 1962, "fiscalYear": 2024, "exercisedValue": {"raw": 0, "fmt": null, "longFmt": "0"}, "unexercisedValue": {"raw": 0, "fmt": null, "longFmt": "0"}}, {"maxAge": 1, "name": "Ms. Johanna  White C.F.A.", "title": "Managing Director", "fiscalYear": 2024, "exercisedValue": {"raw": 0, "fmt": null, "longFmt": "0"}, "unexercisedValue": {"raw": 0, "fmt": null, "longFmt": "0"}}], "auditRisk": 8, "boardRisk": 8, "compensationRisk": 9, "shareHolderRightsRisk": 7, "overallRisk": 8, "governanceEpochDate": 1761955200, "compensationAsOfEpochDate": 1735603200, "executiveTeam": [], "maxAge": 86400}, "calendarEvents": {"maxAge": 1, "earnings": {"earningsDate": [{"raw": 1762954200, "fmt": "2025-11-12"}], "earningsCallDate": [{"raw": 1762959600, "fmt": "2025-11-12"}], "isEarningsDateEstimate": false, "earningsAverage": {"raw": 0.17, "fmt": "0.17"}, "earningsLow": {"raw": 0.17, "fmt": "0.17"}, "earningsHigh": {"raw": 0.17, "fmt": "0.17"}, "revenueAverage": {"raw": 6551150, "fmt": "6.55M", "longFmt": "6,551,150"}, "revenueLow": {"raw": 6402300, "fmt": "6.4M", "longFmt": "6,402,300"}, "revenueHigh": {"raw": 6700000, "fmt": "6.7M", "longFmt": "6,700,000"}}, "exDividendDate": {"raw": 1759190400, "fmt": "2025-09-30"}, "dividendDate": {"raw": 1760486400, "fmt": "2025-10-15"}}, "earningsTrend": {"trend": [{"maxAge": 1, "period": "0q", "endDate": "2025-09-30", "growth": {"raw": 2.4, "fmt": "240.00%"}, "earningsEstimate": {"avg": {"raw": 0.17, "fmt": "0.17"}, "low": {"raw": 0.17, "fmt": "0.17"}, "high": {"raw": 0.17, "fmt": "0.17"}, "yearAgoEps": {"raw": 0.05, "fmt": "0.05"}, "numberOfAnalysts": {"raw": 1, "fmt": "1", "longFmt": "1"}, "growth": {"raw": 2.4, "fmt": "240.00%"}, "earningsCurrency": "USD"}, "revenueEstimate": {"avg": {"raw": 6551150, "fmt": "6.55M", "longFmt": "6,551,150"}, "low": {"raw": 6402300, "fmt": "6.4M", "longFmt": "6,402,300"}, "high": {"raw": 6700000, "fmt": "6.7M", "longFmt": "6,700,000"}, "numberOfAnalysts": {"raw": 2, "fmt": "2", "longFmt": "2"}, "yearAgoRevenue": {"raw": 8882320, "fmt": "8.88M", "longFmt": "8,882,320"}, "growth": {"raw": -0.2625, "fmt": "-26.25%"}, "revenueCurrency": "USD"}, "epsTrend": {"current": {"raw": 0.17, "fmt": "0.17"}, "7daysAgo": {"raw": 0.24, "fmt": "0.24"}, "30daysAgo": {"raw": 0.24, "fmt": "0.24"}, "60daysAgo": {"raw": 0.24, "fmt": "0.24"}, "90daysAgo": {"raw": 0.2375, "fmt": "0.24"}, "epsTrendCurrency": "USD"}, "epsRevisions": {"upLast7days": {"raw": 0, "fmt": null, "longFmt": "0"}, "upLast30days": {"raw": 0, "fmt": null, "longFmt": "0"}, "downLast30days": {"raw": 1, "fmt": "1", "longFmt": "1"}, "downLast7Days": {"raw": 1, "fmt": "1", "longFmt": "1"}, "downLast90days": {}, "epsRevisionsCurrency": "USD"}}, {"maxAge": 1, "period": "+1q", "endDate": "2025-12-31", "growth": {"raw": 4.4, "fmt": "440.00%"}, "earningsEstimate": {"avg": {"raw": 0.17, "fmt": "0.17"}, "low": {"raw": 0.17, "fmt": "0.17"}, "high": {"raw": 0.17, "fmt": "0.17"}, "yearAgoEps": {"raw": -0.05, "fmt": "-0.05"}, "numberOfAnalysts": {"raw": 1, "fmt": "1", "longFmt": "1"}, "growth": {"raw": 4.4, "fmt": "440.00%"}, "earningsCurrency": "USD"}, "revenueEstimate": {"avg": {"raw": 6754300, "fmt": "6.75M", "longFmt": "6,754,300"}, "low": {"raw": 6608600, "fmt": "6.61M", "longFmt": "6,608,600"}, "high": {"raw": 6900000, "fmt": "6.9M", "longFmt": "6,900,000"}, "numberOfAnalysts": {"raw": 2, "fmt": "2", "longFmt": "2"}, "yearAgoRevenue": {"raw": 7636900, "fmt": "7.64M", "longFmt": "7,636,900"}, "growth": {"raw": -0.115600005, "fmt": "-11.56%"}, "revenueCurrency": "USD"}, "epsTrend": {"current": {"raw": 0.17, "fmt": "0.17"}, "7daysAgo": {"raw": 0.2275, "fmt": "0.23"}, "30daysAgo": {"raw": 0.2275, "fmt": "0.23"}, "60daysAgo": {"raw": 0.2275, "fmt": "0.23"}, "90daysAgo": {"raw": 0.2275, "fmt": "0.23"}, "epsTrendCurrency": "USD"}, "epsRevisions": {"upLast7days": {"raw": 0, "fmt": null, "longFmt": "0"}, "upLast30days": {"raw": 0, "fmt": null, "longFmt": "0"}, "downLast30days": {"raw": 1, "fmt": "1", "longFmt": "1"}, "downLast7Days": {"raw": 1, "fmt": "1", "longFmt": "1"}, "downLast90days": {}, "epsRevisionsCurrency": "USD"}}, {"maxAge": 1, "period": "0y", "endDate": "2025-12-31", "growth": {"raw": -1.0938, "fmt": "-109.38%"}, "earningsEstimate": {"avg": {"raw": -0.06, "fmt": "-0.06"}, "low": {"raw": -0.06, "fmt": "-0.06"}, "high": {"raw": -0.06, "fmt": "-0.06"}, "yearAgoEps": {"raw": 0.64, "fmt": "0.64"}, "numberOfAnalysts": {"raw": 1, "fmt": "1", "longFmt": "1"}, "growth": {"raw": -1.0938, "fmt": "-109.38%"}, "earningsCurrency": "USD"}, "revenueEstimate": {"avg": {"raw": 26128600, "fmt": "26.13M", "longFmt": "26,128,600"}, "low": {"raw": 25857200, "fmt": "25.86M", "longFmt": "25,857,200"}, "high": {"raw": 26400000, "fmt": "26.4M", "longFmt": "26,400,000"}, "numberOfAnalysts": {"raw": 2, "fmt": "2", "longFmt": "2"}, "yearAgoRevenue": {"raw": 45655480, "fmt": "45.66M", "longFmt": "45,655,480"}, "growth": {"raw": -0.4277, "fmt": "-42.77%"}, "revenueCurrency": "USD"}, "epsTrend": {"current": {"raw": -0.06, "fmt": "-0.06"}, "7daysAgo": {"raw": 0.89, "fmt": "0.89"}, "30daysAgo": {"raw": 0.89, "fmt": "0.89"}, "60daysAgo": {"raw": 0.89, "fmt": "0.89"}, "90daysAgo": {"raw": 0.9, "fmt": "0.9"}, "epsTrendCurrency": "USD"}, "epsRevisions": {"upLast7days": {"raw": 0, "fmt": null, "longFmt": "0"}, "upLast30days": {"raw": 0, "fmt": null, "longFmt": "0"}, "downLast30days": {"raw": 1, "fmt": "1", "longFmt": "1"}, "downLast7Days": {"raw": 1, "fmt": "1", "longFmt": "1"}, "downLast90days": {}, "epsRevisionsCurrency": "USD"}}, {"maxAge": 1, "period": "+1y", "endDate": "2026-12-31", "growth": {"raw": 18.5555, "fmt": "1,855.55%"}, "earningsEstimate": {"avg": {"raw": 1.05333, "fmt": "1.05"}, "low": {"raw": 0.75, "fmt": "0.75"}, "high": {"raw": 1.37, "fmt": "1.37"}, "yearAgoEps": {"raw": -0.06, "fmt": "-0.06"}, "numberOfAnalysts": {"raw": 3, "fmt": "3", "longFmt": "3"}, "growth": {"raw": 18.5555, "fmt": "1,855.55%"}, "earningsCurrency": "USD"}, "revenueEstimate": {"avg": {"raw": 37219950, "fmt": "37.22M", "longFmt": "37,219,950"}, "low": {"raw": 27946800, "fmt": "27.95M", "longFmt": "27,946,800"}, "high": {"raw": 54256000, "fmt": "54.26M", "longFmt": "54,256,000"}, "numberOfAnalysts": {"raw": 4, "fmt": "4", "longFmt": "4"}, "yearAgoRevenue": {"raw": 26128600, "fmt": "26.13M", "longFmt": "26,128,600"}, "growth": {"raw": 0.42450002, "fmt": "42.45%"}, "revenueCurrency": "USD"}, "epsTrend": {"current": {"raw": 1.05333, "fmt": "1.05"}, "7daysAgo": {"raw": 1.015, "fmt": "1.01"}, "30daysAgo": {"raw": 1.0925, "fmt": "1.09"}, "60daysAgo": {"raw": 1.1, "fmt": "1.1"}, "90daysAgo": {"raw": 1.1, "fmt": "1.1"}, "epsTrendCurrency": "USD"}, "epsRevisions": {"upLast7days": {"raw": 0, "fmt": null, "longFmt": "0"}, "upLast30days": {"raw": 0, "fmt": null, "longFmt": "0"}, "downLast30days": {"raw": 2, "fmt": "2", "longFmt": "2"}, "downLast7Days": {"raw": 2, "fmt": "2", "longFmt": "2"}, "downLast90days": {}, "epsRevisionsCurrency": "USD"}}], "defaultMethodology": "nongaap", "maxAge": 1}, "earningsHistory": {"history": [{"maxAge": 1, "epsActual": {"raw": 0.05, "fmt": "0.05"}, "epsEstimate": {"raw": 0.34333, "fmt": "0.34"}, "epsDifference": {"raw": -0.29, "fmt": "-0.29"}, "surprisePercent": {"raw": -0.85440004, "fmt": "-85.44%"}, "quarter": {"raw": 1727654400, "fmt": "2024-09-30"}, "currency": "USD", "period": "-4q"}, {"maxAge": 1, "epsActual": {"raw": -0.05, "fmt": "-0.05"}, "epsEstimate": {"raw": 0.36, "fmt": "0.36"}, "epsDifference": {"raw": -0.41, "fmt": "-0.41"}, "surprisePercent": {"raw": -1.1389, "fmt": "-113.89%"}, "quarter": {"raw": 1735603200, "fmt": "2024-12-31"}, "currency": "USD", "period": "-3q"}, {"maxAge": 1, "epsActual": {"raw": 0.18, "fmt": "0.18"}, "epsEstimate": {"raw": 0.1625, "fmt": "0.16"}, "epsDifference": {"raw": 0.02, "fmt": "0.02"}, "surprisePercent": {"raw": 0.107700005, "fmt": "10.77%"}, "quarter": {"raw": 1743379200, "fmt": "2025-03-31"}, "currency": "USD", "period": "-2q"}, {"maxAge": 1, "epsActual": {"raw": -0.6, "fmt": "-0.6"}, "epsEstimate": {"raw": 0.18, "fmt": "0.18"}, "epsDifference": {"raw": -0.78, "fmt": "-0.78"}, "surprisePercent": {"raw": -4.3332996, "fmt": "-433.33%"}, "quarter": {"raw": 1751241600, "fmt": "2025-06-30"}, "currency": "USD", "period": "-1q"}], "defaultMethodology": "nongaap", "maxAge": 86400}, "financialData": {"maxAge": 86400, "currentPrice": {"raw": 3.26, "fmt": "3.26"}, "targetHighPrice": {"raw": 13.0, "fmt": "13.00"}, "targetLowPrice": {"raw": 4.5, "fmt": "4.50"}, "targetMeanPrice": {"raw": 8.125, "fmt": "8.12"}, "targetMedianPrice": {"raw": 7.5, "fmt": "7.50"}, "recommendationMean": {"raw": 2.2, "fmt": "2.20"}, "recommendationKey": "buy", "numberOfAnalystOpinions": {"raw": 4, "fmt": "4", "longFmt": "4"}, "totalCash": {"raw": 3410065, "fmt": "3.41M", "longFmt": "3,410,065"}, "totalCashPerShare": {"raw": 0.151, "fmt": "0.15"}, "ebitda": {}, "totalDebt": {"raw": 99307680, "fmt": "99.31M", "longFmt": "99,307,680"}, "quickRatio": {"raw": 17.046, "fmt": "17.05"}, "currentRatio": {"raw": 17.143, "fmt": "17.14"}, "totalRevenue": {"raw": 8721514, "fmt": "8.72M", "longFmt": "8,721,514"}, "debtToEquity": {"raw": 53.758, "fmt": "53.76%"}, "revenuePerShare": {"raw": 0.402, "fmt": "0.40"}, "returnOnAssets": {"raw": -0.023699999, "fmt": "-2.37%"}, "returnOnEquity": {"raw": -0.035550002, "fmt": "-3.56%"}, "grossProfits": {"raw": 8721514, "fmt": "8.72M", "longFmt": "8,721,514"}, "freeCashflow": {}, "operatingCashflow": {"raw": 10546943, "fmt": "10.55M", "longFmt": "10,546,943"}, "earningsGrowth": {}, "revenueGrowth": {}, "grossMargins": {"raw": 1.0, "fmt": "100.00%"}, "ebitdaMargins": {"raw": 0.0, "fmt": "0.00%"}, "operatingMargins": {"raw": 1.24582, "fmt": "124.58%"}, "profitMargins": {"raw": -0.99808, "fmt": "-99.81%"}, "financialCurrency": "USD"}}