{"assetProfile": {"address1": "Madison Building", "address2": "Unit 5.3 Midtown Queensway", "city": "Gibraltar", "zip": "GX11 1AA", "country": "Gibraltar", "phone": "350 2007 2505", "website": "https://forafric.com", "industry": "Farm Products", "industryKey": "farm-products", "industryDisp": "Farm Products", "sector": "Consumer Defensive", "sectorKey": "consumer-defensive", "sectorDisp": "Consumer Defensive", "longBusinessSummary": "Forafric Global PLC engages in the purchase, storage, transport, processing, and sale of agricultural commodities and commodity products in Morocco, Burkina, Mali, and internationally. The company operates through Soft Wheat, Durum Wheat, and Couscous and Pasta segments. It provides wheat flours and semolina; and secondary processing products, such as pasta and couscous. The company operates under the TRIA and MayMouna brand names. It serves wholesale foods manufacturers and distributors. The company also exports its products to approximately 45 countries. Forafric Global PLC was founded in 1926 and is headquartered in Gibraltar.", "fullTimeEmployees": 600, "companyOfficers": [{"maxAge": 1, "name": "Mr. Julien David Benitah", "age": 41, "title": "CFO & Director", "yearBorn": 1983, "fiscalYear": 2024, "totalPay": {"raw": 258341, "fmt": "258.34k", "longFmt": "258,341"}, "exercisedValue": {"raw": 0, "fmt": null, "longFmt": "0"}, "unexercisedValue": {"raw": 0, "fmt": null, "longFmt": "0"}}, {"maxAge": 1, "name": "Mr. Khalid  Assari", "age": 61, "title": "Chairman of the Board & CEO", "yearBorn": 1963, "fiscalYear": 2024, "exercisedValue": {"raw": 0, "fmt": null, "longFmt": "0"}, "unexercisedValue": {"raw": 0, "fmt": null, "longFmt": "0"}}, {"maxAge": 1, "name": "Mr. Mustapha  Ghazali", "age": 52, "title": "Chief Technology Officer", "yearBorn": 1972, "fiscalYear": 2024, "exercisedValue": {"raw": 0, "fmt": null, "longFmt": "0"}, "unexercisedValue": {"raw": 0, "fmt": null, "longFmt": "0"}}, {"maxAge": 1, "name": "Mr. Oury  Marciano", "age": 40, "title": "VP of Business Development", "yearBorn": 1984, "fiscalYear": 2024, "exercisedValue": {"raw": 0, "fmt": null, "longFmt": "0"}, "unexercisedValue": {"raw": 0, "fmt": null, "longFmt": "0"}}], "compensationAsOfEpochDate": 1735603200, "executiveTeam": [], "maxAge": 86400}, "calendarEvents": {"maxAge": 1, "earnings": {"earningsDate": [], "earningsCallDate": [], "earningsAverage": {}, "earningsLow": {}, "earningsHigh": {}, "revenueAverage": {}, "revenueLow": {}, "revenueHigh": {}}, "exDividendDate": {}, "dividendDate": {}}, "earningsTrend": {"trend": [{"maxAge": 1, "period": "0q", "endDate": null, "growth": {}, "earningsEstimate": {"avg": {}, "low": {}, "high": {}, "yearAgoEps": {}, "numberOfAnalysts": {}, "growth": {}, "earningsCurrency": null}, "revenueEstimate": {"avg": {"raw": 0, "fmt": null, "longFmt": "0"}, "low": {"raw": 0, "fmt": null, "longFmt": "0"}, "high": {"raw": 0, "fmt": null, "longFmt": "0"}, "numberOfAnalysts": {"raw": 0, "fmt": null, "longFmt": "0"}, "yearAgoRevenue": {}, "growth": {}, "revenueCurrency": null}, "epsTrend": {"current": {}, "7daysAgo": {}, "30daysAgo": {}, "60daysAgo": {}, "90daysAgo": {}, "epsTrendCurrency": null}, "epsRevisions": {"upLast7days": {}, "upLast30days": {}, "downLast30days": {}, "downLast7Days": {}, "downLast90days": {}, "epsRevisionsCurrency": null}}, {"maxAge": 1, "period": "+1q", "endDate": null, "growth": {}, "earningsEstimate": {"avg": {}, "low": {}, "high": {}, "yearAgoEps": {}, "numberOfAnalysts": {}, "growth": {}, "earningsCurrency": null}, "revenueEstimate": {"avg": {"raw": 0, "fmt": null, "longFmt": "0"}, "low": {"raw": 0, "fmt": null, "longFmt": "0"}, "high": {"raw": 0, "fmt": null, "longFmt": "0"}, "numberOfAnalysts": {"raw": 0, "fmt": null, "longFmt": "0"}, "yearAgoRevenue": {}, "growth": {}, "revenueCurrency": null}, "epsTrend": {"current": {}, "7daysAgo": {}, "30daysAgo": {}, "60daysAgo": {}, "90daysAgo": {}, "epsTrendCurrency": null}, "epsRevisions": {"upLast7days": {}, "upLast30days": {}, "downLast30days": {}, "downLast7Days": {}, "downLast90days": {}, "epsRevisionsCurrency": null}}, {"maxAge": 1, "period": "0y", "endDate": null, "growth": {}, "earningsEstimate": {"avg": {}, "low": {}, "high": {}, "yearAgoEps": {}, "numberOfAnalysts": {}, "growth": {}, "earningsCurrency": null}, "revenueEstimate": {"avg": {"raw": 0, "fmt": null, "longFmt": "0"}, "low": {"raw": 0, "fmt": null, "longFmt": "0"}, "high": {"raw": 0, "fmt": null, "longFmt": "0"}, "numberOfAnalysts": {"raw": 0, "fmt": null, "longFmt": "0"}, "yearAgoRevenue": {}, "growth": {}, "revenueCurrency": null}, "epsTrend": {"current": {}, "7daysAgo": {}, "30daysAgo": {}, "60daysAgo": {}, "90daysAgo": {}, "epsTrendCurrency": null}, "epsRevisions": {"upLast7days": {}, "upLast30days": {}, "downLast30days": {}, "downLast7Days": {}, "downLast90days": {}, "epsRevisionsCurrency": null}}, {"maxAge": 1, "period": "+1y", "endDate": null, "growth": {}, "earningsEstimate": {"avg": {}, "low": {}, "high": {}, "yearAgoEps": {}, "numberOfAnalysts": {}, "growth": {}, "earningsCurrency": null}, "revenueEstimate": {"avg": {"raw": 0, "fmt": null, "longFmt": "0"}, "low": {"raw": 0, "fmt": null, "longFmt": "0"}, "high": {"raw": 0, "fmt": null, "longFmt": "0"}, "numberOfAnalysts": {"raw": 0, "fmt": null, "longFmt": "0"}, "yearAgoRevenue": {}, "growth": {}, "revenueCurrency": null}, "epsTrend": {"current": {}, "7daysAgo": {}, "30daysAgo": {}, "60daysAgo": {}, "90daysAgo": {}, "epsTrendCurrency": null}, "epsRevisions": {"upLast7days": {}, "upLast30days": {}, "downLast30days": {}, "downLast7Days": {}, "downLast90days": {}, "epsRevisionsCurrency": null}}], "defaultMethodology": "nongaap", "maxAge": 1}, "earningsHistory": {"history": [], "defaultMethodology": "nongaap", "maxAge": 86400}, "financialData": {"maxAge": 86400, "currentPrice": {"raw": 1.0, "fmt": "1.00"}, "targetHighPrice": {}, "targetLowPrice": {}, "targetMeanPrice": {}, "targetMedianPrice": {}, "recommendationMean": {}, "recommendationKey": "none", "numberOfAnalystOpinions": {}, "totalCash": {"raw": 12231000, "fmt": "12.23M", "longFmt": "12,231,000"}, "totalCashPerShare": {"raw": 0.455, "fmt": "0.46"}, "ebitda": {"raw": 1891000, "fmt": "1.89M", "longFmt": "1,891,000"}, "totalDebt": {"raw": 165970000, "fmt": "165.97M", "longFmt": "165,970,000"}, "quickRatio": {"raw": 0.185, "fmt": "0.19"}, "currentRatio": {"raw": 0.373, "fmt": "0.37"}, "totalRevenue": {"raw": 274223008, "fmt": "274.22M", "longFmt": "274,223,008"}, "debtToEquity": {"raw": 3122.084, "fmt": "3,122.08%"}, "revenuePerShare": {"raw": 10.2, "fmt": "10.20"}, "returnOnAssets": {"raw": -0.0063, "fmt": "-0.63%"}, "returnOnEquity": {"raw": -1.3517799, "fmt": "-135.18%"}, "grossProfits": {"raw": 27332000, "fmt": "27.33M", "longFmt": "27,332,000"}, "freeCashflow": {"raw": 20684250, "fmt": "20.68M", "longFmt": "20,684,250"}, "operatingCashflow": {"raw": 23466000, "fmt": "23.47M", "longFmt": "23,466,000"}, "earningsGrowth": {}, "revenueGrowth": {}, "grossMargins": {"raw": 0.09967, "fmt": "9.97%"}, "ebitdaMargins": {"raw": 0.0069, "fmt": "0.69%"}, "operatingMargins": {"raw": -0.01021, "fmt": "-1.02%"}, "profitMargins": {"raw": -0.08871, "fmt": "-8.87%"}, "financialCurrency": "USD"}}