{"assetProfile": {"address1": "650 California Street", "city": "San Francisco", "state": "CA", "zip": "94108", "country": "United States", "phone": "415 960 1518", "website": "https://www.affirm.com", "industry": "Software - Infrastructure", "industryKey": "software-infrastructure", "industryDisp": "Software - Infrastructure", "sector": "Technology", "sectorKey": "technology", "sectorDisp": "Technology", "longBusinessSummary": "Affirm Holdings, Inc. operates payment network in the United States, Canada, and internationally. Its platform includes point-of-sale payment solution for consumers, merchant commerce solutions, and a consumer-focused app. The company's commerce platform, agreements with originating banks, and capital markets partners enables consumers to pay for a purchase over time. It has active merchants covering small businesses, large enterprises, direct-to-consumer brands, brick-and-mortar stores, and companies with an omni-channel presence. The company's merchants represent a range of industries, including sporting goods and outdoors, home and lifestyle, travel and ticketing, electronics, fashion and beauty, equipment and auto, and general merchandise. Affirm Holdings, Inc. was founded in 2012 and is headquartered in San Francisco, California.", "fullTimeEmployees": 2206, "companyOfficers": [{"maxAge": 1, "name": "Mr. Max Roth Levchin", "age": 48, "title": "Founder, CEO & Chairman", "yearBorn": 1976, "fiscalYear": 2025, "totalPay": {"raw": 538307, "fmt": "538.31k", "longFmt": "538,307"}, "exercisedValue": {"raw": 0, "fmt": null, "longFmt": "0"}, "unexercisedValue": {"raw": 80560000, "fmt": "80.56M", "longFmt": "80,560,000"}}, {"maxAge": 1, "name": "Mr. Libor  Michalek", "age": 50, "title": "President & Director", "yearBorn": 1974, "fiscalYear": 2025, "totalPay": {"raw": 1070360, "fmt": "1.07M", "longFmt": "1,070,360"}, "exercisedValue": {"raw": 36290120, "fmt": "36.29M", "longFmt": "36,290,120"}, "unexercisedValue": {"raw": 60720856, "fmt": "60.72M", "longFmt": "60,720,856"}}, {"maxAge": 1, "name": "Mr. Robert W. O'Hare", "age": 43, "title": "Chief Financial Officer", "yearBorn": 1981, "fiscalYear": 2025, "totalPay": {"raw": 915439, "fmt": "915.44k", "longFmt": "915,439"}, "exercisedValue": {"raw": 6610288, "fmt": "6.61M", "longFmt": "6,610,288"}, "unexercisedValue": {"raw": 2189664, "fmt": "2.19M", "longFmt": "2,189,664"}}, {"maxAge": 1, "name": "Mr. Michael A. Linford", "age": 41, "title": "Chief Operating Officer", "yearBorn": 1983, "fiscalYear": 2025, "totalPay": {"raw": 1070360, "fmt": "1.07M", "longFmt": "1,070,360"}, "exercisedValue": {"raw": 25439680, "fmt": "25.44M", "longFmt": "25,439,680"}, "unexercisedValue": {"raw": 92448000, "fmt": "92.45M", "longFmt": "92,448,000"}}, {"maxAge": 1, "name": "Ms. Katherine  Adkins Esq.", "age": 62, "title": "Chief Legal & Compliance Officer and Secretary", "yearBorn": 1962, "fiscalYear": 2025, "totalPay": {"raw": 837431, "fmt": "837.43k", "longFmt": "837,431"}, "exercisedValue": {"raw": 10005879, "fmt": "10.01M", "longFmt": "10,005,879"}, "unexercisedValue": {"raw": 9486885, "fmt": "9.49M", "longFmt": "9,486,885"}}, {"maxAge": 1, "name": "Ms. Siphelele  Jiyane", "title": "Chief Accounting Officer", "fiscalYear": 2025, "exercisedValue": {"raw": 0, "fmt": null, "longFmt": "0"}, "unexercisedValue": {"raw": 0, "fmt": null, "longFmt": "0"}}, {"maxAge": 1, "name": "Mr. Zane  Keller C.F.A., CFA", "title": "Head of Investor Relations", "fiscalYear": 2025, "exercisedValue": {"raw": 0, "fmt": null, "longFmt": "0"}, "unexercisedValue": {"raw": 0, "fmt": null, "longFmt": "0"}}, {"maxAge": 1, "name": "Ms. Brooke E. Major-Reid", "age": 49, "title": "Chief Capital Officer", "yearBorn": 1975, "fiscalYear": 2025, "exercisedValue": {"raw": 0, "fmt": null, "longFmt": "0"}, "unexercisedValue": {"raw": 0, "fmt": null, "longFmt": "0"}}, {"maxAge": 1, "name": "Dr. Wayne  Pommen Ph.D.", "age": 45, "title": "Chief Revenue Officer", "yearBorn": 1979, "fiscalYear": 2025, "exercisedValue": {"raw": 0, "fmt": null, "longFmt": "0"}, "unexercisedValue": {"raw": 0, "fmt": null, "longFmt": "0"}}, {"maxAge": 1, "name": "Pat  Suh", "title": "Senior Vice President of Revenue", "fiscalYear": 2025, "exercisedValue": {"raw": 0, "fmt": null, "longFmt": "0"}, "unexercisedValue": {"raw": 0, "fmt": null, "longFmt": "0"}}], "auditRisk": 1, "boardRisk": 7, "compensationRisk": 8, "shareHolderRightsRisk": 10, "overallRisk": 8, "governanceEpochDate": 1761955200, "compensationAsOfEpochDate": 1767139200, "executiveTeam": [], "maxAge": 86400}, "calendarEvents": {"maxAge": 1, "earnings": {"earningsDate": [{"raw": 1762462800, "fmt": "2025-11-06"}], "earningsCallDate": [{"raw": 1762466400, "fmt": "2025-11-06"}], "isEarningsDateEstimate": false, "earningsAverage": {"raw": 0.61637, "fmt": "0.62"}, "earningsLow": {"raw": 0.44, "fmt": "0.44"}, "earningsHigh": {"raw": 0.74646, "fmt": "0.75"}, "revenueAverage": {"raw": 883361080, "fmt": "883.36M", "longFmt": "883,361,080"}, "revenueLow": {"raw": 862800000, "fmt": "862.8M", "longFmt": "862,800,000"}, "revenueHigh": {"raw": 907000000, "fmt": "907M", "longFmt": "907,000,000"}}, "exDividendDate": {}, "dividendDate": {}}, "earningsTrend": {"trend": [{"maxAge": 1, "period": "0q", "endDate": "2025-09-30", "growth": {"raw": 0.7017, "fmt": "70.17%"}, "earningsEstimate": {"avg": {"raw": 0.61637, "fmt": "0.62"}, "low": {"raw": 0.44, "fmt": "0.44"}, "high": {"raw": 0.74646, "fmt": "0.75"}, "yearAgoEps": {"raw": 0.3622, "fmt": "0.36"}, "numberOfAnalysts": {"raw": 5, "fmt": "5", "longFmt": "5"}, "growth": {"raw": 0.7017, "fmt": "70.17%"}, "earningsCurrency": "USD"}, "revenueEstimate": {"avg": {"raw": 883361080, "fmt": "883.36M", "longFmt": "883,361,080"}, "low": {"raw": 862800000, "fmt": "862.8M", "longFmt": "862,800,000"}, "high": {"raw": 907000000, "fmt": "907M", "longFmt": "907,000,000"}, "numberOfAnalysts": {"raw": 20, "fmt": "20", "longFmt": "20"}, "yearAgoRevenue": {"raw": 698479000, "fmt": "698.48M", "longFmt": "698,479,000"}, "growth": {"raw": 0.2647, "fmt": "26.47%"}, "revenueCurrency": "USD"}, "epsTrend": {"current": {"raw": 0.61637, "fmt": "0.62"}, "7daysAgo": {"raw": 0.58385, "fmt": "0.58"}, "30daysAgo": {"raw": 0.50513, "fmt": "0.51"}, "60daysAgo": {"raw": 0.49, "fmt": "0.49"}, "90daysAgo": {"raw": 0.49, "fmt": "0.49"}, "epsTrendCurrency": "USD"}, "epsRevisions": {"upLast7days": {"raw": 1, "fmt": "1", "longFmt": "1"}, "upLast30days": {"raw": 1, "fmt": "1", "longFmt": "1"}, "downLast30days": {"raw": 0, "fmt": null, "longFmt": "0"}, "downLast7Days": {"raw": 0, "fmt": null, "longFmt": "0"}, "downLast90days": {}, "epsRevisionsCurrency": "USD"}}, {"maxAge": 1, "period": "+1q", "endDate": "2025-12-31", "growth": {"raw": 0.0355, "fmt": "3.55%"}, "earningsEstimate": {"avg": {"raw": 0.78561, "fmt": "0.79"}, "low": {"raw": 0.61, "fmt": "0.61"}, "high": {"raw": 0.94383, "fmt": "0.94"}, "yearAgoEps": {"raw": 0.7587, "fmt": "0.76"}, "numberOfAnalysts": {"raw": 5, "fmt": "5", "longFmt": "5"}, "growth": {"raw": 0.0355, "fmt": "3.55%"}, "earningsCurrency": "USD"}, "revenueEstimate": {"avg": {"raw": 1053464040, "fmt": "1.05B", "longFmt": "1,053,464,040"}, "low": {"raw": 999893000, "fmt": "999.89M", "longFmt": "999,893,000"}, "high": {"raw": 1111300000, "fmt": "1.11B", "longFmt": "1,111,300,000"}, "numberOfAnalysts": {"raw": 19, "fmt": "19", "longFmt": "19"}, "yearAgoRevenue": {"raw": 866381000, "fmt": "866.38M", "longFmt": "866,381,000"}, "growth": {"raw": 0.2159, "fmt": "21.59%"}, "revenueCurrency": "USD"}, "epsTrend": {"current": {"raw": 0.78561, "fmt": "0.79"}, "7daysAgo": {"raw": 0.77096, "fmt": "0.77"}, "30daysAgo": {"raw": 0.66461, "fmt": "0.66"}, "60daysAgo": {"raw": 0.64, "fmt": "0.64"}, "90daysAgo": {"raw": 0.64, "fmt": "0.64"}, "epsTrendCurrency": "USD"}, "epsRevisions": {"upLast7days": {"raw": 1, "fmt": "1", "longFmt": "1"}, "upLast30days": {"raw": 1, "fmt": "1", "longFmt": "1"}, "downLast30days": {"raw": 0, "fmt": null, "longFmt": "0"}, "downLast7Days": {"raw": 0, "fmt": null, "longFmt": "0"}, "downLast90days": {}, "epsRevisionsCurrency": "USD"}}, {"maxAge": 1, "period": "0y", "endDate": "2026-06-30", "growth": {"raw": 0.6738, "fmt": "67.38%"}, "earningsEstimate": {"avg": {"raw": 2.92394, "fmt": "2.92"}, "low": {"raw": 2.15, "fmt": "2.15"}, "high": {"raw": 3.56, "fmt": "3.56"}, "yearAgoEps": {"raw": 1.7469, "fmt": "1.75"}, "numberOfAnalysts": {"raw": 7, "fmt": "7", "longFmt": "7"}, "growth": {"raw": 0.6738, "fmt": "67.38%"}, "earningsCurrency": "USD"}, "revenueEstimate": {"avg": {"raw": 4045061190, "fmt": "4.05B", "longFmt": "4,045,061,190"}, "low": {"raw": 3780000000, "fmt": "3.78B", "longFmt": "3,780,000,000"}, "high": {"raw": 5430000000, "fmt": "5.43B", "longFmt": "5,430,000,000"}, "numberOfAnalysts": {"raw": 24, "fmt": "24", "longFmt": "24"}, "yearAgoRevenue": {"raw": 3224412000, "fmt": "3.22B", "longFmt": "3,224,412,000"}, "growth": {"raw": 0.2545, "fmt": "25.45%"}, "revenueCurrency": "USD"}, "epsTrend": {"current": {"raw": 2.92394, "fmt": "2.92"}, "7daysAgo": {"raw": 2.78695, "fmt": "2.79"}, "30daysAgo": {"raw": 2.43557, "fmt": "2.44"}, "60daysAgo": {"raw": 2.46557, "fmt": "2.47"}, "90daysAgo": {"raw": 2.42801, "fmt": "2.43"}, "epsTrendCurrency": "USD"}, "epsRevisions": {"upLast7days": {"raw": 1, "fmt": "1", "longFmt": "1"}, "upLast30days": {"raw": 2, "fmt": "2", "longFmt": "2"}, "downLast30days": {"raw": 1, "fmt": "1", "longFmt": "1"}, "downLast7Days": {"raw": 1, "fmt": "1", "longFmt": "1"}, "downLast90days": {}, "epsRevisionsCurrency": "USD"}}, {"maxAge": 1, "period": "+1y", "endDate": "2027-06-30", "growth": {"raw": 0.3388, "fmt": "33.88%"}, "earningsEstimate": {"avg": {"raw": 3.91444, "fmt": "3.91"}, "low": {"raw": 3.09, "fmt": "3.09"}, "high": {"raw": 4.74, "fmt": "4.74"}, "yearAgoEps": {"raw": 2.92394, "fmt": "2.92"}, "numberOfAnalysts": {"raw": 6, "fmt": "6", "longFmt": "6"}, "growth": {"raw": 0.3388, "fmt": "33.88%"}, "earningsCurrency": "USD"}, "revenueEstimate": {"avg": {"raw": 4996859190, "fmt": "5B", "longFmt": "4,996,859,190"}, "low": {"raw": 4592000000, "fmt": "4.59B", "longFmt": "4,592,000,000"}, "high": {"raw": 7061000000, "fmt": "7.06B", "longFmt": "7,061,000,000"}, "numberOfAnalysts": {"raw": 23, "fmt": "23", "longFmt": "23"}, "yearAgoRevenue": {"raw": 4045061190, "fmt": "4.05B", "longFmt": "4,045,061,190"}, "growth": {"raw": 0.2353, "fmt": "23.53%"}, "revenueCurrency": "USD"}, "epsTrend": {"current": {"raw": 3.91444, "fmt": "3.91"}, "7daysAgo": {"raw": 3.71743, "fmt": "3.72"}, "30daysAgo": {"raw": 3.25064, "fmt": "3.25"}, "60daysAgo": {"raw": 3.36814, "fmt": "3.37"}, "90daysAgo": {"raw": 3.37526, "fmt": "3.38"}, "epsTrendCurrency": "USD"}, "epsRevisions": {"upLast7days": {"raw": 1, "fmt": "1", "longFmt": "1"}, "upLast30days": {"raw": 2, "fmt": "2", "longFmt": "2"}, "downLast30days": {"raw": 1, "fmt": "1", "longFmt": "1"}, "downLast7Days": {"raw": 1, "fmt": "1", "longFmt": "1"}, "downLast90days": {}, "epsRevisionsCurrency": "USD"}}], "defaultMethodology": "nongaap", "maxAge": 1}, "earningsHistory": {"history": [{"maxAge": 1, "epsActual": {"raw": 0.3622, "fmt": "0.36"}, "epsEstimate": {"raw": 0.17, "fmt": "0.17"}, "epsDifference": {"raw": 0.19, "fmt": "0.19"}, "surprisePercent": {"raw": 1.1306, "fmt": "113.06%"}, "quarter": {"raw": 1727654400, "fmt": "2024-09-30"}, "currency": "USD", "period": "-4q"}, {"maxAge": 1, "epsActual": {"raw": 0.7587, "fmt": "0.76"}, "epsEstimate": {"raw": 0.433, "fmt": "0.43"}, "epsDifference": {"raw": 0.33, "fmt": "0.33"}, "surprisePercent": {"raw": 0.7522, "fmt": "75.22%"}, "quarter": {"raw": 1735603200, "fmt": "2024-12-31"}, "currency": "USD", "period": "-3q"}, {"maxAge": 1, "epsActual": {"raw": 0.19498, "fmt": "0.19"}, "epsEstimate": {"raw": 0.4045, "fmt": "0.4"}, "epsDifference": {"raw": -0.21, "fmt": "-0.21"}, "surprisePercent": {"raw": -0.518, "fmt": "-51.80%"}, "quarter": {"raw": 1743379200, "fmt": "2025-03-31"}, "currency": "USD", "period": "-2q"}, {"maxAge": 1, "epsActual": {"raw": 0.5267, "fmt": "0.53"}, "epsEstimate": {"raw": 0.43, "fmt": "0.43"}, "epsDifference": {"raw": 0.1, "fmt": "0.1"}, "surprisePercent": {"raw": 0.22489999, "fmt": "22.49%"}, "quarter": {"raw": 1751241600, "fmt": "2025-06-30"}, "currency": "USD", "period": "-1q"}], "defaultMethodology": "nongaap", "maxAge": 86400}, "financialData": {"maxAge": 86400, "currentPrice": {"raw": 72.08, "fmt": "72.08"}, "targetHighPrice": {"raw": 115.0, "fmt": "115.00"}, "targetLowPrice": {"raw": 64.0, "fmt": "64.00"}, "targetMeanPrice": {"raw": 96.14091, "fmt": "96.14"}, "targetMedianPrice": {"raw": 95.0, "fmt": "95.00"}, "recommendationMean": {"raw": 1.61538, "fmt": "1.62"}, "recommendationKey": "buy", "numberOfAnalystOpinions": {"raw": 22, "fmt": "22", "longFmt": "22"}, "totalCash": {"raw": 1393463040, "fmt": "1.39B", "longFmt": "1,393,463,040"}, "totalCashPerShare": {"raw": 4.279, "fmt": "4.28"}, "ebitda": {"raw": 185010000, "fmt": "185.01M", "longFmt": "185,010,000"}, "totalDebt": {"raw": 7853305856, "fmt": "7.85B", "longFmt": "7,853,305,856"}, "quickRatio": {"raw": 9.142, "fmt": "9.14"}, "currentRatio": {"raw": 11.519, "fmt": "11.52"}, "totalRevenue": {"raw": 3224411904, "fmt": "3.22B", "longFmt": "3,224,411,904"}, "debtToEquity": {"raw": 255.891, "fmt": "255.89%"}, "revenuePerShare": {"raw": 9.987, "fmt": "9.99"}, "returnOnAssets": {"raw": -0.00529, "fmt": "-0.53%"}, "returnOnEquity": {"raw": 0.01799, "fmt": "1.80%"}, "grossProfits": {"raw": 1482164992, "fmt": "1.48B", "longFmt": "1,482,164,992"}, "freeCashflow": {"raw": 212940752, "fmt": "212.94M", "longFmt": "212,940,752"}, "operatingCashflow": {"raw": 793908992, "fmt": "793.91M", "longFmt": "793,908,992"}, "earningsGrowth": {}, "revenueGrowth": {"raw": 0.33, "fmt": "33.00%"}, "grossMargins": {"raw": 0.45966998, "fmt": "45.97%"}, "ebitdaMargins": {"raw": 0.05738, "fmt": "5.74%"}, "operatingMargins": {"raw": 0.06534, "fmt": "6.53%"}, "profitMargins": {"raw": 0.016180001, "fmt": "1.62%"}, "financialCurrency": "USD"}}