{"assetProfile": {"address1": "Alameda Oscar Niemeyer, No.  119", "address2": "15th floor Vila da Serra", "city": "Nova Lima", "state": "MG", "country": "Brazil", "phone": "55 31 3515 7550", "website": "https://www.afya.com.br", "industry": "Education & Training Services", "industryKey": "education-training-services", "industryDisp": "Education & Training Services", "sector": "Consumer Defensive", "sectorKey": "consumer-defensive", "sectorDisp": "Consumer Defensive", "longBusinessSummary": "Afya Limited operates as a medical education group in Brazil. The company operates in three segments: Undergrad, Continuing Education, and Digital Services. It offers educational products and services, including medical schools, medical residency preparatory courses, graduate courses, and other programs to lifelong medical learners enrolled across its distribution network, as well as to third-party medical schools. The company also provides digital health services, such as subscription-based mobile app and website portal that focuses on assisting health professionals and students with clinical decision-making through tools, such as medical calculators, charts, and updated content, as well as prescriptions, clinical scores, medical procedures and laboratory exams, and others. In addition, it offers printed and digital content, as well as an online medical education platform and practical medical training services. Further, the company offers iClinic, a practice management software; educational health and medical imaging solutions through an interactive platform; Cliquefarma, a free-to-use website that tracks prescription drugs, cosmetics, and personal hygiene product prices; Shosp, a clinical management software; RX PRO, a solution that connects physicians with the pharmaceutical industry; and Glic, a free diabetes care and management app solution for physicians and patients. Afya Limited was founded in 1999 and is headquartered in Nova Lima, Brazil.", "companyOfficers": [{"maxAge": 1, "name": "Mr. Virgilio Deloy Capobianco Gibbon", "age": 48, "title": "Chief Executive Officer", "yearBorn": 1976, "exercisedValue": {"raw": 0, "fmt": null, "longFmt": "0"}, "unexercisedValue": {"raw": 0, "fmt": null, "longFmt": "0"}}, {"maxAge": 1, "name": "Mr. Luis Andre Carpintero Blanco", "age": 51, "title": "Chief Financial Officer", "yearBorn": 1973, "exercisedValue": {"raw": 0, "fmt": null, "longFmt": "0"}, "unexercisedValue": {"raw": 0, "fmt": null, "longFmt": "0"}}, {"maxAge": 1, "name": "Renata  Couto", "title": "Investor Relations Executive Manager", "exercisedValue": {"raw": 0, "fmt": null, "longFmt": "0"}, "unexercisedValue": {"raw": 0, "fmt": null, "longFmt": "0"}}, {"maxAge": 1, "name": "Mr. Julio Eduardo Razente de Angeli", "age": 51, "title": "Vice President of Continuing Education & Innovation", "yearBorn": 1973, "exercisedValue": {"raw": 0, "fmt": null, "longFmt": "0"}, "unexercisedValue": {"raw": 0, "fmt": null, "longFmt": "0"}}], "executiveTeam": [], "maxAge": 86400}, "calendarEvents": {"maxAge": 1, "earnings": {"earningsDate": [{"raw": 1762981200, "fmt": "2025-11-12"}], "earningsCallDate": [{"raw": 1762984800, "fmt": "2025-11-12"}], "isEarningsDateEstimate": false, "earningsAverage": {"raw": 1.77296, "fmt": "1.77"}, "earningsLow": {"raw": 1.43, "fmt": "1.43"}, "earningsHigh": {"raw": 2.07626, "fmt": "2.08"}, "revenueAverage": {"raw": 926299630, "fmt": "926.3M", "longFmt": "926,299,630"}, "revenueLow": {"raw": 917000000, "fmt": "917M", "longFmt": "917,000,000"}, "revenueHigh": {"raw": 933000000, "fmt": "933M", "longFmt": "933,000,000"}}, "exDividendDate": {"raw": 1742947200, "fmt": "2025-03-26"}, "dividendDate": {"raw": 1743724800, "fmt": "2025-04-04"}}, "earningsTrend": {"trend": [{"maxAge": 1, "period": "0q", "endDate": "2025-09-30", "growth": {"raw": -0.0095, "fmt": "-0.95%"}, "earningsEstimate": {"avg": {"raw": 1.77296, "fmt": "1.77"}, "low": {"raw": 1.43, "fmt": "1.43"}, "high": {"raw": 2.07626, "fmt": "2.08"}, "yearAgoEps": {"raw": 1.79, "fmt": "1.79"}, "numberOfAnalysts": {"raw": 4, "fmt": "4", "longFmt": "4"}, "growth": {"raw": -0.0095, "fmt": "-0.95%"}, "earningsCurrency": "BRL"}, "revenueEstimate": {"avg": {"raw": 926299630, "fmt": "926.3M", "longFmt": "926,299,630"}, "low": {"raw": 917000000, "fmt": "917M", "longFmt": "917,000,000"}, "high": {"raw": 933000000, "fmt": "933M", "longFmt": "933,000,000"}, "numberOfAnalysts": {"raw": 6, "fmt": "6", "longFmt": "6"}, "yearAgoRevenue": {"raw": 841185000, "fmt": "841.18M", "longFmt": "841,185,000"}, "growth": {"raw": 0.1012, "fmt": "10.12%"}, "revenueCurrency": "BRL"}, "epsTrend": {"current": {"raw": 1.77296, "fmt": "1.77"}, "7daysAgo": {"raw": 1.78866, "fmt": "1.79"}, "30daysAgo": {"raw": 1.80567, "fmt": "1.81"}, "60daysAgo": {"raw": 1.75148, "fmt": "1.75"}, "90daysAgo": {"raw": 1.7828, "fmt": "1.78"}, "epsTrendCurrency": "BRL"}, "epsRevisions": {"upLast7days": {"raw": 0, "fmt": null, "longFmt": "0"}, "upLast30days": {"raw": 0, "fmt": null, "longFmt": "0"}, "downLast30days": {"raw": 3, "fmt": "3", "longFmt": "3"}, "downLast7Days": {"raw": 2, "fmt": "2", "longFmt": "2"}, "downLast90days": {}, "epsRevisionsCurrency": "BRL"}}, {"maxAge": 1, "period": "+1q", "endDate": "2025-12-31", "growth": {"raw": -0.0311, "fmt": "-3.11%"}, "earningsEstimate": {"avg": {"raw": 2.03464, "fmt": "2.03"}, "low": {"raw": 1.71, "fmt": "1.71"}, "high": {"raw": 2.16614, "fmt": "2.17"}, "yearAgoEps": {"raw": 2.1, "fmt": "2.1"}, "numberOfAnalysts": {"raw": 4, "fmt": "4", "longFmt": "4"}, "growth": {"raw": -0.0311, "fmt": "-3.11%"}, "earningsCurrency": "BRL"}, "revenueEstimate": {"avg": {"raw": 922612390, "fmt": "922.61M", "longFmt": "922,612,390"}, "low": {"raw": 904549900, "fmt": "904.55M", "longFmt": "904,549,900"}, "high": {"raw": 937356000, "fmt": "937.36M", "longFmt": "937,356,000"}, "numberOfAnalysts": {"raw": 4, "fmt": "4", "longFmt": "4"}, "yearAgoRevenue": {"raw": 849015000, "fmt": "849.01M", "longFmt": "849,015,000"}, "growth": {"raw": 0.0867, "fmt": "8.67%"}, "revenueCurrency": "BRL"}, "epsTrend": {"current": {"raw": 2.03464, "fmt": "2.03"}, "7daysAgo": {"raw": 2.04146, "fmt": "2.04"}, "30daysAgo": {"raw": 2.0696, "fmt": "2.07"}, "60daysAgo": {"raw": 2.12499, "fmt": "2.12"}, "90daysAgo": {"raw": 2.16556, "fmt": "2.17"}, "epsTrendCurrency": "BRL"}, "epsRevisions": {"upLast7days": {"raw": 0, "fmt": null, "longFmt": "0"}, "upLast30days": {"raw": 0, "fmt": null, "longFmt": "0"}, "downLast30days": {"raw": 2, "fmt": "2", "longFmt": "2"}, "downLast7Days": {"raw": 1, "fmt": "1", "longFmt": "1"}, "downLast90days": {}, "epsRevisionsCurrency": "BRL"}}, {"maxAge": 1, "period": "0y", "endDate": "2025-12-31", "growth": {"raw": 0.032, "fmt": "3.20%"}, "earningsEstimate": {"avg": {"raw": 9.19514, "fmt": "9.2"}, "low": {"raw": 8.48, "fmt": "8.48"}, "high": {"raw": 9.6428, "fmt": "9.64"}, "yearAgoEps": {"raw": 8.91, "fmt": "8.91"}, "numberOfAnalysts": {"raw": 6, "fmt": "6", "longFmt": "6"}, "growth": {"raw": 0.032, "fmt": "3.20%"}, "earningsCurrency": "BRL"}, "revenueEstimate": {"avg": {"raw": 3716679390, "fmt": "3.72B", "longFmt": "3,716,679,390"}, "low": {"raw": 3690017260, "fmt": "3.69B", "longFmt": "3,690,017,260"}, "high": {"raw": 3752700000, "fmt": "3.75B", "longFmt": "3,752,700,000"}, "numberOfAnalysts": {"raw": 8, "fmt": "8", "longFmt": "8"}, "yearAgoRevenue": {"raw": 3304329000, "fmt": "3.3B", "longFmt": "3,304,329,000"}, "growth": {"raw": 0.1248, "fmt": "12.48%"}, "revenueCurrency": "BRL"}, "epsTrend": {"current": {"raw": 9.19514, "fmt": "9.2"}, "7daysAgo": {"raw": 9.17598, "fmt": "9.18"}, "30daysAgo": {"raw": 9.20607, "fmt": "9.21"}, "60daysAgo": {"raw": 8.88642, "fmt": "8.89"}, "90daysAgo": {"raw": 9.09738, "fmt": "9.1"}, "epsTrendCurrency": "BRL"}, "epsRevisions": {"upLast7days": {"raw": 1, "fmt": "1", "longFmt": "1"}, "upLast30days": {"raw": 1, "fmt": "1", "longFmt": "1"}, "downLast30days": {"raw": 2, "fmt": "2", "longFmt": "2"}, "downLast7Days": {"raw": 1, "fmt": "1", "longFmt": "1"}, "downLast90days": {}, "epsRevisionsCurrency": "BRL"}}, {"maxAge": 1, "period": "+1y", "endDate": "2026-12-31", "growth": {"raw": 0.1282, "fmt": "12.82%"}, "earningsEstimate": {"avg": {"raw": 10.37419, "fmt": "10.37"}, "low": {"raw": 9.64298, "fmt": "9.64"}, "high": {"raw": 11.19, "fmt": "11.19"}, "yearAgoEps": {"raw": 9.19514, "fmt": "9.2"}, "numberOfAnalysts": {"raw": 6, "fmt": "6", "longFmt": "6"}, "growth": {"raw": 0.1282, "fmt": "12.82%"}, "earningsCurrency": "BRL"}, "revenueEstimate": {"avg": {"raw": 4018972660, "fmt": "4.02B", "longFmt": "4,018,972,660"}, "low": {"raw": 3919000000, "fmt": "3.92B", "longFmt": "3,919,000,000"}, "high": {"raw": 4104000000, "fmt": "4.1B", "longFmt": "4,104,000,000"}, "numberOfAnalysts": {"raw": 8, "fmt": "8", "longFmt": "8"}, "yearAgoRevenue": {"raw": 3716679390, "fmt": "3.72B", "longFmt": "3,716,679,390"}, "growth": {"raw": 0.0813, "fmt": "8.13%"}, "revenueCurrency": "BRL"}, "epsTrend": {"current": {"raw": 10.37419, "fmt": "10.37"}, "7daysAgo": {"raw": 10.37077, "fmt": "10.37"}, "30daysAgo": {"raw": 10.37456, "fmt": "10.37"}, "60daysAgo": {"raw": 10.5463, "fmt": "10.55"}, "90daysAgo": {"raw": 11.13293, "fmt": "11.13"}, "epsTrendCurrency": "BRL"}, "epsRevisions": {"upLast7days": {"raw": 1, "fmt": "1", "longFmt": "1"}, "upLast30days": {"raw": 1, "fmt": "1", "longFmt": "1"}, "downLast30days": {"raw": 2, "fmt": "2", "longFmt": "2"}, "downLast7Days": {"raw": 1, "fmt": "1", "longFmt": "1"}, "downLast90days": {}, "epsRevisionsCurrency": "BRL"}}], "defaultMethodology": "nongaap", "maxAge": 1}, "earningsHistory": {"history": [{"maxAge": 1, "epsActual": {"raw": 1.79, "fmt": "1.79"}, "epsEstimate": {"raw": 1.82984, "fmt": "1.83"}, "epsDifference": {"raw": -0.04, "fmt": "-0.04"}, "surprisePercent": {"raw": -0.0218, "fmt": "-2.18%"}, "quarter": {"raw": 1727654400, "fmt": "2024-09-30"}, "currency": "BRL", "period": "-4q"}, {"maxAge": 1, "epsActual": {"raw": 2.1, "fmt": "2.1"}, "epsEstimate": {"raw": 1.81189, "fmt": "1.81"}, "epsDifference": {"raw": 0.29, "fmt": "0.29"}, "surprisePercent": {"raw": 0.159, "fmt": "15.90%"}, "quarter": {"raw": 1735603200, "fmt": "2024-12-31"}, "currency": "BRL", "period": "-3q"}, {"maxAge": 1, "epsActual": {"raw": 3.2, "fmt": "3.2"}, "epsEstimate": {"raw": 2.64177, "fmt": "2.64"}, "epsDifference": {"raw": 0.56, "fmt": "0.56"}, "surprisePercent": {"raw": 0.21129999, "fmt": "21.13%"}, "quarter": {"raw": 1743379200, "fmt": "2025-03-31"}, "currency": "BRL", "period": "-2q"}, {"maxAge": 1, "epsActual": {"raw": 2.27, "fmt": "2.27"}, "epsEstimate": {"raw": 2.01827, "fmt": "2.02"}, "epsDifference": {"raw": 0.25, "fmt": "0.25"}, "surprisePercent": {"raw": 0.1247, "fmt": "12.47%"}, "quarter": {"raw": 1751241600, "fmt": "2025-06-30"}, "currency": "BRL", "period": "-1q"}], "defaultMethodology": "nongaap", "maxAge": 86400}, "financialData": {"maxAge": 86400, "currentPrice": {"raw": 14.13, "fmt": "14.13"}, "targetHighPrice": {"raw": 25.54746, "fmt": "25.55"}, "targetLowPrice": {"raw": 15.988894, "fmt": "15.99"}, "targetMeanPrice": {"raw": 19.28819, "fmt": "19.29"}, "targetMedianPrice": {"raw": 18.080908, "fmt": "18.08"}, "recommendationMean": {"raw": 2.77778, "fmt": "2.78"}, "recommendationKey": "hold", "numberOfAnalystOpinions": {"raw": 9, "fmt": "9", "longFmt": "9"}, "totalCash": {"raw": 1099106944, "fmt": "1.1B", "longFmt": "1,099,106,944"}, "totalCashPerShare": {"raw": 12.103, "fmt": "12.1"}, "ebitda": {"raw": 1361046016, "fmt": "1.36B", "longFmt": "1,361,046,016"}, "totalDebt": {"raw": 3225058048, "fmt": "3.23B", "longFmt": "3,225,058,048"}, "quickRatio": {"raw": 0.905, "fmt": "0.90"}, "currentRatio": {"raw": 0.936, "fmt": "0.94"}, "totalRevenue": {"raw": 3545959936, "fmt": "3.55B", "longFmt": "3,545,959,936"}, "debtToEquity": {"raw": 69.554, "fmt": "69.55%"}, "revenuePerShare": {"raw": 39.263, "fmt": "39.26"}, "returnOnAssets": {"raw": 0.08422, "fmt": "8.42%"}, "returnOnEquity": {"raw": 0.16445999, "fmt": "16.45%"}, "grossProfits": {"raw": 2289357056, "fmt": "2.29B", "longFmt": "2,289,357,056"}, "freeCashflow": {"raw": 294882112, "fmt": "294.88M", "longFmt": "294,882,112"}, "operatingCashflow": {"raw": 1537085952, "fmt": "1.54B", "longFmt": "1,537,085,952"}, "earningsGrowth": {"raw": 0.08, "fmt": "8.00%"}, "revenueGrowth": {"raw": 0.135, "fmt": "13.50%"}, "grossMargins": {"raw": 0.64562, "fmt": "64.56%"}, "ebitdaMargins": {"raw": 0.38382998, "fmt": "38.38%"}, "operatingMargins": {"raw": 0.31023002, "fmt": "31.02%"}, "profitMargins": {"raw": 0.19578, "fmt": "19.58%"}, "financialCurrency": "BRL"}}