{"assetProfile": {"address1": "745 Fifth Avenue", "address2": "Suite 500", "city": "New York", "state": "NY", "zip": "10151", "country": "United States", "phone": "646 768 4240", "website": "https://www.alliedgaming.gg", "industry": "Entertainment", "industryKey": "entertainment", "industryDisp": "Entertainment", "sector": "Communication Services", "sectorKey": "communication-services", "sectorDisp": "Communication Services", "longBusinessSummary": "Allied Gaming & Entertainment Inc., through its subsidiaries, operates as a public esports and entertainment company worldwide. It produces a variety of esports and gaming-related content, including tournaments, live and virtual events, and original programming. The company also engages in the development and distribution of mobile casual games; organization of events, shows, and concerts; and operation of a flagship gaming arena located at the Luxor Hotel in Las Vegas, Nevada. In addition, it offers management and consultation services to experiential entertainment venue operation. The company is based in New York, New York.", "companyOfficers": [{"maxAge": 1, "name": "Mr. Yangyang  Li", "age": 45, "title": "CEO, President & Chairman", "yearBorn": 1979, "fiscalYear": 2024, "totalPay": {"raw": 408400, "fmt": "408.4k", "longFmt": "408,400"}, "exercisedValue": {"raw": 0, "fmt": null, "longFmt": "0"}, "unexercisedValue": {"raw": 0, "fmt": null, "longFmt": "0"}}, {"maxAge": 1, "name": "Mr. Roy L. Anderson", "age": 65, "title": "CFO & Secretary", "yearBorn": 1959, "fiscalYear": 2024, "totalPay": {"raw": 285000, "fmt": "285k", "longFmt": "285,000"}, "exercisedValue": {"raw": 0, "fmt": null, "longFmt": "0"}, "unexercisedValue": {"raw": 0, "fmt": null, "longFmt": "0"}}], "compensationAsOfEpochDate": 1735603200, "executiveTeam": [], "maxAge": 86400}, "calendarEvents": {"maxAge": 1, "earnings": {"earningsDate": [{"raw": 1763067600, "fmt": "2025-11-13"}], "earningsCallDate": [], "isEarningsDateEstimate": true, "earningsAverage": {}, "earningsLow": {}, "earningsHigh": {}, "revenueAverage": {}, "revenueLow": {}, "revenueHigh": {}}, "exDividendDate": {}, "dividendDate": {}}, "earningsTrend": {"trend": [{"maxAge": 1, "period": "0q", "endDate": null, "growth": {}, "earningsEstimate": {"avg": {}, "low": {}, "high": {}, "yearAgoEps": {}, "numberOfAnalysts": {}, "growth": {}, "earningsCurrency": null}, "revenueEstimate": {"avg": {"raw": 0, "fmt": null, "longFmt": "0"}, "low": {"raw": 0, "fmt": null, "longFmt": "0"}, "high": {"raw": 0, "fmt": null, "longFmt": "0"}, "numberOfAnalysts": {"raw": 0, "fmt": null, "longFmt": "0"}, "yearAgoRevenue": {}, "growth": {}, "revenueCurrency": null}, "epsTrend": {"current": {}, "7daysAgo": {}, "30daysAgo": {}, "60daysAgo": {}, "90daysAgo": {}, "epsTrendCurrency": null}, "epsRevisions": {"upLast7days": {}, "upLast30days": {}, "downLast30days": {}, "downLast7Days": {}, "downLast90days": {}, "epsRevisionsCurrency": null}}, {"maxAge": 1, "period": "+1q", "endDate": "2022-03-31", "growth": {}, "earningsEstimate": {"avg": {}, "low": {}, "high": {}, "yearAgoEps": {}, "numberOfAnalysts": {}, "growth": {}, "earningsCurrency": null}, "revenueEstimate": {"avg": {"raw": 0, "fmt": null, "longFmt": "0"}, "low": {"raw": 0, "fmt": null, "longFmt": "0"}, "high": {"raw": 0, "fmt": null, "longFmt": "0"}, "numberOfAnalysts": {"raw": 0, "fmt": null, "longFmt": "0"}, "yearAgoRevenue": {}, "growth": {}, "revenueCurrency": null}, "epsTrend": {"current": {}, "7daysAgo": {}, "30daysAgo": {}, "60daysAgo": {}, "90daysAgo": {}, "epsTrendCurrency": null}, "epsRevisions": {"upLast7days": {}, "upLast30days": {}, "downLast30days": {}, "downLast7Days": {}, "downLast90days": {}, "epsRevisionsCurrency": null}}, {"maxAge": 1, "period": "0y", "endDate": "2021-12-31", "growth": {}, "earningsEstimate": {"avg": {}, "low": {}, "high": {}, "yearAgoEps": {}, "numberOfAnalysts": {}, "growth": {}, "earningsCurrency": null}, "revenueEstimate": {"avg": {"raw": 0, "fmt": null, "longFmt": "0"}, "low": {"raw": 0, "fmt": null, "longFmt": "0"}, "high": {"raw": 0, "fmt": null, "longFmt": "0"}, "numberOfAnalysts": {"raw": 0, "fmt": null, "longFmt": "0"}, "yearAgoRevenue": {}, "growth": {}, "revenueCurrency": null}, "epsTrend": {"current": {}, "7daysAgo": {}, "30daysAgo": {}, "60daysAgo": {}, "90daysAgo": {}, "epsTrendCurrency": null}, "epsRevisions": {"upLast7days": {}, "upLast30days": {}, "downLast30days": {}, "downLast7Days": {}, "downLast90days": {}, "epsRevisionsCurrency": null}}, {"maxAge": 1, "period": "+1y", "endDate": null, "growth": {}, "earningsEstimate": {"avg": {}, "low": {}, "high": {}, "yearAgoEps": {}, "numberOfAnalysts": {}, "growth": {}, "earningsCurrency": null}, "revenueEstimate": {"avg": {"raw": 0, "fmt": null, "longFmt": "0"}, "low": {"raw": 0, "fmt": null, "longFmt": "0"}, "high": {"raw": 0, "fmt": null, "longFmt": "0"}, "numberOfAnalysts": {"raw": 0, "fmt": null, "longFmt": "0"}, "yearAgoRevenue": {}, "growth": {}, "revenueCurrency": null}, "epsTrend": {"current": {}, "7daysAgo": {}, "30daysAgo": {}, "60daysAgo": {}, "90daysAgo": {}, "epsTrendCurrency": null}, "epsRevisions": {"upLast7days": {}, "upLast30days": {}, "downLast30days": {}, "downLast7Days": {}, "downLast90days": {}, "epsRevisionsCurrency": null}}], "defaultMethodology": "nongaap", "maxAge": 1}, "earningsHistory": {"history": [{"maxAge": 1, "epsActual": {"raw": -0.04506, "fmt": "-0.05"}, "epsEstimate": {"raw": -0.05, "fmt": "-0.05"}, "epsDifference": {"raw": 0.0, "fmt": "0"}, "surprisePercent": {"raw": 0.0988, "fmt": "9.88%"}, "quarter": {"raw": 1609372800, "fmt": "2020-12-31"}, "currency": "USD", "period": "-4q"}, {"maxAge": 1, "epsActual": {"raw": -0.10406, "fmt": "-0.1"}, "epsEstimate": {"raw": -0.06, "fmt": "-0.06"}, "epsDifference": {"raw": -0.04, "fmt": "-0.04"}, "surprisePercent": {"raw": -0.7343, "fmt": "-73.43%"}, "quarter": {"raw": 1617148800, "fmt": "2021-03-31"}, "currency": "USD", "period": "-3q"}, {"maxAge": 1, "epsActual": {"raw": -0.093, "fmt": "-0.09"}, "epsEstimate": {"raw": -0.12, "fmt": "-0.12"}, "epsDifference": {"raw": 0.03, "fmt": "0.03"}, "surprisePercent": {"raw": 0.225, "fmt": "22.50%"}, "quarter": {"raw": 1625011200, "fmt": "2021-06-30"}, "currency": "USD", "period": "-2q"}, {"maxAge": 1, "epsActual": {"raw": -0.07893, "fmt": "-0.08"}, "epsEstimate": {"raw": -0.12, "fmt": "-0.12"}, "epsDifference": {"raw": 0.04, "fmt": "0.04"}, "surprisePercent": {"raw": 0.3423, "fmt": "34.23%"}, "quarter": {"raw": 1632960000, "fmt": "2021-09-30"}, "currency": "USD", "period": "-1q"}], "defaultMethodology": "nongaap", "maxAge": 86400}, "financialData": {"maxAge": 86400, "currentPrice": {"raw": 0.6022, "fmt": "0.60"}, "targetHighPrice": {}, "targetLowPrice": {}, "targetMeanPrice": {}, "targetMedianPrice": {}, "recommendationMean": {}, "recommendationKey": "none", "numberOfAnalystOpinions": {}, "totalCash": {"raw": 59977060, "fmt": "59.98M", "longFmt": "59,977,060"}, "totalCashPerShare": {"raw": 1.578, "fmt": "1.58"}, "ebitda": {"raw": -15181154, "fmt": "-15.18M", "longFmt": "-15,181,154"}, "totalDebt": {"raw": 40796140, "fmt": "40.8M", "longFmt": "40,796,140"}, "quickRatio": {"raw": 1.456, "fmt": "1.46"}, "currentRatio": {"raw": 2.052, "fmt": "2.05"}, "totalRevenue": {"raw": 8254861, "fmt": "8.25M", "longFmt": "8,254,861"}, "debtToEquity": {"raw": 65.722, "fmt": "65.72%"}, "revenuePerShare": {"raw": 0.204, "fmt": "0.20"}, "returnOnAssets": {"raw": -0.08904, "fmt": "-8.90%"}, "returnOnEquity": {"raw": -0.35483003, "fmt": "-35.48%"}, "grossProfits": {"raw": 4119994, "fmt": "4.12M", "longFmt": "4,119,994"}, "freeCashflow": {"raw": -28182394, "fmt": "-28.18M", "longFmt": "-28,182,394"}, "operatingCashflow": {"raw": -8304320, "fmt": "-8.3M", "longFmt": "-8,304,320"}, "earningsGrowth": {}, "revenueGrowth": {"raw": -0.273, "fmt": "-27.30%"}, "grossMargins": {"raw": 0.4991, "fmt": "49.91%"}, "ebitdaMargins": {"raw": -1.8390601, "fmt": "-183.91%"}, "operatingMargins": {"raw": -3.1737602, "fmt": "-317.38%"}, "profitMargins": {"raw": -2.53215, "fmt": "-253.22%"}, "financialCurrency": "USD"}}