{"assetProfile": {"address1": "3 Forbes Road", "city": "Lexington", "state": "MA", "zip": "02421-7305", "country": "United States", "phone": "781 674 4400", "fax": "781 674 4200", "website": "https://www.agenusbio.com", "industry": "Biotechnology", "industryKey": "biotechnology", "industryDisp": "Biotechnology", "sector": "Healthcare", "sectorKey": "healthcare", "sectorDisp": "Healthcare", "longBusinessSummary": "Agenus Inc., a clinical-stage biotechnology company, discovers and develops therapies to activate the body's immune system against cancer and infections in the United States and internationally. It offers Retrocyte Display, an antibody expression platform for the identification of fully human and humanized monoclonal antibodies; and display technologies. It develops QS-21 Stimulon adjuvant, a saponin-based vaccine adjuvant. The company also develops Balstilimab, a programmed death receptor-1 (PD-1) blocking antibody; AGEN1181, a human Fc-enhanced cytotoxic T-lymphocyte antigen 4 (CTLA-4) blocking antibody that is in Phase 2 trials in metastatic colorectal cancer (mCRC), pancreatic cancer, and melanoma; AGEN2373, a CD137 monospecific antibody that is in Phase 1b clinical trial; AGEN1423, a CD73/TGF\u00df TRAP antibody; AGEN1571, an ILT2 monospecific antibody that is in clinical development; and BMS-986442, a TIGIT bispecific antibodies. In addition, it develops INCAGN1876, a GITR agonist; INCAGN2390, a TIM-3 monoclonal antibodies; INCAGN2385, a LAG-3 monospecific antibody; MK-4830, a monospecific antibody targeting ILT4 that is in Phase 2 clinical trial; UGN-301, a zalifrelimab intravesical solution for the treatment of cancers of the urinary tract t; and AGEN1884. The company operates under the Agenus, MiNK, Prophage, Retrocyte Display, and STIMULON trademarks. It has collaborations with Bristol-Myers Squibb Company, Betta Pharmaceuticals Co., Ltd., UroGen Pharma Ltd., Gilead Sciences, Inc., Incyte Corporation, and Merck Sharp & Dohme. The company was formerly known as Antigenics Inc. and changed its name to Agenus Inc. in January 2011. Agenus Inc. was founded in 1994 and is headquartered in Lexington, Massachusetts.", "fullTimeEmployees": 316, "companyOfficers": [{"maxAge": 1, "name": "Dr. Garo H. Armen Ph.D.", "age": 71, "title": "Founder, Executive Chairman & CEO", "yearBorn": 1953, "fiscalYear": 2022, "totalPay": {"raw": 771637, "fmt": "771.64k", "longFmt": "771,637"}, "exercisedValue": {"raw": 0, "fmt": null, "longFmt": "0"}, "unexercisedValue": {"raw": 34150, "fmt": "34.15k", "longFmt": "34,150"}}, {"maxAge": 1, "name": "Ms. Christine M. Klaskin", "age": 58, "title": "VP of Finance, Principal Financial Officer & Principal Accounting Officer", "yearBorn": 1966, "fiscalYear": 2022, "totalPay": {"raw": 304562, "fmt": "304.56k", "longFmt": "304,562"}, "exercisedValue": {"raw": 0, "fmt": null, "longFmt": "0"}, "unexercisedValue": {"raw": 0, "fmt": null, "longFmt": "0"}}, {"maxAge": 1, "name": "Dr. Steven J. O'Day M.D., Ph.D.", "age": 63, "title": "Chief Medical Officer", "yearBorn": 1961, "fiscalYear": 2022, "totalPay": {"raw": 605230, "fmt": "605.23k", "longFmt": "605,230"}, "exercisedValue": {"raw": 0, "fmt": null, "longFmt": "0"}, "unexercisedValue": {"raw": 0, "fmt": null, "longFmt": "0"}}, {"maxAge": 1, "name": "Dr. Jennifer S. Buell Ph.D.", "age": 49, "title": "Director and President & CEO of MiNK Therapeutics", "yearBorn": 1975, "fiscalYear": 2022, "exercisedValue": {"raw": 0, "fmt": null, "longFmt": "0"}, "unexercisedValue": {"raw": 0, "fmt": null, "longFmt": "0"}}, {"maxAge": 1, "name": "Craig  Winter", "title": "Chief Information Officer", "fiscalYear": 2022, "exercisedValue": {"raw": 0, "fmt": null, "longFmt": "0"}, "unexercisedValue": {"raw": 0, "fmt": null, "longFmt": "0"}}, {"maxAge": 1, "name": "Mr. Zack  Armen", "title": "Head of Investor Relations & Corporate Development", "fiscalYear": 2022, "exercisedValue": {"raw": 0, "fmt": null, "longFmt": "0"}, "unexercisedValue": {"raw": 0, "fmt": null, "longFmt": "0"}}, {"maxAge": 1, "name": "Ms. Stefanie  Perna-Nacar", "title": "Chief Communications & Government Relations Officer", "fiscalYear": 2022, "exercisedValue": {"raw": 0, "fmt": null, "longFmt": "0"}, "unexercisedValue": {"raw": 0, "fmt": null, "longFmt": "0"}}, {"maxAge": 1, "name": "Ms. Tracy Mazza Clemente", "title": "Chief People Officer", "fiscalYear": 2022, "exercisedValue": {"raw": 0, "fmt": null, "longFmt": "0"}, "unexercisedValue": {"raw": 0, "fmt": null, "longFmt": "0"}}, {"maxAge": 1, "name": "Mr. Alfred  Dadson", "title": "Chief Manufacturing Officer", "fiscalYear": 2022, "exercisedValue": {"raw": 0, "fmt": null, "longFmt": "0"}, "unexercisedValue": {"raw": 0, "fmt": null, "longFmt": "0"}}, {"maxAge": 1, "name": "Dr. Todd Jude Yancey M.D.", "title": "Member of Advisory Board & Chief Strategic Advisor", "fiscalYear": 2022, "exercisedValue": {"raw": 0, "fmt": null, "longFmt": "0"}, "unexercisedValue": {"raw": 0, "fmt": null, "longFmt": "0"}}], "compensationAsOfEpochDate": 1672444800, "irWebsite": "http://www.agenusbio.com/investors/performance.shtml", "executiveTeam": [], "maxAge": 86400}, "calendarEvents": {"maxAge": 1, "earnings": {"earningsDate": [{"raw": 1762781400, "fmt": "2025-11-10"}], "earningsCallDate": [], "isEarningsDateEstimate": true, "earningsAverage": {"raw": 2.19667, "fmt": "2.20"}, "earningsLow": {"raw": 1.98, "fmt": "1.98"}, "earningsHigh": {"raw": 2.63, "fmt": "2.63"}, "revenueAverage": {"raw": 80386670, "fmt": "80.39M", "longFmt": "80,386,670"}, "revenueLow": {"raw": 25860000, "fmt": "25.86M", "longFmt": "25,860,000"}, "revenueHigh": {"raw": 114900000, "fmt": "114.9M", "longFmt": "114,900,000"}}, "exDividendDate": {}, "dividendDate": {}}, "earningsTrend": {"trend": [{"maxAge": 1, "period": "0q", "endDate": "2025-09-30", "growth": {"raw": 1.7132001, "fmt": "171.32%"}, "earningsEstimate": {"avg": {"raw": 2.19667, "fmt": "2.2"}, "low": {"raw": 1.98, "fmt": "1.98"}, "high": {"raw": 2.63, "fmt": "2.63"}, "yearAgoEps": {"raw": -3.08, "fmt": "-3.08"}, "numberOfAnalysts": {"raw": 3, "fmt": "3", "longFmt": "3"}, "growth": {"raw": 1.7132001, "fmt": "171.32%"}, "earningsCurrency": "USD"}, "revenueEstimate": {"avg": {"raw": 80386670, "fmt": "80.39M", "longFmt": "80,386,670"}, "low": {"raw": 25860000, "fmt": "25.86M", "longFmt": "25,860,000"}, "high": {"raw": 114900000, "fmt": "114.9M", "longFmt": "114,900,000"}, "numberOfAnalysts": {"raw": 3, "fmt": "3", "longFmt": "3"}, "yearAgoRevenue": {"raw": 25112000, "fmt": "25.11M", "longFmt": "25,112,000"}, "growth": {"raw": 2.2011, "fmt": "220.11%"}, "revenueCurrency": "USD"}, "epsTrend": {"current": {"raw": 2.19667, "fmt": "2.2"}, "7daysAgo": {"raw": 2.19667, "fmt": "2.2"}, "30daysAgo": {"raw": 2.19667, "fmt": "2.2"}, "60daysAgo": {"raw": 1.4025, "fmt": "1.4"}, "90daysAgo": {"raw": -0.22, "fmt": "-0.22"}, "epsTrendCurrency": "USD"}, "epsRevisions": {"upLast7days": {"raw": 0, "fmt": null, "longFmt": "0"}, "upLast30days": {"raw": 0, "fmt": null, "longFmt": "0"}, "downLast30days": {"raw": 1, "fmt": "1", "longFmt": "1"}, "downLast7Days": {"raw": 1, "fmt": "1", "longFmt": "1"}, "downLast90days": {}, "epsRevisionsCurrency": "USD"}}, {"maxAge": 1, "period": "+1q", "endDate": "2025-12-31", "growth": {"raw": 1.2778, "fmt": "127.78%"}, "earningsEstimate": {"avg": {"raw": 0.56667, "fmt": "0.57"}, "low": {"raw": -0.21, "fmt": "-0.21"}, "high": {"raw": 1.04, "fmt": "1.04"}, "yearAgoEps": {"raw": -2.04, "fmt": "-2.04"}, "numberOfAnalysts": {"raw": 3, "fmt": "3", "longFmt": "3"}, "growth": {"raw": 1.2778, "fmt": "127.78%"}, "earningsCurrency": "USD"}, "revenueEstimate": {"avg": {"raw": 56986670, "fmt": "56.99M", "longFmt": "56,986,670"}, "low": {"raw": 25400000, "fmt": "25.4M", "longFmt": "25,400,000"}, "high": {"raw": 119700000, "fmt": "119.7M", "longFmt": "119,700,000"}, "numberOfAnalysts": {"raw": 3, "fmt": "3", "longFmt": "3"}, "yearAgoRevenue": {"raw": 26837000, "fmt": "26.84M", "longFmt": "26,837,000"}, "growth": {"raw": 1.1234, "fmt": "112.34%"}, "revenueCurrency": "USD"}, "epsTrend": {"current": {"raw": 0.56667, "fmt": "0.57"}, "7daysAgo": {"raw": 0.56667, "fmt": "0.57"}, "30daysAgo": {"raw": 0.56667, "fmt": "0.57"}, "60daysAgo": {"raw": 0.1925, "fmt": "0.19"}, "90daysAgo": {"raw": 0.33333, "fmt": "0.33"}, "epsTrendCurrency": "USD"}, "epsRevisions": {"upLast7days": {"raw": 0, "fmt": null, "longFmt": "0"}, "upLast30days": {"raw": 0, "fmt": null, "longFmt": "0"}, "downLast30days": {"raw": 1, "fmt": "1", "longFmt": "1"}, "downLast7Days": {"raw": 1, "fmt": "1", "longFmt": "1"}, "downLast90days": {}, "epsRevisionsCurrency": "USD"}}, {"maxAge": 1, "period": "0y", "endDate": "2025-12-31", "growth": {"raw": 1.0752, "fmt": "107.52%"}, "earningsEstimate": {"avg": {"raw": 0.79667, "fmt": "0.8"}, "low": {"raw": 0.03, "fmt": "0.03"}, "high": {"raw": 1.18, "fmt": "1.18"}, "yearAgoEps": {"raw": -10.59, "fmt": "-10.59"}, "numberOfAnalysts": {"raw": 3, "fmt": "3", "longFmt": "3"}, "growth": {"raw": 1.0752, "fmt": "107.52%"}, "earningsCurrency": "USD"}, "revenueEstimate": {"avg": {"raw": 187125670, "fmt": "187.13M", "longFmt": "187,125,670"}, "low": {"raw": 101477000, "fmt": "101.48M", "longFmt": "101,477,000"}, "high": {"raw": 284400000, "fmt": "284.4M", "longFmt": "284,400,000"}, "numberOfAnalysts": {"raw": 3, "fmt": "3", "longFmt": "3"}, "yearAgoRevenue": {"raw": 103463000, "fmt": "103.46M", "longFmt": "103,463,000"}, "growth": {"raw": 0.8086, "fmt": "80.86%"}, "revenueCurrency": "USD"}, "epsTrend": {"current": {"raw": 0.79667, "fmt": "0.8"}, "7daysAgo": {"raw": 0.79667, "fmt": "0.8"}, "30daysAgo": {"raw": 0.79667, "fmt": "0.8"}, "60daysAgo": {"raw": -0.4175, "fmt": "-0.42"}, "90daysAgo": {"raw": 1.9, "fmt": "1.9"}, "epsTrendCurrency": "USD"}, "epsRevisions": {"upLast7days": {"raw": 0, "fmt": null, "longFmt": "0"}, "upLast30days": {"raw": 0, "fmt": null, "longFmt": "0"}, "downLast30days": {"raw": 4, "fmt": "4", "longFmt": "4"}, "downLast7Days": {"raw": 4, "fmt": "4", "longFmt": "4"}, "downLast90days": {}, "epsRevisionsCurrency": "USD"}}, {"maxAge": 1, "period": "+1y", "endDate": "2026-12-31", "growth": {"raw": -2.774, "fmt": "-277.40%"}, "earningsEstimate": {"avg": {"raw": -1.41333, "fmt": "-1.41"}, "low": {"raw": -2.91, "fmt": "-2.91"}, "high": {"raw": 0.28, "fmt": "0.28"}, "yearAgoEps": {"raw": 0.79667, "fmt": "0.8"}, "numberOfAnalysts": {"raw": 3, "fmt": "3", "longFmt": "3"}, "growth": {"raw": -2.774, "fmt": "-277.40%"}, "earningsCurrency": "USD"}, "revenueEstimate": {"avg": {"raw": 130669670, "fmt": "130.67M", "longFmt": "130,669,670"}, "low": {"raw": 104509000, "fmt": "104.51M", "longFmt": "104,509,000"}, "high": {"raw": 150500000, "fmt": "150.5M", "longFmt": "150,500,000"}, "numberOfAnalysts": {"raw": 3, "fmt": "3", "longFmt": "3"}, "yearAgoRevenue": {"raw": 187125670, "fmt": "187.13M", "longFmt": "187,125,670"}, "growth": {"raw": -0.3017, "fmt": "-30.17%"}, "revenueCurrency": "USD"}, "epsTrend": {"current": {"raw": -1.41333, "fmt": "-1.41"}, "7daysAgo": {"raw": -1.41333, "fmt": "-1.41"}, "30daysAgo": {"raw": -1.41333, "fmt": "-1.41"}, "60daysAgo": {"raw": -1.965, "fmt": "-1.97"}, "90daysAgo": {"raw": -1.28, "fmt": "-1.28"}, "epsTrendCurrency": "USD"}, "epsRevisions": {"upLast7days": {"raw": 1, "fmt": "1", "longFmt": "1"}, "upLast30days": {"raw": 1, "fmt": "1", "longFmt": "1"}, "downLast30days": {"raw": 3, "fmt": "3", "longFmt": "3"}, "downLast7Days": {"raw": 3, "fmt": "3", "longFmt": "3"}, "downLast90days": {}, "epsRevisionsCurrency": "USD"}}], "defaultMethodology": "nongaap", "maxAge": 1}, "earningsHistory": {"history": [{"maxAge": 1, "epsActual": {"raw": -3.08, "fmt": "-3.08"}, "epsEstimate": {"raw": -2.314, "fmt": "-2.31"}, "epsDifference": {"raw": -0.77, "fmt": "-0.77"}, "surprisePercent": {"raw": -0.33099997, "fmt": "-33.10%"}, "quarter": {"raw": 1727654400, "fmt": "2024-09-30"}, "currency": "USD", "period": "-4q"}, {"maxAge": 1, "epsActual": {"raw": -2.04, "fmt": "-2.04"}, "epsEstimate": {"raw": -2.542, "fmt": "-2.54"}, "epsDifference": {"raw": 0.5, "fmt": "0.5"}, "surprisePercent": {"raw": 0.1975, "fmt": "19.75%"}, "quarter": {"raw": 1735603200, "fmt": "2024-12-31"}, "currency": "USD", "period": "-3q"}, {"maxAge": 1, "epsActual": {"raw": -1.03, "fmt": "-1.03"}, "epsEstimate": {"raw": -1.98, "fmt": "-1.98"}, "epsDifference": {"raw": 0.95, "fmt": "0.95"}, "surprisePercent": {"raw": 0.4798, "fmt": "47.98%"}, "quarter": {"raw": 1743379200, "fmt": "2025-03-31"}, "currency": "USD", "period": "-2q"}, {"maxAge": 1, "epsActual": {"raw": -1.0, "fmt": "-1"}, "epsEstimate": {"raw": 1.35333, "fmt": "1.35"}, "epsDifference": {"raw": -2.35, "fmt": "-2.35"}, "surprisePercent": {"raw": -1.7389, "fmt": "-173.89%"}, "quarter": {"raw": 1751241600, "fmt": "2025-06-30"}, "currency": "USD", "period": "-1q"}], "defaultMethodology": "nongaap", "maxAge": 86400}, "financialData": {"maxAge": 86400, "currentPrice": {"raw": 3.97, "fmt": "3.97"}, "targetHighPrice": {"raw": 23.0, "fmt": "23.00"}, "targetLowPrice": {"raw": 6.0, "fmt": "6.00"}, "targetMeanPrice": {"raw": 12.33333, "fmt": "12.33"}, "targetMedianPrice": {"raw": 8.0, "fmt": "8.00"}, "recommendationMean": {"raw": 2.0, "fmt": "2.00"}, "recommendationKey": "buy", "numberOfAnalystOpinions": {"raw": 3, "fmt": "3", "longFmt": "3"}, "totalCash": {"raw": 9534000, "fmt": "9.53M", "longFmt": "9,534,000"}, "totalCashPerShare": {"raw": 0.299, "fmt": "0.3"}, "ebitda": {"raw": -78467000, "fmt": "-78.47M", "longFmt": "-78,467,000"}, "totalDebt": {"raw": 91280000, "fmt": "91.28M", "longFmt": "91,280,000"}, "quickRatio": {"raw": 0.044, "fmt": "0.04"}, "currentRatio": {"raw": 0.057, "fmt": "0.06"}, "totalRevenue": {"raw": 101706000, "fmt": "101.71M", "longFmt": "101,706,000"}, "debtToEquity": {}, "revenuePerShare": {"raw": 4.191, "fmt": "4.19"}, "returnOnAssets": {"raw": -0.23931, "fmt": "-23.93%"}, "returnOnEquity": {}, "grossProfits": {"raw": -50034000, "fmt": "-50.03M", "longFmt": "-50,034,000"}, "freeCashflow": {"raw": -99185248, "fmt": "-99.19M", "longFmt": "-99,185,248"}, "operatingCashflow": {"raw": -127784000, "fmt": "-127.78M", "longFmt": "-127,784,000"}, "earningsGrowth": {}, "revenueGrowth": {"raw": 0.093, "fmt": "9.30%"}, "grossMargins": {"raw": -0.49195, "fmt": "-49.20%"}, "ebitdaMargins": {"raw": -0.77151, "fmt": "-77.15%"}, "operatingMargins": {"raw": -0.65315, "fmt": "-65.32%"}, "profitMargins": {"raw": -1.62691, "fmt": "-162.69%"}, "financialCurrency": "USD"}}