{"assetProfile": {"address1": "2995 Remington Boulevard", "city": "Kissimmee", "state": "FL", "zip": "34744", "country": "United States", "phone": "407 344 4004", "website": "https://aureusgreenway.com", "industry": "Leisure", "industryKey": "leisure", "industryDisp": "Leisure", "sector": "Consumer Cyclical", "sectorKey": "consumer-cyclical", "sectorDisp": "Consumer Cyclical", "longBusinessSummary": "Aureus Greenway Holdings Inc., through its subsidiaries, owns and operates public golf country clubs in Florida. The company's golf country clubs include golf-courses, fairways, clubhouses boasting food and beverage options, aquatic golf ranges, and pro shops to assist any level of golfers. It also retails golf products; and provides golf equipment and facilities rental, membership, and ancillary services and amenities. Aureus Greenway Holdings Inc. was incorporated in 2023 and is based in Kissimmee, Florida.", "fullTimeEmployees": 47, "companyOfficers": [{"maxAge": 1, "name": "Mr. Chi Ping  Cheung", "age": 56, "title": "President, CEO & Executive Director", "yearBorn": 1968, "fiscalYear": 2024, "totalPay": {"raw": 110000, "fmt": "110k", "longFmt": "110,000"}, "exercisedValue": {"raw": 0, "fmt": null, "longFmt": "0"}, "unexercisedValue": {"raw": 0, "fmt": null, "longFmt": "0"}}, {"maxAge": 1, "name": "Mr. Wai Sing  Lui HKICPA", "age": 35, "title": "Chief Financial Officer", "yearBorn": 1989, "fiscalYear": 2024, "totalPay": {"raw": 18000, "fmt": "18k", "longFmt": "18,000"}, "exercisedValue": {"raw": 0, "fmt": null, "longFmt": "0"}, "unexercisedValue": {"raw": 0, "fmt": null, "longFmt": "0"}}, {"maxAge": 1, "name": "Mr. Ching Ping  Cheung", "age": 52, "title": "Executive Chairman of the Board", "yearBorn": 1972, "fiscalYear": 2024, "exercisedValue": {"raw": 0, "fmt": null, "longFmt": "0"}, "unexercisedValue": {"raw": 0, "fmt": null, "longFmt": "0"}}], "compensationAsOfEpochDate": 1735603200, "executiveTeam": [], "maxAge": 86400}, "calendarEvents": {"maxAge": 1, "earnings": {"earningsDate": [], "earningsCallDate": [], "earningsAverage": {}, "earningsLow": {}, "earningsHigh": {}, "revenueAverage": {}, "revenueLow": {}, "revenueHigh": {}}, "exDividendDate": {}, "dividendDate": {}}, "earningsTrend": {"trend": [{"maxAge": 1, "period": "0q", "endDate": null, "growth": {}, "earningsEstimate": {"avg": {}, "low": {}, "high": {}, "yearAgoEps": {}, "numberOfAnalysts": {}, "growth": {}, "earningsCurrency": null}, "revenueEstimate": {"avg": {"raw": 0, "fmt": null, "longFmt": "0"}, "low": {"raw": 0, "fmt": null, "longFmt": "0"}, "high": {"raw": 0, "fmt": null, "longFmt": "0"}, "numberOfAnalysts": {"raw": 0, "fmt": null, "longFmt": "0"}, "yearAgoRevenue": {}, "growth": {}, "revenueCurrency": null}, "epsTrend": {"current": {}, "7daysAgo": {}, "30daysAgo": {}, "60daysAgo": {}, "90daysAgo": {}, "epsTrendCurrency": null}, "epsRevisions": {"upLast7days": {}, "upLast30days": {}, "downLast30days": {}, "downLast7Days": {}, "downLast90days": {}, "epsRevisionsCurrency": null}}, {"maxAge": 1, "period": "+1q", "endDate": null, "growth": {}, "earningsEstimate": {"avg": {}, "low": {}, "high": {}, "yearAgoEps": {}, "numberOfAnalysts": {}, "growth": {}, "earningsCurrency": null}, "revenueEstimate": {"avg": {"raw": 0, "fmt": null, "longFmt": "0"}, "low": {"raw": 0, "fmt": null, "longFmt": "0"}, "high": {"raw": 0, "fmt": null, "longFmt": "0"}, "numberOfAnalysts": {"raw": 0, "fmt": null, "longFmt": "0"}, "yearAgoRevenue": {}, "growth": {}, "revenueCurrency": null}, "epsTrend": {"current": {}, "7daysAgo": {}, "30daysAgo": {}, "60daysAgo": {}, "90daysAgo": {}, "epsTrendCurrency": null}, "epsRevisions": {"upLast7days": {}, "upLast30days": {}, "downLast30days": {}, "downLast7Days": {}, "downLast90days": {}, "epsRevisionsCurrency": null}}, {"maxAge": 1, "period": "0y", "endDate": null, "growth": {}, "earningsEstimate": {"avg": {}, "low": {}, "high": {}, "yearAgoEps": {}, "numberOfAnalysts": {}, "growth": {}, "earningsCurrency": null}, "revenueEstimate": {"avg": {"raw": 0, "fmt": null, "longFmt": "0"}, "low": {"raw": 0, "fmt": null, "longFmt": "0"}, "high": {"raw": 0, "fmt": null, "longFmt": "0"}, "numberOfAnalysts": {"raw": 0, "fmt": null, "longFmt": "0"}, "yearAgoRevenue": {}, "growth": {}, "revenueCurrency": null}, "epsTrend": {"current": {}, "7daysAgo": {}, "30daysAgo": {}, "60daysAgo": {}, "90daysAgo": {}, "epsTrendCurrency": null}, "epsRevisions": {"upLast7days": {}, "upLast30days": {}, "downLast30days": {}, "downLast7Days": {}, "downLast90days": {}, "epsRevisionsCurrency": null}}, {"maxAge": 1, "period": "+1y", "endDate": null, "growth": {}, "earningsEstimate": {"avg": {}, "low": {}, "high": {}, "yearAgoEps": {}, "numberOfAnalysts": {}, "growth": {}, "earningsCurrency": null}, "revenueEstimate": {"avg": {"raw": 0, "fmt": null, "longFmt": "0"}, "low": {"raw": 0, "fmt": null, "longFmt": "0"}, "high": {"raw": 0, "fmt": null, "longFmt": "0"}, "numberOfAnalysts": {"raw": 0, "fmt": null, "longFmt": "0"}, "yearAgoRevenue": {}, "growth": {}, "revenueCurrency": null}, "epsTrend": {"current": {}, "7daysAgo": {}, "30daysAgo": {}, "60daysAgo": {}, "90daysAgo": {}, "epsTrendCurrency": null}, "epsRevisions": {"upLast7days": {}, "upLast30days": {}, "downLast30days": {}, "downLast7Days": {}, "downLast90days": {}, "epsRevisionsCurrency": null}}], "defaultMethodology": "nongaap", "maxAge": 1}, "earningsHistory": {"history": [], "defaultMethodology": "nongaap", "maxAge": 86400}, "financialData": {"maxAge": 86400, "currentPrice": {"raw": 5.27, "fmt": "5.27"}, "targetHighPrice": {}, "targetLowPrice": {}, "targetMeanPrice": {}, "targetMedianPrice": {}, "recommendationMean": {}, "recommendationKey": "none", "numberOfAnalystOpinions": {}, "totalCash": {"raw": 7625413, "fmt": "7.63M", "longFmt": "7,625,413"}, "totalCashPerShare": {"raw": 0.522, "fmt": "0.52"}, "ebitda": {"raw": -436861, "fmt": "-436.86k", "longFmt": "-436,861"}, "totalDebt": {"raw": 695572, "fmt": "695.57k", "longFmt": "695,572"}, "quickRatio": {"raw": 6.634, "fmt": "6.63"}, "currentRatio": {"raw": 6.888, "fmt": "6.89"}, "totalRevenue": {"raw": 3026792, "fmt": "3.03M", "longFmt": "3,026,792"}, "debtToEquity": {"raw": 6.347, "fmt": "6.35%"}, "revenuePerShare": {"raw": 0.252, "fmt": "0.25"}, "returnOnAssets": {"raw": -0.045489997, "fmt": "-4.55%"}, "returnOnEquity": {"raw": -0.07492, "fmt": "-7.49%"}, "grossProfits": {"raw": 592217, "fmt": "592.22k", "longFmt": "592,217"}, "freeCashflow": {"raw": -3258, "fmt": "-3.26k", "longFmt": "-3,258"}, "operatingCashflow": {"raw": -642200, "fmt": "-642.2k", "longFmt": "-642,200"}, "earningsGrowth": {}, "revenueGrowth": {"raw": -0.071, "fmt": "-7.10%"}, "grossMargins": {"raw": 0.19566, "fmt": "19.57%"}, "ebitdaMargins": {"raw": -0.14433, "fmt": "-14.43%"}, "operatingMargins": {"raw": -0.7082, "fmt": "-70.82%"}, "profitMargins": {"raw": -0.15427, "fmt": "-15.43%"}, "financialCurrency": "USD"}}