{"assetProfile": {"address1": "88 Sidney Street", "city": "Cambridge", "state": "MA", "zip": "02139", "country": "United States", "phone": "617 649 8600", "website": "https://www.agios.com", "industry": "Biotechnology", "industryKey": "biotechnology", "industryDisp": "Biotechnology", "sector": "Healthcare", "sectorKey": "healthcare", "sectorDisp": "Healthcare", "longBusinessSummary": "Agios Pharmaceuticals, Inc., a biopharmaceutical company, discovers and develops medicines in the field of cellular metabolism in the United States. Its lead product includes PYRUKYND (mitapivat), an activator of wild-type and mutant pyruvate kinase (PK), enzymes used for the treatment of hemolytic anemias in adults with PK deficiency. The company's PYRUKYND product also used for the treatment of sickle cell disease that is in phase 3 clinical trial; for the treatment of PK deficiency in pediatric patients; and for the treatment of adult patients with non-transfusion dependent and transfusion-dependent alpha- or beta-thalassemia. In addition, it develops tebapivat, a PK activator for the treatment of lower-risk myelodysplastic syndrome and hemolytic anemias; AG-181, a phenylalanine hydroxylase stabilizer for the treatment of phenylketonuria (PKU); and AG-236, an siRNA in-licensed from Alnylam, targeting the transmembrane serine protease 6 (TMPRSS6) gene for the treatment of polycythemia vera. Agios Pharmaceuticals, Inc. was incorporated in 2007 and is headquartered in Cambridge, Massachusetts.", "fullTimeEmployees": 486, "companyOfficers": [{"maxAge": 1, "name": "Mr. Brian M. Goff M.B.A.", "age": 55, "title": "CEO & Director", "yearBorn": 1969, "fiscalYear": 2024, "totalPay": {"raw": 1553274, "fmt": "1.55M", "longFmt": "1,553,274"}, "exercisedValue": {"raw": 0, "fmt": null, "longFmt": "0"}, "unexercisedValue": {"raw": 1463479, "fmt": "1.46M", "longFmt": "1,463,479"}}, {"maxAge": 1, "name": "Ms. Cecilia  Jones", "age": 49, "title": "Chief Financial Officer", "yearBorn": 1975, "fiscalYear": 2024, "totalPay": {"raw": 802574, "fmt": "802.57k", "longFmt": "802,574"}, "exercisedValue": {"raw": 0, "fmt": null, "longFmt": "0"}, "unexercisedValue": {"raw": 407136, "fmt": "407.14k", "longFmt": "407,136"}}, {"maxAge": 1, "name": "Mr. James William Burns", "age": 46, "title": "Corporate Secretary & Chief Legal Officer", "yearBorn": 1978, "fiscalYear": 2024, "totalPay": {"raw": 815732, "fmt": "815.73k", "longFmt": "815,732"}, "exercisedValue": {"raw": 0, "fmt": null, "longFmt": "0"}, "unexercisedValue": {"raw": 169667, "fmt": "169.67k", "longFmt": "169,667"}}, {"maxAge": 1, "name": "Dr. Sarah  Gheuens M.D., Ph.D.", "age": 44, "title": "Chief Medical Officer and Head of Research & Development", "yearBorn": 1980, "fiscalYear": 2024, "totalPay": {"raw": 927572, "fmt": "927.57k", "longFmt": "927,572"}, "exercisedValue": {"raw": 0, "fmt": null, "longFmt": "0"}, "unexercisedValue": {"raw": 169667, "fmt": "169.67k", "longFmt": "169,667"}}, {"maxAge": 1, "name": "Ms. Tsveta  Milanova", "age": 47, "title": "Chief Commercial Officer", "yearBorn": 1977, "fiscalYear": 2024, "totalPay": {"raw": 836643, "fmt": "836.64k", "longFmt": "836,643"}, "exercisedValue": {"raw": 0, "fmt": null, "longFmt": "0"}, "unexercisedValue": {"raw": 346487, "fmt": "346.49k", "longFmt": "346,487"}}, {"maxAge": 1, "name": "Dr. Lewis clayton Cantley Ph.D.", "age": 75, "title": "Co-Founder", "yearBorn": 1949, "fiscalYear": 2024, "totalPay": {"raw": 50000, "fmt": "50k", "longFmt": "50,000"}, "exercisedValue": {"raw": 0, "fmt": null, "longFmt": "0"}, "unexercisedValue": {"raw": 0, "fmt": null, "longFmt": "0"}}, {"maxAge": 1, "name": "Dr. Tak Wah Mak D.Sc., FRSC, Ph.D.", "age": 78, "title": "Co-Founder", "yearBorn": 1946, "fiscalYear": 2024, "exercisedValue": {"raw": 0, "fmt": null, "longFmt": "0"}, "unexercisedValue": {"raw": 0, "fmt": null, "longFmt": "0"}}, {"maxAge": 1, "name": "Dr. Craig B. Thompson M.D.", "age": 71, "title": "Co-Founder", "yearBorn": 1953, "fiscalYear": 2024, "exercisedValue": {"raw": 0, "fmt": null, "longFmt": "0"}, "unexercisedValue": {"raw": 0, "fmt": null, "longFmt": "0"}}, {"maxAge": 1, "name": "Dr. Shin-San  Su Ph.D.", "age": 68, "title": "Co-Founder", "yearBorn": 1956, "fiscalYear": 2024, "exercisedValue": {"raw": 0, "fmt": null, "longFmt": "0"}, "unexercisedValue": {"raw": 0, "fmt": null, "longFmt": "0"}}, {"maxAge": 1, "name": "Mr. T. J. Washburn", "age": 42, "title": "VP, Controller & Principal Accounting Officer", "yearBorn": 1982, "fiscalYear": 2024, "exercisedValue": {"raw": 0, "fmt": null, "longFmt": "0"}, "unexercisedValue": {"raw": 0, "fmt": null, "longFmt": "0"}}], "auditRisk": 4, "boardRisk": 3, "compensationRisk": 4, "shareHolderRightsRisk": 7, "overallRisk": 4, "governanceEpochDate": 1761955200, "compensationAsOfEpochDate": 1735603200, "executiveTeam": [], "maxAge": 86400}, "calendarEvents": {"maxAge": 1, "earnings": {"earningsDate": [{"raw": 1761827400, "fmt": "2025-10-30"}], "earningsCallDate": [{"raw": 1761825600, "fmt": "2025-10-30"}], "isEarningsDateEstimate": false, "earningsAverage": {"raw": -1.9525, "fmt": "-1.95"}, "earningsLow": {"raw": -2.09, "fmt": "-2.09"}, "earningsHigh": {"raw": -1.8, "fmt": "-1.80"}, "revenueAverage": {"raw": 12588740, "fmt": "12.59M", "longFmt": "12,588,740"}, "revenueLow": {"raw": 11500000, "fmt": "11.5M", "longFmt": "11,500,000"}, "revenueHigh": {"raw": 13000000, "fmt": "13M", "longFmt": "13,000,000"}}, "exDividendDate": {}, "dividendDate": {}}, "earningsTrend": {"trend": [{"maxAge": 1, "period": "0q", "endDate": "2025-12-31", "growth": {"raw": -0.1221, "fmt": "-12.21%"}, "earningsEstimate": {"avg": {"raw": -1.9525, "fmt": "-1.95"}, "low": {"raw": -2.09, "fmt": "-2.09"}, "high": {"raw": -1.8, "fmt": "-1.8"}, "yearAgoEps": {"raw": -1.74, "fmt": "-1.74"}, "numberOfAnalysts": {"raw": 4, "fmt": "4", "longFmt": "4"}, "growth": {"raw": -0.1221, "fmt": "-12.21%"}, "earningsCurrency": "USD"}, "revenueEstimate": {"avg": {"raw": 12588740, "fmt": "12.59M", "longFmt": "12,588,740"}, "low": {"raw": 11500000, "fmt": "11.5M", "longFmt": "11,500,000"}, "high": {"raw": 13000000, "fmt": "13M", "longFmt": "13,000,000"}, "numberOfAnalysts": {"raw": 5, "fmt": "5", "longFmt": "5"}, "yearAgoRevenue": {"raw": 10730000, "fmt": "10.73M", "longFmt": "10,730,000"}, "growth": {"raw": 0.1732, "fmt": "17.32%"}, "revenueCurrency": "USD"}, "epsTrend": {"current": {"raw": -1.9525, "fmt": "-1.95"}, "7daysAgo": {"raw": -1.98286, "fmt": "-1.98"}, "30daysAgo": {"raw": -1.99, "fmt": "-1.99"}, "60daysAgo": {"raw": -1.96286, "fmt": "-1.96"}, "90daysAgo": {"raw": -1.92857, "fmt": "-1.93"}, "epsTrendCurrency": "USD"}, "epsRevisions": {"upLast7days": {"raw": 1, "fmt": "1", "longFmt": "1"}, "upLast30days": {"raw": 1, "fmt": "1", "longFmt": "1"}, "downLast30days": {"raw": 0, "fmt": null, "longFmt": "0"}, "downLast7Days": {"raw": 0, "fmt": null, "longFmt": "0"}, "downLast90days": {}, "epsRevisionsCurrency": "USD"}}, {"maxAge": 1, "period": "+1q", "endDate": "2026-03-31", "growth": {"raw": -0.21290001, "fmt": "-21.29%"}, "earningsEstimate": {"avg": {"raw": -1.88, "fmt": "-1.88"}, "low": {"raw": -2.1, "fmt": "-2.1"}, "high": {"raw": -1.66, "fmt": "-1.66"}, "yearAgoEps": {"raw": -1.55, "fmt": "-1.55"}, "numberOfAnalysts": {"raw": 2, "fmt": "2", "longFmt": "2"}, "growth": {"raw": -0.21290001, "fmt": "-21.29%"}, "earningsCurrency": "USD"}, "revenueEstimate": {"avg": {"raw": 16862500, "fmt": "16.86M", "longFmt": "16,862,500"}, "low": {"raw": 15700000, "fmt": "15.7M", "longFmt": "15,700,000"}, "high": {"raw": 18025000, "fmt": "18.02M", "longFmt": "18,025,000"}, "numberOfAnalysts": {"raw": 2, "fmt": "2", "longFmt": "2"}, "yearAgoRevenue": {"raw": 8726000, "fmt": "8.73M", "longFmt": "8,726,000"}, "growth": {"raw": 0.9324, "fmt": "93.24%"}, "revenueCurrency": "USD"}, "epsTrend": {"current": {"raw": -1.88, "fmt": "-1.88"}, "7daysAgo": {"raw": -1.66, "fmt": "-1.66"}, "30daysAgo": {"raw": -1.66, "fmt": "-1.66"}, "60daysAgo": {"raw": -1.62, "fmt": "-1.62"}, "90daysAgo": {"raw": 0.0, "fmt": "0"}, "epsTrendCurrency": "USD"}, "epsRevisions": {"upLast7days": {"raw": 0, "fmt": null, "longFmt": "0"}, "upLast30days": {"raw": 0, "fmt": null, "longFmt": "0"}, "downLast30days": {"raw": 1, "fmt": "1", "longFmt": "1"}, "downLast7Days": {"raw": 1, "fmt": "1", "longFmt": "1"}, "downLast90days": {}, "epsRevisionsCurrency": "USD"}}, {"maxAge": 1, "period": "0y", "endDate": "2025-12-31", "growth": {"raw": -0.189, "fmt": "-18.90%"}, "earningsEstimate": {"avg": {"raw": -7.154, "fmt": "-7.15"}, "low": {"raw": -7.36, "fmt": "-7.36"}, "high": {"raw": -6.99, "fmt": "-6.99"}, "yearAgoEps": {"raw": -6.0166, "fmt": "-6.02"}, "numberOfAnalysts": {"raw": 5, "fmt": "5", "longFmt": "5"}, "growth": {"raw": -0.189, "fmt": "-18.90%"}, "earningsCurrency": "USD"}, "revenueEstimate": {"avg": {"raw": 46738120, "fmt": "46.74M", "longFmt": "46,738,120"}, "low": {"raw": 45600000, "fmt": "45.6M", "longFmt": "45,600,000"}, "high": {"raw": 47500000, "fmt": "47.5M", "longFmt": "47,500,000"}, "numberOfAnalysts": {"raw": 6, "fmt": "6", "longFmt": "6"}, "yearAgoRevenue": {"raw": 36498000, "fmt": "36.5M", "longFmt": "36,498,000"}, "growth": {"raw": 0.28059998, "fmt": "28.06%"}, "revenueCurrency": "USD"}, "epsTrend": {"current": {"raw": -7.154, "fmt": "-7.15"}, "7daysAgo": {"raw": -7.39571, "fmt": "-7.4"}, "30daysAgo": {"raw": -7.40429, "fmt": "-7.4"}, "60daysAgo": {"raw": -7.37571, "fmt": "-7.38"}, "90daysAgo": {"raw": -7.40571, "fmt": "-7.41"}, "epsTrendCurrency": "USD"}, "epsRevisions": {"upLast7days": {"raw": 1, "fmt": "1", "longFmt": "1"}, "upLast30days": {"raw": 2, "fmt": "2", "longFmt": "2"}, "downLast30days": {"raw": 0, "fmt": null, "longFmt": "0"}, "downLast7Days": {"raw": 0, "fmt": null, "longFmt": "0"}, "downLast90days": {}, "epsRevisionsCurrency": "USD"}}, {"maxAge": 1, "period": "+1y", "endDate": "2026-12-31", "growth": {"raw": 0.0248, "fmt": "2.48%"}, "earningsEstimate": {"avg": {"raw": -6.97667, "fmt": "-6.98"}, "low": {"raw": -9.37, "fmt": "-9.37"}, "high": {"raw": -5.85, "fmt": "-5.85"}, "yearAgoEps": {"raw": -7.154, "fmt": "-7.15"}, "numberOfAnalysts": {"raw": 6, "fmt": "6", "longFmt": "6"}, "growth": {"raw": 0.0248, "fmt": "2.48%"}, "earningsCurrency": "USD"}, "revenueEstimate": {"avg": {"raw": 111956660, "fmt": "111.96M", "longFmt": "111,956,660"}, "low": {"raw": 76583700, "fmt": "76.58M", "longFmt": "76,583,700"}, "high": {"raw": 144704400, "fmt": "144.7M", "longFmt": "144,704,400"}, "numberOfAnalysts": {"raw": 8, "fmt": "8", "longFmt": "8"}, "yearAgoRevenue": {"raw": 46738120, "fmt": "46.74M", "longFmt": "46,738,120"}, "growth": {"raw": 1.3953999, "fmt": "139.54%"}, "revenueCurrency": "USD"}, "epsTrend": {"current": {"raw": -6.97667, "fmt": "-6.98"}, "7daysAgo": {"raw": -7.16571, "fmt": "-7.17"}, "30daysAgo": {"raw": -7.18857, "fmt": "-7.19"}, "60daysAgo": {"raw": -7.06286, "fmt": "-7.06"}, "90daysAgo": {"raw": -6.93375, "fmt": "-6.93"}, "epsTrendCurrency": "USD"}, "epsRevisions": {"upLast7days": {"raw": 1, "fmt": "1", "longFmt": "1"}, "upLast30days": {"raw": 1, "fmt": "1", "longFmt": "1"}, "downLast30days": {"raw": 0, "fmt": null, "longFmt": "0"}, "downLast7Days": {"raw": 0, "fmt": null, "longFmt": "0"}, "downLast90days": {}, "epsRevisionsCurrency": "USD"}}], "defaultMethodology": "nongaap", "maxAge": 1}, "earningsHistory": {"history": [{"maxAge": 1, "epsActual": {"raw": -1.74, "fmt": "-1.74"}, "epsEstimate": {"raw": -1.63, "fmt": "-1.63"}, "epsDifference": {"raw": -0.11, "fmt": "-0.11"}, "surprisePercent": {"raw": -0.0675, "fmt": "-6.75%"}, "quarter": {"raw": 1735603200, "fmt": "2024-12-31"}, "currency": "USD", "period": "-4q"}, {"maxAge": 1, "epsActual": {"raw": -1.55, "fmt": "-1.55"}, "epsEstimate": {"raw": -1.76, "fmt": "-1.76"}, "epsDifference": {"raw": 0.21, "fmt": "0.21"}, "surprisePercent": {"raw": 0.1193, "fmt": "11.93%"}, "quarter": {"raw": 1743379200, "fmt": "2025-03-31"}, "currency": "USD", "period": "-3q"}, {"maxAge": 1, "epsActual": {"raw": -1.93, "fmt": "-1.93"}, "epsEstimate": {"raw": -1.754, "fmt": "-1.75"}, "epsDifference": {"raw": -0.18, "fmt": "-0.18"}, "surprisePercent": {"raw": -0.1003, "fmt": "-10.03%"}, "quarter": {"raw": 1751241600, "fmt": "2025-06-30"}, "currency": "USD", "period": "-2q"}, {"maxAge": 1, "epsActual": {"raw": -1.78, "fmt": "-1.78"}, "epsEstimate": {"raw": -1.90429, "fmt": "-1.9"}, "epsDifference": {"raw": 0.12, "fmt": "0.12"}, "surprisePercent": {"raw": 0.0653, "fmt": "6.53%"}, "quarter": {"raw": 1759190400, "fmt": "2025-09-30"}, "currency": "USD", "period": "-1q"}], "defaultMethodology": "nongaap", "maxAge": 86400}, "financialData": {"maxAge": 86400, "currentPrice": {"raw": 40.13, "fmt": "40.13"}, "targetHighPrice": {"raw": 57.0, "fmt": "57.00"}, "targetLowPrice": {"raw": 37.0, "fmt": "37.00"}, "targetMeanPrice": {"raw": 47.33333, "fmt": "47.33"}, "targetMedianPrice": {"raw": 47.0, "fmt": "47.00"}, "recommendationMean": {"raw": 2.0, "fmt": "2.00"}, "recommendationKey": "buy", "numberOfAnalystOpinions": {"raw": 6, "fmt": "6", "longFmt": "6"}, "totalCash": {"raw": 952860032, "fmt": "952.86M", "longFmt": "952,860,032"}, "totalCashPerShare": {"raw": 16.34, "fmt": "16.34"}, "ebitda": {"raw": -470312992, "fmt": "-470.31M", "longFmt": "-470,312,992"}, "totalDebt": {"raw": 44515000, "fmt": "44.52M", "longFmt": "44,515,000"}, "quickRatio": {"raw": 12.813, "fmt": "12.81"}, "currentRatio": {"raw": 13.82, "fmt": "13.82"}, "totalRevenue": {"raw": 44791000, "fmt": "44.79M", "longFmt": "44,791,000"}, "debtToEquity": {"raw": 3.466, "fmt": "3.47%"}, "revenuePerShare": {"raw": 0.777, "fmt": "0.78"}, "returnOnAssets": {"raw": -0.18709, "fmt": "-18.71%"}, "returnOnEquity": {"raw": -0.27569, "fmt": "-27.57%"}, "grossProfits": {"raw": -295224000, "fmt": "-295.22M", "longFmt": "-295,224,000"}, "freeCashflow": {"raw": -313977376, "fmt": "-313.98M", "longFmt": "-313,977,376"}, "operatingCashflow": {"raw": -409931008, "fmt": "-409.93M", "longFmt": "-409,931,008"}, "earningsGrowth": {}, "revenueGrowth": {"raw": 0.437, "fmt": "43.70%"}, "grossMargins": {"raw": 0.0, "fmt": "0.00%"}, "ebitdaMargins": {"raw": 0.0, "fmt": "0.00%"}, "operatingMargins": {"raw": -9.07368, "fmt": "-907.37%"}, "profitMargins": {"raw": 0.0, "fmt": "0.00%"}, "financialCurrency": "USD"}}