{"assetProfile": {"address1": "Connaught Commercial Building", "address2": "Room 1502-3 15/F 185 Wanchai Road", "city": "Wan Chai", "country": "Hong Kong", "phone": "852 9750 2047", "website": "https://agmhgroup.com", "industry": "Computer Hardware", "industryKey": "computer-hardware", "industryDisp": "Computer Hardware", "sector": "Technology", "sectorKey": "technology", "sectorDisp": "Technology", "longBusinessSummary": "AGM Group Holdings Inc., a technology company, engages in the sale of cryptocurrency mining machine and standardized computing equipment in China, Hong Kong, and Singapore. It is also involved in the technology hardware research and development, manufacture, as well as assembling and sales of technology hardware. The company was incorporated in 2015 and is based in Wan Chai, Hong Kong.", "fullTimeEmployees": 10, "companyOfficers": [{"maxAge": 1, "name": "Dr. Bo  Zhu", "age": 37, "title": "CEO, Chief Strategy Officer & Director", "yearBorn": 1987, "fiscalYear": 2024, "totalPay": {"raw": 120000, "fmt": "120k", "longFmt": "120,000"}, "exercisedValue": {"raw": 0, "fmt": null, "longFmt": "0"}, "unexercisedValue": {"raw": 0, "fmt": null, "longFmt": "0"}}, {"maxAge": 1, "name": "Mr. Xuedong  Tian C.F.A.", "age": 52, "title": "Investor Relations", "yearBorn": 1972, "fiscalYear": 2024, "exercisedValue": {"raw": 0, "fmt": null, "longFmt": "0"}, "unexercisedValue": {"raw": 0, "fmt": null, "longFmt": "0"}}, {"maxAge": 1, "name": "Mr. Chong Chao Ma", "age": 43, "title": "Chief Executive Officer of AGM Canada Holdings Limited", "yearBorn": 1981, "fiscalYear": 2024, "exercisedValue": {"raw": 0, "fmt": null, "longFmt": "0"}, "unexercisedValue": {"raw": 0, "fmt": null, "longFmt": "0"}}], "compensationAsOfEpochDate": 1735603200, "executiveTeam": [], "maxAge": 86400}, "calendarEvents": {"maxAge": 1, "earnings": {"earningsDate": [], "earningsCallDate": [], "isEarningsDateEstimate": false, "earningsAverage": {}, "earningsLow": {}, "earningsHigh": {}, "revenueAverage": {}, "revenueLow": {}, "revenueHigh": {}}, "exDividendDate": {}, "dividendDate": {}}, "earningsTrend": {"trend": [{"maxAge": 1, "period": "0q", "endDate": null, "growth": {}, "earningsEstimate": {"avg": {}, "low": {}, "high": {}, "yearAgoEps": {}, "numberOfAnalysts": {}, "growth": {}, "earningsCurrency": null}, "revenueEstimate": {"avg": {"raw": 0, "fmt": null, "longFmt": "0"}, "low": {"raw": 0, "fmt": null, "longFmt": "0"}, "high": {"raw": 0, "fmt": null, "longFmt": "0"}, "numberOfAnalysts": {"raw": 0, "fmt": null, "longFmt": "0"}, "yearAgoRevenue": {}, "growth": {}, "revenueCurrency": null}, "epsTrend": {"current": {}, "7daysAgo": {}, "30daysAgo": {}, "60daysAgo": {}, "90daysAgo": {}, "epsTrendCurrency": null}, "epsRevisions": {"upLast7days": {}, "upLast30days": {}, "downLast30days": {}, "downLast7Days": {}, "downLast90days": {}, "epsRevisionsCurrency": null}}, {"maxAge": 1, "period": "+1q", "endDate": null, "growth": {}, "earningsEstimate": {"avg": {}, "low": {}, "high": {}, "yearAgoEps": {}, "numberOfAnalysts": {}, "growth": {}, "earningsCurrency": null}, "revenueEstimate": {"avg": {"raw": 0, "fmt": null, "longFmt": "0"}, "low": {"raw": 0, "fmt": null, "longFmt": "0"}, "high": {"raw": 0, "fmt": null, "longFmt": "0"}, "numberOfAnalysts": {"raw": 0, "fmt": null, "longFmt": "0"}, "yearAgoRevenue": {}, "growth": {}, "revenueCurrency": null}, "epsTrend": {"current": {}, "7daysAgo": {}, "30daysAgo": {}, "60daysAgo": {}, "90daysAgo": {}, "epsTrendCurrency": null}, "epsRevisions": {"upLast7days": {}, "upLast30days": {}, "downLast30days": {}, "downLast7Days": {}, "downLast90days": {}, "epsRevisionsCurrency": null}}, {"maxAge": 1, "period": "0y", "endDate": null, "growth": {}, "earningsEstimate": {"avg": {}, "low": {}, "high": {}, "yearAgoEps": {}, "numberOfAnalysts": {}, "growth": {}, "earningsCurrency": null}, "revenueEstimate": {"avg": {"raw": 0, "fmt": null, "longFmt": "0"}, "low": {"raw": 0, "fmt": null, "longFmt": "0"}, "high": {"raw": 0, "fmt": null, "longFmt": "0"}, "numberOfAnalysts": {"raw": 0, "fmt": null, "longFmt": "0"}, "yearAgoRevenue": {}, "growth": {}, "revenueCurrency": null}, "epsTrend": {"current": {}, "7daysAgo": {}, "30daysAgo": {}, "60daysAgo": {}, "90daysAgo": {}, "epsTrendCurrency": null}, "epsRevisions": {"upLast7days": {}, "upLast30days": {}, "downLast30days": {}, "downLast7Days": {}, "downLast90days": {}, "epsRevisionsCurrency": null}}, {"maxAge": 1, "period": "+1y", "endDate": null, "growth": {}, "earningsEstimate": {"avg": {}, "low": {}, "high": {}, "yearAgoEps": {}, "numberOfAnalysts": {}, "growth": {}, "earningsCurrency": null}, "revenueEstimate": {"avg": {"raw": 0, "fmt": null, "longFmt": "0"}, "low": {"raw": 0, "fmt": null, "longFmt": "0"}, "high": {"raw": 0, "fmt": null, "longFmt": "0"}, "numberOfAnalysts": {"raw": 0, "fmt": null, "longFmt": "0"}, "yearAgoRevenue": {}, "growth": {}, "revenueCurrency": null}, "epsTrend": {"current": {}, "7daysAgo": {}, "30daysAgo": {}, "60daysAgo": {}, "90daysAgo": {}, "epsTrendCurrency": null}, "epsRevisions": {"upLast7days": {}, "upLast30days": {}, "downLast30days": {}, "downLast7Days": {}, "downLast90days": {}, "epsRevisionsCurrency": null}}], "defaultMethodology": "nongaap", "maxAge": 1}, "earningsHistory": {"history": [], "defaultMethodology": "nongaap", "maxAge": 86400}, "financialData": {"maxAge": 86400, "currentPrice": {"raw": 3.68, "fmt": "3.68"}, "targetHighPrice": {}, "targetLowPrice": {}, "targetMeanPrice": {}, "targetMedianPrice": {}, "recommendationMean": {}, "recommendationKey": "none", "numberOfAnalystOpinions": {}, "totalCash": {"raw": 6492701, "fmt": "6.49M", "longFmt": "6,492,701"}, "totalCashPerShare": {"raw": 3.289, "fmt": "3.29"}, "ebitda": {"raw": 19562996, "fmt": "19.56M", "longFmt": "19,562,996"}, "totalDebt": {"raw": 2173365, "fmt": "2.17M", "longFmt": "2,173,365"}, "quickRatio": {"raw": 1.323, "fmt": "1.32"}, "currentRatio": {"raw": 1.935, "fmt": "1.93"}, "totalRevenue": {"raw": 48526744, "fmt": "48.53M", "longFmt": "48,526,744"}, "debtToEquity": {"raw": 6.078, "fmt": "6.08%"}, "revenuePerShare": {"raw": 52.295, "fmt": "52.29"}, "returnOnAssets": {"raw": 0.18094, "fmt": "18.09%"}, "returnOnEquity": {"raw": 0.95307, "fmt": "95.31%"}, "grossProfits": {"raw": 7497605, "fmt": "7.5M", "longFmt": "7,497,605"}, "freeCashflow": {"raw": -12927555, "fmt": "-12.93M", "longFmt": "-12,927,555"}, "operatingCashflow": {"raw": 2124330, "fmt": "2.12M", "longFmt": "2,124,330"}, "earningsGrowth": {}, "revenueGrowth": {"raw": 4.307, "fmt": "430.70%"}, "grossMargins": {"raw": 0.1545, "fmt": "15.45%"}, "ebitdaMargins": {"raw": 0.40313998, "fmt": "40.31%"}, "operatingMargins": {"raw": -0.01599, "fmt": "-1.60%"}, "profitMargins": {"raw": 0.31413, "fmt": "31.41%"}, "financialCurrency": "USD"}}