{"assetProfile": {"address1": "7373 Wisconsin Avenue", "address2": "22nd Floor", "city": "Bethesda", "state": "MD", "zip": "20814", "country": "United States", "phone": "301 968 9315", "fax": "301 968 9301", "website": "https://agnc.com", "industry": "REIT - Mortgage", "industryKey": "reit-mortgage", "industryDisp": "REIT - Mortgage", "sector": "Real Estate", "sectorKey": "real-estate", "sectorDisp": "Real Estate", "longBusinessSummary": "AGNC Investment Corp. provides private capital to housing market in the United States. The company invests in residential mortgage pass-through securities and collateralized mortgage obligations for which the principal and interest payments are guaranteed by the United States government-sponsored enterprise or by the United States government agency. It qualifies as a real estate investment trust for federal income tax purposes. The company generally would not be subject to federal or state corporate income taxes if it distributes at least 90% of its taxable income to its stockholders. The company was formerly known as American Capital Agency Corp. and changed its name to AGNC Investment Corp. in September 2016. AGNC Investment Corp. was incorporated in 2008 and is headquartered in Bethesda, Maryland.", "fullTimeEmployees": 53, "companyOfficers": [{"maxAge": 1, "name": "Mr. Gary D. Kain", "age": 59, "title": "Executive Chairman", "yearBorn": 1965, "fiscalYear": 2024, "totalPay": {"raw": 6262700, "fmt": "6.26M", "longFmt": "6,262,700"}, "exercisedValue": {"raw": 0, "fmt": null, "longFmt": "0"}, "unexercisedValue": {"raw": 0, "fmt": null, "longFmt": "0"}}, {"maxAge": 1, "name": "Mr. Peter J. Federico", "age": 58, "title": "President, CEO & Director and Chief Investment Officer", "yearBorn": 1966, "fiscalYear": 2024, "totalPay": {"raw": 8098200, "fmt": "8.1M", "longFmt": "8,098,200"}, "exercisedValue": {"raw": 0, "fmt": null, "longFmt": "0"}, "unexercisedValue": {"raw": 0, "fmt": null, "longFmt": "0"}}, {"maxAge": 1, "name": "Ms. Bernice E. Bell CPA", "age": 52, "title": "Executive VP & CFO", "yearBorn": 1972, "fiscalYear": 2024, "totalPay": {"raw": 3111525, "fmt": "3.11M", "longFmt": "3,111,525"}, "exercisedValue": {"raw": 0, "fmt": null, "longFmt": "0"}, "unexercisedValue": {"raw": 0, "fmt": null, "longFmt": "0"}}, {"maxAge": 1, "name": "Mr. Kenneth L. Pollack", "age": 56, "title": "Executive VP, General Counsel, Chief Compliance Officer & Secretary", "yearBorn": 1968, "fiscalYear": 2024, "totalPay": {"raw": 2434800, "fmt": "2.43M", "longFmt": "2,434,800"}, "exercisedValue": {"raw": 0, "fmt": null, "longFmt": "0"}, "unexercisedValue": {"raw": 0, "fmt": null, "longFmt": "0"}}, {"maxAge": 1, "name": "Mr. Sean  Reid J.D.", "title": "Executive Vice President of Strategy & Corporate Development", "fiscalYear": 2024, "totalPay": {"raw": 2434800, "fmt": "2.43M", "longFmt": "2,434,800"}, "exercisedValue": {"raw": 0, "fmt": null, "longFmt": "0"}, "unexercisedValue": {"raw": 0, "fmt": null, "longFmt": "0"}}, {"maxAge": 1, "name": "Mr. Christopher J. Kuehl", "age": 50, "title": "Senior VP and Head of Investment Research & Strategy", "yearBorn": 1974, "fiscalYear": 2024, "totalPay": {"raw": 4746600, "fmt": "4.75M", "longFmt": "4,746,600"}, "exercisedValue": {"raw": 0, "fmt": null, "longFmt": "0"}, "unexercisedValue": {"raw": 0, "fmt": null, "longFmt": "0"}}, {"maxAge": 1, "name": "Mr. Christopher  Erhorn B.S.", "title": "Senior VP & CTO", "fiscalYear": 2024, "exercisedValue": {"raw": 0, "fmt": null, "longFmt": "0"}, "unexercisedValue": {"raw": 0, "fmt": null, "longFmt": "0"}}, {"maxAge": 1, "name": "Ms. Katie R. Wisecarver", "title": "Vice President of Investor Relations", "fiscalYear": 2024, "exercisedValue": {"raw": 0, "fmt": null, "longFmt": "0"}, "unexercisedValue": {"raw": 0, "fmt": null, "longFmt": "0"}}, {"maxAge": 1, "name": "Ms. Cynthia  Warnick", "title": "Vice President of Human Resources", "fiscalYear": 2024, "exercisedValue": {"raw": 0, "fmt": null, "longFmt": "0"}, "unexercisedValue": {"raw": 0, "fmt": null, "longFmt": "0"}}, {"maxAge": 1, "name": "Mr. Jason  Campbell", "title": "Head of Asset & Liability Management and Senior VP", "fiscalYear": 2024, "exercisedValue": {"raw": 0, "fmt": null, "longFmt": "0"}, "unexercisedValue": {"raw": 0, "fmt": null, "longFmt": "0"}}], "compensationAsOfEpochDate": 1735603200, "irWebsite": "http://ir.agnc.com/phoenix.zhtml?c=219916&p=irol-irhome", "executiveTeam": [], "maxAge": 86400}, "calendarEvents": {"maxAge": 1, "earnings": {"earningsDate": [], "earningsCallDate": [], "isEarningsDateEstimate": false, "earningsAverage": {}, "earningsLow": {}, "earningsHigh": {}, "revenueAverage": {"raw": 354749250, "fmt": "354.75M", "longFmt": "354,749,250"}, "revenueLow": {"raw": 182594000, "fmt": "182.59M", "longFmt": "182,594,000"}, "revenueHigh": {"raw": 475036000, "fmt": "475.04M", "longFmt": "475,036,000"}}, "exDividendDate": {"raw": 1759276800, "fmt": "2025-10-01"}, "dividendDate": {"raw": 1760486400, "fmt": "2025-10-15"}}, "earningsTrend": {"trend": [{"maxAge": 1, "period": "0q", "endDate": "2025-12-31", "growth": {}, "earningsEstimate": {"avg": {}, "low": {}, "high": {}, "yearAgoEps": {}, "numberOfAnalysts": {}, "growth": {}, "earningsCurrency": null}, "revenueEstimate": {"avg": {"raw": 354749250, "fmt": "354.75M", "longFmt": "354,749,250"}, "low": {"raw": 182594000, "fmt": "182.59M", "longFmt": "182,594,000"}, "high": {"raw": 475036000, "fmt": "475.04M", "longFmt": "475,036,000"}, "numberOfAnalysts": {"raw": 8, "fmt": "8", "longFmt": "8"}, "yearAgoRevenue": {"raw": 115000000, "fmt": "115M", "longFmt": "115,000,000"}, "growth": {"raw": 2.0848, "fmt": "208.48%"}, "revenueCurrency": "USD"}, "epsTrend": {"current": {}, "7daysAgo": {}, "30daysAgo": {}, "60daysAgo": {}, "90daysAgo": {}, "epsTrendCurrency": null}, "epsRevisions": {"upLast7days": {}, "upLast30days": {}, "downLast30days": {}, "downLast7Days": {}, "downLast90days": {}, "epsRevisionsCurrency": null}}, {"maxAge": 1, "period": "+1q", "endDate": "2026-03-31", "growth": {}, "earningsEstimate": {"avg": {}, "low": {}, "high": {}, "yearAgoEps": {}, "numberOfAnalysts": {}, "growth": {}, "earningsCurrency": null}, "revenueEstimate": {"avg": {"raw": 424394000, "fmt": "424.39M", "longFmt": "424,394,000"}, "low": {"raw": 250000000, "fmt": "250M", "longFmt": "250,000,000"}, "high": {"raw": 645500000, "fmt": "645.5M", "longFmt": "645,500,000"}, "numberOfAnalysts": {"raw": 6, "fmt": "6", "longFmt": "6"}, "yearAgoRevenue": {"raw": 159000000, "fmt": "159M", "longFmt": "159,000,000"}, "growth": {"raw": 1.6691, "fmt": "166.91%"}, "revenueCurrency": "USD"}, "epsTrend": {"current": {}, "7daysAgo": {}, "30daysAgo": {}, "60daysAgo": {}, "90daysAgo": {}, "epsTrendCurrency": null}, "epsRevisions": {"upLast7days": {}, "upLast30days": {}, "downLast30days": {}, "downLast7Days": {}, "downLast90days": {}, "epsRevisionsCurrency": null}}, {"maxAge": 1, "period": "0y", "endDate": "2025-12-31", "growth": {}, "earningsEstimate": {"avg": {}, "low": {}, "high": {}, "yearAgoEps": {}, "numberOfAnalysts": {}, "growth": {}, "earningsCurrency": null}, "revenueEstimate": {"avg": {"raw": 1099878750, "fmt": "1.1B", "longFmt": "1,099,878,750"}, "low": {"raw": 651594000, "fmt": "651.59M", "longFmt": "651,594,000"}, "high": {"raw": 1834036000, "fmt": "1.83B", "longFmt": "1,834,036,000"}, "numberOfAnalysts": {"raw": 8, "fmt": "8", "longFmt": "8"}, "yearAgoRevenue": {"raw": 18000000, "fmt": "18M", "longFmt": "18,000,000"}, "growth": {"raw": 60.1044, "fmt": "6,010.44%"}, "revenueCurrency": "USD"}, "epsTrend": {"current": {}, "7daysAgo": {}, "30daysAgo": {}, "60daysAgo": {}, "90daysAgo": {}, "epsTrendCurrency": null}, "epsRevisions": {"upLast7days": {}, "upLast30days": {}, "downLast30days": {}, "downLast7Days": {}, "downLast90days": {}, "epsRevisionsCurrency": null}}, {"maxAge": 1, "period": "+1y", "endDate": "2026-12-31", "growth": {}, "earningsEstimate": {"avg": {}, "low": {}, "high": {}, "yearAgoEps": {}, "numberOfAnalysts": {}, "growth": {}, "earningsCurrency": null}, "revenueEstimate": {"avg": {"raw": 1906599140, "fmt": "1.91B", "longFmt": "1,906,599,140"}, "low": {"raw": 1223000000, "fmt": "1.22B", "longFmt": "1,223,000,000"}, "high": {"raw": 2748400000, "fmt": "2.75B", "longFmt": "2,748,400,000"}, "numberOfAnalysts": {"raw": 7, "fmt": "7", "longFmt": "7"}, "yearAgoRevenue": {"raw": 1099878750, "fmt": "1.1B", "longFmt": "1,099,878,750"}, "growth": {"raw": 0.7335, "fmt": "73.35%"}, "revenueCurrency": "USD"}, "epsTrend": {"current": {}, "7daysAgo": {}, "30daysAgo": {}, "60daysAgo": {}, "90daysAgo": {}, "epsTrendCurrency": null}, "epsRevisions": {"upLast7days": {}, "upLast30days": {}, "downLast30days": {}, "downLast7Days": {}, "downLast90days": {}, "epsRevisionsCurrency": null}}], "defaultMethodology": "nongaap", "maxAge": 1}, "earningsHistory": {"history": [], "defaultMethodology": "nongaap", "maxAge": 86400}, "financialData": {"maxAge": 86400, "currentPrice": {"raw": 25.44, "fmt": "25.44"}, "targetHighPrice": {}, "targetLowPrice": {}, "targetMeanPrice": {}, "targetMedianPrice": {}, "recommendationMean": {}, "recommendationKey": "none", "numberOfAnalystOpinions": {}, "totalCash": {"raw": 21994000384, "fmt": "21.99B", "longFmt": "21,994,000,384"}, "totalCashPerShare": {"raw": 20.503, "fmt": "20.5"}, "ebitda": {}, "totalDebt": {"raw": 74296999936, "fmt": "74.3B", "longFmt": "74,296,999,936"}, "quickRatio": {"raw": 0.244, "fmt": "0.24"}, "currentRatio": {"raw": 0.259, "fmt": "0.26"}, "totalRevenue": {"raw": 956000000, "fmt": "956M", "longFmt": "956,000,000"}, "debtToEquity": {"raw": 649.222, "fmt": "649.22%"}, "revenuePerShare": {"raw": 0.987, "fmt": "0.99"}, "returnOnAssets": {"raw": 0.00844, "fmt": "0.84%"}, "returnOnEquity": {"raw": 0.07943, "fmt": "7.94%"}, "grossProfits": {"raw": 956000000, "fmt": "956M", "longFmt": "956,000,000"}, "freeCashflow": {}, "operatingCashflow": {"raw": 604000000, "fmt": "604M", "longFmt": "604,000,000"}, "earningsGrowth": {"raw": 0.857, "fmt": "85.70%"}, "revenueGrowth": {"raw": 1.223, "fmt": "122.30%"}, "grossMargins": {"raw": 1.0, "fmt": "100.00%"}, "ebitdaMargins": {"raw": 0.0, "fmt": "0.00%"}, "operatingMargins": {"raw": 0.96411, "fmt": "96.41%"}, "profitMargins": {"raw": 0.87657, "fmt": "87.66%"}, "financialCurrency": "USD"}}