{"assetProfile": {"address1": "7373 Wisconsin Avenue", "address2": "22nd Floor", "city": "Bethesda", "state": "MD", "zip": "20814", "country": "United States", "phone": "301 968 9315", "fax": "301 968 9301", "website": "https://agnc.com", "industry": "REIT - Mortgage", "industryKey": "reit-mortgage", "industryDisp": "REIT - Mortgage", "sector": "Real Estate", "sectorKey": "real-estate", "sectorDisp": "Real Estate", "longBusinessSummary": "AGNC Investment Corp. provides private capital to housing market in the United States. The company invests in residential mortgage pass-through securities and collateralized mortgage obligations for which the principal and interest payments are guaranteed by the United States government-sponsored enterprise or by the United States government agency. It qualifies as a real estate investment trust for federal income tax purposes. The company generally would not be subject to federal or state corporate income taxes if it distributes at least 90% of its taxable income to its stockholders. The company was formerly known as American Capital Agency Corp. and changed its name to AGNC Investment Corp. in September 2016. AGNC Investment Corp. was incorporated in 2008 and is headquartered in Bethesda, Maryland.", "fullTimeEmployees": 53, "companyOfficers": [{"maxAge": 1, "name": "Mr. Gary D. Kain", "age": 59, "title": "Executive Chairman", "yearBorn": 1965, "fiscalYear": 2024, "totalPay": {"raw": 6262700, "fmt": "6.26M", "longFmt": "6,262,700"}, "exercisedValue": {"raw": 0, "fmt": null, "longFmt": "0"}, "unexercisedValue": {"raw": 0, "fmt": null, "longFmt": "0"}}, {"maxAge": 1, "name": "Mr. Peter J. Federico", "age": 58, "title": "President, CEO & Director and Chief Investment Officer", "yearBorn": 1966, "fiscalYear": 2024, "totalPay": {"raw": 8098200, "fmt": "8.1M", "longFmt": "8,098,200"}, "exercisedValue": {"raw": 0, "fmt": null, "longFmt": "0"}, "unexercisedValue": {"raw": 0, "fmt": null, "longFmt": "0"}}, {"maxAge": 1, "name": "Ms. Bernice E. Bell CPA", "age": 52, "title": "Executive VP & CFO", "yearBorn": 1972, "fiscalYear": 2024, "totalPay": {"raw": 3111525, "fmt": "3.11M", "longFmt": "3,111,525"}, "exercisedValue": {"raw": 0, "fmt": null, "longFmt": "0"}, "unexercisedValue": {"raw": 0, "fmt": null, "longFmt": "0"}}, {"maxAge": 1, "name": "Mr. Kenneth L. Pollack", "age": 56, "title": "Executive VP, General Counsel, Chief Compliance Officer & Secretary", "yearBorn": 1968, "fiscalYear": 2024, "totalPay": {"raw": 2434800, "fmt": "2.43M", "longFmt": "2,434,800"}, "exercisedValue": {"raw": 0, "fmt": null, "longFmt": "0"}, "unexercisedValue": {"raw": 0, "fmt": null, "longFmt": "0"}}, {"maxAge": 1, "name": "Mr. Sean  Reid J.D.", "title": "Executive Vice President of Strategy & Corporate Development", "fiscalYear": 2024, "totalPay": {"raw": 2434800, "fmt": "2.43M", "longFmt": "2,434,800"}, "exercisedValue": {"raw": 0, "fmt": null, "longFmt": "0"}, "unexercisedValue": {"raw": 0, "fmt": null, "longFmt": "0"}}, {"maxAge": 1, "name": "Mr. Christopher J. Kuehl", "age": 50, "title": "Senior VP and Head of Investment Research & Strategy", "yearBorn": 1974, "fiscalYear": 2024, "totalPay": {"raw": 4746600, "fmt": "4.75M", "longFmt": "4,746,600"}, "exercisedValue": {"raw": 0, "fmt": null, "longFmt": "0"}, "unexercisedValue": {"raw": 0, "fmt": null, "longFmt": "0"}}, {"maxAge": 1, "name": "Mr. Christopher  Erhorn B.S.", "title": "Senior VP & CTO", "fiscalYear": 2024, "exercisedValue": {"raw": 0, "fmt": null, "longFmt": "0"}, "unexercisedValue": {"raw": 0, "fmt": null, "longFmt": "0"}}, {"maxAge": 1, "name": "Ms. Katie R. Wisecarver", "title": "Vice President of Investor Relations", "fiscalYear": 2024, "exercisedValue": {"raw": 0, "fmt": null, "longFmt": "0"}, "unexercisedValue": {"raw": 0, "fmt": null, "longFmt": "0"}}, {"maxAge": 1, "name": "Ms. Cynthia  Warnick", "title": "Vice President of Human Resources", "fiscalYear": 2024, "exercisedValue": {"raw": 0, "fmt": null, "longFmt": "0"}, "unexercisedValue": {"raw": 0, "fmt": null, "longFmt": "0"}}, {"maxAge": 1, "name": "Mr. Jason  Campbell", "title": "Head of Asset & Liability Management and Senior VP", "fiscalYear": 2024, "exercisedValue": {"raw": 0, "fmt": null, "longFmt": "0"}, "unexercisedValue": {"raw": 0, "fmt": null, "longFmt": "0"}}], "auditRisk": 5, "boardRisk": 4, "compensationRisk": 1, "shareHolderRightsRisk": 4, "overallRisk": 2, "governanceEpochDate": 1761955200, "compensationAsOfEpochDate": 1735603200, "irWebsite": "http://ir.agnc.com/phoenix.zhtml?c=219916&p=irol-irhome", "executiveTeam": [], "maxAge": 86400}, "calendarEvents": {"maxAge": 1, "earnings": {"earningsDate": [{"raw": 1769461200, "fmt": "2026-01-26"}], "earningsCallDate": [{"raw": 1761049800, "fmt": "2025-10-21"}], "isEarningsDateEstimate": true, "earningsAverage": {"raw": 0.37262, "fmt": "0.37"}, "earningsLow": {"raw": 0.34, "fmt": "0.34"}, "earningsHigh": {"raw": 0.408, "fmt": "0.41"}, "revenueAverage": {"raw": 354749250, "fmt": "354.75M", "longFmt": "354,749,250"}, "revenueLow": {"raw": 182594000, "fmt": "182.59M", "longFmt": "182,594,000"}, "revenueHigh": {"raw": 475036000, "fmt": "475.04M", "longFmt": "475,036,000"}}, "exDividendDate": {"raw": 1761868800, "fmt": "2025-10-31"}, "dividendDate": {"raw": 1762905600, "fmt": "2025-11-12"}}, "earningsTrend": {"trend": [{"maxAge": 1, "period": "0q", "endDate": "2025-12-31", "growth": {"raw": 0.0070999996, "fmt": "0.71%"}, "earningsEstimate": {"avg": {"raw": 0.37262, "fmt": "0.37"}, "low": {"raw": 0.34, "fmt": "0.34"}, "high": {"raw": 0.408, "fmt": "0.41"}, "yearAgoEps": {"raw": 0.37, "fmt": "0.37"}, "numberOfAnalysts": {"raw": 12, "fmt": "12", "longFmt": "12"}, "growth": {"raw": 0.0070999996, "fmt": "0.71%"}, "earningsCurrency": "USD"}, "revenueEstimate": {"avg": {"raw": 354749250, "fmt": "354.75M", "longFmt": "354,749,250"}, "low": {"raw": 182594000, "fmt": "182.59M", "longFmt": "182,594,000"}, "high": {"raw": 475036000, "fmt": "475.04M", "longFmt": "475,036,000"}, "numberOfAnalysts": {"raw": 8, "fmt": "8", "longFmt": "8"}, "yearAgoRevenue": {"raw": 115000000, "fmt": "115M", "longFmt": "115,000,000"}, "growth": {"raw": 2.0848, "fmt": "208.48%"}, "revenueCurrency": "USD"}, "epsTrend": {"current": {"raw": 0.37262, "fmt": "0.37"}, "7daysAgo": {"raw": 0.3921, "fmt": "0.39"}, "30daysAgo": {"raw": 0.39271, "fmt": "0.39"}, "60daysAgo": {"raw": 0.39066, "fmt": "0.39"}, "90daysAgo": {"raw": 0.39066, "fmt": "0.39"}, "epsTrendCurrency": "USD"}, "epsRevisions": {"upLast7days": {"raw": 1, "fmt": "1", "longFmt": "1"}, "upLast30days": {"raw": 1, "fmt": "1", "longFmt": "1"}, "downLast30days": {"raw": 6, "fmt": "6", "longFmt": "6"}, "downLast7Days": {"raw": 5, "fmt": "5", "longFmt": "5"}, "downLast90days": {}, "epsRevisionsCurrency": "USD"}}, {"maxAge": 1, "period": "+1q", "endDate": "2026-03-31", "growth": {"raw": -0.1082, "fmt": "-10.82%"}, "earningsEstimate": {"avg": {"raw": 0.39241, "fmt": "0.39"}, "low": {"raw": 0.35, "fmt": "0.35"}, "high": {"raw": 0.47, "fmt": "0.47"}, "yearAgoEps": {"raw": 0.44, "fmt": "0.44"}, "numberOfAnalysts": {"raw": 12, "fmt": "12", "longFmt": "12"}, "growth": {"raw": -0.1082, "fmt": "-10.82%"}, "earningsCurrency": "USD"}, "revenueEstimate": {"avg": {"raw": 424394000, "fmt": "424.39M", "longFmt": "424,394,000"}, "low": {"raw": 250000000, "fmt": "250M", "longFmt": "250,000,000"}, "high": {"raw": 645500000, "fmt": "645.5M", "longFmt": "645,500,000"}, "numberOfAnalysts": {"raw": 6, "fmt": "6", "longFmt": "6"}, "yearAgoRevenue": {"raw": 159000000, "fmt": "159M", "longFmt": "159,000,000"}, "growth": {"raw": 1.6691, "fmt": "166.91%"}, "revenueCurrency": "USD"}, "epsTrend": {"current": {"raw": 0.39241, "fmt": "0.39"}, "7daysAgo": {"raw": 0.39618, "fmt": "0.4"}, "30daysAgo": {"raw": 0.39807, "fmt": "0.4"}, "60daysAgo": {"raw": 0.39141, "fmt": "0.39"}, "90daysAgo": {"raw": 0.39141, "fmt": "0.39"}, "epsTrendCurrency": "USD"}, "epsRevisions": {"upLast7days": {"raw": 2, "fmt": "2", "longFmt": "2"}, "upLast30days": {"raw": 1, "fmt": "1", "longFmt": "1"}, "downLast30days": {"raw": 3, "fmt": "3", "longFmt": "3"}, "downLast7Days": {"raw": 1, "fmt": "1", "longFmt": "1"}, "downLast90days": {}, "epsRevisionsCurrency": "USD"}}, {"maxAge": 1, "period": "0y", "endDate": "2025-12-31", "growth": {"raw": -0.18620001, "fmt": "-18.62%"}, "earningsEstimate": {"avg": {"raw": 1.53003, "fmt": "1.53"}, "low": {"raw": 1.5, "fmt": "1.5"}, "high": {"raw": 1.566, "fmt": "1.57"}, "yearAgoEps": {"raw": 1.88, "fmt": "1.88"}, "numberOfAnalysts": {"raw": 13, "fmt": "13", "longFmt": "13"}, "growth": {"raw": -0.18620001, "fmt": "-18.62%"}, "earningsCurrency": "USD"}, "revenueEstimate": {"avg": {"raw": 1099878750, "fmt": "1.1B", "longFmt": "1,099,878,750"}, "low": {"raw": 651594000, "fmt": "651.59M", "longFmt": "651,594,000"}, "high": {"raw": 1834036000, "fmt": "1.83B", "longFmt": "1,834,036,000"}, "numberOfAnalysts": {"raw": 8, "fmt": "8", "longFmt": "8"}, "yearAgoRevenue": {"raw": 18000000, "fmt": "18M", "longFmt": "18,000,000"}, "growth": {"raw": 60.1044, "fmt": "6,010.44%"}, "revenueCurrency": "USD"}, "epsTrend": {"current": {"raw": 1.53003, "fmt": "1.53"}, "7daysAgo": {"raw": 1.5, "fmt": "1.5"}, "30daysAgo": {"raw": 1.59135, "fmt": "1.59"}, "60daysAgo": {"raw": 1.58402, "fmt": "1.58"}, "90daysAgo": {"raw": 1.5954, "fmt": "1.6"}, "epsTrendCurrency": "USD"}, "epsRevisions": {"upLast7days": {"raw": 0, "fmt": null, "longFmt": "0"}, "upLast30days": {"raw": 0, "fmt": null, "longFmt": "0"}, "downLast30days": {"raw": 12, "fmt": "12", "longFmt": "12"}, "downLast7Days": {"raw": 0, "fmt": null, "longFmt": "0"}, "downLast90days": {}, "epsRevisionsCurrency": "USD"}}, {"maxAge": 1, "period": "+1y", "endDate": "2026-12-31", "growth": {"raw": 0.0478, "fmt": "4.78%"}, "earningsEstimate": {"avg": {"raw": 1.60313, "fmt": "1.6"}, "low": {"raw": 1.47, "fmt": "1.47"}, "high": {"raw": 2.03, "fmt": "2.03"}, "yearAgoEps": {"raw": 1.53003, "fmt": "1.53"}, "numberOfAnalysts": {"raw": 13, "fmt": "13", "longFmt": "13"}, "growth": {"raw": 0.0478, "fmt": "4.78%"}, "earningsCurrency": "USD"}, "revenueEstimate": {"avg": {"raw": 1906599140, "fmt": "1.91B", "longFmt": "1,906,599,140"}, "low": {"raw": 1223000000, "fmt": "1.22B", "longFmt": "1,223,000,000"}, "high": {"raw": 2748400000, "fmt": "2.75B", "longFmt": "2,748,400,000"}, "numberOfAnalysts": {"raw": 7, "fmt": "7", "longFmt": "7"}, "yearAgoRevenue": {"raw": 1099878750, "fmt": "1.1B", "longFmt": "1,099,878,750"}, "growth": {"raw": 0.7335, "fmt": "73.35%"}, "revenueCurrency": "USD"}, "epsTrend": {"current": {"raw": 1.60313, "fmt": "1.6"}, "7daysAgo": {"raw": 1.62189, "fmt": "1.62"}, "30daysAgo": {"raw": 1.61726, "fmt": "1.62"}, "60daysAgo": {"raw": 1.58033, "fmt": "1.58"}, "90daysAgo": {"raw": 1.58033, "fmt": "1.58"}, "epsTrendCurrency": "USD"}, "epsRevisions": {"upLast7days": {"raw": 2, "fmt": "2", "longFmt": "2"}, "upLast30days": {"raw": 1, "fmt": "1", "longFmt": "1"}, "downLast30days": {"raw": 4, "fmt": "4", "longFmt": "4"}, "downLast7Days": {"raw": 3, "fmt": "3", "longFmt": "3"}, "downLast90days": {}, "epsRevisionsCurrency": "USD"}}], "defaultMethodology": "nongaap", "maxAge": 1}, "earningsHistory": {"history": [{"maxAge": 1, "epsActual": {"raw": 0.37, "fmt": "0.37"}, "epsEstimate": {"raw": 0.42421, "fmt": "0.42"}, "epsDifference": {"raw": -0.05, "fmt": "-0.05"}, "surprisePercent": {"raw": -0.1278, "fmt": "-12.78%"}, "quarter": {"raw": 1735603200, "fmt": "2024-12-31"}, "currency": "USD", "period": "-4q"}, {"maxAge": 1, "epsActual": {"raw": 0.44, "fmt": "0.44"}, "epsEstimate": {"raw": 0.40523, "fmt": "0.41"}, "epsDifference": {"raw": 0.03, "fmt": "0.03"}, "surprisePercent": {"raw": 0.0858, "fmt": "8.58%"}, "quarter": {"raw": 1743379200, "fmt": "2025-03-31"}, "currency": "USD", "period": "-3q"}, {"maxAge": 1, "epsActual": {"raw": 0.38, "fmt": "0.38"}, "epsEstimate": {"raw": 0.41052, "fmt": "0.41"}, "epsDifference": {"raw": -0.03, "fmt": "-0.03"}, "surprisePercent": {"raw": -0.0743, "fmt": "-7.43%"}, "quarter": {"raw": 1751241600, "fmt": "2025-06-30"}, "currency": "USD", "period": "-2q"}, {"maxAge": 1, "epsActual": {"raw": 0.35, "fmt": "0.35"}, "epsEstimate": {"raw": 0.38649, "fmt": "0.39"}, "epsDifference": {"raw": -0.04, "fmt": "-0.04"}, "surprisePercent": {"raw": -0.094399996, "fmt": "-9.44%"}, "quarter": {"raw": 1759190400, "fmt": "2025-09-30"}, "currency": "USD", "period": "-1q"}], "defaultMethodology": "nongaap", "maxAge": 86400}, "financialData": {"maxAge": 86400, "currentPrice": {"raw": 10.05, "fmt": "10.05"}, "targetHighPrice": {"raw": 11.0, "fmt": "11.00"}, "targetLowPrice": {"raw": 9.0, "fmt": "9.00"}, "targetMeanPrice": {"raw": 10.15909, "fmt": "10.16"}, "targetMedianPrice": {"raw": 10.0, "fmt": "10.00"}, "recommendationMean": {"raw": 2.14286, "fmt": "2.14"}, "recommendationKey": "buy", "numberOfAnalystOpinions": {"raw": 11, "fmt": "11", "longFmt": "11"}, "totalCash": {"raw": 21994000384, "fmt": "21.99B", "longFmt": "21,994,000,384"}, "totalCashPerShare": {"raw": 20.503, "fmt": "20.5"}, "ebitda": {}, "totalDebt": {"raw": 74296999936, "fmt": "74.3B", "longFmt": "74,296,999,936"}, "quickRatio": {"raw": 0.244, "fmt": "0.24"}, "currentRatio": {"raw": 0.259, "fmt": "0.26"}, "totalRevenue": {"raw": 956000000, "fmt": "956M", "longFmt": "956,000,000"}, "debtToEquity": {"raw": 649.222, "fmt": "649.22%"}, "revenuePerShare": {"raw": 0.987, "fmt": "0.99"}, "returnOnAssets": {"raw": 0.00844, "fmt": "0.84%"}, "returnOnEquity": {"raw": 0.07943, "fmt": "7.94%"}, "grossProfits": {"raw": 956000000, "fmt": "956M", "longFmt": "956,000,000"}, "freeCashflow": {}, "operatingCashflow": {"raw": 604000000, "fmt": "604M", "longFmt": "604,000,000"}, "earningsGrowth": {"raw": 0.857, "fmt": "85.70%"}, "revenueGrowth": {"raw": 1.223, "fmt": "122.30%"}, "grossMargins": {"raw": 1.0, "fmt": "100.00%"}, "ebitdaMargins": {"raw": 0.0, "fmt": "0.00%"}, "operatingMargins": {"raw": 0.96411, "fmt": "96.41%"}, "profitMargins": {"raw": 0.87657, "fmt": "87.66%"}, "financialCurrency": "USD"}}