{"assetProfile": {"address1": "525 West 8th Avenue", "address2": "Suite 800", "city": "Vancouver", "state": "BC", "zip": "V5Z 1C6", "country": "Canada", "phone": "604 757 0952", "website": "https://agriforcegs.com", "industry": "Farm Products", "industryKey": "farm-products", "industryDisp": "Farm Products", "sector": "Consumer Defensive", "sectorKey": "consumer-defensive", "sectorDisp": "Consumer Defensive", "longBusinessSummary": "AgriFORCE Growing Systems Ltd., a technology company, focuses on the development and commercialization of plant-based ingredients and products that deliver healthier and nutritious solutions. The company operates through Unthink Food, Radical Clean Solutions, Bitcoin Mining segments. It offers controlled environment agriculture equipment; provides management advisory services; holds intellectual property; engages in the real estate holding and development business; and manufactures hydroxyl devices and food products. It is also involved in the Bitcoin mining business. The company was formerly known as Canivate Growing Systems Ltd. and changed its name to AgriFORCE Growing Systems Ltd. in November 2019. AgriFORCE Growing Systems Ltd. was incorporated in 2017 and is headquartered in Vancouver, Canada.", "fullTimeEmployees": 3, "companyOfficers": [{"maxAge": 1, "name": "Mr. David Ryan Welch", "age": 42, "title": "Executive Chairman", "yearBorn": 1982, "fiscalYear": 2024, "totalPay": {"raw": 106250, "fmt": "106.25k", "longFmt": "106,250"}, "exercisedValue": {"raw": 0, "fmt": null, "longFmt": "0"}, "unexercisedValue": {"raw": 0, "fmt": null, "longFmt": "0"}}, {"maxAge": 1, "name": "Ms. Jolie G. Kahn CPA, Esq.", "age": 59, "title": "Chief Executive Officer", "yearBorn": 1965, "fiscalYear": 2024, "totalPay": {"raw": 543631, "fmt": "543.63k", "longFmt": "543,631"}, "exercisedValue": {"raw": 0, "fmt": null, "longFmt": "0"}, "unexercisedValue": {"raw": 0, "fmt": null, "longFmt": "0"}}, {"maxAge": 1, "name": "Mr. Troy Thomas McClellan", "age": 61, "title": "Executive Officer", "yearBorn": 1963, "fiscalYear": 2024, "totalPay": {"raw": 227266, "fmt": "227.27k", "longFmt": "227,266"}, "exercisedValue": {"raw": 0, "fmt": null, "longFmt": "0"}, "unexercisedValue": {"raw": 0, "fmt": null, "longFmt": "0"}}, {"maxAge": 1, "name": "Mr. Christopher V. Polimeni", "age": 58, "title": "Chief Financial Officer", "yearBorn": 1966, "fiscalYear": 2024, "exercisedValue": {"raw": 0, "fmt": null, "longFmt": "0"}, "unexercisedValue": {"raw": 0, "fmt": null, "longFmt": "0"}}], "compensationAsOfEpochDate": 1735603200, "executiveTeam": [], "maxAge": 86400}, "calendarEvents": {"maxAge": 1, "earnings": {"earningsDate": [{"raw": 1754942400, "fmt": "2025-08-11"}, {"raw": 1755374400, "fmt": "2025-08-16"}], "earningsCallDate": [], "isEarningsDateEstimate": true, "earningsAverage": {}, "earningsLow": {}, "earningsHigh": {}, "revenueAverage": {}, "revenueLow": {}, "revenueHigh": {}}, "exDividendDate": {}, "dividendDate": {}}, "earningsTrend": {"trend": [{"maxAge": 1, "period": "0q", "endDate": null, "growth": {}, "earningsEstimate": {"avg": {}, "low": {}, "high": {}, "yearAgoEps": {}, "numberOfAnalysts": {}, "growth": {}, "earningsCurrency": null}, "revenueEstimate": {"avg": {"raw": 0, "fmt": null, "longFmt": "0"}, "low": {"raw": 0, "fmt": null, "longFmt": "0"}, "high": {"raw": 0, "fmt": null, "longFmt": "0"}, "numberOfAnalysts": {"raw": 0, "fmt": null, "longFmt": "0"}, "yearAgoRevenue": {}, "growth": {}, "revenueCurrency": null}, "epsTrend": {"current": {}, "7daysAgo": {}, "30daysAgo": {}, "60daysAgo": {}, "90daysAgo": {}, "epsTrendCurrency": null}, "epsRevisions": {"upLast7days": {}, "upLast30days": {}, "downLast30days": {}, "downLast7Days": {}, "downLast90days": {}, "epsRevisionsCurrency": null}}, {"maxAge": 1, "period": "+1q", "endDate": null, "growth": {}, "earningsEstimate": {"avg": {}, "low": {}, "high": {}, "yearAgoEps": {}, "numberOfAnalysts": {}, "growth": {}, "earningsCurrency": null}, "revenueEstimate": {"avg": {"raw": 0, "fmt": null, "longFmt": "0"}, "low": {"raw": 0, "fmt": null, "longFmt": "0"}, "high": {"raw": 0, "fmt": null, "longFmt": "0"}, "numberOfAnalysts": {"raw": 0, "fmt": null, "longFmt": "0"}, "yearAgoRevenue": {}, "growth": {}, "revenueCurrency": null}, "epsTrend": {"current": {}, "7daysAgo": {}, "30daysAgo": {}, "60daysAgo": {}, "90daysAgo": {}, "epsTrendCurrency": null}, "epsRevisions": {"upLast7days": {}, "upLast30days": {}, "downLast30days": {}, "downLast7Days": {}, "downLast90days": {}, "epsRevisionsCurrency": null}}, {"maxAge": 1, "period": "0y", "endDate": "2023-12-31", "growth": {}, "earningsEstimate": {"avg": {}, "low": {}, "high": {}, "yearAgoEps": {}, "numberOfAnalysts": {}, "growth": {}, "earningsCurrency": null}, "revenueEstimate": {"avg": {"raw": 0, "fmt": null, "longFmt": "0"}, "low": {"raw": 0, "fmt": null, "longFmt": "0"}, "high": {"raw": 0, "fmt": null, "longFmt": "0"}, "numberOfAnalysts": {"raw": 0, "fmt": null, "longFmt": "0"}, "yearAgoRevenue": {}, "growth": {}, "revenueCurrency": null}, "epsTrend": {"current": {}, "7daysAgo": {}, "30daysAgo": {}, "60daysAgo": {}, "90daysAgo": {}, "epsTrendCurrency": null}, "epsRevisions": {"upLast7days": {}, "upLast30days": {}, "downLast30days": {}, "downLast7Days": {}, "downLast90days": {}, "epsRevisionsCurrency": null}}, {"maxAge": 1, "period": "+1y", "endDate": null, "growth": {}, "earningsEstimate": {"avg": {}, "low": {}, "high": {}, "yearAgoEps": {}, "numberOfAnalysts": {}, "growth": {}, "earningsCurrency": null}, "revenueEstimate": {"avg": {"raw": 0, "fmt": null, "longFmt": "0"}, "low": {"raw": 0, "fmt": null, "longFmt": "0"}, "high": {"raw": 0, "fmt": null, "longFmt": "0"}, "numberOfAnalysts": {"raw": 0, "fmt": null, "longFmt": "0"}, "yearAgoRevenue": {}, "growth": {}, "revenueCurrency": null}, "epsTrend": {"current": {}, "7daysAgo": {}, "30daysAgo": {}, "60daysAgo": {}, "90daysAgo": {}, "epsTrendCurrency": null}, "epsRevisions": {"upLast7days": {}, "upLast30days": {}, "downLast30days": {}, "downLast7Days": {}, "downLast90days": {}, "epsRevisionsCurrency": null}}], "defaultMethodology": "nongaap", "maxAge": 1}, "earningsHistory": {"history": [{"maxAge": 1, "epsActual": {"raw": -5850.0005, "fmt": "-5,850"}, "epsEstimate": {"raw": -19350.002, "fmt": "-19,350"}, "epsDifference": {"raw": 13500.0, "fmt": "13,500"}, "surprisePercent": {"raw": 0.69769996, "fmt": "69.77%"}, "quarter": {"raw": 1672444800, "fmt": "2022-12-31"}, "currency": "USD", "period": "-4q"}, {"maxAge": 1, "epsActual": {"raw": -3627.0002, "fmt": "-3,627"}, "epsEstimate": {}, "epsDifference": {}, "surprisePercent": {}, "quarter": {"raw": 1696032000, "fmt": "2023-09-30"}, "currency": "USD", "period": "-1q"}], "defaultMethodology": "nongaap", "maxAge": 86400}, "financialData": {"maxAge": 86400, "currentPrice": {"raw": 2.735, "fmt": "2.73"}, "targetHighPrice": {}, "targetLowPrice": {}, "targetMeanPrice": {}, "targetMedianPrice": {}, "recommendationMean": {}, "recommendationKey": "none", "numberOfAnalystOpinions": {}, "totalCash": {"raw": 185313, "fmt": "185.31k", "longFmt": "185,313"}, "totalCashPerShare": {"raw": 0.142, "fmt": "0.14"}, "ebitda": {"raw": -5467267, "fmt": "-5.47M", "longFmt": "-5,467,267"}, "totalDebt": {"raw": 8218488, "fmt": "8.22M", "longFmt": "8,218,488"}, "quickRatio": {"raw": 0.033, "fmt": "0.03"}, "currentRatio": {"raw": 0.127, "fmt": "0.13"}, "totalRevenue": {"raw": 751781, "fmt": "751.78k", "longFmt": "751,781"}, "debtToEquity": {"raw": 202.477, "fmt": "202.48%"}, "revenuePerShare": {"raw": 3.833, "fmt": "3.83"}, "returnOnAssets": {"raw": -0.25023, "fmt": "-25.02%"}, "returnOnEquity": {"raw": -2.0179, "fmt": "-201.79%"}, "grossProfits": {"raw": 12542, "fmt": "12.54k", "longFmt": "12,542"}, "freeCashflow": {"raw": -4217937, "fmt": "-4.22M", "longFmt": "-4,217,937"}, "operatingCashflow": {"raw": -6099293, "fmt": "-6.1M", "longFmt": "-6,099,293"}, "earningsGrowth": {}, "revenueGrowth": {"raw": 9.939, "fmt": "993.90%"}, "grossMargins": {"raw": 0.01668, "fmt": "1.67%"}, "ebitdaMargins": {"raw": 0.0, "fmt": "0.00%"}, "operatingMargins": {"raw": -3.39775, "fmt": "-339.77%"}, "profitMargins": {"raw": 0.0, "fmt": "0.00%"}, "financialCurrency": "USD"}}