{"assetProfile": {"address1": "No. 2, Lorong Teknologi 3/4A", "address2": "Taman Sains Selangor Kota Damansara", "city": "Petaling Jaya", "zip": "47810", "country": "Malaysia", "phone": "60 1 8218 2300", "website": "https://agrozgroup.com", "industry": "Farm Products", "industryKey": "farm-products", "industryDisp": "Farm Products", "sector": "Consumer Defensive", "sectorKey": "consumer-defensive", "sectorDisp": "Consumer Defensive", "longBusinessSummary": "Agroz Inc., an investment holding company, operates as a vertically integrated agricultural technology company in Malaysia. The company focuses on designing, developing, building, operating, and managing large, commercial scale, and industrial grade indoor CEA vertical farms, including green butterhead, red butterhead, green coral, red coral, green oak, wild rocket, green kale, arugula, and others. The company was founded in 2020 and is based in Petaling Jaya, Malaysia.", "companyOfficers": [{"maxAge": 1, "name": "Ms. May Jin Sim", "age": 40, "title": "Chief Financial Officer", "yearBorn": 1984, "exercisedValue": {"raw": 0, "fmt": null, "longFmt": "0"}, "unexercisedValue": {"raw": 0, "fmt": null, "longFmt": "0"}}, {"maxAge": 1, "name": "Mr. Wee  Lee", "age": 48, "title": "Chief Technology Officer", "yearBorn": 1976, "exercisedValue": {"raw": 0, "fmt": null, "longFmt": "0"}, "unexercisedValue": {"raw": 0, "fmt": null, "longFmt": "0"}}, {"maxAge": 1, "name": "Mr. Kim Meng Lim", "age": 53, "title": "CEO & Director", "yearBorn": 1971, "exercisedValue": {"raw": 0, "fmt": null, "longFmt": "0"}, "unexercisedValue": {"raw": 0, "fmt": null, "longFmt": "0"}}], "executiveTeam": [], "maxAge": 86400}, "calendarEvents": {"maxAge": 1, "earnings": {"earningsDate": [], "earningsCallDate": [], "earningsAverage": {}, "earningsLow": {}, "earningsHigh": {}, "revenueAverage": {}, "revenueLow": {}, "revenueHigh": {}}, "exDividendDate": {}, "dividendDate": {}}, "earningsTrend": {"trend": [{"maxAge": 1, "period": "0q", "endDate": null, "growth": {}, "earningsEstimate": {"avg": {}, "low": {}, "high": {}, "yearAgoEps": {}, "numberOfAnalysts": {}, "growth": {}, "earningsCurrency": null}, "revenueEstimate": {"avg": {"raw": 0, "fmt": null, "longFmt": "0"}, "low": {"raw": 0, "fmt": null, "longFmt": "0"}, "high": {"raw": 0, "fmt": null, "longFmt": "0"}, "numberOfAnalysts": {"raw": 0, "fmt": null, "longFmt": "0"}, "yearAgoRevenue": {}, "growth": {}, "revenueCurrency": null}, "epsTrend": {"current": {}, "7daysAgo": {}, "30daysAgo": {}, "60daysAgo": {}, "90daysAgo": {}, "epsTrendCurrency": null}, "epsRevisions": {"upLast7days": {}, "upLast30days": {}, "downLast30days": {}, "downLast7Days": {}, "downLast90days": {}, "epsRevisionsCurrency": null}}, {"maxAge": 1, "period": "+1q", "endDate": null, "growth": {}, "earningsEstimate": {"avg": {}, "low": {}, "high": {}, "yearAgoEps": {}, "numberOfAnalysts": {}, "growth": {}, "earningsCurrency": null}, "revenueEstimate": {"avg": {"raw": 0, "fmt": null, "longFmt": "0"}, "low": {"raw": 0, "fmt": null, "longFmt": "0"}, "high": {"raw": 0, "fmt": null, "longFmt": "0"}, "numberOfAnalysts": {"raw": 0, "fmt": null, "longFmt": "0"}, "yearAgoRevenue": {}, "growth": {}, "revenueCurrency": null}, "epsTrend": {"current": {}, "7daysAgo": {}, "30daysAgo": {}, "60daysAgo": {}, "90daysAgo": {}, "epsTrendCurrency": null}, "epsRevisions": {"upLast7days": {}, "upLast30days": {}, "downLast30days": {}, "downLast7Days": {}, "downLast90days": {}, "epsRevisionsCurrency": null}}, {"maxAge": 1, "period": "0y", "endDate": null, "growth": {}, "earningsEstimate": {"avg": {}, "low": {}, "high": {}, "yearAgoEps": {}, "numberOfAnalysts": {}, "growth": {}, "earningsCurrency": null}, "revenueEstimate": {"avg": {"raw": 0, "fmt": null, "longFmt": "0"}, "low": {"raw": 0, "fmt": null, "longFmt": "0"}, "high": {"raw": 0, "fmt": null, "longFmt": "0"}, "numberOfAnalysts": {"raw": 0, "fmt": null, "longFmt": "0"}, "yearAgoRevenue": {}, "growth": {}, "revenueCurrency": null}, "epsTrend": {"current": {}, "7daysAgo": {}, "30daysAgo": {}, "60daysAgo": {}, "90daysAgo": {}, "epsTrendCurrency": null}, "epsRevisions": {"upLast7days": {}, "upLast30days": {}, "downLast30days": {}, "downLast7Days": {}, "downLast90days": {}, "epsRevisionsCurrency": null}}, {"maxAge": 1, "period": "+1y", "endDate": null, "growth": {}, "earningsEstimate": {"avg": {}, "low": {}, "high": {}, "yearAgoEps": {}, "numberOfAnalysts": {}, "growth": {}, "earningsCurrency": null}, "revenueEstimate": {"avg": {"raw": 0, "fmt": null, "longFmt": "0"}, "low": {"raw": 0, "fmt": null, "longFmt": "0"}, "high": {"raw": 0, "fmt": null, "longFmt": "0"}, "numberOfAnalysts": {"raw": 0, "fmt": null, "longFmt": "0"}, "yearAgoRevenue": {}, "growth": {}, "revenueCurrency": null}, "epsTrend": {"current": {}, "7daysAgo": {}, "30daysAgo": {}, "60daysAgo": {}, "90daysAgo": {}, "epsTrendCurrency": null}, "epsRevisions": {"upLast7days": {}, "upLast30days": {}, "downLast30days": {}, "downLast7Days": {}, "downLast90days": {}, "epsRevisionsCurrency": null}}], "defaultMethodology": "nongaap", "maxAge": 1}, "earningsHistory": {"history": [], "defaultMethodology": "nongaap", "maxAge": 86400}, "financialData": {"maxAge": 86400, "currentPrice": {"raw": 3.49, "fmt": "3.49"}, "targetHighPrice": {}, "targetLowPrice": {}, "targetMeanPrice": {}, "targetMedianPrice": {}, "recommendationMean": {}, "recommendationKey": "none", "numberOfAnalystOpinions": {}, "totalCash": {"raw": 390500, "fmt": "390.5k", "longFmt": "390,500"}, "totalCashPerShare": {"raw": 0.019, "fmt": "0.02"}, "ebitda": {"raw": 8229695, "fmt": "8.23M", "longFmt": "8,229,695"}, "totalDebt": {"raw": 12136709, "fmt": "12.14M", "longFmt": "12,136,709"}, "quickRatio": {"raw": 1.294, "fmt": "1.29"}, "currentRatio": {"raw": 1.294, "fmt": "1.29"}, "totalRevenue": {"raw": 40860880, "fmt": "40.86M", "longFmt": "40,860,880"}, "debtToEquity": {"raw": 88.364, "fmt": "88.36%"}, "revenuePerShare": {"raw": 2.04, "fmt": "2.04"}, "returnOnAssets": {"raw": 0.13814001, "fmt": "13.81%"}, "returnOnEquity": {"raw": 0.36775002, "fmt": "36.78%"}, "grossProfits": {"raw": 14815172, "fmt": "14.82M", "longFmt": "14,815,172"}, "freeCashflow": {"raw": -2669689, "fmt": "-2.67M", "longFmt": "-2,669,689"}, "operatingCashflow": {"raw": 941271, "fmt": "941.27k", "longFmt": "941,271"}, "earningsGrowth": {"raw": 1.076, "fmt": "107.60%"}, "revenueGrowth": {"raw": 1.426, "fmt": "142.60%"}, "grossMargins": {"raw": 0.36258, "fmt": "36.26%"}, "ebitdaMargins": {"raw": 0.20141001, "fmt": "20.14%"}, "operatingMargins": {"raw": 0.28179002, "fmt": "28.18%"}, "profitMargins": {"raw": 0.08595, "fmt": "8.60%"}, "financialCurrency": "MYR"}}