{"assetProfile": {"address1": "3655 Brookside Parkway", "address2": "Suite 300", "city": "Alpharetta", "state": "GA", "zip": "30022", "country": "United States", "phone": "770 810 7800", "website": "https://www.agilysys.com/en/", "industry": "Software - Application", "industryKey": "software-application", "industryDisp": "Software - Application", "sector": "Technology", "sectorKey": "technology", "sectorDisp": "Technology", "longBusinessSummary": "Agilysys, Inc. operates as a developer and marketer of software-enabled solutions and services to the hospitality industry in North America, Europe, the Asia-Pacific, and India. The company offers software solutions fully integrated with third party hardware and operating systems; cloud applications, support, and maintenance; subscription and maintenance; and professional services. Its hospitality software solutions comprise hospitality experience cloud offers solution ecosystems that combine core operational systems for property management, point-of-sale (POS), and inventory and procurement; and Hospitality Solution Studios. The company also provides food and beverage ecosystem solutions, such as the InfoGenesis POS, as well as IG Kiosk, a self-service, customer-facing kiosk point of sale solution. Its food and beverage experience enhancer solutions include IG KDS digital kitchen management solution; IG OnDemand; IG Fly; IG Quick Pay payment solution; IG Smart Menu; IG Digital Menu Board; IG PanOptic; Pay; eCash; gift card solution; and Analyze. In addition, the company offers hospitality and leisure ecosystem solutions comprising LMS, an on-premises or hosted, web, and mobile-enabled PMS solution; Versa; and Stay, a cloud-native SaaS property management system. Its hospitality and leisure and experience enhancer solutions consist of Book, Express Kiosk and Express Mobile for check-in and check-out; Spa software; Golf; Sales and Catering; Service; Authorize; DataMagine; Reserve solution; Digital Marketing solution; Retail POS solution; Central Reservations; Loyalty and Promotions; Membership; Residence Management; and Guest App. Further, the company provides inventory and procurement ecosystem solutions, including the Eatec solution and Stratton Warren System. The company was formerly known as Pioneer-Standard Electronics, Inc. and changed its name to Agilysys, Inc. in 2003. Agilysys, Inc. was founded in 1932 and is headquartered in Alpharetta, Georgia.", "fullTimeEmployees": 2200, "companyOfficers": [{"maxAge": 1, "name": "Mr. Ramesh  Srinivasan", "age": 64, "title": "CEO, President & Director", "yearBorn": 1960, "fiscalYear": 2025, "totalPay": {"raw": 1124906, "fmt": "1.12M", "longFmt": "1,124,906"}, "exercisedValue": {"raw": 40548000, "fmt": "40.55M", "longFmt": "40,548,000"}, "unexercisedValue": {"raw": 0, "fmt": null, "longFmt": "0"}}, {"maxAge": 1, "name": "Mr. William David Wood III", "age": 46, "title": "Senior VP & CFO", "yearBorn": 1978, "fiscalYear": 2025, "totalPay": {"raw": 521238, "fmt": "521.24k", "longFmt": "521,238"}, "exercisedValue": {"raw": 0, "fmt": null, "longFmt": "0"}, "unexercisedValue": {"raw": 132771, "fmt": "132.77k", "longFmt": "132,771"}}, {"maxAge": 1, "name": "Mr. Sethuram  Shivashankar", "age": 54, "title": "Senior VP and Chief Technology & Information Officer", "yearBorn": 1970, "fiscalYear": 2025, "totalPay": {"raw": 501327, "fmt": "501.33k", "longFmt": "501,327"}, "exercisedValue": {"raw": 0, "fmt": null, "longFmt": "0"}, "unexercisedValue": {"raw": 0, "fmt": null, "longFmt": "0"}}, {"maxAge": 1, "name": "Mr. Kyle C. Badger", "age": 56, "title": "Senior VP, General Counsel & Secretary", "yearBorn": 1968, "fiscalYear": 2025, "totalPay": {"raw": 493284, "fmt": "493.28k", "longFmt": "493,284"}, "exercisedValue": {"raw": 5929013, "fmt": "5.93M", "longFmt": "5,929,013"}, "unexercisedValue": {"raw": 0, "fmt": null, "longFmt": "0"}}, {"maxAge": 1, "name": "Mr. Joe  Youssef", "age": 50, "title": "Senior VP of Sales, Americas & EMEA and Chief Commercial Officer", "yearBorn": 1974, "fiscalYear": 2025, "totalPay": {"raw": 271227, "fmt": "271.23k", "longFmt": "271,227"}, "exercisedValue": {"raw": 0, "fmt": null, "longFmt": "0"}, "unexercisedValue": {"raw": 0, "fmt": null, "longFmt": "0"}}, {"maxAge": 1, "name": "Ms. Jessica  Hennessy", "title": "Senior Manager of Corporate Strategy & Investor Relations", "fiscalYear": 2025, "exercisedValue": {"raw": 0, "fmt": null, "longFmt": "0"}, "unexercisedValue": {"raw": 0, "fmt": null, "longFmt": "0"}}, {"maxAge": 1, "name": "Ms. Terrie  O'Hanlon", "age": 61, "title": "Senior VP & Chief Marketing Officer", "yearBorn": 1963, "fiscalYear": 2025, "exercisedValue": {"raw": 0, "fmt": null, "longFmt": "0"}, "unexercisedValue": {"raw": 0, "fmt": null, "longFmt": "0"}}, {"maxAge": 1, "name": "Ms. Theresa  Putnal", "title": "Vice President of Human Resources", "fiscalYear": 2025, "exercisedValue": {"raw": 0, "fmt": null, "longFmt": "0"}, "unexercisedValue": {"raw": 0, "fmt": null, "longFmt": "0"}}, {"maxAge": 1, "name": "Mr. Prakash  Bhat", "age": 60, "title": "Senior VP & MD of India Development Center", "yearBorn": 1964, "fiscalYear": 2025, "exercisedValue": {"raw": 0, "fmt": null, "longFmt": "0"}, "unexercisedValue": {"raw": 0, "fmt": null, "longFmt": "0"}}, {"maxAge": 1, "name": "Mr. Sridhar  Laveti", "age": 57, "title": "Senior Vice President of Product Engineering & Customer Support", "yearBorn": 1967, "fiscalYear": 2025, "totalPay": {"raw": 478519, "fmt": "478.52k", "longFmt": "478,519"}, "exercisedValue": {"raw": 1057050, "fmt": "1.06M", "longFmt": "1,057,050"}, "unexercisedValue": {"raw": 5433162, "fmt": "5.43M", "longFmt": "5,433,162"}}], "auditRisk": 1, "boardRisk": 4, "compensationRisk": 3, "shareHolderRightsRisk": 4, "overallRisk": 3, "governanceEpochDate": 1761955200, "compensationAsOfEpochDate": 1767139200, "irWebsite": "http://www.agilysys.com/home/InvestorRelations/", "executiveTeam": [], "maxAge": 86400}, "calendarEvents": {"maxAge": 1, "earnings": {"earningsDate": [{"raw": 1768942800, "fmt": "2026-01-20"}], "earningsCallDate": [{"raw": 1761597000, "fmt": "2025-10-27"}], "isEarningsDateEstimate": true, "earningsAverage": {"raw": 0.45167, "fmt": "0.45"}, "earningsLow": {"raw": 0.42, "fmt": "0.42"}, "earningsHigh": {"raw": 0.47, "fmt": "0.47"}, "revenueAverage": {"raw": 79202830, "fmt": "79.2M", "longFmt": "79,202,830"}, "revenueLow": {"raw": 78242000, "fmt": "78.24M", "longFmt": "78,242,000"}, "revenueHigh": {"raw": 81100000, "fmt": "81.1M", "longFmt": "81,100,000"}}, "exDividendDate": {"raw": 1247702400, "fmt": "2009-07-16"}, "dividendDate": {"raw": 1249257600, "fmt": "2009-08-03"}}, "earningsTrend": {"trend": [{"maxAge": 1, "period": "0q", "endDate": "2025-12-31", "growth": {"raw": 0.1886, "fmt": "18.86%"}, "earningsEstimate": {"avg": {"raw": 0.45167, "fmt": "0.45"}, "low": {"raw": 0.42, "fmt": "0.42"}, "high": {"raw": 0.47, "fmt": "0.47"}, "yearAgoEps": {"raw": 0.38, "fmt": "0.38"}, "numberOfAnalysts": {"raw": 6, "fmt": "6", "longFmt": "6"}, "growth": {"raw": 0.1886, "fmt": "18.86%"}, "earningsCurrency": "USD"}, "revenueEstimate": {"avg": {"raw": 79202830, "fmt": "79.2M", "longFmt": "79,202,830"}, "low": {"raw": 78242000, "fmt": "78.24M", "longFmt": "78,242,000"}, "high": {"raw": 81100000, "fmt": "81.1M", "longFmt": "81,100,000"}, "numberOfAnalysts": {"raw": 6, "fmt": "6", "longFmt": "6"}, "yearAgoRevenue": {"raw": 69561000, "fmt": "69.56M", "longFmt": "69,561,000"}, "growth": {"raw": 0.13859999, "fmt": "13.86%"}, "revenueCurrency": "USD"}, "epsTrend": {"current": {"raw": 0.45167, "fmt": "0.45"}, "7daysAgo": {"raw": 0.44, "fmt": "0.44"}, "30daysAgo": {"raw": 0.44, "fmt": "0.44"}, "60daysAgo": {"raw": 0.44, "fmt": "0.44"}, "90daysAgo": {"raw": 0.44, "fmt": "0.44"}, "epsTrendCurrency": "USD"}, "epsRevisions": {"upLast7days": {"raw": 1, "fmt": "1", "longFmt": "1"}, "upLast30days": {"raw": 4, "fmt": "4", "longFmt": "4"}, "downLast30days": {"raw": 2, "fmt": "2", "longFmt": "2"}, "downLast7Days": {"raw": 0, "fmt": null, "longFmt": "0"}, "downLast90days": {}, "epsRevisionsCurrency": "USD"}}, {"maxAge": 1, "period": "+1q", "endDate": "2026-03-31", "growth": {"raw": -0.123500004, "fmt": "-12.35%"}, "earningsEstimate": {"avg": {"raw": 0.47333, "fmt": "0.47"}, "low": {"raw": 0.44, "fmt": "0.44"}, "high": {"raw": 0.51, "fmt": "0.51"}, "yearAgoEps": {"raw": 0.54, "fmt": "0.54"}, "numberOfAnalysts": {"raw": 6, "fmt": "6", "longFmt": "6"}, "growth": {"raw": -0.123500004, "fmt": "-12.35%"}, "earningsCurrency": "USD"}, "revenueEstimate": {"avg": {"raw": 81355670, "fmt": "81.36M", "longFmt": "81,355,670"}, "low": {"raw": 80500000, "fmt": "80.5M", "longFmt": "80,500,000"}, "high": {"raw": 82009000, "fmt": "82.01M", "longFmt": "82,009,000"}, "numberOfAnalysts": {"raw": 6, "fmt": "6", "longFmt": "6"}, "yearAgoRevenue": {"raw": 74272000, "fmt": "74.27M", "longFmt": "74,272,000"}, "growth": {"raw": 0.0954, "fmt": "9.54%"}, "revenueCurrency": "USD"}, "epsTrend": {"current": {"raw": 0.47333, "fmt": "0.47"}, "7daysAgo": {"raw": 0.475, "fmt": "0.47"}, "30daysAgo": {"raw": 0.475, "fmt": "0.47"}, "60daysAgo": {"raw": 0.475, "fmt": "0.47"}, "90daysAgo": {"raw": 0.475, "fmt": "0.47"}, "epsTrendCurrency": "USD"}, "epsRevisions": {"upLast7days": {"raw": 2, "fmt": "2", "longFmt": "2"}, "upLast30days": {"raw": 2, "fmt": "2", "longFmt": "2"}, "downLast30days": {"raw": 3, "fmt": "3", "longFmt": "3"}, "downLast7Days": {"raw": 3, "fmt": "3", "longFmt": "3"}, "downLast90days": {}, "epsRevisionsCurrency": "USD"}}, {"maxAge": 1, "period": "0y", "endDate": "2026-03-31", "growth": {"raw": 0.072, "fmt": "7.20%"}, "earningsEstimate": {"avg": {"raw": 1.66167, "fmt": "1.66"}, "low": {"raw": 1.61, "fmt": "1.61"}, "high": {"raw": 1.71, "fmt": "1.71"}, "yearAgoEps": {"raw": 1.55, "fmt": "1.55"}, "numberOfAnalysts": {"raw": 6, "fmt": "6", "longFmt": "6"}, "growth": {"raw": 0.072, "fmt": "7.20%"}, "earningsCurrency": "USD"}, "revenueEstimate": {"avg": {"raw": 316545830, "fmt": "316.55M", "longFmt": "316,545,830"}, "low": {"raw": 315074000, "fmt": "315.07M", "longFmt": "315,074,000"}, "high": {"raw": 317600000, "fmt": "317.6M", "longFmt": "317,600,000"}, "numberOfAnalysts": {"raw": 6, "fmt": "6", "longFmt": "6"}, "yearAgoRevenue": {"raw": 275624000, "fmt": "275.62M", "longFmt": "275,624,000"}, "growth": {"raw": 0.14850001, "fmt": "14.85%"}, "revenueCurrency": "USD"}, "epsTrend": {"current": {"raw": 1.66167, "fmt": "1.66"}, "7daysAgo": {"raw": 1.625, "fmt": "1.62"}, "30daysAgo": {"raw": 1.625, "fmt": "1.62"}, "60daysAgo": {"raw": 1.625, "fmt": "1.62"}, "90daysAgo": {"raw": 1.625, "fmt": "1.62"}, "epsTrendCurrency": "USD"}, "epsRevisions": {"upLast7days": {"raw": 1, "fmt": "1", "longFmt": "1"}, "upLast30days": {"raw": 1, "fmt": "1", "longFmt": "1"}, "downLast30days": {"raw": 0, "fmt": null, "longFmt": "0"}, "downLast7Days": {"raw": 0, "fmt": null, "longFmt": "0"}, "downLast90days": {}, "epsRevisionsCurrency": "USD"}}, {"maxAge": 1, "period": "+1y", "endDate": "2027-03-31", "growth": {"raw": 0.3159, "fmt": "31.59%"}, "earningsEstimate": {"avg": {"raw": 2.18667, "fmt": "2.19"}, "low": {"raw": 2.04, "fmt": "2.04"}, "high": {"raw": 2.44, "fmt": "2.44"}, "yearAgoEps": {"raw": 1.66167, "fmt": "1.66"}, "numberOfAnalysts": {"raw": 6, "fmt": "6", "longFmt": "6"}, "growth": {"raw": 0.3159, "fmt": "31.59%"}, "earningsCurrency": "USD"}, "revenueEstimate": {"avg": {"raw": 370714830, "fmt": "370.71M", "longFmt": "370,714,830"}, "low": {"raw": 357215000, "fmt": "357.21M", "longFmt": "357,215,000"}, "high": {"raw": 397200000, "fmt": "397.2M", "longFmt": "397,200,000"}, "numberOfAnalysts": {"raw": 6, "fmt": "6", "longFmt": "6"}, "yearAgoRevenue": {"raw": 316545830, "fmt": "316.55M", "longFmt": "316,545,830"}, "growth": {"raw": 0.1711, "fmt": "17.11%"}, "revenueCurrency": "USD"}, "epsTrend": {"current": {"raw": 2.18667, "fmt": "2.19"}, "7daysAgo": {"raw": 2.08, "fmt": "2.08"}, "30daysAgo": {"raw": 2.08, "fmt": "2.08"}, "60daysAgo": {"raw": 2.08, "fmt": "2.08"}, "90daysAgo": {"raw": 2.08, "fmt": "2.08"}, "epsTrendCurrency": "USD"}, "epsRevisions": {"upLast7days": {"raw": 5, "fmt": "5", "longFmt": "5"}, "upLast30days": {"raw": 5, "fmt": "5", "longFmt": "5"}, "downLast30days": {"raw": 1, "fmt": "1", "longFmt": "1"}, "downLast7Days": {"raw": 1, "fmt": "1", "longFmt": "1"}, "downLast90days": {}, "epsRevisionsCurrency": "USD"}}], "defaultMethodology": "nongaap", "maxAge": 1}, "earningsHistory": {"history": [{"maxAge": 1, "epsActual": {"raw": 0.38, "fmt": "0.38"}, "epsEstimate": {"raw": 0.3425, "fmt": "0.34"}, "epsDifference": {"raw": 0.04, "fmt": "0.04"}, "surprisePercent": {"raw": 0.1095, "fmt": "10.95%"}, "quarter": {"raw": 1735603200, "fmt": "2024-12-31"}, "currency": "USD", "period": "-4q"}, {"maxAge": 1, "epsActual": {"raw": 0.54, "fmt": "0.54"}, "epsEstimate": {"raw": 0.286, "fmt": "0.29"}, "epsDifference": {"raw": 0.25, "fmt": "0.25"}, "surprisePercent": {"raw": 0.88809997, "fmt": "88.81%"}, "quarter": {"raw": 1743379200, "fmt": "2025-03-31"}, "currency": "USD", "period": "-3q"}, {"maxAge": 1, "epsActual": {"raw": 0.33, "fmt": "0.33"}, "epsEstimate": {"raw": 0.36167, "fmt": "0.36"}, "epsDifference": {"raw": -0.03, "fmt": "-0.03"}, "surprisePercent": {"raw": -0.0876, "fmt": "-8.76%"}, "quarter": {"raw": 1751241600, "fmt": "2025-06-30"}, "currency": "USD", "period": "-2q"}, {"maxAge": 1, "epsActual": {"raw": 0.4, "fmt": "0.4"}, "epsEstimate": {"raw": 0.38333, "fmt": "0.38"}, "epsDifference": {"raw": 0.02, "fmt": "0.02"}, "surprisePercent": {"raw": 0.0435, "fmt": "4.35%"}, "quarter": {"raw": 1759190400, "fmt": "2025-09-30"}, "currency": "USD", "period": "-1q"}], "defaultMethodology": "nongaap", "maxAge": 86400}, "financialData": {"maxAge": 86400, "currentPrice": {"raw": 127.26, "fmt": "127.26"}, "targetHighPrice": {"raw": 155.0, "fmt": "155.00"}, "targetLowPrice": {"raw": 130.0, "fmt": "130.00"}, "targetMeanPrice": {"raw": 140.0, "fmt": "140.00"}, "targetMedianPrice": {"raw": 140.0, "fmt": "140.00"}, "recommendationMean": {"raw": 1.16667, "fmt": "1.17"}, "recommendationKey": "strong_buy", "numberOfAnalystOpinions": {"raw": 5, "fmt": "5", "longFmt": "5"}, "totalCash": {"raw": 59336000, "fmt": "59.34M", "longFmt": "59,336,000"}, "totalCashPerShare": {"raw": 2.128, "fmt": "2.13"}, "ebitda": {"raw": 35385000, "fmt": "35.38M", "longFmt": "35,385,000"}, "totalDebt": {"raw": 20643000, "fmt": "20.64M", "longFmt": "20,643,000"}, "quickRatio": {"raw": 1.035, "fmt": "1.03"}, "currentRatio": {"raw": 1.219, "fmt": "1.22"}, "totalRevenue": {"raw": 299808992, "fmt": "299.81M", "longFmt": "299,808,992"}, "debtToEquity": {"raw": 6.956, "fmt": "6.96%"}, "revenuePerShare": {"raw": 10.796, "fmt": "10.80"}, "returnOnAssets": {"raw": 0.04033, "fmt": "4.03%"}, "returnOnEquity": {"raw": 0.08745, "fmt": "8.74%"}, "grossProfits": {"raw": 185168000, "fmt": "185.17M", "longFmt": "185,168,000"}, "freeCashflow": {"raw": 40065376, "fmt": "40.07M", "longFmt": "40,065,376"}, "operatingCashflow": {"raw": 58307000, "fmt": "58.31M", "longFmt": "58,307,000"}, "earningsGrowth": {"raw": 7.276, "fmt": "727.60%"}, "revenueGrowth": {"raw": 0.161, "fmt": "16.10%"}, "grossMargins": {"raw": 0.61762, "fmt": "61.76%"}, "ebitdaMargins": {"raw": 0.118030004, "fmt": "11.80%"}, "operatingMargins": {"raw": 0.10791001, "fmt": "10.79%"}, "profitMargins": {"raw": 0.08124, "fmt": "8.12%"}, "financialCurrency": "USD"}}