{"assetProfile": {"address1": "220 West Germantown Pike", "address2": "Suite 250", "city": "Plymouth Meeting", "state": "PA", "zip": "19462", "country": "United States", "phone": "610 424 4515", "website": "https://adapthealth.com", "industry": "Medical Devices", "industryKey": "medical-devices", "industryDisp": "Medical Devices", "sector": "Healthcare", "sectorKey": "healthcare", "sectorDisp": "Healthcare", "longBusinessSummary": "AdaptHealth Corp., together with its subsidiaries, distributes home medical equipment (HME), medical supplies, and home and related services in the United States. The company offers sleep therapy equipment, supplies, and related services, such as CPAP and bi-PAP services to individuals suffering from obstructive sleep apnea; medical devices and supplies, including continuous glucose monitors and insulin pumps for the treatment of diabetes; HME to patients discharged from acute care and other facilities; oxygen and related chronic therapy services in the home; and other HME devices and supplies on behalf of chronically ill patients with wound care, urological, incontinence, ostomy, and nutritional supply needs. It also provides wheelchairs, hospital beds, oxygen concentrators, insulin pumps, CPAP masks and related supplies, diabetes management and wound care supplies, wheelchair cushion accessories, orthopedic bracing, breast pumps and supplies, walkers, commodes and canes, and nutritional and incontinence supplies. The company services beneficiaries of Medicare, Medicaid, and commercial insurance payors. AdaptHealth Corp. was founded in 2012 and is headquartered in Plymouth Meeting, Pennsylvania.", "fullTimeEmployees": 10500, "companyOfficers": [{"maxAge": 1, "name": "Ms. Suzanne M. Foster M.P.H.", "age": 54, "title": "CEO & Director", "yearBorn": 1970, "fiscalYear": 2024, "totalPay": {"raw": 2149392, "fmt": "2.15M", "longFmt": "2,149,392"}, "exercisedValue": {"raw": 0, "fmt": null, "longFmt": "0"}, "unexercisedValue": {"raw": 0, "fmt": null, "longFmt": "0"}}, {"maxAge": 1, "name": "Mr. Jason A. Clemens C.F.A.", "age": 46, "title": "Chief Financial Officer", "yearBorn": 1978, "fiscalYear": 2024, "totalPay": {"raw": 1402674, "fmt": "1.4M", "longFmt": "1,402,674"}, "exercisedValue": {"raw": 0, "fmt": null, "longFmt": "0"}, "unexercisedValue": {"raw": 0, "fmt": null, "longFmt": "0"}}, {"maxAge": 1, "name": "Mr. Toby Scott Barnhart", "title": "Chief Operating Officer", "fiscalYear": 2024, "totalPay": {"raw": 353997, "fmt": "354k", "longFmt": "353,997"}, "exercisedValue": {"raw": 0, "fmt": null, "longFmt": "0"}, "unexercisedValue": {"raw": 0, "fmt": null, "longFmt": "0"}}, {"maxAge": 1, "name": "Ms. Christine E. Archbold", "age": 50, "title": "Chief Accounting Officer", "yearBorn": 1974, "fiscalYear": 2024, "totalPay": {"raw": 602741, "fmt": "602.74k", "longFmt": "602,741"}, "exercisedValue": {"raw": 0, "fmt": null, "longFmt": "0"}, "unexercisedValue": {"raw": 0, "fmt": null, "longFmt": "0"}}, {"maxAge": 1, "name": "Mr. Albert A. Prast", "age": 64, "title": "Chief Technology Officer", "yearBorn": 1960, "fiscalYear": 2024, "totalPay": {"raw": 969611, "fmt": "969.61k", "longFmt": "969,611"}, "exercisedValue": {"raw": 1046270, "fmt": "1.05M", "longFmt": "1,046,270"}, "unexercisedValue": {"raw": 643400, "fmt": "643.4k", "longFmt": "643,400"}}, {"maxAge": 1, "name": "Mr. Nalin  Narayanam", "title": "Chief Information Officer", "fiscalYear": 2024, "exercisedValue": {"raw": 0, "fmt": null, "longFmt": "0"}, "unexercisedValue": {"raw": 0, "fmt": null, "longFmt": "0"}}, {"maxAge": 1, "name": "Ms. Wendy  Russalesi", "title": "Chief Compliance Officer", "fiscalYear": 2024, "exercisedValue": {"raw": 0, "fmt": null, "longFmt": "0"}, "unexercisedValue": {"raw": 0, "fmt": null, "longFmt": "0"}}, {"maxAge": 1, "name": "Mr. Richard W. Rew II", "age": 56, "title": "Chief Legal Officer, General Counsel & Secretary", "yearBorn": 1968, "fiscalYear": 2024, "exercisedValue": {"raw": 0, "fmt": null, "longFmt": "0"}, "unexercisedValue": {"raw": 0, "fmt": null, "longFmt": "0"}}, {"maxAge": 1, "name": "Mr. Joel  Mills", "title": "Chief People Officer", "fiscalYear": 2024, "exercisedValue": {"raw": 0, "fmt": null, "longFmt": "0"}, "unexercisedValue": {"raw": 0, "fmt": null, "longFmt": "0"}}, {"maxAge": 1, "name": "Mr. Russell E. Schuster III", "age": 47, "title": "Chief Commercial Officer", "yearBorn": 1977, "fiscalYear": 2024, "exercisedValue": {"raw": 0, "fmt": null, "longFmt": "0"}, "unexercisedValue": {"raw": 0, "fmt": null, "longFmt": "0"}}], "auditRisk": 10, "boardRisk": 5, "compensationRisk": 5, "shareHolderRightsRisk": 5, "overallRisk": 6, "governanceEpochDate": 1761955200, "compensationAsOfEpochDate": 1735603200, "executiveTeam": [], "maxAge": 86400}, "calendarEvents": {"maxAge": 1, "earnings": {"earningsDate": [{"raw": 1762263000, "fmt": "2025-11-04"}], "earningsCallDate": [{"raw": 1762263000, "fmt": "2025-11-04"}], "isEarningsDateEstimate": false, "earningsAverage": {"raw": 0.23928, "fmt": "0.24"}, "earningsLow": {"raw": 0.18566, "fmt": "0.19"}, "earningsHigh": {"raw": 0.29, "fmt": "0.29"}, "revenueAverage": {"raw": 799306650, "fmt": "799.31M", "longFmt": "799,306,650"}, "revenueLow": {"raw": 793900000, "fmt": "793.9M", "longFmt": "793,900,000"}, "revenueHigh": {"raw": 803500000, "fmt": "803.5M", "longFmt": "803,500,000"}}, "exDividendDate": {}, "dividendDate": {}}, "earningsTrend": {"trend": [{"maxAge": 1, "period": "0q", "endDate": "2025-09-30", "growth": {"raw": 0.0876, "fmt": "8.76%"}, "earningsEstimate": {"avg": {"raw": 0.23928, "fmt": "0.24"}, "low": {"raw": 0.18566, "fmt": "0.19"}, "high": {"raw": 0.29, "fmt": "0.29"}, "yearAgoEps": {"raw": 0.22, "fmt": "0.22"}, "numberOfAnalysts": {"raw": 6, "fmt": "6", "longFmt": "6"}, "growth": {"raw": 0.0876, "fmt": "8.76%"}, "earningsCurrency": "USD"}, "revenueEstimate": {"avg": {"raw": 799306650, "fmt": "799.31M", "longFmt": "799,306,650"}, "low": {"raw": 793900000, "fmt": "793.9M", "longFmt": "793,900,000"}, "high": {"raw": 803500000, "fmt": "803.5M", "longFmt": "803,500,000"}, "numberOfAnalysts": {"raw": 8, "fmt": "8", "longFmt": "8"}, "yearAgoRevenue": {"raw": 805858000, "fmt": "805.86M", "longFmt": "805,858,000"}, "growth": {"raw": -0.0081, "fmt": "-0.81%"}, "revenueCurrency": "USD"}, "epsTrend": {"current": {"raw": 0.23928, "fmt": "0.24"}, "7daysAgo": {"raw": 0.23928, "fmt": "0.24"}, "30daysAgo": {"raw": 0.23928, "fmt": "0.24"}, "60daysAgo": {"raw": 0.23713, "fmt": "0.24"}, "90daysAgo": {"raw": 0.33695, "fmt": "0.34"}, "epsTrendCurrency": "USD"}, "epsRevisions": {"upLast7days": {"raw": 0, "fmt": null, "longFmt": "0"}, "upLast30days": {"raw": 0, "fmt": null, "longFmt": "0"}, "downLast30days": {"raw": 6, "fmt": "6", "longFmt": "6"}, "downLast7Days": {"raw": 0, "fmt": null, "longFmt": "0"}, "downLast90days": {}, "epsRevisionsCurrency": "USD"}}, {"maxAge": 1, "period": "+1q", "endDate": "2025-12-31", "growth": {"raw": 0.040999997, "fmt": "4.10%"}, "earningsEstimate": {"avg": {"raw": 0.4366, "fmt": "0.44"}, "low": {"raw": 0.37, "fmt": "0.37"}, "high": {"raw": 0.5, "fmt": "0.5"}, "yearAgoEps": {"raw": 0.4194, "fmt": "0.42"}, "numberOfAnalysts": {"raw": 6, "fmt": "6", "longFmt": "6"}, "growth": {"raw": 0.040999997, "fmt": "4.10%"}, "earningsCurrency": "USD"}, "revenueEstimate": {"avg": {"raw": 847879910, "fmt": "847.88M", "longFmt": "847,879,910"}, "low": {"raw": 840140000, "fmt": "840.14M", "longFmt": "840,140,000"}, "high": {"raw": 863100000, "fmt": "863.1M", "longFmt": "863,100,000"}, "numberOfAnalysts": {"raw": 8, "fmt": "8", "longFmt": "8"}, "yearAgoRevenue": {"raw": 856645000, "fmt": "856.64M", "longFmt": "856,645,000"}, "growth": {"raw": -0.010199999, "fmt": "-1.02%"}, "revenueCurrency": "USD"}, "epsTrend": {"current": {"raw": 0.4366, "fmt": "0.44"}, "7daysAgo": {"raw": 0.4366, "fmt": "0.44"}, "30daysAgo": {"raw": 0.43826, "fmt": "0.44"}, "60daysAgo": {"raw": 0.43191, "fmt": "0.43"}, "90daysAgo": {"raw": 0.51163, "fmt": "0.51"}, "epsTrendCurrency": "USD"}, "epsRevisions": {"upLast7days": {"raw": 0, "fmt": null, "longFmt": "0"}, "upLast30days": {"raw": 0, "fmt": null, "longFmt": "0"}, "downLast30days": {"raw": 1, "fmt": "1", "longFmt": "1"}, "downLast7Days": {"raw": 1, "fmt": "1", "longFmt": "1"}, "downLast90days": {}, "epsRevisionsCurrency": "USD"}}, {"maxAge": 1, "period": "0y", "endDate": "2025-12-31", "growth": {"raw": -0.1741, "fmt": "-17.41%"}, "earningsEstimate": {"avg": {"raw": 0.80844, "fmt": "0.81"}, "low": {"raw": 0.69062, "fmt": "0.69"}, "high": {"raw": 0.94, "fmt": "0.94"}, "yearAgoEps": {"raw": 0.9789, "fmt": "0.98"}, "numberOfAnalysts": {"raw": 6, "fmt": "6", "longFmt": "6"}, "growth": {"raw": -0.1741, "fmt": "-17.41%"}, "earningsCurrency": "USD"}, "revenueEstimate": {"avg": {"raw": 3225445440, "fmt": "3.23B", "longFmt": "3,225,445,440"}, "low": {"raw": 3218452000, "fmt": "3.22B", "longFmt": "3,218,452,000"}, "high": {"raw": 3244800000, "fmt": "3.24B", "longFmt": "3,244,800,000"}, "numberOfAnalysts": {"raw": 8, "fmt": "8", "longFmt": "8"}, "yearAgoRevenue": {"raw": 3260975000, "fmt": "3.26B", "longFmt": "3,260,975,000"}, "growth": {"raw": -0.0109, "fmt": "-1.09%"}, "revenueCurrency": "USD"}, "epsTrend": {"current": {"raw": 0.80844, "fmt": "0.81"}, "7daysAgo": {"raw": 0.80844, "fmt": "0.81"}, "30daysAgo": {"raw": 0.8101, "fmt": "0.81"}, "60daysAgo": {"raw": 0.81212, "fmt": "0.81"}, "90daysAgo": {"raw": 1.0366, "fmt": "1.04"}, "epsTrendCurrency": "USD"}, "epsRevisions": {"upLast7days": {"raw": 0, "fmt": null, "longFmt": "0"}, "upLast30days": {"raw": 0, "fmt": null, "longFmt": "0"}, "downLast30days": {"raw": 1, "fmt": "1", "longFmt": "1"}, "downLast7Days": {"raw": 1, "fmt": "1", "longFmt": "1"}, "downLast90days": {}, "epsRevisionsCurrency": "USD"}}, {"maxAge": 1, "period": "+1y", "endDate": "2026-12-31", "growth": {"raw": 0.3772, "fmt": "37.72%"}, "earningsEstimate": {"avg": {"raw": 1.11336, "fmt": "1.11"}, "low": {"raw": 0.97, "fmt": "0.97"}, "high": {"raw": 1.23, "fmt": "1.23"}, "yearAgoEps": {"raw": 0.80844, "fmt": "0.81"}, "numberOfAnalysts": {"raw": 6, "fmt": "6", "longFmt": "6"}, "growth": {"raw": 0.3772, "fmt": "37.72%"}, "earningsCurrency": "USD"}, "revenueEstimate": {"avg": {"raw": 3445996470, "fmt": "3.45B", "longFmt": "3,445,996,470"}, "low": {"raw": 3341661610, "fmt": "3.34B", "longFmt": "3,341,661,610"}, "high": {"raw": 3594500000, "fmt": "3.59B", "longFmt": "3,594,500,000"}, "numberOfAnalysts": {"raw": 8, "fmt": "8", "longFmt": "8"}, "yearAgoRevenue": {"raw": 3225445440, "fmt": "3.23B", "longFmt": "3,225,445,440"}, "growth": {"raw": 0.0684, "fmt": "6.84%"}, "revenueCurrency": "USD"}, "epsTrend": {"current": {"raw": 1.11336, "fmt": "1.11"}, "7daysAgo": {"raw": 1.12836, "fmt": "1.13"}, "30daysAgo": {"raw": 1.1417, "fmt": "1.14"}, "60daysAgo": {"raw": 1.12836, "fmt": "1.13"}, "90daysAgo": {"raw": 1.20393, "fmt": "1.2"}, "epsTrendCurrency": "USD"}, "epsRevisions": {"upLast7days": {"raw": 0, "fmt": null, "longFmt": "0"}, "upLast30days": {"raw": 0, "fmt": null, "longFmt": "0"}, "downLast30days": {"raw": 2, "fmt": "2", "longFmt": "2"}, "downLast7Days": {"raw": 1, "fmt": "1", "longFmt": "1"}, "downLast90days": {}, "epsRevisionsCurrency": "USD"}}], "defaultMethodology": "nongaap", "maxAge": 1}, "earningsHistory": {"history": [{"maxAge": 1, "epsActual": {"raw": 0.22, "fmt": "0.22"}, "epsEstimate": {"raw": 0.18041, "fmt": "0.18"}, "epsDifference": {"raw": 0.04, "fmt": "0.04"}, "surprisePercent": {"raw": 0.2194, "fmt": "21.94%"}, "quarter": {"raw": 1727654400, "fmt": "2024-09-30"}, "currency": "USD", "period": "-4q"}, {"maxAge": 1, "epsActual": {"raw": 0.4194, "fmt": "0.42"}, "epsEstimate": {"raw": 0.28101, "fmt": "0.28"}, "epsDifference": {"raw": 0.14, "fmt": "0.14"}, "surprisePercent": {"raw": 0.4925, "fmt": "49.25%"}, "quarter": {"raw": 1735603200, "fmt": "2024-12-31"}, "currency": "USD", "period": "-3q"}, {"maxAge": 1, "epsActual": {"raw": 0.02386, "fmt": "0.02"}, "epsEstimate": {"raw": 0.04, "fmt": "0.04"}, "epsDifference": {"raw": -0.02, "fmt": "-0.02"}, "surprisePercent": {"raw": -0.4035, "fmt": "-40.35%"}, "quarter": {"raw": 1743379200, "fmt": "2025-03-31"}, "currency": "USD", "period": "-2q"}, {"maxAge": 1, "epsActual": {"raw": 0.0712, "fmt": "0.07"}, "epsEstimate": {"raw": 0.15818, "fmt": "0.16"}, "epsDifference": {"raw": -0.09, "fmt": "-0.09"}, "surprisePercent": {"raw": -0.5499, "fmt": "-54.99%"}, "quarter": {"raw": 1751241600, "fmt": "2025-06-30"}, "currency": "USD", "period": "-1q"}], "defaultMethodology": "nongaap", "maxAge": 86400}, "financialData": {"maxAge": 86400, "currentPrice": {"raw": 9.09, "fmt": "9.09"}, "targetHighPrice": {"raw": 16.0, "fmt": "16.00"}, "targetLowPrice": {"raw": 9.5, "fmt": "9.50"}, "targetMeanPrice": {"raw": 13.0, "fmt": "13.00"}, "targetMedianPrice": {"raw": 13.0, "fmt": "13.00"}, "recommendationMean": {"raw": 1.375, "fmt": "1.38"}, "recommendationKey": "strong_buy", "numberOfAnalystOpinions": {"raw": 8, "fmt": "8", "longFmt": "8"}, "totalCash": {"raw": 70208000, "fmt": "70.21M", "longFmt": "70,208,000"}, "totalCashPerShare": {"raw": 0.53, "fmt": "0.53"}, "ebitda": {"raw": 632555008, "fmt": "632.56M", "longFmt": "632,555,008"}, "totalDebt": {"raw": 1950128000, "fmt": "1.95B", "longFmt": "1,950,128,000"}, "quickRatio": {"raw": 0.746, "fmt": "0.75"}, "currentRatio": {"raw": 1.058, "fmt": "1.06"}, "totalRevenue": {"raw": 3240756992, "fmt": "3.24B", "longFmt": "3,240,756,992"}, "debtToEquity": {"raw": 122.332, "fmt": "122.33%"}, "revenuePerShare": {"raw": 24.064, "fmt": "24.06"}, "returnOnAssets": {"raw": 0.036989998, "fmt": "3.70%"}, "returnOnEquity": {"raw": 0.05514, "fmt": "5.51%"}, "grossProfits": {"raw": 699419008, "fmt": "699.42M", "longFmt": "699,419,008"}, "freeCashflow": {"raw": 235096624, "fmt": "235.1M", "longFmt": "235,096,624"}, "operatingCashflow": {"raw": 552340992, "fmt": "552.34M", "longFmt": "552,340,992"}, "earningsGrowth": {"raw": -0.234, "fmt": "-23.40%"}, "revenueGrowth": {"raw": -0.007, "fmt": "-0.70%"}, "grossMargins": {"raw": 0.21582001, "fmt": "21.58%"}, "ebitdaMargins": {"raw": 0.19519, "fmt": "19.52%"}, "operatingMargins": {"raw": 0.071, "fmt": "7.10%"}, "profitMargins": {"raw": 0.02487, "fmt": "2.49%"}, "financialCurrency": "USD"}}