{"assetProfile": {"address1": "Qiantongyuan Building", "address2": "Room 8201-4-4(A) 2nd Floor,No. 44 Moscow Rd, Qianwan Bonded Prt Area,Qingd", "city": "Qingdao", "country": "China", "phone": "86 15 2100 54919", "website": "https://www.ahgtop.com", "industry": "Medical Distribution", "industryKey": "medical-distribution", "industryDisp": "Medical Distribution", "sector": "Healthcare", "sectorKey": "healthcare", "sectorDisp": "Healthcare", "longBusinessSummary": "Akso Health Group, together with its subsidiaries, operates a social e-commerce mobile platform in the People's Republic of China. It operates Xiaobai Maimai App, a social e-commerce mobile platform that offers food and beverage products, wine, cosmetic products, fashion and apparel, entertainment products, housewares, home appliances, and cost-saving promotions at petrol gas stations. The company also sells medical devices, such as defibrillators and anesthesia laryngoscopes. In addition, it provides health treatment, consultancy support, and marketing promotion services, as well as technological promotion services and import and export. The company was formerly known as Xiaobai Maimai Inc. and changed its name to Akso Health Group in December 2021. Akso Health Group was founded in 2014 and is headquartered in Qingdao, China.", "fullTimeEmployees": 27, "companyOfficers": [{"maxAge": 1, "name": "Ms. Yilin  Wang", "age": 37, "title": "CEO & Chairwoman of the Board", "yearBorn": 1987, "exercisedValue": {"raw": 0, "fmt": null, "longFmt": "0"}, "unexercisedValue": {"raw": 0, "fmt": null, "longFmt": "0"}}, {"maxAge": 1, "name": "Mr. Zhongliang  Xie", "age": 53, "title": "Chief Financial Officer", "yearBorn": 1971, "exercisedValue": {"raw": 0, "fmt": null, "longFmt": "0"}, "unexercisedValue": {"raw": 0, "fmt": null, "longFmt": "0"}}, {"maxAge": 1, "name": "Ms. Daisy  Wang", "title": "Investor Relation Contact", "exercisedValue": {"raw": 0, "fmt": null, "longFmt": "0"}, "unexercisedValue": {"raw": 0, "fmt": null, "longFmt": "0"}}, {"maxAge": 1, "name": "Ms. Ma  Xiaoqin", "title": "Corporate Secretary", "exercisedValue": {"raw": 0, "fmt": null, "longFmt": "0"}, "unexercisedValue": {"raw": 0, "fmt": null, "longFmt": "0"}}], "executiveTeam": [], "maxAge": 86400}, "calendarEvents": {"maxAge": 1, "earnings": {"earningsDate": [], "earningsCallDate": [], "earningsAverage": {}, "earningsLow": {}, "earningsHigh": {}, "revenueAverage": {}, "revenueLow": {}, "revenueHigh": {}}, "exDividendDate": {"raw": 1533081600, "fmt": "2018-08-01"}, "dividendDate": {"raw": 1598227200, "fmt": "2020-08-24"}}, "earningsTrend": {"trend": [{"maxAge": 1, "period": "0q", "endDate": "2019-09-30", "growth": {}, "earningsEstimate": {"avg": {}, "low": {}, "high": {}, "yearAgoEps": {}, "numberOfAnalysts": {}, "growth": {}, "earningsCurrency": null}, "revenueEstimate": {"avg": {"raw": 0, "fmt": null, "longFmt": "0"}, "low": {"raw": 0, "fmt": null, "longFmt": "0"}, "high": {"raw": 0, "fmt": null, "longFmt": "0"}, "numberOfAnalysts": {"raw": 0, "fmt": null, "longFmt": "0"}, "yearAgoRevenue": {}, "growth": {}, "revenueCurrency": null}, "epsTrend": {"current": {}, "7daysAgo": {}, "30daysAgo": {}, "60daysAgo": {}, "90daysAgo": {}, "epsTrendCurrency": null}, "epsRevisions": {"upLast7days": {}, "upLast30days": {}, "downLast30days": {}, "downLast7Days": {}, "downLast90days": {}, "epsRevisionsCurrency": null}}, {"maxAge": 1, "period": "+1q", "endDate": null, "growth": {}, "earningsEstimate": {"avg": {}, "low": {}, "high": {}, "yearAgoEps": {}, "numberOfAnalysts": {}, "growth": {}, "earningsCurrency": null}, "revenueEstimate": {"avg": {"raw": 0, "fmt": null, "longFmt": "0"}, "low": {"raw": 0, "fmt": null, "longFmt": "0"}, "high": {"raw": 0, "fmt": null, "longFmt": "0"}, "numberOfAnalysts": {"raw": 0, "fmt": null, "longFmt": "0"}, "yearAgoRevenue": {}, "growth": {}, "revenueCurrency": null}, "epsTrend": {"current": {}, "7daysAgo": {}, "30daysAgo": {}, "60daysAgo": {}, "90daysAgo": {}, "epsTrendCurrency": null}, "epsRevisions": {"upLast7days": {}, "upLast30days": {}, "downLast30days": {}, "downLast7Days": {}, "downLast90days": {}, "epsRevisionsCurrency": null}}, {"maxAge": 1, "period": "0y", "endDate": "2020-03-31", "growth": {}, "earningsEstimate": {"avg": {}, "low": {}, "high": {}, "yearAgoEps": {}, "numberOfAnalysts": {}, "growth": {}, "earningsCurrency": null}, "revenueEstimate": {"avg": {"raw": 0, "fmt": null, "longFmt": "0"}, "low": {"raw": 0, "fmt": null, "longFmt": "0"}, "high": {"raw": 0, "fmt": null, "longFmt": "0"}, "numberOfAnalysts": {"raw": 0, "fmt": null, "longFmt": "0"}, "yearAgoRevenue": {}, "growth": {}, "revenueCurrency": null}, "epsTrend": {"current": {}, "7daysAgo": {}, "30daysAgo": {}, "60daysAgo": {}, "90daysAgo": {}, "epsTrendCurrency": null}, "epsRevisions": {"upLast7days": {}, "upLast30days": {}, "downLast30days": {}, "downLast7Days": {}, "downLast90days": {}, "epsRevisionsCurrency": null}}, {"maxAge": 1, "period": "+1y", "endDate": null, "growth": {}, "earningsEstimate": {"avg": {}, "low": {}, "high": {}, "yearAgoEps": {}, "numberOfAnalysts": {}, "growth": {}, "earningsCurrency": null}, "revenueEstimate": {"avg": {"raw": 0, "fmt": null, "longFmt": "0"}, "low": {"raw": 0, "fmt": null, "longFmt": "0"}, "high": {"raw": 0, "fmt": null, "longFmt": "0"}, "numberOfAnalysts": {"raw": 0, "fmt": null, "longFmt": "0"}, "yearAgoRevenue": {}, "growth": {}, "revenueCurrency": null}, "epsTrend": {"current": {}, "7daysAgo": {}, "30daysAgo": {}, "60daysAgo": {}, "90daysAgo": {}, "epsTrendCurrency": null}, "epsRevisions": {"upLast7days": {}, "upLast30days": {}, "downLast30days": {}, "downLast7Days": {}, "downLast90days": {}, "epsRevisionsCurrency": null}}], "defaultMethodology": "nongaap", "maxAge": 1}, "earningsHistory": {"history": [{"maxAge": 1, "epsActual": {"raw": -1.08, "fmt": "-1.08"}, "epsEstimate": {}, "epsDifference": {}, "surprisePercent": {}, "quarter": {"raw": 1538265600, "fmt": "2018-09-30"}, "currency": "USD", "period": "-4q"}, {"maxAge": 1, "epsActual": {"raw": -0.6, "fmt": "-0.6"}, "epsEstimate": {"raw": -0.78, "fmt": "-0.78"}, "epsDifference": {"raw": 0.18, "fmt": "0.18"}, "surprisePercent": {"raw": 0.2308, "fmt": "23.08%"}, "quarter": {"raw": 1546214400, "fmt": "2018-12-31"}, "currency": "USD", "period": "-3q"}, {"maxAge": 1, "epsActual": {"raw": 0.15, "fmt": "0.15"}, "epsEstimate": {"raw": -0.3, "fmt": "-0.3"}, "epsDifference": {"raw": 0.45, "fmt": "0.45"}, "surprisePercent": {"raw": 1.5, "fmt": "150.00%"}, "quarter": {"raw": 1553990400, "fmt": "2019-03-31"}, "currency": "USD", "period": "-2q"}, {"maxAge": 1, "epsActual": {"raw": -0.45, "fmt": "-0.45"}, "epsEstimate": {"raw": 0.0, "fmt": "0"}, "epsDifference": {"raw": -0.45, "fmt": "-0.45"}, "surprisePercent": {"raw": 0.0, "fmt": "0.00%"}, "quarter": {"raw": 1561852800, "fmt": "2019-06-30"}, "currency": "USD", "period": "-1q"}], "defaultMethodology": "nongaap", "maxAge": 86400}, "financialData": {"maxAge": 86400, "currentPrice": {"raw": 1.6, "fmt": "1.60"}, "targetHighPrice": {}, "targetLowPrice": {}, "targetMeanPrice": {}, "targetMedianPrice": {}, "recommendationMean": {}, "recommendationKey": "none", "numberOfAnalystOpinions": {}, "totalCash": {"raw": 176229872, "fmt": "176.23M", "longFmt": "176,229,872"}, "totalCashPerShare": {"raw": 0.106, "fmt": "0.11"}, "ebitda": {"raw": -1773182, "fmt": "-1.77M", "longFmt": "-1,773,182"}, "totalDebt": {"raw": 2081737, "fmt": "2.08M", "longFmt": "2,081,737"}, "quickRatio": {"raw": 12.827, "fmt": "12.83"}, "currentRatio": {"raw": 14.199, "fmt": "14.20"}, "totalRevenue": {"raw": 14777798, "fmt": "14.78M", "longFmt": "14,777,798"}, "debtToEquity": {"raw": 1.045, "fmt": "1.04%"}, "revenuePerShare": {"raw": 0.052, "fmt": "0.05"}, "returnOnAssets": {"raw": -0.013739999, "fmt": "-1.37%"}, "returnOnEquity": {"raw": -0.8026, "fmt": "-80.26%"}, "grossProfits": {"raw": -281526, "fmt": "-281.53k", "longFmt": "-281,526"}, "freeCashflow": {"raw": 46671480, "fmt": "46.67M", "longFmt": "46,671,480"}, "operatingCashflow": {"raw": 1177163, "fmt": "1.18M", "longFmt": "1,177,163"}, "earningsGrowth": {}, "revenueGrowth": {"raw": 4.158, "fmt": "415.80%"}, "grossMargins": {"raw": -0.01905, "fmt": "-1.91%"}, "ebitdaMargins": {"raw": -0.11999, "fmt": "-12.00%"}, "operatingMargins": {"raw": -0.43120998, "fmt": "-43.12%"}, "profitMargins": {"raw": 0.0, "fmt": "0.00%"}, "financialCurrency": "USD"}}