{"assetProfile": {"address1": "630 Business Village, Block B", "address2": "Port Saeed Deira", "city": "Dubai", "country": "United Arab Emirates", "phone": "97 1 4228 2568", "industry": "Travel Services", "industryKey": "travel-services", "industryDisp": "Travel Services", "sector": "Consumer Cyclical", "sectorKey": "consumer-cyclical", "sectorDisp": "Consumer Cyclical", "longBusinessSummary": "Ambitions Enterprise Management Co. L.L.C engages in tour, travel, and event planning and management businesses in the United Arab Emirates. The company is involved in the planning, organization, and execution of various events, including annual meetings, incentives, product launch conferences and exhibitions, staff gatherings, guest invitations, event website development, event applications, advertising, and event management and execution activities; and provision of event planning, ticketing, visa application, ground services, accommodation and dining arrangements, and event reception and execution services for companies and industry associations. It also offers tourism services, such as flight ticket bookings, airport pick-up, hotel reservations, restaurant bookings, car and bus rental, and tour guides services. The company was incorporated in 2023 and is based in Dubai, the United Arab Emirates. Ambitions Enterprise Management Co. L.L.C is a subsidiary of HMDA Limited.", "fullTimeEmployees": 43, "companyOfficers": [{"maxAge": 1, "name": "Mr. Zhengang  Tang", "age": 66, "title": "CEO & Chairman of the Board of Directors", "yearBorn": 1958, "exercisedValue": {"raw": 0, "fmt": null, "longFmt": "0"}, "unexercisedValue": {"raw": 0, "fmt": null, "longFmt": "0"}}, {"maxAge": 1, "name": "Ms. Li  Zhang", "age": 36, "title": "Chief Financial Officer", "yearBorn": 1988, "exercisedValue": {"raw": 0, "fmt": null, "longFmt": "0"}, "unexercisedValue": {"raw": 0, "fmt": null, "longFmt": "0"}}], "executiveTeam": [], "maxAge": 86400}, "calendarEvents": {"maxAge": 1, "earnings": {"earningsDate": [], "earningsCallDate": [], "earningsAverage": {}, "earningsLow": {}, "earningsHigh": {}, "revenueAverage": {}, "revenueLow": {}, "revenueHigh": {}}, "exDividendDate": {}, "dividendDate": {}}, "earningsTrend": {"trend": [{"maxAge": 1, "period": "0q", "endDate": null, "growth": {}, "earningsEstimate": {"avg": {}, "low": {}, "high": {}, "yearAgoEps": {}, "numberOfAnalysts": {}, "growth": {}, "earningsCurrency": null}, "revenueEstimate": {"avg": {"raw": 0, "fmt": null, "longFmt": "0"}, "low": {"raw": 0, "fmt": null, "longFmt": "0"}, "high": {"raw": 0, "fmt": null, "longFmt": "0"}, "numberOfAnalysts": {"raw": 0, "fmt": null, "longFmt": "0"}, "yearAgoRevenue": {}, "growth": {}, "revenueCurrency": null}, "epsTrend": {"current": {}, "7daysAgo": {}, "30daysAgo": {}, "60daysAgo": {}, "90daysAgo": {}, "epsTrendCurrency": null}, "epsRevisions": {"upLast7days": {}, "upLast30days": {}, "downLast30days": {}, "downLast7Days": {}, "downLast90days": {}, "epsRevisionsCurrency": null}}, {"maxAge": 1, "period": "+1q", "endDate": null, "growth": {}, "earningsEstimate": {"avg": {}, "low": {}, "high": {}, "yearAgoEps": {}, "numberOfAnalysts": {}, "growth": {}, "earningsCurrency": null}, "revenueEstimate": {"avg": {"raw": 0, "fmt": null, "longFmt": "0"}, "low": {"raw": 0, "fmt": null, "longFmt": "0"}, "high": {"raw": 0, "fmt": null, "longFmt": "0"}, "numberOfAnalysts": {"raw": 0, "fmt": null, "longFmt": "0"}, "yearAgoRevenue": {}, "growth": {}, "revenueCurrency": null}, "epsTrend": {"current": {}, "7daysAgo": {}, "30daysAgo": {}, "60daysAgo": {}, "90daysAgo": {}, "epsTrendCurrency": null}, "epsRevisions": {"upLast7days": {}, "upLast30days": {}, "downLast30days": {}, "downLast7Days": {}, "downLast90days": {}, "epsRevisionsCurrency": null}}, {"maxAge": 1, "period": "0y", "endDate": null, "growth": {}, "earningsEstimate": {"avg": {}, "low": {}, "high": {}, "yearAgoEps": {}, "numberOfAnalysts": {}, "growth": {}, "earningsCurrency": null}, "revenueEstimate": {"avg": {"raw": 0, "fmt": null, "longFmt": "0"}, "low": {"raw": 0, "fmt": null, "longFmt": "0"}, "high": {"raw": 0, "fmt": null, "longFmt": "0"}, "numberOfAnalysts": {"raw": 0, "fmt": null, "longFmt": "0"}, "yearAgoRevenue": {}, "growth": {}, "revenueCurrency": null}, "epsTrend": {"current": {}, "7daysAgo": {}, "30daysAgo": {}, "60daysAgo": {}, "90daysAgo": {}, "epsTrendCurrency": null}, "epsRevisions": {"upLast7days": {}, "upLast30days": {}, "downLast30days": {}, "downLast7Days": {}, "downLast90days": {}, "epsRevisionsCurrency": null}}, {"maxAge": 1, "period": "+1y", "endDate": null, "growth": {}, "earningsEstimate": {"avg": {}, "low": {}, "high": {}, "yearAgoEps": {}, "numberOfAnalysts": {}, "growth": {}, "earningsCurrency": null}, "revenueEstimate": {"avg": {"raw": 0, "fmt": null, "longFmt": "0"}, "low": {"raw": 0, "fmt": null, "longFmt": "0"}, "high": {"raw": 0, "fmt": null, "longFmt": "0"}, "numberOfAnalysts": {"raw": 0, "fmt": null, "longFmt": "0"}, "yearAgoRevenue": {}, "growth": {}, "revenueCurrency": null}, "epsTrend": {"current": {}, "7daysAgo": {}, "30daysAgo": {}, "60daysAgo": {}, "90daysAgo": {}, "epsTrendCurrency": null}, "epsRevisions": {"upLast7days": {}, "upLast30days": {}, "downLast30days": {}, "downLast7Days": {}, "downLast90days": {}, "epsRevisionsCurrency": null}}], "defaultMethodology": "nongaap", "maxAge": 1}, "earningsHistory": {"history": [], "defaultMethodology": "nongaap", "maxAge": 86400}, "financialData": {"maxAge": 86400, "currentPrice": {"raw": 5.05, "fmt": "5.05"}, "targetHighPrice": {}, "targetLowPrice": {}, "targetMeanPrice": {}, "targetMedianPrice": {}, "recommendationMean": {}, "recommendationKey": "none", "numberOfAnalystOpinions": {}, "totalCash": {"raw": 1050507, "fmt": "1.05M", "longFmt": "1,050,507"}, "totalCashPerShare": {"raw": 0.036, "fmt": "0.04"}, "ebitda": {"raw": 1089828, "fmt": "1.09M", "longFmt": "1,089,828"}, "totalDebt": {"raw": 84826, "fmt": "84.83k", "longFmt": "84,826"}, "quickRatio": {"raw": 1.648, "fmt": "1.65"}, "currentRatio": {"raw": 2.693, "fmt": "2.69"}, "totalRevenue": {"raw": 18543448, "fmt": "18.54M", "longFmt": "18,543,448"}, "debtToEquity": {"raw": 1.331, "fmt": "1.33%"}, "revenuePerShare": {"raw": 0.662, "fmt": "0.66"}, "returnOnAssets": {"raw": 0.06701, "fmt": "6.70%"}, "returnOnEquity": {"raw": 0.16118999, "fmt": "16.12%"}, "grossProfits": {"raw": 4406338, "fmt": "4.41M", "longFmt": "4,406,338"}, "freeCashflow": {"raw": 333976, "fmt": "333.98k", "longFmt": "333,976"}, "operatingCashflow": {"raw": 1170699, "fmt": "1.17M", "longFmt": "1,170,699"}, "earningsGrowth": {"raw": -0.393, "fmt": "-39.30%"}, "revenueGrowth": {"raw": -0.248, "fmt": "-24.80%"}, "grossMargins": {"raw": 0.23762, "fmt": "23.76%"}, "ebitdaMargins": {"raw": 0.058769997, "fmt": "5.88%"}, "operatingMargins": {"raw": 0.09182999, "fmt": "9.18%"}, "profitMargins": {"raw": 0.05128, "fmt": "5.13%"}, "financialCurrency": "USD"}}