{"assetProfile": {"address1": "Pearl River Tower", "address2": "27th Floor No. 15 West Zhujiang Road", "city": "Guangzhou", "zip": "510623", "country": "China", "phone": "86 20 8388 6888", "website": "https://www.aifugroup.com", "industry": "Insurance Brokers", "industryKey": "insurance-brokers", "industryDisp": "Insurance Brokers", "sector": "Financial Services", "sectorKey": "financial-services", "sectorDisp": "Financial Services", "longBusinessSummary": "AIFU Inc., through its subsidiary, distributes insurance products in China. The company operates through two segments, Insurance Agency and Claims Adjusting. The Insurance Agency segment provides life and health insurance products, such as individual whole life, individual health, individual annuity, individual term life, individual endowment life, and participating insurance products; and non-life insurance products primarily includes individual accident, travel, homeowner, indemnity medical, commercial property, cargo, hull, liability, construction and erection, and extended warranty insurance products. The Claims Adjusting segment offers pre-underwriting survey, claims adjusting, residual value disposal, loading and unloading supervision, and consulting services. It also provides value-added services; elderly care services; healthcare services; and family governance services. In addition, the company operates FA app, an insurance sales and service platform; Fanhua RONS Assistant Digital Operating Platform, a digital marketing platform; Fanhua RONS Guanjia, a customer service platform; and WeCom that enables agents to directly interact with existing and potential customers. It serves customers through insurance sales and service group, insurance agencies and insurance brokerage firms, as well as sales and service outlets, individual sales agents, and in-house claims adjustors. The company was formerly known as AIX Inc. and changed its name to AIFU Inc. in April 2025. AIFU Inc. was founded in 1998 and is headquartered in Guangzhou, China. AIFU Inc. is a subsidiary of Highest Performances Holdings Inc.", "fullTimeEmployees": 4707, "companyOfficers": [{"maxAge": 1, "name": "Ms. Mingxiu  Luan", "age": 34, "title": "CEO & Vice Chairperson", "yearBorn": 1990, "exercisedValue": {"raw": 0, "fmt": null, "longFmt": "0"}, "unexercisedValue": {"raw": 0, "fmt": null, "longFmt": "0"}}, {"maxAge": 1, "name": "Mr. Huaguang  Huang", "age": 43, "title": "Chief Financial Officer", "yearBorn": 1981, "exercisedValue": {"raw": 0, "fmt": null, "longFmt": "0"}, "unexercisedValue": {"raw": 0, "fmt": null, "longFmt": "0"}}, {"maxAge": 1, "name": "Ms. Oasis  Qiu", "title": "Investor Relations Manager", "exercisedValue": {"raw": 0, "fmt": null, "longFmt": "0"}, "unexercisedValue": {"raw": 0, "fmt": null, "longFmt": "0"}}], "executiveTeam": [], "maxAge": 86400}, "calendarEvents": {"maxAge": 1, "earnings": {"earningsDate": [{"raw": 1758225600, "fmt": "2025-09-18"}, {"raw": 1759435200, "fmt": "2025-10-02"}], "earningsCallDate": [], "isEarningsDateEstimate": true, "earningsAverage": {}, "earningsLow": {}, "earningsHigh": {}, "revenueAverage": {}, "revenueLow": {}, "revenueHigh": {}}, "exDividendDate": {}, "dividendDate": {"raw": 1650931200, "fmt": "2022-04-26"}}, "earningsTrend": {"trend": [{"maxAge": 1, "period": "0q", "endDate": null, "growth": {}, "earningsEstimate": {"avg": {}, "low": {}, "high": {}, "yearAgoEps": {}, "numberOfAnalysts": {}, "growth": {}, "earningsCurrency": null}, "revenueEstimate": {"avg": {"raw": 0, "fmt": null, "longFmt": "0"}, "low": {"raw": 0, "fmt": null, "longFmt": "0"}, "high": {"raw": 0, "fmt": null, "longFmt": "0"}, "numberOfAnalysts": {"raw": 0, "fmt": null, "longFmt": "0"}, "yearAgoRevenue": {}, "growth": {}, "revenueCurrency": null}, "epsTrend": {"current": {}, "7daysAgo": {}, "30daysAgo": {}, "60daysAgo": {}, "90daysAgo": {}, "epsTrendCurrency": null}, "epsRevisions": {"upLast7days": {}, "upLast30days": {}, "downLast30days": {}, "downLast7Days": {}, "downLast90days": {}, "epsRevisionsCurrency": null}}, {"maxAge": 1, "period": "+1q", "endDate": null, "growth": {}, "earningsEstimate": {"avg": {}, "low": {}, "high": {}, "yearAgoEps": {}, "numberOfAnalysts": {}, "growth": {}, "earningsCurrency": null}, "revenueEstimate": {"avg": {"raw": 0, "fmt": null, "longFmt": "0"}, "low": {"raw": 0, "fmt": null, "longFmt": "0"}, "high": {"raw": 0, "fmt": null, "longFmt": "0"}, "numberOfAnalysts": {"raw": 0, "fmt": null, "longFmt": "0"}, "yearAgoRevenue": {}, "growth": {}, "revenueCurrency": null}, "epsTrend": {"current": {}, "7daysAgo": {}, "30daysAgo": {}, "60daysAgo": {}, "90daysAgo": {}, "epsTrendCurrency": null}, "epsRevisions": {"upLast7days": {}, "upLast30days": {}, "downLast30days": {}, "downLast7Days": {}, "downLast90days": {}, "epsRevisionsCurrency": null}}, {"maxAge": 1, "period": "0y", "endDate": null, "growth": {}, "earningsEstimate": {"avg": {}, "low": {}, "high": {}, "yearAgoEps": {}, "numberOfAnalysts": {}, "growth": {}, "earningsCurrency": null}, "revenueEstimate": {"avg": {"raw": 0, "fmt": null, "longFmt": "0"}, "low": {"raw": 0, "fmt": null, "longFmt": "0"}, "high": {"raw": 0, "fmt": null, "longFmt": "0"}, "numberOfAnalysts": {"raw": 0, "fmt": null, "longFmt": "0"}, "yearAgoRevenue": {}, "growth": {}, "revenueCurrency": null}, "epsTrend": {"current": {}, "7daysAgo": {}, "30daysAgo": {}, "60daysAgo": {}, "90daysAgo": {}, "epsTrendCurrency": null}, "epsRevisions": {"upLast7days": {}, "upLast30days": {}, "downLast30days": {}, "downLast7Days": {}, "downLast90days": {}, "epsRevisionsCurrency": null}}, {"maxAge": 1, "period": "+1y", "endDate": null, "growth": {}, "earningsEstimate": {"avg": {}, "low": {}, "high": {}, "yearAgoEps": {}, "numberOfAnalysts": {}, "growth": {}, "earningsCurrency": null}, "revenueEstimate": {"avg": {"raw": 0, "fmt": null, "longFmt": "0"}, "low": {"raw": 0, "fmt": null, "longFmt": "0"}, "high": {"raw": 0, "fmt": null, "longFmt": "0"}, "numberOfAnalysts": {"raw": 0, "fmt": null, "longFmt": "0"}, "yearAgoRevenue": {}, "growth": {}, "revenueCurrency": null}, "epsTrend": {"current": {}, "7daysAgo": {}, "30daysAgo": {}, "60daysAgo": {}, "90daysAgo": {}, "epsTrendCurrency": null}, "epsRevisions": {"upLast7days": {}, "upLast30days": {}, "downLast30days": {}, "downLast7Days": {}, "downLast90days": {}, "epsRevisionsCurrency": null}}], "defaultMethodology": "nongaap", "maxAge": 1}, "earningsHistory": {"history": [], "defaultMethodology": "nongaap", "maxAge": 86400}, "financialData": {"maxAge": 86400, "currentPrice": {"raw": 4.4802, "fmt": "4.48"}, "targetHighPrice": {}, "targetLowPrice": {}, "targetMeanPrice": {}, "targetMedianPrice": {}, "recommendationMean": {}, "recommendationKey": "none", "numberOfAnalystOpinions": {}, "totalCash": {"raw": 621137984, "fmt": "621.14M", "longFmt": "621,137,984"}, "totalCashPerShare": {"raw": 113.129, "fmt": "113.13"}, "ebitda": {"raw": -63490800, "fmt": "-63.49M", "longFmt": "-63,490,800"}, "totalDebt": {"raw": 137340992, "fmt": "137.34M", "longFmt": "137,340,992"}, "quickRatio": {"raw": 3.681, "fmt": "3.68"}, "currentRatio": {"raw": 3.722, "fmt": "3.72"}, "totalRevenue": {"raw": 1205214976, "fmt": "1.21B", "longFmt": "1,205,214,976"}, "debtToEquity": {"raw": 6.57, "fmt": "6.57%"}, "revenuePerShare": {"raw": 295.505, "fmt": "295.51"}, "returnOnAssets": {"raw": -0.01622, "fmt": "-1.62%"}, "returnOnEquity": {"raw": -0.07372, "fmt": "-7.37%"}, "grossProfits": {"raw": 501028000, "fmt": "501.03M", "longFmt": "501,028,000"}, "freeCashflow": {"raw": -293207936, "fmt": "-293.21M", "longFmt": "-293,207,936"}, "operatingCashflow": {"raw": 111411000, "fmt": "111.41M", "longFmt": "111,411,000"}, "earningsGrowth": {}, "revenueGrowth": {"raw": -0.735, "fmt": "-73.50%"}, "grossMargins": {"raw": 0.41572, "fmt": "41.57%"}, "ebitdaMargins": {"raw": -0.05268, "fmt": "-5.27%"}, "operatingMargins": {"raw": -0.02616, "fmt": "-2.62%"}, "profitMargins": {"raw": -0.014359999, "fmt": "-1.44%"}, "financialCurrency": "CNY"}}