{"assetProfile": {"address1": "Shihao Square", "address2": "16th Floor Middle Jiannan Boulevard High-Tech Zone", "city": "Chengdu", "zip": "610000", "country": "China", "phone": "86 28 6155 4399", "website": "https://www.senmiaotech.com", "industry": "Rental & Leasing Services", "industryKey": "rental-leasing-services", "industryDisp": "Rental & Leasing Services", "sector": "Industrials", "sectorKey": "industrials", "sectorDisp": "Industrials", "longBusinessSummary": "Senmiao Technology Limited engages in the automobile transaction and related services business in the People's Republic of China. It also provides car rental services to individual customers; and auto finance solutions through financing leases. In addition, the company engages in automobile sales comprising sale of new purchased or used cars; and the provision of supporting services. Further, the company offers new energy vehicles leasing, automobile purchase, and management services, such as ride-hailing driver training, and assisting with a series of administrative procedures, as well as credit assessment, installation of GPS devices, ride-hailing driver qualification, and other administrative procedures. Senmiao Technology Limited was founded in 2014 and is based in Chengdu, the People's Republic of China.", "fullTimeEmployees": 35, "companyOfficers": [{"maxAge": 1, "name": "Mr. Xi  Wen", "age": 41, "title": "Chairman, CEO, President & Secretary", "yearBorn": 1983, "fiscalYear": 2025, "totalPay": {"raw": 83145, "fmt": "83.14k", "longFmt": "83,145"}, "exercisedValue": {"raw": 0, "fmt": null, "longFmt": "0"}, "unexercisedValue": {"raw": 0, "fmt": null, "longFmt": "0"}}, {"maxAge": 1, "name": "Ms. Xiaoyuan  Zhang", "age": 36, "title": "CFO & Treasurer", "yearBorn": 1988, "fiscalYear": 2025, "totalPay": {"raw": 56151, "fmt": "56.15k", "longFmt": "56,151"}, "exercisedValue": {"raw": 0, "fmt": null, "longFmt": "0"}, "unexercisedValue": {"raw": 0, "fmt": null, "longFmt": "0"}}, {"maxAge": 1, "name": "Mr. Haitao  Liu", "age": 52, "title": "Chief Operating Officer", "yearBorn": 1972, "fiscalYear": 2025, "totalPay": {"raw": 56123, "fmt": "56.12k", "longFmt": "56,123"}, "exercisedValue": {"raw": 0, "fmt": null, "longFmt": "0"}, "unexercisedValue": {"raw": 0, "fmt": null, "longFmt": "0"}}], "compensationAsOfEpochDate": 1767139200, "executiveTeam": [], "maxAge": 86400}, "calendarEvents": {"maxAge": 1, "earnings": {"earningsDate": [], "earningsCallDate": [], "isEarningsDateEstimate": true, "earningsAverage": {}, "earningsLow": {}, "earningsHigh": {}, "revenueAverage": {}, "revenueLow": {}, "revenueHigh": {}}, "exDividendDate": {}, "dividendDate": {}}, "earningsTrend": {"trend": [{"maxAge": 1, "period": "0q", "endDate": null, "growth": {}, "earningsEstimate": {"avg": {}, "low": {}, "high": {}, "yearAgoEps": {}, "numberOfAnalysts": {}, "growth": {}, "earningsCurrency": null}, "revenueEstimate": {"avg": {"raw": 0, "fmt": null, "longFmt": "0"}, "low": {"raw": 0, "fmt": null, "longFmt": "0"}, "high": {"raw": 0, "fmt": null, "longFmt": "0"}, "numberOfAnalysts": {"raw": 0, "fmt": null, "longFmt": "0"}, "yearAgoRevenue": {}, "growth": {}, "revenueCurrency": null}, "epsTrend": {"current": {}, "7daysAgo": {}, "30daysAgo": {}, "60daysAgo": {}, "90daysAgo": {}, "epsTrendCurrency": null}, "epsRevisions": {"upLast7days": {}, "upLast30days": {}, "downLast30days": {}, "downLast7Days": {}, "downLast90days": {}, "epsRevisionsCurrency": null}}, {"maxAge": 1, "period": "+1q", "endDate": null, "growth": {}, "earningsEstimate": {"avg": {}, "low": {}, "high": {}, "yearAgoEps": {}, "numberOfAnalysts": {}, "growth": {}, "earningsCurrency": null}, "revenueEstimate": {"avg": {"raw": 0, "fmt": null, "longFmt": "0"}, "low": {"raw": 0, "fmt": null, "longFmt": "0"}, "high": {"raw": 0, "fmt": null, "longFmt": "0"}, "numberOfAnalysts": {"raw": 0, "fmt": null, "longFmt": "0"}, "yearAgoRevenue": {}, "growth": {}, "revenueCurrency": null}, "epsTrend": {"current": {}, "7daysAgo": {}, "30daysAgo": {}, "60daysAgo": {}, "90daysAgo": {}, "epsTrendCurrency": null}, "epsRevisions": {"upLast7days": {}, "upLast30days": {}, "downLast30days": {}, "downLast7Days": {}, "downLast90days": {}, "epsRevisionsCurrency": null}}, {"maxAge": 1, "period": "0y", "endDate": null, "growth": {}, "earningsEstimate": {"avg": {}, "low": {}, "high": {}, "yearAgoEps": {}, "numberOfAnalysts": {}, "growth": {}, "earningsCurrency": null}, "revenueEstimate": {"avg": {"raw": 0, "fmt": null, "longFmt": "0"}, "low": {"raw": 0, "fmt": null, "longFmt": "0"}, "high": {"raw": 0, "fmt": null, "longFmt": "0"}, "numberOfAnalysts": {"raw": 0, "fmt": null, "longFmt": "0"}, "yearAgoRevenue": {}, "growth": {}, "revenueCurrency": null}, "epsTrend": {"current": {}, "7daysAgo": {}, "30daysAgo": {}, "60daysAgo": {}, "90daysAgo": {}, "epsTrendCurrency": null}, "epsRevisions": {"upLast7days": {}, "upLast30days": {}, "downLast30days": {}, "downLast7Days": {}, "downLast90days": {}, "epsRevisionsCurrency": null}}, {"maxAge": 1, "period": "+1y", "endDate": null, "growth": {}, "earningsEstimate": {"avg": {}, "low": {}, "high": {}, "yearAgoEps": {}, "numberOfAnalysts": {}, "growth": {}, "earningsCurrency": null}, "revenueEstimate": {"avg": {"raw": 0, "fmt": null, "longFmt": "0"}, "low": {"raw": 0, "fmt": null, "longFmt": "0"}, "high": {"raw": 0, "fmt": null, "longFmt": "0"}, "numberOfAnalysts": {"raw": 0, "fmt": null, "longFmt": "0"}, "yearAgoRevenue": {}, "growth": {}, "revenueCurrency": null}, "epsTrend": {"current": {}, "7daysAgo": {}, "30daysAgo": {}, "60daysAgo": {}, "90daysAgo": {}, "epsTrendCurrency": null}, "epsRevisions": {"upLast7days": {}, "upLast30days": {}, "downLast30days": {}, "downLast7Days": {}, "downLast90days": {}, "epsRevisionsCurrency": null}}], "defaultMethodology": "nongaap", "maxAge": 1}, "earningsHistory": {"history": [], "defaultMethodology": "nongaap", "maxAge": 86400}, "financialData": {"maxAge": 86400, "currentPrice": {"raw": 1.59, "fmt": "1.59"}, "targetHighPrice": {}, "targetLowPrice": {}, "targetMeanPrice": {}, "targetMedianPrice": {}, "recommendationMean": {}, "recommendationKey": "none", "numberOfAnalystOpinions": {}, "totalCash": {"raw": 867767, "fmt": "867.77k", "longFmt": "867,767"}, "totalCashPerShare": {"raw": 0.783, "fmt": "0.78"}, "ebitda": {"raw": -2805050, "fmt": "-2.81M", "longFmt": "-2,805,050"}, "totalDebt": {"raw": 197125, "fmt": "197.12k", "longFmt": "197,125"}, "quickRatio": {"raw": 0.35, "fmt": "0.35"}, "currentRatio": {"raw": 0.479, "fmt": "0.48"}, "totalRevenue": {"raw": 3370162, "fmt": "3.37M", "longFmt": "3,370,162"}, "debtToEquity": {"raw": 40.114, "fmt": "40.11%"}, "revenuePerShare": {"raw": 3.18, "fmt": "3.18"}, "returnOnAssets": {"raw": -0.31896, "fmt": "-31.90%"}, "returnOnEquity": {"raw": -1.50992, "fmt": "-150.99%"}, "grossProfits": {"raw": 793788, "fmt": "793.79k", "longFmt": "793,788"}, "freeCashflow": {"raw": -1773637, "fmt": "-1.77M", "longFmt": "-1,773,637"}, "operatingCashflow": {"raw": 162386, "fmt": "162.39k", "longFmt": "162,386"}, "earningsGrowth": {}, "revenueGrowth": {"raw": -0.022, "fmt": "-2.20%"}, "grossMargins": {"raw": 0.23552999, "fmt": "23.55%"}, "ebitdaMargins": {"raw": -0.83232003, "fmt": "-83.23%"}, "operatingMargins": {"raw": -0.71072, "fmt": "-71.07%"}, "profitMargins": {"raw": -0.95434, "fmt": "-95.43%"}, "financialCurrency": "USD"}}