{"assetProfile": {"address1": "Building A1", "address2": "Floor 1, Office 114-117 Dubai Digital Park Dubai Silicon Oasis", "city": "Dubai", "country": "United Arab Emirates", "phone": "971 5 0656 3888", "website": "https://www.roboai.io", "industry": "Auto Manufacturers", "industryKey": "auto-manufacturers", "industryDisp": "Auto Manufacturers", "sector": "Consumer Cyclical", "sectorKey": "consumer-cyclical", "sectorDisp": "Consumer Cyclical", "longBusinessSummary": "Robo.ai Inc., a smart passenger vehicle company, provides passenger-centric mobility and green energy solutions in the United States, the United Arab Emirates, and Mainland China. The company develops electric vehicles, including MUSE, GHIATH, and autonomous logistics vehicles; and Astra that offers intelligent logistics, automatic delivery, and shared travel solutions. It is also involved in the wholesale and retail of vehicles; and sale of auto parts and materials. In addition, the company provides business management, operations, commercialization, and warranty, as well as design and technology development services. The company was formerly know as NWTN, Inc. and change its name to Robo.ai Inc. in August 2025Robo.ai Inc. is headquartered in Dubai, the United Arab Emirates.", "fullTimeEmployees": 68, "companyOfficers": [{"maxAge": 1, "name": "Mr. Alan Nan Wu", "age": 42, "title": "Executive Chairman", "yearBorn": 1982, "exercisedValue": {"raw": 0, "fmt": null, "longFmt": "0"}, "unexercisedValue": {"raw": 0, "fmt": null, "longFmt": "0"}}, {"maxAge": 1, "name": "Mr. Benjamin  Bin Zhai", "age": 55, "title": "CEO & Executive Director", "yearBorn": 1969, "exercisedValue": {"raw": 0, "fmt": null, "longFmt": "0"}, "unexercisedValue": {"raw": 0, "fmt": null, "longFmt": "0"}}, {"maxAge": 1, "name": "Mr. Huainan  Liao", "age": 47, "title": "Executive Global President & Vice Chairman", "yearBorn": 1977, "exercisedValue": {"raw": 0, "fmt": null, "longFmt": "0"}, "unexercisedValue": {"raw": 0, "fmt": null, "longFmt": "0"}}, {"maxAge": 1, "name": "Mr. Adrian  Wong", "age": 38, "title": "Chief Financial Officer", "yearBorn": 1986, "exercisedValue": {"raw": 0, "fmt": null, "longFmt": "0"}, "unexercisedValue": {"raw": 0, "fmt": null, "longFmt": "0"}}, {"maxAge": 1, "name": "Mr. John  Xie", "age": 33, "title": "Chief Operating Officer", "yearBorn": 1991, "exercisedValue": {"raw": 0, "fmt": null, "longFmt": "0"}, "unexercisedValue": {"raw": 0, "fmt": null, "longFmt": "0"}}, {"maxAge": 1, "name": "Mr. Jinming  Dong CPA", "age": 45, "title": "Chief Accounting Officer", "yearBorn": 1979, "exercisedValue": {"raw": 0, "fmt": null, "longFmt": "0"}, "unexercisedValue": {"raw": 0, "fmt": null, "longFmt": "0"}}, {"maxAge": 1, "name": "Mr. Howard Shixuan Yu", "age": 55, "title": "Chief Technology Officer", "yearBorn": 1969, "exercisedValue": {"raw": 0, "fmt": null, "longFmt": "0"}, "unexercisedValue": {"raw": 0, "fmt": null, "longFmt": "0"}}, {"maxAge": 1, "name": "Mr. Xuan  Yan J.D.", "age": 61, "title": "President of Americas, Chief Legal & Compliance Officer and Corporate Secretary", "yearBorn": 1963, "exercisedValue": {"raw": 0, "fmt": null, "longFmt": "0"}, "unexercisedValue": {"raw": 0, "fmt": null, "longFmt": "0"}}, {"maxAge": 1, "name": "Mr. River  Zhang", "title": "Chief Industrial Officer & President of RoBUS", "exercisedValue": {"raw": 0, "fmt": null, "longFmt": "0"}, "unexercisedValue": {"raw": 0, "fmt": null, "longFmt": "0"}}], "executiveTeam": [], "maxAge": 86400}, "calendarEvents": {"maxAge": 1, "earnings": {"earningsDate": [], "earningsCallDate": [], "earningsAverage": {}, "earningsLow": {}, "earningsHigh": {}, "revenueAverage": {}, "revenueLow": {}, "revenueHigh": {}}, "exDividendDate": {}, "dividendDate": {}}, "earningsTrend": {"trend": [{"maxAge": 1, "period": "0q", "endDate": null, "growth": {}, "earningsEstimate": {"avg": {}, "low": {}, "high": {}, "yearAgoEps": {}, "numberOfAnalysts": {}, "growth": {}, "earningsCurrency": null}, "revenueEstimate": {"avg": {"raw": 0, "fmt": null, "longFmt": "0"}, "low": {"raw": 0, "fmt": null, "longFmt": "0"}, "high": {"raw": 0, "fmt": null, "longFmt": "0"}, "numberOfAnalysts": {"raw": 0, "fmt": null, "longFmt": "0"}, "yearAgoRevenue": {}, "growth": {}, "revenueCurrency": null}, "epsTrend": {"current": {}, "7daysAgo": {}, "30daysAgo": {}, "60daysAgo": {}, "90daysAgo": {}, "epsTrendCurrency": null}, "epsRevisions": {"upLast7days": {}, "upLast30days": {}, "downLast30days": {}, "downLast7Days": {}, "downLast90days": {}, "epsRevisionsCurrency": null}}, {"maxAge": 1, "period": "+1q", "endDate": null, "growth": {}, "earningsEstimate": {"avg": {}, "low": {}, "high": {}, "yearAgoEps": {}, "numberOfAnalysts": {}, "growth": {}, "earningsCurrency": null}, "revenueEstimate": {"avg": {"raw": 0, "fmt": null, "longFmt": "0"}, "low": {"raw": 0, "fmt": null, "longFmt": "0"}, "high": {"raw": 0, "fmt": null, "longFmt": "0"}, "numberOfAnalysts": {"raw": 0, "fmt": null, "longFmt": "0"}, "yearAgoRevenue": {}, "growth": {}, "revenueCurrency": null}, "epsTrend": {"current": {}, "7daysAgo": {}, "30daysAgo": {}, "60daysAgo": {}, "90daysAgo": {}, "epsTrendCurrency": null}, "epsRevisions": {"upLast7days": {}, "upLast30days": {}, "downLast30days": {}, "downLast7Days": {}, "downLast90days": {}, "epsRevisionsCurrency": null}}, {"maxAge": 1, "period": "0y", "endDate": null, "growth": {}, "earningsEstimate": {"avg": {}, "low": {}, "high": {}, "yearAgoEps": {}, "numberOfAnalysts": {}, "growth": {}, "earningsCurrency": null}, "revenueEstimate": {"avg": {"raw": 0, "fmt": null, "longFmt": "0"}, "low": {"raw": 0, "fmt": null, "longFmt": "0"}, "high": {"raw": 0, "fmt": null, "longFmt": "0"}, "numberOfAnalysts": {"raw": 0, "fmt": null, "longFmt": "0"}, "yearAgoRevenue": {}, "growth": {}, "revenueCurrency": null}, "epsTrend": {"current": {}, "7daysAgo": {}, "30daysAgo": {}, "60daysAgo": {}, "90daysAgo": {}, "epsTrendCurrency": null}, "epsRevisions": {"upLast7days": {}, "upLast30days": {}, "downLast30days": {}, "downLast7Days": {}, "downLast90days": {}, "epsRevisionsCurrency": null}}, {"maxAge": 1, "period": "+1y", "endDate": null, "growth": {}, "earningsEstimate": {"avg": {}, "low": {}, "high": {}, "yearAgoEps": {}, "numberOfAnalysts": {}, "growth": {}, "earningsCurrency": null}, "revenueEstimate": {"avg": {"raw": 0, "fmt": null, "longFmt": "0"}, "low": {"raw": 0, "fmt": null, "longFmt": "0"}, "high": {"raw": 0, "fmt": null, "longFmt": "0"}, "numberOfAnalysts": {"raw": 0, "fmt": null, "longFmt": "0"}, "yearAgoRevenue": {}, "growth": {}, "revenueCurrency": null}, "epsTrend": {"current": {}, "7daysAgo": {}, "30daysAgo": {}, "60daysAgo": {}, "90daysAgo": {}, "epsTrendCurrency": null}, "epsRevisions": {"upLast7days": {}, "upLast30days": {}, "downLast30days": {}, "downLast7Days": {}, "downLast90days": {}, "epsRevisionsCurrency": null}}], "defaultMethodology": "nongaap", "maxAge": 1}, "earningsHistory": {"history": [], "defaultMethodology": "nongaap", "maxAge": 86400}, "financialData": {"maxAge": 86400, "currentPrice": {"raw": 0.5742, "fmt": "0.57"}, "targetHighPrice": {}, "targetLowPrice": {}, "targetMeanPrice": {}, "targetMedianPrice": {}, "recommendationMean": {}, "recommendationKey": "none", "numberOfAnalystOpinions": {}, "totalCash": {"raw": 1683000, "fmt": "1.68M", "longFmt": "1,683,000"}, "totalCashPerShare": {"raw": 0.006, "fmt": "0.01"}, "ebitda": {"raw": -83994000, "fmt": "-83.99M", "longFmt": "-83,994,000"}, "totalDebt": {"raw": 17131000, "fmt": "17.13M", "longFmt": "17,131,000"}, "quickRatio": {"raw": 0.17, "fmt": "0.17"}, "currentRatio": {"raw": 0.301, "fmt": "0.30"}, "totalRevenue": {"raw": 5742000, "fmt": "5.74M", "longFmt": "5,742,000"}, "debtToEquity": {}, "revenuePerShare": {"raw": 0.02, "fmt": "0.02"}, "returnOnAssets": {"raw": -0.60959, "fmt": "-60.96%"}, "returnOnEquity": {}, "grossProfits": {"raw": 3131000, "fmt": "3.13M", "longFmt": "3,131,000"}, "freeCashflow": {"raw": -31292124, "fmt": "-31.29M", "longFmt": "-31,292,124"}, "operatingCashflow": {"raw": 53906000, "fmt": "53.91M", "longFmt": "53,906,000"}, "earningsGrowth": {}, "revenueGrowth": {"raw": -0.879, "fmt": "-87.90%"}, "grossMargins": {"raw": 0.54528, "fmt": "54.53%"}, "ebitdaMargins": {"raw": 0.0, "fmt": "0.00%"}, "operatingMargins": {"raw": -7.3588, "fmt": "-735.88%"}, "profitMargins": {"raw": 0.0, "fmt": "0.00%"}, "financialCurrency": "USD"}}