{"assetProfile": {"address1": "8880 Rio San Diego Drive", "address2": "Suite 800", "city": "San Diego", "state": "CA", "zip": "92108", "country": "United States", "phone": "858 869 2986", "website": "https://www.ainos.com", "industry": "Scientific & Technical Instruments", "industryKey": "scientific-technical-instruments", "industryDisp": "Scientific & Technical Instruments", "sector": "Technology", "sectorKey": "technology", "sectorDisp": "Technology", "longBusinessSummary": "Ainos, Inc., a dual-platform AI and biotech company, focusing SmellTech, AI diagnostics, and immune therapeutics. Its AI Nose platform uses a smell language model to digitize scent into Smell IDs and turning invisible chemical signals into machine-readable data. The company is also giving AI for robotics, smart factories, senior care, and women's health. In addition, it develops VELDONA, a low-dose oral interferon targeting rare, autoimmune, and infectious diseases, plus applications in animal health. The company was formerly known as Amarillo Biosciences, Inc. and changed its name to Ainos, Inc. in May 2021. Ainos, Inc. was incorporated in 1984 and is based in San Diego, California. Ainos, Inc. is a subsidiary of Taiwan Carbon Nano Technology Corporation.", "fullTimeEmployees": 44, "companyOfficers": [{"maxAge": 1, "name": "Mr. Chun-Hsien  Tsai", "age": 54, "title": "CEO, President & Chairman of the Board", "yearBorn": 1970, "fiscalYear": 2024, "totalPay": {"raw": 237830, "fmt": "237.83k", "longFmt": "237,830"}, "exercisedValue": {"raw": 0, "fmt": null, "longFmt": "0"}, "unexercisedValue": {"raw": 0, "fmt": null, "longFmt": "0"}}, {"maxAge": 1, "name": "Mr. Hsin-Liang  Lee", "age": 53, "title": "Chief Financial Officer", "yearBorn": 1971, "fiscalYear": 2024, "totalPay": {"raw": 101507, "fmt": "101.51k", "longFmt": "101,507"}, "exercisedValue": {"raw": 0, "fmt": null, "longFmt": "0"}, "unexercisedValue": {"raw": 0, "fmt": null, "longFmt": "0"}}, {"maxAge": 1, "name": "Mr. Chih-Heng  Lu", "age": 44, "title": "Director of Corporate Developoment", "yearBorn": 1980, "fiscalYear": 2024, "exercisedValue": {"raw": 0, "fmt": null, "longFmt": "0"}, "unexercisedValue": {"raw": 0, "fmt": null, "longFmt": "0"}}], "compensationAsOfEpochDate": 1735603200, "executiveTeam": [], "maxAge": 86400}, "calendarEvents": {"maxAge": 1, "earnings": {"earningsDate": [], "earningsCallDate": [], "earningsAverage": {}, "earningsLow": {}, "earningsHigh": {}, "revenueAverage": {}, "revenueLow": {}, "revenueHigh": {}}, "exDividendDate": {}, "dividendDate": {}}, "earningsTrend": {"trend": [{"maxAge": 1, "period": "0q", "endDate": null, "growth": {}, "earningsEstimate": {"avg": {}, "low": {}, "high": {}, "yearAgoEps": {}, "numberOfAnalysts": {}, "growth": {}, "earningsCurrency": null}, "revenueEstimate": {"avg": {"raw": 0, "fmt": null, "longFmt": "0"}, "low": {"raw": 0, "fmt": null, "longFmt": "0"}, "high": {"raw": 0, "fmt": null, "longFmt": "0"}, "numberOfAnalysts": {"raw": 0, "fmt": null, "longFmt": "0"}, "yearAgoRevenue": {}, "growth": {}, "revenueCurrency": null}, "epsTrend": {"current": {}, "7daysAgo": {}, "30daysAgo": {}, "60daysAgo": {}, "90daysAgo": {}, "epsTrendCurrency": null}, "epsRevisions": {"upLast7days": {}, "upLast30days": {}, "downLast30days": {}, "downLast7Days": {}, "downLast90days": {}, "epsRevisionsCurrency": null}}, {"maxAge": 1, "period": "+1q", "endDate": null, "growth": {}, "earningsEstimate": {"avg": {}, "low": {}, "high": {}, "yearAgoEps": {}, "numberOfAnalysts": {}, "growth": {}, "earningsCurrency": null}, "revenueEstimate": {"avg": {"raw": 0, "fmt": null, "longFmt": "0"}, "low": {"raw": 0, "fmt": null, "longFmt": "0"}, "high": {"raw": 0, "fmt": null, "longFmt": "0"}, "numberOfAnalysts": {"raw": 0, "fmt": null, "longFmt": "0"}, "yearAgoRevenue": {}, "growth": {}, "revenueCurrency": null}, "epsTrend": {"current": {}, "7daysAgo": {}, "30daysAgo": {}, "60daysAgo": {}, "90daysAgo": {}, "epsTrendCurrency": null}, "epsRevisions": {"upLast7days": {}, "upLast30days": {}, "downLast30days": {}, "downLast7Days": {}, "downLast90days": {}, "epsRevisionsCurrency": null}}, {"maxAge": 1, "period": "0y", "endDate": null, "growth": {}, "earningsEstimate": {"avg": {}, "low": {}, "high": {}, "yearAgoEps": {}, "numberOfAnalysts": {}, "growth": {}, "earningsCurrency": null}, "revenueEstimate": {"avg": {"raw": 0, "fmt": null, "longFmt": "0"}, "low": {"raw": 0, "fmt": null, "longFmt": "0"}, "high": {"raw": 0, "fmt": null, "longFmt": "0"}, "numberOfAnalysts": {"raw": 0, "fmt": null, "longFmt": "0"}, "yearAgoRevenue": {}, "growth": {}, "revenueCurrency": null}, "epsTrend": {"current": {}, "7daysAgo": {}, "30daysAgo": {}, "60daysAgo": {}, "90daysAgo": {}, "epsTrendCurrency": null}, "epsRevisions": {"upLast7days": {}, "upLast30days": {}, "downLast30days": {}, "downLast7Days": {}, "downLast90days": {}, "epsRevisionsCurrency": null}}, {"maxAge": 1, "period": "+1y", "endDate": null, "growth": {}, "earningsEstimate": {"avg": {}, "low": {}, "high": {}, "yearAgoEps": {}, "numberOfAnalysts": {}, "growth": {}, "earningsCurrency": null}, "revenueEstimate": {"avg": {"raw": 0, "fmt": null, "longFmt": "0"}, "low": {"raw": 0, "fmt": null, "longFmt": "0"}, "high": {"raw": 0, "fmt": null, "longFmt": "0"}, "numberOfAnalysts": {"raw": 0, "fmt": null, "longFmt": "0"}, "yearAgoRevenue": {}, "growth": {}, "revenueCurrency": null}, "epsTrend": {"current": {}, "7daysAgo": {}, "30daysAgo": {}, "60daysAgo": {}, "90daysAgo": {}, "epsTrendCurrency": null}, "epsRevisions": {"upLast7days": {}, "upLast30days": {}, "downLast30days": {}, "downLast7Days": {}, "downLast90days": {}, "epsRevisionsCurrency": null}}], "defaultMethodology": "nongaap", "maxAge": 1}, "earningsHistory": {"history": [], "defaultMethodology": "nongaap", "maxAge": 86400}, "financialData": {"maxAge": 86400, "currentPrice": {"raw": 0.12, "fmt": "0.12"}, "targetHighPrice": {}, "targetLowPrice": {}, "targetMeanPrice": {}, "targetMedianPrice": {}, "recommendationMean": {}, "recommendationKey": "none", "numberOfAnalystOpinions": {}, "totalCash": {"raw": 1223184, "fmt": "1.22M", "longFmt": "1,223,184"}, "totalCashPerShare": {"raw": 0.263, "fmt": "0.26"}, "ebitda": {"raw": -9806200, "fmt": "-9.81M", "longFmt": "-9,806,200"}, "totalDebt": {"raw": 11000000, "fmt": "11M", "longFmt": "11,000,000"}, "quickRatio": {"raw": 2.03, "fmt": "2.03"}, "currentRatio": {"raw": 2.877, "fmt": "2.88"}, "totalRevenue": {"raw": 110870, "fmt": "110.87k", "longFmt": "110,870"}, "debtToEquity": {"raw": 96.13, "fmt": "96.13%"}, "revenuePerShare": {"raw": 0.036, "fmt": "0.04"}, "returnOnAssets": {"raw": -0.30651, "fmt": "-30.65%"}, "returnOnEquity": {"raw": -0.97803, "fmt": "-97.80%"}, "grossProfits": {"raw": 91232, "fmt": "91.23k", "longFmt": "91,232"}, "freeCashflow": {"raw": -11590, "fmt": "-11.59k", "longFmt": "-11,590"}, "operatingCashflow": {"raw": -4914375, "fmt": "-4.91M", "longFmt": "-4,914,375"}, "earningsGrowth": {}, "revenueGrowth": {}, "grossMargins": {"raw": 0.82287, "fmt": "82.29%"}, "ebitdaMargins": {"raw": 0.0, "fmt": "0.00%"}, "operatingMargins": {"raw": -803.2784, "fmt": "-80,327.84%"}, "profitMargins": {"raw": 0.0, "fmt": "0.00%"}, "financialCurrency": "USD"}}