{"assetProfile": {"address1": "123 Tice Boulevard", "address2": "Suite 101", "city": "Woodcliff Lake", "state": "NJ", "zip": "07677", "country": "United States", "phone": "201 996 9000", "website": "https://www.powerfleet.com", "industry": "Software - Infrastructure", "industryKey": "software-infrastructure", "industryDisp": "Software - Infrastructure", "sector": "Technology", "sectorKey": "technology", "sectorDisp": "Technology", "longBusinessSummary": "PowerFleet, Inc. provides artificial intelligence-of-things (AIoT) solutions in North America, Israel, Africa, Europe, the Middle East, Australia, and internationally. Its unity solution portfolio includes unity platform that enables integration with AIoT devices and third-party business systems to a data highway that powers artificial intelligence-driven insights to help customers save lives, time, and money; software as a service based unity modules, which comprises vehicle, video, and in-warehouse IoT for customers to gain visibility and AI-powered insights into their people, assets, and business processes to manage utilization and maintenance, safety, fuel and energy management, and compliance and high-risk incidents; and open application programming interfaces for additional integrations and development to enhance other enterprise management systems and third-party applications. The company also provides hosting, maintenance, and customer support and consulting services; and software as a service, such as system monitoring, help desk technical support, escalation procedure development, routine diagnostic data analysis, and software update services. The company offers its products under the Powerfleet, Pointer, Cellocator, MiX by Powerfleet, and Fleet Complete brands. It markets and sells its wireless solutions to a range of customers in the commercial and government sectors, including construction and heavy equipment, distribution, field services, leasing and car rental, government and public safety, manufacturing and automotive, oil and gas, chemical, transportation and logistics, utilities and telecommunications, and cold chain logistics. The company was formerly known as I.D. Systems, Inc. and changed its name to PowerFleet, Inc. in October 2019. PowerFleet, Inc. was incorporated in 1993 and is headquartered in Woodcliff Lake, New Jersey.", "fullTimeEmployees": 2518, "companyOfficers": [{"maxAge": 1, "name": "Mr. Steve  Towe", "age": 52, "title": "CEO & Director", "yearBorn": 1972, "fiscalYear": 2025, "totalPay": {"raw": 3195000, "fmt": "3.19M", "longFmt": "3,195,000"}, "exercisedValue": {"raw": 0, "fmt": null, "longFmt": "0"}, "unexercisedValue": {"raw": 340000, "fmt": "340k", "longFmt": "340,000"}}, {"maxAge": 1, "name": "Mr. David  Wilson", "age": 56, "title": "CFO & Corporate Secretary", "yearBorn": 1968, "fiscalYear": 2025, "totalPay": {"raw": 1034125, "fmt": "1.03M", "longFmt": "1,034,125"}, "exercisedValue": {"raw": 0, "fmt": null, "longFmt": "0"}, "unexercisedValue": {"raw": 323700, "fmt": "323.7k", "longFmt": "323,700"}}, {"maxAge": 1, "name": "Ms. Melissa  Ingram", "age": 38, "title": "Chief Corporate Development Officer", "yearBorn": 1986, "fiscalYear": 2025, "totalPay": {"raw": 972705, "fmt": "972.71k", "longFmt": "972,705"}, "exercisedValue": {"raw": 0, "fmt": null, "longFmt": "0"}, "unexercisedValue": {"raw": 222150, "fmt": "222.15k", "longFmt": "222,150"}}, {"maxAge": 1, "name": "Mr. Offer  Lehmann", "age": 51, "title": "Chief Operating Officer", "yearBorn": 1973, "fiscalYear": 2025, "exercisedValue": {"raw": 0, "fmt": null, "longFmt": "0"}, "unexercisedValue": {"raw": 0, "fmt": null, "longFmt": "0"}}, {"maxAge": 1, "name": "Mr. Jonathan  Bates", "age": 41, "title": "Chief Marketing Officer", "yearBorn": 1983, "fiscalYear": 2025, "exercisedValue": {"raw": 0, "fmt": null, "longFmt": "0"}, "unexercisedValue": {"raw": 0, "fmt": null, "longFmt": "0"}}, {"maxAge": 1, "name": "Ms. Melissa  Garza", "title": "Chief Human Resource Officer", "fiscalYear": 2025, "exercisedValue": {"raw": 0, "fmt": null, "longFmt": "0"}, "unexercisedValue": {"raw": 0, "fmt": null, "longFmt": "0"}}, {"maxAge": 1, "name": "Ms. Catherine Joy Lewis", "age": 49, "title": "Chief Customer Officer", "yearBorn": 1975, "fiscalYear": 2025, "exercisedValue": {"raw": 0, "fmt": null, "longFmt": "0"}, "unexercisedValue": {"raw": 0, "fmt": null, "longFmt": "0"}}, {"maxAge": 1, "name": "Mr. Brendan  Horan CA(SA)", "age": 49, "title": "Managing Director of South Africa", "yearBorn": 1975, "fiscalYear": 2025, "exercisedValue": {"raw": 0, "fmt": null, "longFmt": "0"}, "unexercisedValue": {"raw": 0, "fmt": null, "longFmt": "0"}}, {"maxAge": 1, "name": "Mr. Brodie  Von Berg", "title": "Managing Director of Australasia", "fiscalYear": 2025, "exercisedValue": {"raw": 0, "fmt": null, "longFmt": "0"}, "unexercisedValue": {"raw": 0, "fmt": null, "longFmt": "0"}}, {"maxAge": 1, "name": "Mr. Luiz  Munhoz", "title": "Managing Director of Brazil", "fiscalYear": 2025, "exercisedValue": {"raw": 0, "fmt": null, "longFmt": "0"}, "unexercisedValue": {"raw": 0, "fmt": null, "longFmt": "0"}}], "auditRisk": 10, "boardRisk": 8, "compensationRisk": 10, "shareHolderRightsRisk": 7, "overallRisk": 10, "governanceEpochDate": 1761955200, "compensationAsOfEpochDate": 1767139200, "executiveTeam": [], "maxAge": 86400}, "calendarEvents": {"maxAge": 1, "earnings": {"earningsDate": [{"raw": 1762781400, "fmt": "2025-11-10"}], "earningsCallDate": [{"raw": 1762781400, "fmt": "2025-11-10"}], "isEarningsDateEstimate": false, "earningsAverage": {"raw": 0.065, "fmt": "0.06"}, "earningsLow": {"raw": 0.05, "fmt": "0.05"}, "earningsHigh": {"raw": 0.08, "fmt": "0.08"}, "revenueAverage": {"raw": 105505570, "fmt": "105.51M", "longFmt": "105,505,570"}, "revenueLow": {"raw": 105000000, "fmt": "105M", "longFmt": "105,000,000"}, "revenueHigh": {"raw": 106486000, "fmt": "106.49M", "longFmt": "106,486,000"}}, "exDividendDate": {}, "dividendDate": {}}, "earningsTrend": {"trend": [{"maxAge": 1, "period": "0q", "endDate": "2025-09-30", "growth": {"raw": 2.25, "fmt": "225.00%"}, "earningsEstimate": {"avg": {"raw": 0.065, "fmt": "0.06"}, "low": {"raw": 0.05, "fmt": "0.05"}, "high": {"raw": 0.08, "fmt": "0.08"}, "yearAgoEps": {"raw": 0.02, "fmt": "0.02"}, "numberOfAnalysts": {"raw": 2, "fmt": "2", "longFmt": "2"}, "growth": {"raw": 2.25, "fmt": "225.00%"}, "earningsCurrency": "USD"}, "revenueEstimate": {"avg": {"raw": 105505570, "fmt": "105.51M", "longFmt": "105,505,570"}, "low": {"raw": 105000000, "fmt": "105M", "longFmt": "105,000,000"}, "high": {"raw": 106486000, "fmt": "106.49M", "longFmt": "106,486,000"}, "numberOfAnalysts": {"raw": 7, "fmt": "7", "longFmt": "7"}, "yearAgoRevenue": {"raw": 77018000, "fmt": "77.02M", "longFmt": "77,018,000"}, "growth": {"raw": 0.36990002, "fmt": "36.99%"}, "revenueCurrency": "USD"}, "epsTrend": {"current": {"raw": 0.065, "fmt": "0.06"}, "7daysAgo": {"raw": 0.05, "fmt": "0.05"}, "30daysAgo": {"raw": 0.05, "fmt": "0.05"}, "60daysAgo": {"raw": 0.06, "fmt": "0.06"}, "90daysAgo": {"raw": 0.07333, "fmt": "0.07"}, "epsTrendCurrency": "USD"}, "epsRevisions": {"upLast7days": {"raw": 0, "fmt": null, "longFmt": "0"}, "upLast30days": {"raw": 0, "fmt": null, "longFmt": "0"}, "downLast30days": {"raw": 1, "fmt": "1", "longFmt": "1"}, "downLast7Days": {"raw": 1, "fmt": "1", "longFmt": "1"}, "downLast90days": {}, "epsRevisionsCurrency": "USD"}}, {"maxAge": 1, "period": "+1q", "endDate": "2025-12-31", "growth": {"raw": 9.5, "fmt": "950.00%"}, "earningsEstimate": {"avg": {"raw": 0.105, "fmt": "0.1"}, "low": {"raw": 0.08, "fmt": "0.08"}, "high": {"raw": 0.13, "fmt": "0.13"}, "yearAgoEps": {"raw": 0.01, "fmt": "0.01"}, "numberOfAnalysts": {"raw": 2, "fmt": "2", "longFmt": "2"}, "growth": {"raw": 9.5, "fmt": "950.00%"}, "earningsCurrency": "USD"}, "revenueEstimate": {"avg": {"raw": 110621430, "fmt": "110.62M", "longFmt": "110,621,430"}, "low": {"raw": 109682000, "fmt": "109.68M", "longFmt": "109,682,000"}, "high": {"raw": 113000000, "fmt": "113M", "longFmt": "113,000,000"}, "numberOfAnalysts": {"raw": 7, "fmt": "7", "longFmt": "7"}, "yearAgoRevenue": {"raw": 106429000, "fmt": "106.43M", "longFmt": "106,429,000"}, "growth": {"raw": 0.0394, "fmt": "3.94%"}, "revenueCurrency": "USD"}, "epsTrend": {"current": {"raw": 0.105, "fmt": "0.1"}, "7daysAgo": {"raw": 0.07333, "fmt": "0.07"}, "30daysAgo": {"raw": 0.07333, "fmt": "0.07"}, "60daysAgo": {"raw": 0.08, "fmt": "0.08"}, "90daysAgo": {"raw": 0.09333, "fmt": "0.09"}, "epsTrendCurrency": "USD"}, "epsRevisions": {"upLast7days": {"raw": 1, "fmt": "1", "longFmt": "1"}, "upLast30days": {"raw": 1, "fmt": "1", "longFmt": "1"}, "downLast30days": {"raw": 0, "fmt": null, "longFmt": "0"}, "downLast7Days": {"raw": 0, "fmt": null, "longFmt": "0"}, "downLast90days": {}, "epsRevisionsCurrency": "USD"}}, {"maxAge": 1, "period": "0y", "endDate": "2026-03-31", "growth": {"raw": 6.5, "fmt": "650.00%"}, "earningsEstimate": {"avg": {"raw": 0.3, "fmt": "0.3"}, "low": {"raw": 0.25, "fmt": "0.25"}, "high": {"raw": 0.35, "fmt": "0.35"}, "yearAgoEps": {"raw": 0.04, "fmt": "0.04"}, "numberOfAnalysts": {"raw": 2, "fmt": "2", "longFmt": "2"}, "growth": {"raw": 6.5, "fmt": "650.00%"}, "earningsCurrency": "USD"}, "revenueEstimate": {"avg": {"raw": 432622430, "fmt": "432.62M", "longFmt": "432,622,430"}, "low": {"raw": 430015000, "fmt": "430.01M", "longFmt": "430,015,000"}, "high": {"raw": 437121000, "fmt": "437.12M", "longFmt": "437,121,000"}, "numberOfAnalysts": {"raw": 7, "fmt": "7", "longFmt": "7"}, "yearAgoRevenue": {"raw": 362515000, "fmt": "362.51M", "longFmt": "362,515,000"}, "growth": {"raw": 0.1934, "fmt": "19.34%"}, "revenueCurrency": "USD"}, "epsTrend": {"current": {"raw": 0.3, "fmt": "0.3"}, "7daysAgo": {"raw": 0.3, "fmt": "0.3"}, "30daysAgo": {"raw": 0.23667, "fmt": "0.24"}, "60daysAgo": {"raw": 0.23667, "fmt": "0.24"}, "90daysAgo": {"raw": 0.26, "fmt": "0.26"}, "epsTrendCurrency": "USD"}, "epsRevisions": {"upLast7days": {"raw": 0, "fmt": null, "longFmt": "0"}, "upLast30days": {"raw": 0, "fmt": null, "longFmt": "0"}, "downLast30days": {"raw": 2, "fmt": "2", "longFmt": "2"}, "downLast7Days": {"raw": 2, "fmt": "2", "longFmt": "2"}, "downLast90days": {}, "epsRevisionsCurrency": "USD"}}, {"maxAge": 1, "period": "+1y", "endDate": "2027-03-31", "growth": {"raw": 0.2833, "fmt": "28.33%"}, "earningsEstimate": {"avg": {"raw": 0.385, "fmt": "0.38"}, "low": {"raw": 0.21, "fmt": "0.21"}, "high": {"raw": 0.56, "fmt": "0.56"}, "yearAgoEps": {"raw": 0.3, "fmt": "0.3"}, "numberOfAnalysts": {"raw": 2, "fmt": "2", "longFmt": "2"}, "growth": {"raw": 0.2833, "fmt": "28.33%"}, "earningsCurrency": "USD"}, "revenueEstimate": {"avg": {"raw": 476042200, "fmt": "476.04M", "longFmt": "476,042,200"}, "low": {"raw": 472000000, "fmt": "472M", "longFmt": "472,000,000"}, "high": {"raw": 480800000, "fmt": "480.8M", "longFmt": "480,800,000"}, "numberOfAnalysts": {"raw": 5, "fmt": "5", "longFmt": "5"}, "yearAgoRevenue": {"raw": 432622430, "fmt": "432.62M", "longFmt": "432,622,430"}, "growth": {"raw": 0.1004, "fmt": "10.04%"}, "revenueCurrency": "USD"}, "epsTrend": {"current": {"raw": 0.385, "fmt": "0.38"}, "7daysAgo": {"raw": 0.385, "fmt": "0.38"}, "30daysAgo": {"raw": 0.22, "fmt": "0.22"}, "60daysAgo": {"raw": 0.22, "fmt": "0.22"}, "90daysAgo": {"raw": 0.23, "fmt": "0.23"}, "epsTrendCurrency": "USD"}, "epsRevisions": {"upLast7days": {"raw": 0, "fmt": null, "longFmt": "0"}, "upLast30days": {"raw": 0, "fmt": null, "longFmt": "0"}, "downLast30days": {"raw": 1, "fmt": "1", "longFmt": "1"}, "downLast7Days": {"raw": 1, "fmt": "1", "longFmt": "1"}, "downLast90days": {}, "epsRevisionsCurrency": "USD"}}], "defaultMethodology": "nongaap", "maxAge": 1}, "earningsHistory": {"history": [{"maxAge": 1, "epsActual": {"raw": 0.02, "fmt": "0.02"}, "epsEstimate": {"raw": 0.01, "fmt": "0.01"}, "epsDifference": {"raw": 0.01, "fmt": "0.01"}, "surprisePercent": {"raw": 1.0, "fmt": "100.00%"}, "quarter": {"raw": 1727654400, "fmt": "2024-09-30"}, "currency": "USD", "period": "-4q"}, {"maxAge": 1, "epsActual": {"raw": 0.01, "fmt": "0.01"}, "epsEstimate": {"raw": 0.04667, "fmt": "0.05"}, "epsDifference": {"raw": -0.04, "fmt": "-0.04"}, "surprisePercent": {"raw": -0.7857, "fmt": "-78.57%"}, "quarter": {"raw": 1735603200, "fmt": "2024-12-31"}, "currency": "USD", "period": "-3q"}, {"maxAge": 1, "epsActual": {"raw": 0.02, "fmt": "0.02"}, "epsEstimate": {"raw": 0.04, "fmt": "0.04"}, "epsDifference": {"raw": -0.02, "fmt": "-0.02"}, "surprisePercent": {"raw": -0.5, "fmt": "-50.00%"}, "quarter": {"raw": 1743379200, "fmt": "2025-03-31"}, "currency": "USD", "period": "-2q"}, {"maxAge": 1, "epsActual": {"raw": 0.01, "fmt": "0.01"}, "epsEstimate": {"raw": 0.03, "fmt": "0.03"}, "epsDifference": {"raw": -0.02, "fmt": "-0.02"}, "surprisePercent": {"raw": -0.6667, "fmt": "-66.67%"}, "quarter": {"raw": 1751241600, "fmt": "2025-06-30"}, "currency": "USD", "period": "-1q"}], "defaultMethodology": "nongaap", "maxAge": 86400}, "financialData": {"maxAge": 86400, "currentPrice": {"raw": 5.08, "fmt": "5.08"}, "targetHighPrice": {"raw": 15.0, "fmt": "15.00"}, "targetLowPrice": {"raw": 8.0, "fmt": "8.00"}, "targetMeanPrice": {"raw": 10.33333, "fmt": "10.33"}, "targetMedianPrice": {"raw": 9.0, "fmt": "9.00"}, "recommendationMean": {}, "recommendationKey": "none", "numberOfAnalystOpinions": {"raw": 6, "fmt": "6", "longFmt": "6"}, "totalCash": {"raw": 31196000, "fmt": "31.2M", "longFmt": "31,196,000"}, "totalCashPerShare": {"raw": 0.236, "fmt": "0.24"}, "ebitda": {"raw": 67250000, "fmt": "67.25M", "longFmt": "67,250,000"}, "totalDebt": {"raw": 283339008, "fmt": "283.34M", "longFmt": "283,339,008"}, "quickRatio": {"raw": 0.829, "fmt": "0.83"}, "currentRatio": {"raw": 1.071, "fmt": "1.07"}, "totalRevenue": {"raw": 391206016, "fmt": "391.21M", "longFmt": "391,206,016"}, "debtToEquity": {"raw": 61.478, "fmt": "61.48%"}, "revenuePerShare": {"raw": 3.094, "fmt": "3.09"}, "returnOnAssets": {"raw": 0.015310001, "fmt": "1.53%"}, "returnOnEquity": {"raw": -0.09139, "fmt": "-9.14%"}, "grossProfits": {"raw": 211370000, "fmt": "211.37M", "longFmt": "211,370,000"}, "freeCashflow": {"raw": 25424624, "fmt": "25.42M", "longFmt": "25,424,624"}, "operatingCashflow": {"raw": 8991000, "fmt": "8.99M", "longFmt": "8,991,000"}, "earningsGrowth": {}, "revenueGrowth": {"raw": 0.38, "fmt": "38.00%"}, "grossMargins": {"raw": 0.5403, "fmt": "54.03%"}, "ebitdaMargins": {"raw": 0.1719, "fmt": "17.19%"}, "operatingMargins": {"raw": 0.02121, "fmt": "2.12%"}, "profitMargins": {"raw": -0.09946, "fmt": "-9.95%"}, "financialCurrency": "USD"}}