{"assetProfile": {"address1": "900 E. Hamilton Avenue", "address2": "Suite 300", "city": "Campbell", "state": "CA", "zip": "95008", "country": "United States", "phone": "408 470 7300", "website": "https://www.arteris.com", "industry": "Semiconductors", "industryKey": "semiconductors", "industryDisp": "Semiconductors", "sector": "Technology", "sectorKey": "technology", "sectorDisp": "Technology", "longBusinessSummary": "Arteris, Inc., together with its subsidiaries, provides semiconductor system intellectual property solutions in the United States, rest of the Americas, China, Korea, the rest of the Asia Pacific, Europe, and the Middle East. It manages on-chip communications and IP block deployments in System-on-Chip (SoC) semiconductors and systems of chiplets. The company offers Network-on-Chip (NoC) IP Products, such as FlexGen, FlexNoC, and FlexWay, a non-coherent NoC IP; Ncore, a cache-coherent NoC IP; and CodaCache, a last-level cache. It also provides SoC integration automation software solutions products that includes Magillem (Connectivity and Registers) and CSRCompiler, an IP and SoC software. In addition, the company offers professional services, such as training, design assistance, and consulting; licensing services for software and intellectual properties; IP support and maintenance; and on-site support services. It serves the automotive, communications, enterprise computing, consumer electronics, and industrial industries. Arteris, Inc. was founded in 2003 and is headquartered in Campbell, California.", "fullTimeEmployees": 278, "companyOfficers": [{"maxAge": 1, "name": "Mr. Karel Charles Janac", "age": 65, "title": "Chairman, CEO & President", "yearBorn": 1959, "fiscalYear": 2024, "totalPay": {"raw": 759439, "fmt": "759.44k", "longFmt": "759,439"}, "exercisedValue": {"raw": 0, "fmt": null, "longFmt": "0"}, "unexercisedValue": {"raw": 0, "fmt": null, "longFmt": "0"}}, {"maxAge": 1, "name": "Mr. Nicholas Bryan Hawkins FCA", "age": 62, "title": "Executive VP & CFO", "yearBorn": 1962, "fiscalYear": 2024, "totalPay": {"raw": 497913, "fmt": "497.91k", "longFmt": "497,913"}, "exercisedValue": {"raw": 0, "fmt": null, "longFmt": "0"}, "unexercisedValue": {"raw": 1900923, "fmt": "1.9M", "longFmt": "1,900,923"}}, {"maxAge": 1, "name": "Dr. Laurent R. Moll", "age": 52, "title": "Executive VP of Engineering & COO", "yearBorn": 1972, "fiscalYear": 2024, "totalPay": {"raw": 480727, "fmt": "480.73k", "longFmt": "480,727"}, "exercisedValue": {"raw": 0, "fmt": null, "longFmt": "0"}, "unexercisedValue": {"raw": 0, "fmt": null, "longFmt": "0"}}, {"maxAge": 1, "name": "Mr. Paul L. Alpern", "age": 59, "title": "Executive VP, Chief Legal Officer & Corporate Secretary", "yearBorn": 1965, "fiscalYear": 2024, "exercisedValue": {"raw": 0, "fmt": null, "longFmt": "0"}, "unexercisedValue": {"raw": 0, "fmt": null, "longFmt": "0"}}, {"maxAge": 1, "name": "Mr. Michal  Siwinski", "title": "EVP and Chief Product & Marketing Officer", "fiscalYear": 2024, "exercisedValue": {"raw": 0, "fmt": null, "longFmt": "0"}, "unexercisedValue": {"raw": 0, "fmt": null, "longFmt": "0"}}, {"maxAge": 1, "name": "Mr. Ken  Way", "title": "Executive VP of Sales & Chief Customer Officer", "fiscalYear": 2024, "exercisedValue": {"raw": 0, "fmt": null, "longFmt": "0"}, "unexercisedValue": {"raw": 0, "fmt": null, "longFmt": "0"}}, {"maxAge": 1, "name": "Ms. Jolene  Bishop", "title": "Executive VP & Chief Human Resources Officer", "fiscalYear": 2024, "exercisedValue": {"raw": 0, "fmt": null, "longFmt": "0"}, "unexercisedValue": {"raw": 0, "fmt": null, "longFmt": "0"}}, {"maxAge": 1, "name": "Ms. Evin Arici Kebebew", "age": 39, "title": "Corporate Controller", "yearBorn": 1985, "fiscalYear": 2024, "exercisedValue": {"raw": 0, "fmt": null, "longFmt": "0"}, "unexercisedValue": {"raw": 0, "fmt": null, "longFmt": "0"}}], "auditRisk": 4, "boardRisk": 8, "compensationRisk": 9, "shareHolderRightsRisk": 8, "overallRisk": 8, "governanceEpochDate": 1761955200, "compensationAsOfEpochDate": 1735603200, "executiveTeam": [], "maxAge": 86400}, "calendarEvents": {"maxAge": 1, "earnings": {"earningsDate": [{"raw": 1762290000, "fmt": "2025-11-04"}], "earningsCallDate": [{"raw": 1762291800, "fmt": "2025-11-04"}], "isEarningsDateEstimate": false, "earningsAverage": {"raw": -0.0925, "fmt": "-0.09"}, "earningsLow": {"raw": -0.11, "fmt": "-0.11"}, "earningsHigh": {"raw": -0.07, "fmt": "-0.07"}, "revenueAverage": {"raw": 17000000, "fmt": "17M", "longFmt": "17,000,000"}, "revenueLow": {"raw": 17000000, "fmt": "17M", "longFmt": "17,000,000"}, "revenueHigh": {"raw": 17000000, "fmt": "17M", "longFmt": "17,000,000"}}, "exDividendDate": {}, "dividendDate": {}}, "earningsTrend": {"trend": [{"maxAge": 1, "period": "0q", "endDate": "2025-09-30", "growth": {"raw": -0.15619999, "fmt": "-15.62%"}, "earningsEstimate": {"avg": {"raw": -0.0925, "fmt": "-0.09"}, "low": {"raw": -0.11, "fmt": "-0.11"}, "high": {"raw": -0.07, "fmt": "-0.07"}, "yearAgoEps": {"raw": -0.08, "fmt": "-0.08"}, "numberOfAnalysts": {"raw": 4, "fmt": "4", "longFmt": "4"}, "growth": {"raw": -0.15619999, "fmt": "-15.62%"}, "earningsCurrency": "USD"}, "revenueEstimate": {"avg": {"raw": 17000000, "fmt": "17M", "longFmt": "17,000,000"}, "low": {"raw": 17000000, "fmt": "17M", "longFmt": "17,000,000"}, "high": {"raw": 17000000, "fmt": "17M", "longFmt": "17,000,000"}, "numberOfAnalysts": {"raw": 4, "fmt": "4", "longFmt": "4"}, "yearAgoRevenue": {"raw": 14713000, "fmt": "14.71M", "longFmt": "14,713,000"}, "growth": {"raw": 0.1554, "fmt": "15.54%"}, "revenueCurrency": "USD"}, "epsTrend": {"current": {"raw": -0.0925, "fmt": "-0.09"}, "7daysAgo": {"raw": -0.0925, "fmt": "-0.09"}, "30daysAgo": {"raw": -0.0925, "fmt": "-0.09"}, "60daysAgo": {"raw": -0.0925, "fmt": "-0.09"}, "90daysAgo": {"raw": -0.0625, "fmt": "-0.06"}, "epsTrendCurrency": "USD"}, "epsRevisions": {"upLast7days": {"raw": 0, "fmt": null, "longFmt": "0"}, "upLast30days": {"raw": 0, "fmt": null, "longFmt": "0"}, "downLast30days": {"raw": 4, "fmt": "4", "longFmt": "4"}, "downLast7Days": {"raw": 1, "fmt": "1", "longFmt": "1"}, "downLast90days": {}, "epsRevisionsCurrency": "USD"}}, {"maxAge": 1, "period": "+1q", "endDate": "2025-12-31", "growth": {"raw": 0.275, "fmt": "27.50%"}, "earningsEstimate": {"avg": {"raw": -0.0725, "fmt": "-0.07"}, "low": {"raw": -0.09, "fmt": "-0.09"}, "high": {"raw": -0.05, "fmt": "-0.05"}, "yearAgoEps": {"raw": -0.1, "fmt": "-0.1"}, "numberOfAnalysts": {"raw": 4, "fmt": "4", "longFmt": "4"}, "growth": {"raw": 0.275, "fmt": "27.50%"}, "earningsCurrency": "USD"}, "revenueEstimate": {"avg": {"raw": 18116500, "fmt": "18.12M", "longFmt": "18,116,500"}, "low": {"raw": 17966000, "fmt": "17.97M", "longFmt": "17,966,000"}, "high": {"raw": 18300000, "fmt": "18.3M", "longFmt": "18,300,000"}, "numberOfAnalysts": {"raw": 4, "fmt": "4", "longFmt": "4"}, "yearAgoRevenue": {"raw": 15489000, "fmt": "15.49M", "longFmt": "15,489,000"}, "growth": {"raw": 0.1696, "fmt": "16.96%"}, "revenueCurrency": "USD"}, "epsTrend": {"current": {"raw": -0.0725, "fmt": "-0.07"}, "7daysAgo": {"raw": -0.0725, "fmt": "-0.07"}, "30daysAgo": {"raw": -0.0725, "fmt": "-0.07"}, "60daysAgo": {"raw": -0.0725, "fmt": "-0.07"}, "90daysAgo": {"raw": -0.0375, "fmt": "-0.04"}, "epsTrendCurrency": "USD"}, "epsRevisions": {"upLast7days": {"raw": 0, "fmt": null, "longFmt": "0"}, "upLast30days": {"raw": 0, "fmt": null, "longFmt": "0"}, "downLast30days": {"raw": 4, "fmt": "4", "longFmt": "4"}, "downLast7Days": {"raw": 1, "fmt": "1", "longFmt": "1"}, "downLast90days": {}, "epsRevisionsCurrency": "USD"}}, {"maxAge": 1, "period": "0y", "endDate": "2025-12-31", "growth": {"raw": 0.1453, "fmt": "14.53%"}, "earningsEstimate": {"avg": {"raw": -0.3675, "fmt": "-0.37"}, "low": {"raw": -0.4, "fmt": "-0.4"}, "high": {"raw": -0.34, "fmt": "-0.34"}, "yearAgoEps": {"raw": -0.43, "fmt": "-0.43"}, "numberOfAnalysts": {"raw": 4, "fmt": "4", "longFmt": "4"}, "growth": {"raw": 0.1453, "fmt": "14.53%"}, "earningsCurrency": "USD"}, "revenueEstimate": {"avg": {"raw": 68108500, "fmt": "68.11M", "longFmt": "68,108,500"}, "low": {"raw": 68000000, "fmt": "68M", "longFmt": "68,000,000"}, "high": {"raw": 68300000, "fmt": "68.3M", "longFmt": "68,300,000"}, "numberOfAnalysts": {"raw": 4, "fmt": "4", "longFmt": "4"}, "yearAgoRevenue": {"raw": 57724000, "fmt": "57.72M", "longFmt": "57,724,000"}, "growth": {"raw": 0.17989999, "fmt": "17.99%"}, "revenueCurrency": "USD"}, "epsTrend": {"current": {"raw": -0.3675, "fmt": "-0.37"}, "7daysAgo": {"raw": -0.3675, "fmt": "-0.37"}, "30daysAgo": {"raw": -0.3675, "fmt": "-0.37"}, "60daysAgo": {"raw": -0.3675, "fmt": "-0.37"}, "90daysAgo": {"raw": -0.2875, "fmt": "-0.29"}, "epsTrendCurrency": "USD"}, "epsRevisions": {"upLast7days": {"raw": 0, "fmt": null, "longFmt": "0"}, "upLast30days": {"raw": 0, "fmt": null, "longFmt": "0"}, "downLast30days": {"raw": 4, "fmt": "4", "longFmt": "4"}, "downLast7Days": {"raw": 1, "fmt": "1", "longFmt": "1"}, "downLast90days": {}, "epsRevisionsCurrency": "USD"}}, {"maxAge": 1, "period": "+1y", "endDate": "2026-12-31", "growth": {"raw": 0.6803, "fmt": "68.03%"}, "earningsEstimate": {"avg": {"raw": -0.1175, "fmt": "-0.12"}, "low": {"raw": -0.23, "fmt": "-0.23"}, "high": {"raw": 0.05, "fmt": "0.05"}, "yearAgoEps": {"raw": -0.3675, "fmt": "-0.37"}, "numberOfAnalysts": {"raw": 4, "fmt": "4", "longFmt": "4"}, "growth": {"raw": 0.6803, "fmt": "68.03%"}, "earningsCurrency": "USD"}, "revenueEstimate": {"avg": {"raw": 79989500, "fmt": "79.99M", "longFmt": "79,989,500"}, "low": {"raw": 77158000, "fmt": "77.16M", "longFmt": "77,158,000"}, "high": {"raw": 82500000, "fmt": "82.5M", "longFmt": "82,500,000"}, "numberOfAnalysts": {"raw": 4, "fmt": "4", "longFmt": "4"}, "yearAgoRevenue": {"raw": 68108500, "fmt": "68.11M", "longFmt": "68,108,500"}, "growth": {"raw": 0.1744, "fmt": "17.44%"}, "revenueCurrency": "USD"}, "epsTrend": {"current": {"raw": -0.1175, "fmt": "-0.12"}, "7daysAgo": {"raw": -0.115, "fmt": "-0.12"}, "30daysAgo": {"raw": -0.115, "fmt": "-0.12"}, "60daysAgo": {"raw": -0.115, "fmt": "-0.12"}, "90daysAgo": {"raw": -0.005, "fmt": "-0"}, "epsTrendCurrency": "USD"}, "epsRevisions": {"upLast7days": {"raw": 0, "fmt": null, "longFmt": "0"}, "upLast30days": {"raw": 0, "fmt": null, "longFmt": "0"}, "downLast30days": {"raw": 4, "fmt": "4", "longFmt": "4"}, "downLast7Days": {"raw": 1, "fmt": "1", "longFmt": "1"}, "downLast90days": {}, "epsRevisionsCurrency": "USD"}}], "defaultMethodology": "nongaap", "maxAge": 1}, "earningsHistory": {"history": [{"maxAge": 1, "epsActual": {"raw": -0.08, "fmt": "-0.08"}, "epsEstimate": {"raw": -0.12, "fmt": "-0.12"}, "epsDifference": {"raw": 0.04, "fmt": "0.04"}, "surprisePercent": {"raw": 0.33330002, "fmt": "33.33%"}, "quarter": {"raw": 1727654400, "fmt": "2024-09-30"}, "currency": "USD", "period": "-4q"}, {"maxAge": 1, "epsActual": {"raw": -0.1, "fmt": "-0.1"}, "epsEstimate": {"raw": -0.1075, "fmt": "-0.11"}, "epsDifference": {"raw": 0.01, "fmt": "0.01"}, "surprisePercent": {"raw": 0.0698, "fmt": "6.98%"}, "quarter": {"raw": 1735603200, "fmt": "2024-12-31"}, "currency": "USD", "period": "-3q"}, {"maxAge": 1, "epsActual": {"raw": -0.09, "fmt": "-0.09"}, "epsEstimate": {"raw": -0.0925, "fmt": "-0.09"}, "epsDifference": {"raw": 0.0, "fmt": "0"}, "surprisePercent": {"raw": 0.027, "fmt": "2.70%"}, "quarter": {"raw": 1743379200, "fmt": "2025-03-31"}, "currency": "USD", "period": "-2q"}, {"maxAge": 1, "epsActual": {"raw": -0.11, "fmt": "-0.11"}, "epsEstimate": {"raw": -0.0975, "fmt": "-0.1"}, "epsDifference": {"raw": -0.01, "fmt": "-0.01"}, "surprisePercent": {"raw": -0.1282, "fmt": "-12.82%"}, "quarter": {"raw": 1751241600, "fmt": "2025-06-30"}, "currency": "USD", "period": "-1q"}], "defaultMethodology": "nongaap", "maxAge": 86400}, "financialData": {"maxAge": 86400, "currentPrice": {"raw": 13.09, "fmt": "13.09"}, "targetHighPrice": {"raw": 16.0, "fmt": "16.00"}, "targetLowPrice": {"raw": 14.0, "fmt": "14.00"}, "targetMeanPrice": {"raw": 15.0, "fmt": "15.00"}, "targetMedianPrice": {"raw": 15.0, "fmt": "15.00"}, "recommendationMean": {"raw": 1.5, "fmt": "1.50"}, "recommendationKey": "strong_buy", "numberOfAnalystOpinions": {"raw": 4, "fmt": "4", "longFmt": "4"}, "totalCash": {"raw": 37957000, "fmt": "37.96M", "longFmt": "37,957,000"}, "totalCashPerShare": {"raw": 0.89, "fmt": "0.89"}, "ebitda": {"raw": -27556000, "fmt": "-27.56M", "longFmt": "-27,556,000"}, "totalDebt": {"raw": 7357000, "fmt": "7.36M", "longFmt": "7,357,000"}, "quickRatio": {"raw": 0.907, "fmt": "0.91"}, "currentRatio": {"raw": 0.984, "fmt": "0.98"}, "totalRevenue": {"raw": 63236000, "fmt": "63.24M", "longFmt": "63,236,000"}, "debtToEquity": {}, "revenuePerShare": {"raw": 1.56, "fmt": "1.56"}, "returnOnAssets": {"raw": -0.19051, "fmt": "-19.05%"}, "returnOnEquity": {}, "grossProfits": {"raw": 56932000, "fmt": "56.93M", "longFmt": "56,932,000"}, "freeCashflow": {"raw": 721625, "fmt": "721.62k", "longFmt": "721,625"}, "operatingCashflow": {"raw": -1133000, "fmt": "-1.13M", "longFmt": "-1,133,000"}, "earningsGrowth": {}, "revenueGrowth": {"raw": 0.132, "fmt": "13.20%"}, "grossMargins": {"raw": 0.90031, "fmt": "90.03%"}, "ebitdaMargins": {"raw": -0.43576, "fmt": "-43.58%"}, "operatingMargins": {"raw": -0.49982, "fmt": "-49.98%"}, "profitMargins": {"raw": -0.5241, "fmt": "-52.41%"}, "financialCurrency": "USD"}}