{"assetProfile": {"address1": "6515 Longshore Loop", "address2": "Suite 100", "city": "Dublin", "state": "OH", "zip": "43017", "country": "United States", "phone": "707 732 5742", "website": "https://www.realpha.com", "industry": "Real Estate Services", "industryKey": "real-estate-services", "industryDisp": "Real Estate Services", "sector": "Real Estate", "sectorKey": "real-estate", "sectorDisp": "Real Estate", "longBusinessSummary": "reAlpha Tech Corp., a real estate technology company, develops an end-to-end homebuying platform. The company offers and develops AI-based products and services to customers in various industries including real estate, retail, hospitality and education industries. These include reAlpha platform, an AI-powered solution designed to simplify the home purchase process and providing visual interface, mortgage brokerage, digital title and escrow services; Super App, allows users to search for and purchase homes on their mobile device; AiChat's Conversational Platform, enables businesses to automate and optimize customer service, marketing, and e-commerce processes through the integration of messaging channels; and GENA to generate home descriptions. The company was formerly known as eAlpha Asset Management, Inc. and changed its name to reAlpha Tech Corp. in March 2023. reAlpha Tech Corp. was founded in 2020 and is based in Dublin, Ohio.", "fullTimeEmployees": 132, "companyOfficers": [{"maxAge": 1, "name": "Mr. Giri  Devanur", "age": 55, "title": "Founder & Executive Chairman", "yearBorn": 1969, "fiscalYear": 2024, "totalPay": {"raw": 275000, "fmt": "275k", "longFmt": "275,000"}, "exercisedValue": {"raw": 0, "fmt": null, "longFmt": "0"}, "unexercisedValue": {"raw": 0, "fmt": null, "longFmt": "0"}}, {"maxAge": 1, "name": "Mr. Michael J. Logozzo", "age": 52, "title": "CEO, President, Interim COO & Corporate Secretary", "yearBorn": 1972, "fiscalYear": 2024, "totalPay": {"raw": 250000, "fmt": "250k", "longFmt": "250,000"}, "exercisedValue": {"raw": 0, "fmt": null, "longFmt": "0"}, "unexercisedValue": {"raw": 0, "fmt": null, "longFmt": "0"}}, {"maxAge": 1, "name": "Mr. Piyush  Phadke", "age": 45, "title": "Chief Financial Officer", "yearBorn": 1979, "fiscalYear": 2024, "exercisedValue": {"raw": 0, "fmt": null, "longFmt": "0"}, "unexercisedValue": {"raw": 0, "fmt": null, "longFmt": "0"}}, {"maxAge": 1, "name": "Mr. Vijay  Rathna", "title": "Chief Technology Officer", "fiscalYear": 2024, "exercisedValue": {"raw": 0, "fmt": null, "longFmt": "0"}, "unexercisedValue": {"raw": 0, "fmt": null, "longFmt": "0"}}, {"maxAge": 1, "name": "Ms. Cristol  Rippe", "title": "Chief Marketing Officer", "fiscalYear": 2024, "exercisedValue": {"raw": 0, "fmt": null, "longFmt": "0"}, "unexercisedValue": {"raw": 0, "fmt": null, "longFmt": "0"}}, {"maxAge": 1, "name": "Jamie  Cavanaugh", "title": "Chief Executive Officer of Mortgage", "fiscalYear": 2024, "exercisedValue": {"raw": 0, "fmt": null, "longFmt": "0"}, "unexercisedValue": {"raw": 0, "fmt": null, "longFmt": "0"}}, {"maxAge": 1, "name": "Rocky  Billore", "title": "Chief Sales Officer of Mortgage", "fiscalYear": 2024, "exercisedValue": {"raw": 0, "fmt": null, "longFmt": "0"}, "unexercisedValue": {"raw": 0, "fmt": null, "longFmt": "0"}}, {"maxAge": 1, "name": "Mr. Christopher  Griffith", "title": "Senior Vice President of Mortgage", "fiscalYear": 2024, "exercisedValue": {"raw": 0, "fmt": null, "longFmt": "0"}, "unexercisedValue": {"raw": 0, "fmt": null, "longFmt": "0"}}], "compensationAsOfEpochDate": 1735603200, "executiveTeam": [], "maxAge": 86400}, "calendarEvents": {"maxAge": 1, "earnings": {"earningsDate": [], "earningsCallDate": [], "earningsAverage": {"raw": -0.04, "fmt": "-0.04"}, "earningsLow": {"raw": -0.04, "fmt": "-0.04"}, "earningsHigh": {"raw": -0.04, "fmt": "-0.04"}, "revenueAverage": {"raw": 1302500, "fmt": "1.3M", "longFmt": "1,302,500"}, "revenueLow": {"raw": 1230000, "fmt": "1.23M", "longFmt": "1,230,000"}, "revenueHigh": {"raw": 1375000, "fmt": "1.38M", "longFmt": "1,375,000"}}, "exDividendDate": {}, "dividendDate": {}}, "earningsTrend": {"trend": [{"maxAge": 1, "period": "0q", "endDate": "2025-09-30", "growth": {"raw": -0.33330002, "fmt": "-33.33%"}, "earningsEstimate": {"avg": {"raw": -0.04, "fmt": "-0.04"}, "low": {"raw": -0.04, "fmt": "-0.04"}, "high": {"raw": -0.04, "fmt": "-0.04"}, "yearAgoEps": {"raw": -0.03, "fmt": "-0.03"}, "numberOfAnalysts": {"raw": 1, "fmt": "1", "longFmt": "1"}, "growth": {"raw": -0.33330002, "fmt": "-33.33%"}, "earningsCurrency": "USD"}, "revenueEstimate": {"avg": {"raw": 1302500, "fmt": "1.3M", "longFmt": "1,302,500"}, "low": {"raw": 1230000, "fmt": "1.23M", "longFmt": "1,230,000"}, "high": {"raw": 1375000, "fmt": "1.38M", "longFmt": "1,375,000"}, "numberOfAnalysts": {"raw": 2, "fmt": "2", "longFmt": "2"}, "yearAgoRevenue": {"raw": 339230, "fmt": "339.23k", "longFmt": "339,230"}, "growth": {"raw": 2.8395998, "fmt": "283.96%"}, "revenueCurrency": "USD"}, "epsTrend": {"current": {"raw": -0.04, "fmt": "-0.04"}, "7daysAgo": {"raw": -0.02, "fmt": "-0.02"}, "30daysAgo": {"raw": -0.03, "fmt": "-0.03"}, "60daysAgo": {"raw": -0.03, "fmt": "-0.03"}, "90daysAgo": {"raw": -0.04, "fmt": "-0.04"}, "epsTrendCurrency": "USD"}, "epsRevisions": {"upLast7days": {"raw": 0, "fmt": null, "longFmt": "0"}, "upLast30days": {"raw": 0, "fmt": null, "longFmt": "0"}, "downLast30days": {"raw": 1, "fmt": "1", "longFmt": "1"}, "downLast7Days": {"raw": 1, "fmt": "1", "longFmt": "1"}, "downLast90days": {}, "epsRevisionsCurrency": "USD"}}, {"maxAge": 1, "period": "+1q", "endDate": "2025-12-31", "growth": {"raw": 0.3865, "fmt": "38.65%"}, "earningsEstimate": {"avg": {"raw": -0.03, "fmt": "-0.03"}, "low": {"raw": -0.03, "fmt": "-0.03"}, "high": {"raw": -0.03, "fmt": "-0.03"}, "yearAgoEps": {"raw": -0.0489, "fmt": "-0.05"}, "numberOfAnalysts": {"raw": 1, "fmt": "1", "longFmt": "1"}, "growth": {"raw": 0.3865, "fmt": "38.65%"}, "earningsCurrency": "USD"}, "revenueEstimate": {"avg": {"raw": 1258750, "fmt": "1.26M", "longFmt": "1,258,750"}, "low": {"raw": 1230000, "fmt": "1.23M", "longFmt": "1,230,000"}, "high": {"raw": 1287500, "fmt": "1.29M", "longFmt": "1,287,500"}, "numberOfAnalysts": {"raw": 2, "fmt": "2", "longFmt": "2"}, "yearAgoRevenue": {"raw": 526410, "fmt": "526.41k", "longFmt": "526,410"}, "growth": {"raw": 1.3912, "fmt": "139.12%"}, "revenueCurrency": "USD"}, "epsTrend": {"current": {"raw": -0.03, "fmt": "-0.03"}, "7daysAgo": {"raw": -0.02, "fmt": "-0.02"}, "30daysAgo": {"raw": -0.03, "fmt": "-0.03"}, "60daysAgo": {"raw": -0.03, "fmt": "-0.03"}, "90daysAgo": {"raw": -0.03, "fmt": "-0.03"}, "epsTrendCurrency": "USD"}, "epsRevisions": {"upLast7days": {"raw": 0, "fmt": null, "longFmt": "0"}, "upLast30days": {"raw": 0, "fmt": null, "longFmt": "0"}, "downLast30days": {"raw": 0, "fmt": null, "longFmt": "0"}, "downLast7Days": {"raw": 1, "fmt": "1", "longFmt": "1"}, "downLast90days": {}, "epsRevisionsCurrency": "USD"}}, {"maxAge": 1, "period": "0y", "endDate": "2025-12-31", "growth": {"raw": -0.22389999, "fmt": "-22.39%"}, "earningsEstimate": {"avg": {"raw": -0.17, "fmt": "-0.17"}, "low": {"raw": -0.17, "fmt": "-0.17"}, "high": {"raw": -0.17, "fmt": "-0.17"}, "yearAgoEps": {"raw": -0.1389, "fmt": "-0.14"}, "numberOfAnalysts": {"raw": 1, "fmt": "1", "longFmt": "1"}, "growth": {"raw": -0.22389999, "fmt": "-22.39%"}, "earningsCurrency": "USD"}, "revenueEstimate": {"avg": {"raw": 4745250, "fmt": "4.75M", "longFmt": "4,745,250"}, "low": {"raw": 4650000, "fmt": "4.65M", "longFmt": "4,650,000"}, "high": {"raw": 4840500, "fmt": "4.84M", "longFmt": "4,840,500"}, "numberOfAnalysts": {"raw": 2, "fmt": "2", "longFmt": "2"}, "yearAgoRevenue": {"raw": 948420, "fmt": "948.42k", "longFmt": "948,420"}, "growth": {"raw": 4.0032997, "fmt": "400.33%"}, "revenueCurrency": "USD"}, "epsTrend": {"current": {"raw": -0.17, "fmt": "-0.17"}, "7daysAgo": {"raw": -0.1, "fmt": "-0.1"}, "30daysAgo": {"raw": -0.13, "fmt": "-0.13"}, "60daysAgo": {"raw": -0.13, "fmt": "-0.13"}, "90daysAgo": {"raw": -0.15, "fmt": "-0.15"}, "epsTrendCurrency": "USD"}, "epsRevisions": {"upLast7days": {"raw": 0, "fmt": null, "longFmt": "0"}, "upLast30days": {"raw": 0, "fmt": null, "longFmt": "0"}, "downLast30days": {"raw": 1, "fmt": "1", "longFmt": "1"}, "downLast7Days": {"raw": 1, "fmt": "1", "longFmt": "1"}, "downLast90days": {}, "epsRevisionsCurrency": "USD"}}, {"maxAge": 1, "period": "+1y", "endDate": "2026-12-31", "growth": {"raw": 0.5294, "fmt": "52.94%"}, "earningsEstimate": {"avg": {"raw": -0.08, "fmt": "-0.08"}, "low": {"raw": -0.08, "fmt": "-0.08"}, "high": {"raw": -0.08, "fmt": "-0.08"}, "yearAgoEps": {"raw": -0.17, "fmt": "-0.17"}, "numberOfAnalysts": {"raw": 1, "fmt": "1", "longFmt": "1"}, "growth": {"raw": 0.5294, "fmt": "52.94%"}, "earningsCurrency": "USD"}, "revenueEstimate": {"avg": {"raw": 12635000, "fmt": "12.63M", "longFmt": "12,635,000"}, "low": {"raw": 6000000, "fmt": "6M", "longFmt": "6,000,000"}, "high": {"raw": 19270000, "fmt": "19.27M", "longFmt": "19,270,000"}, "numberOfAnalysts": {"raw": 2, "fmt": "2", "longFmt": "2"}, "yearAgoRevenue": {"raw": 4745250, "fmt": "4.75M", "longFmt": "4,745,250"}, "growth": {"raw": 1.6627, "fmt": "166.27%"}, "revenueCurrency": "USD"}, "epsTrend": {"current": {"raw": -0.08, "fmt": "-0.08"}, "7daysAgo": {"raw": -0.06, "fmt": "-0.06"}, "30daysAgo": {"raw": -0.08, "fmt": "-0.08"}, "60daysAgo": {"raw": -0.08, "fmt": "-0.08"}, "90daysAgo": {"raw": -0.13, "fmt": "-0.13"}, "epsTrendCurrency": "USD"}, "epsRevisions": {"upLast7days": {"raw": 0, "fmt": null, "longFmt": "0"}, "upLast30days": {"raw": 0, "fmt": null, "longFmt": "0"}, "downLast30days": {"raw": 0, "fmt": null, "longFmt": "0"}, "downLast7Days": {"raw": 1, "fmt": "1", "longFmt": "1"}, "downLast90days": {}, "epsRevisionsCurrency": "USD"}}], "defaultMethodology": "nongaap", "maxAge": 1}, "earningsHistory": {"history": [{"maxAge": 1, "epsActual": {"raw": -0.03, "fmt": "-0.03"}, "epsEstimate": {"raw": -0.03, "fmt": "-0.03"}, "epsDifference": {"raw": 0.0, "fmt": "0"}, "surprisePercent": {"raw": 0.0, "fmt": "0.00%"}, "quarter": {"raw": 1727654400, "fmt": "2024-09-30"}, "currency": "USD", "period": "-4q"}, {"maxAge": 1, "epsActual": {"raw": -0.0489, "fmt": "-0.05"}, "epsEstimate": {"raw": -0.04, "fmt": "-0.04"}, "epsDifference": {"raw": -0.01, "fmt": "-0.01"}, "surprisePercent": {"raw": -0.2225, "fmt": "-22.25%"}, "quarter": {"raw": 1735603200, "fmt": "2024-12-31"}, "currency": "USD", "period": "-3q"}, {"maxAge": 1, "epsActual": {"raw": -0.0534, "fmt": "-0.05"}, "epsEstimate": {"raw": -0.04, "fmt": "-0.04"}, "epsDifference": {"raw": -0.01, "fmt": "-0.01"}, "surprisePercent": {"raw": -0.335, "fmt": "-33.50%"}, "quarter": {"raw": 1743379200, "fmt": "2025-03-31"}, "currency": "USD", "period": "-2q"}, {"maxAge": 1, "epsActual": {"raw": -0.0774, "fmt": "-0.08"}, "epsEstimate": {"raw": -0.04, "fmt": "-0.04"}, "epsDifference": {"raw": -0.04, "fmt": "-0.04"}, "surprisePercent": {"raw": -0.935, "fmt": "-93.50%"}, "quarter": {"raw": 1751241600, "fmt": "2025-06-30"}, "currency": "USD", "period": "-1q"}], "defaultMethodology": "nongaap", "maxAge": 86400}, "financialData": {"maxAge": 86400, "currentPrice": {"raw": 0.5407, "fmt": "0.54"}, "targetHighPrice": {"raw": 2.6, "fmt": "2.60"}, "targetLowPrice": {"raw": 0.5, "fmt": "0.50"}, "targetMeanPrice": {"raw": 1.55, "fmt": "1.55"}, "targetMedianPrice": {"raw": 1.55, "fmt": "1.55"}, "recommendationMean": {}, "recommendationKey": "none", "numberOfAnalystOpinions": {"raw": 2, "fmt": "2", "longFmt": "2"}, "totalCash": {"raw": 587311, "fmt": "587.31k", "longFmt": "587,311"}, "totalCashPerShare": {"raw": 0.007, "fmt": "0.01"}, "ebitda": {"raw": -10136422, "fmt": "-10.14M", "longFmt": "-10,136,422"}, "totalDebt": {"raw": 4500212, "fmt": "4.5M", "longFmt": "4,500,212"}, "quickRatio": {"raw": 0.083, "fmt": "0.08"}, "currentRatio": {"raw": 0.533, "fmt": "0.53"}, "totalRevenue": {"raw": 3043657, "fmt": "3.04M", "longFmt": "3,043,657"}, "debtToEquity": {}, "revenuePerShare": {"raw": 0.065, "fmt": "0.06"}, "returnOnAssets": {"raw": -0.33193, "fmt": "-33.19%"}, "returnOnEquity": {"raw": -1.1130999, "fmt": "-111.31%"}, "grossProfits": {"raw": 1737607, "fmt": "1.74M", "longFmt": "1,737,607"}, "freeCashflow": {"raw": -6092837, "fmt": "-6.09M", "longFmt": "-6,092,837"}, "operatingCashflow": {"raw": -8093388, "fmt": "-8.09M", "longFmt": "-8,093,388"}, "earningsGrowth": {}, "revenueGrowth": {"raw": 19.085, "fmt": "1,908.50%"}, "grossMargins": {"raw": 0.57089, "fmt": "57.09%"}, "ebitdaMargins": {"raw": 0.0, "fmt": "0.00%"}, "operatingMargins": {"raw": -3.18053, "fmt": "-318.05%"}, "profitMargins": {"raw": 0.0, "fmt": "0.00%"}, "financialCurrency": "USD"}}