{"assetProfile": {"address1": "3611 Valley Centre Drive", "address2": "Suite 150", "city": "San Diego", "state": "CA", "zip": "92130", "country": "United States", "phone": "760 579 0200", "fax": "760 280 1729", "website": "https://www.airgain.com", "industry": "Communication Equipment", "industryKey": "communication-equipment", "industryDisp": "Communication Equipment", "sector": "Technology", "sectorKey": "technology", "sectorDisp": "Technology", "longBusinessSummary": "Airgain, Inc. provides wireless connectivity solutions that offers embedded components, external antennas, and integrated systems worldwide. The company's products include MaxBeam embedded antennas; profile embedded antennas; profile contour embedded antennas; profile ceramic embedded antenna; ultra embedded antennas; and SmartMax embedded antennas. It offers embedded and NimbeLink embedded moderms; custom cellular solutions; cellular IoT development; cellular IoT development kits; SIM cards; and IoT data plans. In addition, the company offers 5G connectivity, portable 5G connectivity, smart repeaters, and fixed wireless access; asset tracking solutions, devices, and partners; and external antennas, fleet antennas, IoT antennas, network antennas, vehicle networking, partner solutions, and accessories. It serves industrial, consumer, automotive fleet, enterprise, energy, medical, transportation, agriculture, services, and public safety markets. The company was formerly known as AM Group and changed its name to Airgain, Inc. in 2004. Airgain, Inc. was incorporated in 1995 and is headquartered in San Diego, California.", "fullTimeEmployees": 121, "companyOfficers": [{"maxAge": 1, "name": "Mr. Jacob  Suen", "age": 50, "title": "President, CEO, Chief Revenue Officer & Director", "yearBorn": 1974, "fiscalYear": 2024, "totalPay": {"raw": 529619, "fmt": "529.62k", "longFmt": "529,619"}, "exercisedValue": {"raw": 0, "fmt": null, "longFmt": "0"}, "unexercisedValue": {"raw": 158664, "fmt": "158.66k", "longFmt": "158,664"}}, {"maxAge": 1, "name": "Mr. Michael  Elbaz", "age": 59, "title": "CFO, Secretary and Principal Financial & Accounting Officer", "yearBorn": 1965, "fiscalYear": 2024, "totalPay": {"raw": 352862, "fmt": "352.86k", "longFmt": "352,862"}, "exercisedValue": {"raw": 0, "fmt": null, "longFmt": "0"}, "unexercisedValue": {"raw": 29910, "fmt": "29.91k", "longFmt": "29,910"}}, {"maxAge": 1, "name": "Dr. Ali S. Sadri Ph.D.", "age": 60, "title": "Chief Technology Officer", "yearBorn": 1964, "fiscalYear": 2024, "totalPay": {"raw": 361354, "fmt": "361.35k", "longFmt": "361,354"}, "exercisedValue": {"raw": 0, "fmt": null, "longFmt": "0"}, "unexercisedValue": {"raw": 50986, "fmt": "50.99k", "longFmt": "50,986"}}, {"maxAge": 1, "name": "Mr. Victor  Blair", "title": "Senior Vice President of Global Operations", "fiscalYear": 2024, "exercisedValue": {"raw": 0, "fmt": null, "longFmt": "0"}, "unexercisedValue": {"raw": 0, "fmt": null, "longFmt": "0"}}, {"maxAge": 1, "name": "Mr. Gordon  Schenk", "age": 58, "title": "Senior Vice President of Global Sales", "yearBorn": 1966, "fiscalYear": 2024, "exercisedValue": {"raw": 0, "fmt": null, "longFmt": "0"}, "unexercisedValue": {"raw": 0, "fmt": null, "longFmt": "0"}}, {"maxAge": 1, "name": "Ms. Suzanne C. Zoumaras", "age": 60, "title": "Chief People Officer", "yearBorn": 1964, "fiscalYear": 2024, "exercisedValue": {"raw": 0, "fmt": null, "longFmt": "0"}, "unexercisedValue": {"raw": 0, "fmt": null, "longFmt": "0"}}, {"maxAge": 1, "name": "Mr. Leonard  Johnson", "age": 69, "title": "Advisor", "yearBorn": 1955, "fiscalYear": 2024, "totalPay": {"raw": 425000, "fmt": "425k", "longFmt": "425,000"}, "exercisedValue": {"raw": 0, "fmt": null, "longFmt": "0"}, "unexercisedValue": {"raw": 454746, "fmt": "454.75k", "longFmt": "454,746"}}], "compensationAsOfEpochDate": 1735603200, "executiveTeam": [], "maxAge": 86400}, "calendarEvents": {"maxAge": 1, "earnings": {"earningsDate": [{"raw": 1762981200, "fmt": "2025-11-12"}], "earningsCallDate": [{"raw": 1762984800, "fmt": "2025-11-12"}], "isEarningsDateEstimate": false, "earningsAverage": {"raw": 0.01, "fmt": "0.01"}, "earningsLow": {"raw": 0.01, "fmt": "0.01"}, "earningsHigh": {"raw": 0.01, "fmt": "0.01"}, "revenueAverage": {"raw": 14133330, "fmt": "14.13M", "longFmt": "14,133,330"}, "revenueLow": {"raw": 14000000, "fmt": "14M", "longFmt": "14,000,000"}, "revenueHigh": {"raw": 14400000, "fmt": "14.4M", "longFmt": "14,400,000"}}, "exDividendDate": {}, "dividendDate": {}}, "earningsTrend": {"trend": [{"maxAge": 1, "period": "0q", "endDate": "2025-09-30", "growth": {"raw": 0.0, "fmt": "0.00%"}, "earningsEstimate": {"avg": {"raw": 0.01, "fmt": "0.01"}, "low": {"raw": 0.01, "fmt": "0.01"}, "high": {"raw": 0.01, "fmt": "0.01"}, "yearAgoEps": {"raw": 0.0, "fmt": "0"}, "numberOfAnalysts": {"raw": 3, "fmt": "3", "longFmt": "3"}, "growth": {"raw": 0.0, "fmt": "0.00%"}, "earningsCurrency": "USD"}, "revenueEstimate": {"avg": {"raw": 14133330, "fmt": "14.13M", "longFmt": "14,133,330"}, "low": {"raw": 14000000, "fmt": "14M", "longFmt": "14,000,000"}, "high": {"raw": 14400000, "fmt": "14.4M", "longFmt": "14,400,000"}, "numberOfAnalysts": {"raw": 3, "fmt": "3", "longFmt": "3"}, "yearAgoRevenue": {"raw": 16101000, "fmt": "16.1M", "longFmt": "16,101,000"}, "growth": {"raw": -0.122200005, "fmt": "-12.22%"}, "revenueCurrency": "USD"}, "epsTrend": {"current": {"raw": 0.01, "fmt": "0.01"}, "7daysAgo": {"raw": -0.00667, "fmt": "-0.01"}, "30daysAgo": {"raw": 0.00333, "fmt": "0"}, "60daysAgo": {"raw": 0.00333, "fmt": "0"}, "90daysAgo": {"raw": 0.00333, "fmt": "0"}, "epsTrendCurrency": "USD"}, "epsRevisions": {"upLast7days": {"raw": 0, "fmt": null, "longFmt": "0"}, "upLast30days": {"raw": 0, "fmt": null, "longFmt": "0"}, "downLast30days": {"raw": 1, "fmt": "1", "longFmt": "1"}, "downLast7Days": {"raw": 1, "fmt": "1", "longFmt": "1"}, "downLast90days": {}, "epsRevisionsCurrency": "USD"}}, {"maxAge": 1, "period": "+1q", "endDate": "2025-12-31", "growth": {"raw": 0.0, "fmt": "0.00%"}, "earningsEstimate": {"avg": {"raw": 0.02667, "fmt": "0.03"}, "low": {"raw": 0.01, "fmt": "0.01"}, "high": {"raw": 0.04, "fmt": "0.04"}, "yearAgoEps": {"raw": 0.0, "fmt": "0"}, "numberOfAnalysts": {"raw": 3, "fmt": "3", "longFmt": "3"}, "growth": {"raw": 0.0, "fmt": "0.00%"}, "earningsCurrency": "USD"}, "revenueEstimate": {"avg": {"raw": 15300000, "fmt": "15.3M", "longFmt": "15,300,000"}, "low": {"raw": 14900000, "fmt": "14.9M", "longFmt": "14,900,000"}, "high": {"raw": 15500000, "fmt": "15.5M", "longFmt": "15,500,000"}, "numberOfAnalysts": {"raw": 3, "fmt": "3", "longFmt": "3"}, "yearAgoRevenue": {"raw": 15083000, "fmt": "15.08M", "longFmt": "15,083,000"}, "growth": {"raw": 0.014400001, "fmt": "1.44%"}, "revenueCurrency": "USD"}, "epsTrend": {"current": {"raw": 0.02667, "fmt": "0.03"}, "7daysAgo": {"raw": 0.05333, "fmt": "0.05"}, "30daysAgo": {"raw": 0.06333, "fmt": "0.06"}, "60daysAgo": {"raw": 0.06333, "fmt": "0.06"}, "90daysAgo": {"raw": 0.06333, "fmt": "0.06"}, "epsTrendCurrency": "USD"}, "epsRevisions": {"upLast7days": {"raw": 0, "fmt": null, "longFmt": "0"}, "upLast30days": {"raw": 0, "fmt": null, "longFmt": "0"}, "downLast30days": {"raw": 1, "fmt": "1", "longFmt": "1"}, "downLast7Days": {"raw": 1, "fmt": "1", "longFmt": "1"}, "downLast90days": {}, "epsRevisionsCurrency": "USD"}}, {"maxAge": 1, "period": "0y", "endDate": "2025-12-31", "growth": {"raw": 0.0556, "fmt": "5.56%"}, "earningsEstimate": {"avg": {"raw": -0.11333, "fmt": "-0.11"}, "low": {"raw": -0.13, "fmt": "-0.13"}, "high": {"raw": -0.1, "fmt": "-0.1"}, "yearAgoEps": {"raw": -0.12, "fmt": "-0.12"}, "numberOfAnalysts": {"raw": 3, "fmt": "3", "longFmt": "3"}, "growth": {"raw": 0.0556, "fmt": "5.56%"}, "earningsCurrency": "USD"}, "revenueEstimate": {"avg": {"raw": 55078670, "fmt": "55.08M", "longFmt": "55,078,670"}, "low": {"raw": 55000000, "fmt": "55M", "longFmt": "55,000,000"}, "high": {"raw": 55136000, "fmt": "55.14M", "longFmt": "55,136,000"}, "numberOfAnalysts": {"raw": 3, "fmt": "3", "longFmt": "3"}, "yearAgoRevenue": {"raw": 60599000, "fmt": "60.6M", "longFmt": "60,599,000"}, "growth": {"raw": -0.0911, "fmt": "-9.11%"}, "revenueCurrency": "USD"}, "epsTrend": {"current": {"raw": -0.11333, "fmt": "-0.11"}, "7daysAgo": {"raw": -0.12333, "fmt": "-0.12"}, "30daysAgo": {"raw": -0.10333, "fmt": "-0.1"}, "60daysAgo": {"raw": -0.10333, "fmt": "-0.1"}, "90daysAgo": {"raw": -0.10333, "fmt": "-0.1"}, "epsTrendCurrency": "USD"}, "epsRevisions": {"upLast7days": {"raw": 0, "fmt": null, "longFmt": "0"}, "upLast30days": {"raw": 0, "fmt": null, "longFmt": "0"}, "downLast30days": {"raw": 1, "fmt": "1", "longFmt": "1"}, "downLast7Days": {"raw": 1, "fmt": "1", "longFmt": "1"}, "downLast90days": {}, "epsRevisionsCurrency": "USD"}}, {"maxAge": 1, "period": "+1y", "endDate": "2026-12-31", "growth": {"raw": 3.0295, "fmt": "302.95%"}, "earningsEstimate": {"avg": {"raw": 0.23, "fmt": "0.23"}, "low": {"raw": 0.17, "fmt": "0.17"}, "high": {"raw": 0.28, "fmt": "0.28"}, "yearAgoEps": {"raw": -0.11333, "fmt": "-0.11"}, "numberOfAnalysts": {"raw": 3, "fmt": "3", "longFmt": "3"}, "growth": {"raw": 3.0295, "fmt": "302.95%"}, "earningsCurrency": "USD"}, "revenueEstimate": {"avg": {"raw": 66966670, "fmt": "66.97M", "longFmt": "66,966,670"}, "low": {"raw": 65900000, "fmt": "65.9M", "longFmt": "65,900,000"}, "high": {"raw": 69000000, "fmt": "69M", "longFmt": "69,000,000"}, "numberOfAnalysts": {"raw": 3, "fmt": "3", "longFmt": "3"}, "yearAgoRevenue": {"raw": 55078670, "fmt": "55.08M", "longFmt": "55,078,670"}, "growth": {"raw": 0.2158, "fmt": "21.58%"}, "revenueCurrency": "USD"}, "epsTrend": {"current": {"raw": 0.23, "fmt": "0.23"}, "7daysAgo": {"raw": 0.22, "fmt": "0.22"}, "30daysAgo": {"raw": 0.245, "fmt": "0.25"}, "60daysAgo": {"raw": 0.245, "fmt": "0.25"}, "90daysAgo": {"raw": 0.245, "fmt": "0.25"}, "epsTrendCurrency": "USD"}, "epsRevisions": {"upLast7days": {"raw": 0, "fmt": null, "longFmt": "0"}, "upLast30days": {"raw": 0, "fmt": null, "longFmt": "0"}, "downLast30days": {"raw": 1, "fmt": "1", "longFmt": "1"}, "downLast7Days": {"raw": 1, "fmt": "1", "longFmt": "1"}, "downLast90days": {}, "epsRevisionsCurrency": "USD"}}], "defaultMethodology": "nongaap", "maxAge": 1}, "earningsHistory": {"history": [{"maxAge": 1, "epsActual": {"raw": 0.0, "fmt": "0"}, "epsEstimate": {"raw": -0.01333, "fmt": "-0.01"}, "epsDifference": {"raw": 0.01, "fmt": "0.01"}, "surprisePercent": {"raw": 1.0, "fmt": "100.00%"}, "quarter": {"raw": 1727654400, "fmt": "2024-09-30"}, "currency": "USD", "period": "-4q"}, {"maxAge": 1, "epsActual": {"raw": 0.0, "fmt": "0"}, "epsEstimate": {"raw": 0.01, "fmt": "0.01"}, "epsDifference": {"raw": -0.01, "fmt": "-0.01"}, "surprisePercent": {"raw": -1.0, "fmt": "-100.00%"}, "quarter": {"raw": 1735603200, "fmt": "2024-12-31"}, "currency": "USD", "period": "-3q"}, {"maxAge": 1, "epsActual": {"raw": -0.11, "fmt": "-0.11"}, "epsEstimate": {"raw": -0.1, "fmt": "-0.1"}, "epsDifference": {"raw": -0.01, "fmt": "-0.01"}, "surprisePercent": {"raw": -0.1, "fmt": "-10.00%"}, "quarter": {"raw": 1743379200, "fmt": "2025-03-31"}, "currency": "USD", "period": "-2q"}, {"maxAge": 1, "epsActual": {"raw": -0.04, "fmt": "-0.04"}, "epsEstimate": {"raw": -0.06, "fmt": "-0.06"}, "epsDifference": {"raw": 0.02, "fmt": "0.02"}, "surprisePercent": {"raw": 0.33330002, "fmt": "33.33%"}, "quarter": {"raw": 1751241600, "fmt": "2025-06-30"}, "currency": "USD", "period": "-1q"}], "defaultMethodology": "nongaap", "maxAge": 86400}, "financialData": {"maxAge": 86400, "currentPrice": {"raw": 4.22, "fmt": "4.22"}, "targetHighPrice": {"raw": 8.0, "fmt": "8.00"}, "targetLowPrice": {"raw": 7.0, "fmt": "7.00"}, "targetMeanPrice": {"raw": 7.5, "fmt": "7.50"}, "targetMedianPrice": {"raw": 7.5, "fmt": "7.50"}, "recommendationMean": {}, "recommendationKey": "none", "numberOfAnalystOpinions": {"raw": 3, "fmt": "3", "longFmt": "3"}, "totalCash": {"raw": 7678000, "fmt": "7.68M", "longFmt": "7,678,000"}, "totalCashPerShare": {"raw": 0.645, "fmt": "0.64"}, "ebitda": {"raw": -5252000, "fmt": "-5.25M", "longFmt": "-5,252,000"}, "totalDebt": {"raw": 4356000, "fmt": "4.36M", "longFmt": "4,356,000"}, "quickRatio": {"raw": 1.655, "fmt": "1.65"}, "currentRatio": {"raw": 2.083, "fmt": "2.08"}, "totalRevenue": {"raw": 56820000, "fmt": "56.82M", "longFmt": "56,820,000"}, "debtToEquity": {"raw": 14.624, "fmt": "14.62%"}, "revenuePerShare": {"raw": 4.924, "fmt": "4.92"}, "returnOnAssets": {"raw": -0.12634, "fmt": "-12.63%"}, "returnOnEquity": {"raw": -0.21966, "fmt": "-21.97%"}, "grossProfits": {"raw": 24077000, "fmt": "24.08M", "longFmt": "24,077,000"}, "freeCashflow": {"raw": -304250, "fmt": "-304.25k", "longFmt": "-304,250"}, "operatingCashflow": {"raw": -2101000, "fmt": "-2.1M", "longFmt": "-2,101,000"}, "earningsGrowth": {}, "revenueGrowth": {"raw": -0.103, "fmt": "-10.30%"}, "grossMargins": {"raw": 0.42374, "fmt": "42.37%"}, "ebitdaMargins": {"raw": -0.09243, "fmt": "-9.24%"}, "operatingMargins": {"raw": -0.14681, "fmt": "-14.68%"}, "profitMargins": {"raw": -0.118640006, "fmt": "-11.86%"}, "financialCurrency": "USD"}}