{"assetProfile": {"address1": "34361 Innovation Drive", "city": "Ronan", "state": "MT", "zip": "59864", "country": "United States", "phone": "800 942 3083", "website": "https://airjouletech.com", "industry": "Building Products & Equipment", "industryKey": "building-products-equipment", "industryDisp": "Building Products & Equipment", "sector": "Industrials", "sectorKey": "industrials", "sectorDisp": "Industrials", "longBusinessSummary": "AirJoule Technologies Corporation operates as an atmospheric renewable energy and water harvesting technology company. It provides energy and dehumidification, evaporative cooling, and atmospheric water generation through its AirJoule technology. The company also offers solutions, such as water from air, water recovery, cooling systems, and moisture control. The company was founded in 2018 and is headquartered in Ronan, Montana.", "fullTimeEmployees": 17, "companyOfficers": [{"maxAge": 1, "name": "Mr. Patrick C. Eilers", "age": 57, "title": "Executive Chairman", "yearBorn": 1967, "fiscalYear": 2024, "totalPay": {"raw": 410769, "fmt": "410.77k", "longFmt": "410,769"}, "exercisedValue": {"raw": 0, "fmt": null, "longFmt": "0"}, "unexercisedValue": {"raw": 0, "fmt": null, "longFmt": "0"}}, {"maxAge": 1, "name": "Mr. Matthew B. Jore", "age": 61, "title": "CEO & Director", "yearBorn": 1963, "fiscalYear": 2024, "totalPay": {"raw": 524462, "fmt": "524.46k", "longFmt": "524,462"}, "exercisedValue": {"raw": 0, "fmt": null, "longFmt": "0"}, "unexercisedValue": {"raw": 0, "fmt": null, "longFmt": "0"}}, {"maxAge": 1, "name": "Mr. Sze-Yin H. Pang C.F.A.", "age": 42, "title": "Chief Financial Officer", "yearBorn": 1982, "fiscalYear": 2024, "totalPay": {"raw": 440769, "fmt": "440.77k", "longFmt": "440,769"}, "exercisedValue": {"raw": 0, "fmt": null, "longFmt": "0"}, "unexercisedValue": {"raw": 0, "fmt": null, "longFmt": "0"}}, {"maxAge": 1, "name": "J. J. Jenks", "title": "Vice President of Operations", "fiscalYear": 2024, "exercisedValue": {"raw": 0, "fmt": null, "longFmt": "0"}, "unexercisedValue": {"raw": 0, "fmt": null, "longFmt": "0"}}, {"maxAge": 1, "name": "Mr. Pete  McGrail", "title": "Chief Technical Officer", "fiscalYear": 2024, "totalPay": {"raw": 150000, "fmt": "150k", "longFmt": "150,000"}, "exercisedValue": {"raw": 0, "fmt": null, "longFmt": "0"}, "unexercisedValue": {"raw": 197000, "fmt": "197k", "longFmt": "197,000"}}, {"maxAge": 1, "name": "Mr. Jeffrey D. Gutke", "age": 52, "title": "Chief Administrative Officer", "yearBorn": 1972, "fiscalYear": 2024, "totalPay": {"raw": 240000, "fmt": "240k", "longFmt": "240,000"}, "exercisedValue": {"raw": 0, "fmt": null, "longFmt": "0"}, "unexercisedValue": {"raw": 94560, "fmt": "94.56k", "longFmt": "94,560"}}, {"maxAge": 1, "name": "Mr. Tom  Divine", "title": "Vice President of Investor Relations & Finance", "fiscalYear": 2024, "exercisedValue": {"raw": 0, "fmt": null, "longFmt": "0"}, "unexercisedValue": {"raw": 0, "fmt": null, "longFmt": "0"}}, {"maxAge": 1, "name": "Mr. Chad  MacDonald J.D.", "title": "Chief Legal Officer", "fiscalYear": 2024, "exercisedValue": {"raw": 0, "fmt": null, "longFmt": "0"}, "unexercisedValue": {"raw": 0, "fmt": null, "longFmt": "0"}}, {"maxAge": 1, "name": "Mr. Mike  Kvam", "title": "Chief Engineer", "fiscalYear": 2024, "exercisedValue": {"raw": 0, "fmt": null, "longFmt": "0"}, "unexercisedValue": {"raw": 0, "fmt": null, "longFmt": "0"}}, {"maxAge": 1, "name": "Ramdas  Rao", "title": "President of International", "fiscalYear": 2024, "exercisedValue": {"raw": 0, "fmt": null, "longFmt": "0"}, "unexercisedValue": {"raw": 0, "fmt": null, "longFmt": "0"}}], "auditRisk": 10, "boardRisk": 9, "compensationRisk": 9, "shareHolderRightsRisk": 8, "overallRisk": 10, "governanceEpochDate": 1761955200, "compensationAsOfEpochDate": 1735603200, "executiveTeam": [], "maxAge": 86400}, "calendarEvents": {"maxAge": 1, "earnings": {"earningsDate": [{"raw": 1762981200, "fmt": "2025-11-12"}], "earningsCallDate": [{"raw": 1755174600, "fmt": "2025-08-14"}], "isEarningsDateEstimate": true, "earningsAverage": {"raw": -0.085, "fmt": "-0.09"}, "earningsLow": {"raw": -0.1, "fmt": "-0.10"}, "earningsHigh": {"raw": -0.07, "fmt": "-0.07"}, "revenueAverage": {"raw": 0, "fmt": null, "longFmt": "0"}, "revenueLow": {"raw": 0, "fmt": null, "longFmt": "0"}, "revenueHigh": {"raw": 0, "fmt": null, "longFmt": "0"}}, "exDividendDate": {}, "dividendDate": {}}, "earningsTrend": {"trend": [{"maxAge": 1, "period": "0q", "endDate": "2025-09-30", "growth": {}, "earningsEstimate": {"avg": {"raw": -0.085, "fmt": "-0.09"}, "low": {"raw": -0.1, "fmt": "-0.1"}, "high": {"raw": -0.07, "fmt": "-0.07"}, "yearAgoEps": {}, "numberOfAnalysts": {"raw": 2, "fmt": "2", "longFmt": "2"}, "growth": {}, "earningsCurrency": "USD"}, "revenueEstimate": {"avg": {"raw": 0, "fmt": null, "longFmt": "0"}, "low": {"raw": 0, "fmt": null, "longFmt": "0"}, "high": {"raw": 0, "fmt": null, "longFmt": "0"}, "numberOfAnalysts": {"raw": 1, "fmt": "1", "longFmt": "1"}, "yearAgoRevenue": {}, "growth": {}, "revenueCurrency": "USD"}, "epsTrend": {"current": {"raw": -0.085, "fmt": "-0.09"}, "7daysAgo": {"raw": -0.08, "fmt": "-0.08"}, "30daysAgo": {"raw": -0.08, "fmt": "-0.08"}, "60daysAgo": {"raw": -0.08, "fmt": "-0.08"}, "90daysAgo": {"raw": -0.09, "fmt": "-0.09"}, "epsTrendCurrency": "USD"}, "epsRevisions": {"upLast7days": {"raw": 0, "fmt": null, "longFmt": "0"}, "upLast30days": {"raw": 0, "fmt": null, "longFmt": "0"}, "downLast30days": {"raw": 0, "fmt": null, "longFmt": "0"}, "downLast7Days": {"raw": 0, "fmt": null, "longFmt": "0"}, "downLast90days": {}, "epsRevisionsCurrency": "USD"}}, {"maxAge": 1, "period": "+1q", "endDate": "2025-12-31", "growth": {"raw": 0.22729999, "fmt": "22.73%"}, "earningsEstimate": {"avg": {"raw": -0.085, "fmt": "-0.09"}, "low": {"raw": -0.1, "fmt": "-0.1"}, "high": {"raw": -0.07, "fmt": "-0.07"}, "yearAgoEps": {"raw": -0.11, "fmt": "-0.11"}, "numberOfAnalysts": {"raw": 2, "fmt": "2", "longFmt": "2"}, "growth": {"raw": 0.22729999, "fmt": "22.73%"}, "earningsCurrency": "USD"}, "revenueEstimate": {"avg": {"raw": 0, "fmt": null, "longFmt": "0"}, "low": {"raw": 0, "fmt": null, "longFmt": "0"}, "high": {"raw": 0, "fmt": null, "longFmt": "0"}, "numberOfAnalysts": {"raw": 1, "fmt": "1", "longFmt": "1"}, "yearAgoRevenue": {"raw": 0, "fmt": null, "longFmt": "0"}, "growth": {"raw": 0.0, "fmt": "0.00%"}, "revenueCurrency": "USD"}, "epsTrend": {"current": {"raw": -0.085, "fmt": "-0.09"}, "7daysAgo": {"raw": -0.08, "fmt": "-0.08"}, "30daysAgo": {"raw": -0.08, "fmt": "-0.08"}, "60daysAgo": {"raw": -0.08, "fmt": "-0.08"}, "90daysAgo": {"raw": -0.09, "fmt": "-0.09"}, "epsTrendCurrency": "USD"}, "epsRevisions": {"upLast7days": {"raw": 0, "fmt": null, "longFmt": "0"}, "upLast30days": {"raw": 0, "fmt": null, "longFmt": "0"}, "downLast30days": {"raw": 0, "fmt": null, "longFmt": "0"}, "downLast7Days": {"raw": 0, "fmt": null, "longFmt": "0"}, "downLast90days": {}, "epsRevisionsCurrency": "USD"}}, {"maxAge": 1, "period": "0y", "endDate": "2025-12-31", "growth": {"raw": -0.9675, "fmt": "-96.75%"}, "earningsEstimate": {"avg": {"raw": 0.14, "fmt": "0.14"}, "low": {"raw": 0.11, "fmt": "0.11"}, "high": {"raw": 0.17, "fmt": "0.17"}, "yearAgoEps": {"raw": 4.3137, "fmt": "4.31"}, "numberOfAnalysts": {"raw": 2, "fmt": "2", "longFmt": "2"}, "growth": {"raw": -0.9675, "fmt": "-96.75%"}, "earningsCurrency": "USD"}, "revenueEstimate": {"avg": {"raw": 0, "fmt": null, "longFmt": "0"}, "low": {"raw": 0, "fmt": null, "longFmt": "0"}, "high": {"raw": 0, "fmt": null, "longFmt": "0"}, "numberOfAnalysts": {"raw": 1, "fmt": "1", "longFmt": "1"}, "yearAgoRevenue": {"raw": 0, "fmt": null, "longFmt": "0"}, "growth": {"raw": 0.0, "fmt": "0.00%"}, "revenueCurrency": "USD"}, "epsTrend": {"current": {"raw": 0.14, "fmt": "0.14"}, "7daysAgo": {"raw": 0.025, "fmt": "0.03"}, "30daysAgo": {"raw": 0.025, "fmt": "0.03"}, "60daysAgo": {"raw": 0.025, "fmt": "0.03"}, "90daysAgo": {"raw": -0.01, "fmt": "-0.01"}, "epsTrendCurrency": "USD"}, "epsRevisions": {"upLast7days": {"raw": 0, "fmt": null, "longFmt": "0"}, "upLast30days": {"raw": 0, "fmt": null, "longFmt": "0"}, "downLast30days": {"raw": 0, "fmt": null, "longFmt": "0"}, "downLast7Days": {"raw": 0, "fmt": null, "longFmt": "0"}, "downLast90days": {}, "epsRevisionsCurrency": "USD"}}, {"maxAge": 1, "period": "+1y", "endDate": "2026-12-31", "growth": {"raw": -3.5714002, "fmt": "-357.14%"}, "earningsEstimate": {"avg": {"raw": -0.36, "fmt": "-0.36"}, "low": {"raw": -0.42, "fmt": "-0.42"}, "high": {"raw": -0.3, "fmt": "-0.3"}, "yearAgoEps": {"raw": 0.14, "fmt": "0.14"}, "numberOfAnalysts": {"raw": 2, "fmt": "2", "longFmt": "2"}, "growth": {"raw": -3.5714002, "fmt": "-357.14%"}, "earningsCurrency": "USD"}, "revenueEstimate": {"avg": {"raw": 0, "fmt": null, "longFmt": "0"}, "low": {"raw": 0, "fmt": null, "longFmt": "0"}, "high": {"raw": 0, "fmt": null, "longFmt": "0"}, "numberOfAnalysts": {"raw": 1, "fmt": "1", "longFmt": "1"}, "yearAgoRevenue": {"raw": 0, "fmt": null, "longFmt": "0"}, "growth": {"raw": 0.0, "fmt": "0.00%"}, "revenueCurrency": "USD"}, "epsTrend": {"current": {"raw": -0.36, "fmt": "-0.36"}, "7daysAgo": {"raw": -0.31, "fmt": "-0.31"}, "30daysAgo": {"raw": -0.31, "fmt": "-0.31"}, "60daysAgo": {"raw": -0.31, "fmt": "-0.31"}, "90daysAgo": {"raw": -0.32, "fmt": "-0.32"}, "epsTrendCurrency": "USD"}, "epsRevisions": {"upLast7days": {"raw": 1, "fmt": "1", "longFmt": "1"}, "upLast30days": {"raw": 1, "fmt": "1", "longFmt": "1"}, "downLast30days": {"raw": 0, "fmt": null, "longFmt": "0"}, "downLast7Days": {"raw": 0, "fmt": null, "longFmt": "0"}, "downLast90days": {}, "epsRevisionsCurrency": "USD"}}], "defaultMethodology": "nongaap", "maxAge": 1}, "earningsHistory": {"history": [{"maxAge": 1, "epsActual": {"raw": -0.11, "fmt": "-0.11"}, "epsEstimate": {"raw": -0.1, "fmt": "-0.1"}, "epsDifference": {"raw": -0.01, "fmt": "-0.01"}, "surprisePercent": {"raw": -0.1, "fmt": "-10.00%"}, "quarter": {"raw": 1735603200, "fmt": "2024-12-31"}, "currency": "USD", "period": "-3q"}, {"maxAge": 1, "epsActual": {"raw": -0.06187, "fmt": "-0.06"}, "epsEstimate": {"raw": -0.06, "fmt": "-0.06"}, "epsDifference": {"raw": -0.0, "fmt": "-0"}, "surprisePercent": {"raw": -0.0312, "fmt": "-3.12%"}, "quarter": {"raw": 1743379200, "fmt": "2025-03-31"}, "currency": "USD", "period": "-2q"}, {"maxAge": 1, "epsActual": {"raw": -0.078, "fmt": "-0.08"}, "epsEstimate": {"raw": -0.08, "fmt": "-0.08"}, "epsDifference": {"raw": 0.0, "fmt": "0"}, "surprisePercent": {"raw": 0.025, "fmt": "2.50%"}, "quarter": {"raw": 1751241600, "fmt": "2025-06-30"}, "currency": "USD", "period": "-1q"}], "defaultMethodology": "nongaap", "maxAge": 86400}, "financialData": {"maxAge": 86400, "currentPrice": {"raw": 5.21, "fmt": "5.21"}, "targetHighPrice": {"raw": 12.0, "fmt": "12.00"}, "targetLowPrice": {"raw": 8.75, "fmt": "8.75"}, "targetMeanPrice": {"raw": 10.375, "fmt": "10.38"}, "targetMedianPrice": {"raw": 10.375, "fmt": "10.38"}, "recommendationMean": {}, "recommendationKey": "none", "numberOfAnalystOpinions": {"raw": 2, "fmt": "2", "longFmt": "2"}, "totalCash": {"raw": 30502712, "fmt": "30.5M", "longFmt": "30,502,712"}, "totalCashPerShare": {"raw": 0.505, "fmt": "0.5"}, "ebitda": {"raw": -12814204, "fmt": "-12.81M", "longFmt": "-12,814,204"}, "totalDebt": {"raw": 139999, "fmt": "140k", "longFmt": "139,999"}, "quickRatio": {"raw": 12.288, "fmt": "12.29"}, "currentRatio": {"raw": 12.671, "fmt": "12.67"}, "totalRevenue": {}, "debtToEquity": {"raw": 0.049, "fmt": "0.05%"}, "revenuePerShare": {}, "returnOnAssets": {"raw": -0.02123, "fmt": "-2.12%"}, "returnOnEquity": {"raw": 0.14693, "fmt": "14.69%"}, "grossProfits": {}, "freeCashflow": {"raw": -5680324, "fmt": "-5.68M", "longFmt": "-5,680,324"}, "operatingCashflow": {"raw": -8848370, "fmt": "-8.85M", "longFmt": "-8,848,370"}, "earningsGrowth": {"raw": -0.838, "fmt": "-83.80%"}, "revenueGrowth": {}, "grossMargins": {"raw": 0.0, "fmt": "0.00%"}, "ebitdaMargins": {"raw": 0.0, "fmt": "0.00%"}, "operatingMargins": {"raw": 0.0, "fmt": "0.00%"}, "profitMargins": {"raw": 0.0, "fmt": "0.00%"}, "financialCurrency": "USD"}}