{"assetProfile": {"address1": "5001 Indian School Road NE", "address2": "Suite 100", "city": "Albuquerque", "state": "NM", "zip": "87110", "country": "United States", "phone": "505 338 2434", "website": "https://www.theairogroup.com", "industry": "Aerospace & Defense", "industryKey": "aerospace-defense", "industryDisp": "Aerospace & Defense", "sector": "Industrials", "sectorKey": "industrials", "sectorDisp": "Industrials", "longBusinessSummary": "AIRO Group Holdings, Inc., a multi-faceted advanced Aerospace and Defense company. It operates through four segments; Drones, Avionics, Training, and Electric Air Mobility. Its Drones segment develops, manufactures, and sells drones. The Avionics segment develops, manufactures, and sells avionics for military and general aviation aircraft, drones, and eVTOLs. This segment offers flight displays, connected panels, and GPS/GNSS sensors. The Training segment currently provides military pilot training, which includes adversary air, close air support, ISR, aircraft leasing, pilot training, ground liaison services, and JTAC, as well as joint theatre ISR and simulated ground strike training and consulting services. Its Electric Air Mobility segment develops a rotorcraft eVTOL for cargo and passenger. The company was incorporated in 2021 and is headquartered in Albuquerque, New Mexico.", "fullTimeEmployees": 151, "companyOfficers": [{"maxAge": 1, "name": "Dr. Chirinjeev Baboo Kathuria M.B.A., M.D.", "age": 59, "title": "Co-Founder & Executive Chairman", "yearBorn": 1965, "fiscalYear": 2024, "exercisedValue": {"raw": 0, "fmt": null, "longFmt": "0"}, "unexercisedValue": {"raw": 0, "fmt": null, "longFmt": "0"}}, {"maxAge": 1, "name": "Captain Joseph D. Burns", "age": 62, "title": "CEO & Director", "yearBorn": 1962, "fiscalYear": 2024, "exercisedValue": {"raw": 0, "fmt": null, "longFmt": "0"}, "unexercisedValue": {"raw": 0, "fmt": null, "longFmt": "0"}}, {"maxAge": 1, "name": "Mr. John  Uczekaj", "age": 65, "title": "President, COO & Director", "yearBorn": 1959, "fiscalYear": 2024, "totalPay": {"raw": 261994, "fmt": "261.99k", "longFmt": "261,994"}, "exercisedValue": {"raw": 0, "fmt": null, "longFmt": "0"}, "unexercisedValue": {"raw": 0, "fmt": null, "longFmt": "0"}}, {"maxAge": 1, "name": "Dr. Mariya  Pylypiv Ph.D.", "age": 36, "title": "Chief Financial Officer", "yearBorn": 1988, "fiscalYear": 2024, "exercisedValue": {"raw": 0, "fmt": null, "longFmt": "0"}, "unexercisedValue": {"raw": 0, "fmt": null, "longFmt": "0"}}, {"maxAge": 1, "name": "Mr. Dan  Johnson", "title": "Executive Vice President of Marketing & Investor Relations", "fiscalYear": 2024, "exercisedValue": {"raw": 0, "fmt": null, "longFmt": "0"}, "unexercisedValue": {"raw": 0, "fmt": null, "longFmt": "0"}}, {"maxAge": 1, "name": "Ms. Isabella  Limonta Esq.", "title": "Vice President of Legal", "fiscalYear": 2024, "exercisedValue": {"raw": 0, "fmt": null, "longFmt": "0"}, "unexercisedValue": {"raw": 0, "fmt": null, "longFmt": "0"}}, {"maxAge": 1, "name": "Mr. Martin Alex Peryea", "title": "Senior VP & GM for Electric Air Mobility Division", "fiscalYear": 2024, "exercisedValue": {"raw": 0, "fmt": null, "longFmt": "0"}, "unexercisedValue": {"raw": 0, "fmt": null, "longFmt": "0"}}, {"maxAge": 1, "name": "Mr. Martin  Schousboe", "title": "CEO of Sky-watch", "fiscalYear": 2024, "exercisedValue": {"raw": 0, "fmt": null, "longFmt": "0"}, "unexercisedValue": {"raw": 0, "fmt": null, "longFmt": "0"}}, {"maxAge": 1, "name": "Mr. Brian  Haynes", "title": "Senior VP & GM for Drones", "fiscalYear": 2024, "exercisedValue": {"raw": 0, "fmt": null, "longFmt": "0"}, "unexercisedValue": {"raw": 0, "fmt": null, "longFmt": "0"}}, {"maxAge": 1, "name": "Mr. Christopher  Levy", "title": "Senior VP & GM for Training", "fiscalYear": 2024, "exercisedValue": {"raw": 0, "fmt": null, "longFmt": "0"}, "unexercisedValue": {"raw": 0, "fmt": null, "longFmt": "0"}}], "compensationAsOfEpochDate": 1735603200, "executiveTeam": [], "maxAge": 86400}, "calendarEvents": {"maxAge": 1, "earnings": {"earningsDate": [{"raw": 1763040600, "fmt": "2025-11-13"}], "earningsCallDate": [{"raw": 1755172800, "fmt": "2025-08-14"}], "isEarningsDateEstimate": true, "earningsAverage": {"raw": -0.01, "fmt": "-0.01"}, "earningsLow": {"raw": -0.01, "fmt": "-0.01"}, "earningsHigh": {"raw": -0.01, "fmt": "-0.01"}, "revenueAverage": {"raw": 27230000, "fmt": "27.23M", "longFmt": "27,230,000"}, "revenueLow": {"raw": 18490000, "fmt": "18.49M", "longFmt": "18,490,000"}, "revenueHigh": {"raw": 35400000, "fmt": "35.4M", "longFmt": "35,400,000"}}, "exDividendDate": {}, "dividendDate": {}}, "earningsTrend": {"trend": [{"maxAge": 1, "period": "0q", "endDate": "2025-09-30", "growth": {}, "earningsEstimate": {"avg": {"raw": -0.01, "fmt": "-0.01"}, "low": {"raw": -0.01, "fmt": "-0.01"}, "high": {"raw": -0.01, "fmt": "-0.01"}, "yearAgoEps": {}, "numberOfAnalysts": {"raw": 1, "fmt": "1", "longFmt": "1"}, "growth": {}, "earningsCurrency": "USD"}, "revenueEstimate": {"avg": {"raw": 27230000, "fmt": "27.23M", "longFmt": "27,230,000"}, "low": {"raw": 18490000, "fmt": "18.49M", "longFmt": "18,490,000"}, "high": {"raw": 35400000, "fmt": "35.4M", "longFmt": "35,400,000"}, "numberOfAnalysts": {"raw": 3, "fmt": "3", "longFmt": "3"}, "yearAgoRevenue": {}, "growth": {}, "revenueCurrency": "USD"}, "epsTrend": {"current": {"raw": -0.01, "fmt": "-0.01"}, "7daysAgo": {"raw": -0.07, "fmt": "-0.07"}, "30daysAgo": {"raw": -0.07, "fmt": "-0.07"}, "60daysAgo": {"raw": -0.07, "fmt": "-0.07"}, "90daysAgo": {"raw": -0.07, "fmt": "-0.07"}, "epsTrendCurrency": "USD"}, "epsRevisions": {"upLast7days": {"raw": 1, "fmt": "1", "longFmt": "1"}, "upLast30days": {"raw": 1, "fmt": "1", "longFmt": "1"}, "downLast30days": {"raw": 0, "fmt": null, "longFmt": "0"}, "downLast7Days": {"raw": 0, "fmt": null, "longFmt": "0"}, "downLast90days": {}, "epsRevisionsCurrency": "USD"}}, {"maxAge": 1, "period": "+1q", "endDate": "2025-12-31", "growth": {}, "earningsEstimate": {"avg": {"raw": 0.1, "fmt": "0.1"}, "low": {"raw": 0.1, "fmt": "0.1"}, "high": {"raw": 0.1, "fmt": "0.1"}, "yearAgoEps": {}, "numberOfAnalysts": {"raw": 1, "fmt": "1", "longFmt": "1"}, "growth": {}, "earningsCurrency": "USD"}, "revenueEstimate": {"avg": {"raw": 54666670, "fmt": "54.67M", "longFmt": "54,666,670"}, "low": {"raw": 52600000, "fmt": "52.6M", "longFmt": "52,600,000"}, "high": {"raw": 56500000, "fmt": "56.5M", "longFmt": "56,500,000"}, "numberOfAnalysts": {"raw": 3, "fmt": "3", "longFmt": "3"}, "yearAgoRevenue": {}, "growth": {}, "revenueCurrency": "USD"}, "epsTrend": {"current": {"raw": 0.1, "fmt": "0.1"}, "7daysAgo": {"raw": 0.25, "fmt": "0.25"}, "30daysAgo": {"raw": 0.25, "fmt": "0.25"}, "60daysAgo": {"raw": 0.25, "fmt": "0.25"}, "90daysAgo": {"raw": 0.25, "fmt": "0.25"}, "epsTrendCurrency": "USD"}, "epsRevisions": {"upLast7days": {"raw": 0, "fmt": null, "longFmt": "0"}, "upLast30days": {"raw": 0, "fmt": null, "longFmt": "0"}, "downLast30days": {"raw": 1, "fmt": "1", "longFmt": "1"}, "downLast7Days": {"raw": 1, "fmt": "1", "longFmt": "1"}, "downLast90days": {}, "epsRevisionsCurrency": "USD"}}, {"maxAge": 1, "period": "0y", "endDate": "2025-12-31", "growth": {}, "earningsEstimate": {"avg": {"raw": 0.29, "fmt": "0.29"}, "low": {"raw": 0.29, "fmt": "0.29"}, "high": {"raw": 0.29, "fmt": "0.29"}, "yearAgoEps": {}, "numberOfAnalysts": {"raw": 1, "fmt": "1", "longFmt": "1"}, "growth": {}, "earningsCurrency": "USD"}, "revenueEstimate": {"avg": {"raw": 119019000, "fmt": "119.02M", "longFmt": "119,019,000"}, "low": {"raw": 111338000, "fmt": "111.34M", "longFmt": "111,338,000"}, "high": {"raw": 126700000, "fmt": "126.7M", "longFmt": "126,700,000"}, "numberOfAnalysts": {"raw": 2, "fmt": "2", "longFmt": "2"}, "yearAgoRevenue": {}, "growth": {}, "revenueCurrency": "USD"}, "epsTrend": {"current": {"raw": 0.29, "fmt": "0.29"}, "7daysAgo": {"raw": -0.10333, "fmt": "-0.1"}, "30daysAgo": {"raw": -0.10333, "fmt": "-0.1"}, "60daysAgo": {"raw": -0.10333, "fmt": "-0.1"}, "90daysAgo": {"raw": -0.10333, "fmt": "-0.1"}, "epsTrendCurrency": "USD"}, "epsRevisions": {"upLast7days": {"raw": 0, "fmt": null, "longFmt": "0"}, "upLast30days": {"raw": 0, "fmt": null, "longFmt": "0"}, "downLast30days": {"raw": 0, "fmt": null, "longFmt": "0"}, "downLast7Days": {"raw": 0, "fmt": null, "longFmt": "0"}, "downLast90days": {}, "epsRevisionsCurrency": "USD"}}, {"maxAge": 1, "period": "+1y", "endDate": "2026-12-31", "growth": {"raw": -2.8506, "fmt": "-285.06%"}, "earningsEstimate": {"avg": {"raw": -0.53667, "fmt": "-0.54"}, "low": {"raw": -0.59, "fmt": "-0.59"}, "high": {"raw": -0.5, "fmt": "-0.5"}, "yearAgoEps": {"raw": 0.29, "fmt": "0.29"}, "numberOfAnalysts": {"raw": 3, "fmt": "3", "longFmt": "3"}, "growth": {"raw": -2.8506, "fmt": "-285.06%"}, "earningsCurrency": "USD"}, "revenueEstimate": {"avg": {"raw": 162026000, "fmt": "162.03M", "longFmt": "162,026,000"}, "low": {"raw": 150000000, "fmt": "150M", "longFmt": "150,000,000"}, "high": {"raw": 178500000, "fmt": "178.5M", "longFmt": "178,500,000"}, "numberOfAnalysts": {"raw": 3, "fmt": "3", "longFmt": "3"}, "yearAgoRevenue": {"raw": 119019000, "fmt": "119.02M", "longFmt": "119,019,000"}, "growth": {"raw": 0.36130002, "fmt": "36.13%"}, "revenueCurrency": "USD"}, "epsTrend": {"current": {"raw": -0.53667, "fmt": "-0.54"}, "7daysAgo": {"raw": -0.47667, "fmt": "-0.48"}, "30daysAgo": {"raw": -0.47667, "fmt": "-0.48"}, "60daysAgo": {"raw": -0.47667, "fmt": "-0.48"}, "90daysAgo": {"raw": -0.47667, "fmt": "-0.48"}, "epsTrendCurrency": "USD"}, "epsRevisions": {"upLast7days": {"raw": 0, "fmt": null, "longFmt": "0"}, "upLast30days": {"raw": 0, "fmt": null, "longFmt": "0"}, "downLast30days": {"raw": 1, "fmt": "1", "longFmt": "1"}, "downLast7Days": {"raw": 1, "fmt": "1", "longFmt": "1"}, "downLast90days": {}, "epsRevisionsCurrency": "USD"}}], "defaultMethodology": "nongaap", "maxAge": 1}, "earningsHistory": {"history": [{"maxAge": 1, "epsActual": {"raw": 0.3, "fmt": "0.3"}, "epsEstimate": {"raw": -0.35, "fmt": "-0.35"}, "epsDifference": {"raw": 0.65, "fmt": "0.65"}, "surprisePercent": {"raw": 1.8571, "fmt": "185.71%"}, "quarter": {"raw": 1751241600, "fmt": "2025-06-30"}, "currency": "USD", "period": "-1q"}], "defaultMethodology": "nongaap", "maxAge": 86400}, "financialData": {"maxAge": 86400, "currentPrice": {"raw": 16.28, "fmt": "16.28"}, "targetHighPrice": {"raw": 35.0, "fmt": "35.00"}, "targetLowPrice": {"raw": 26.0, "fmt": "26.00"}, "targetMeanPrice": {"raw": 30.66667, "fmt": "30.67"}, "targetMedianPrice": {"raw": 31.0, "fmt": "31.00"}, "recommendationMean": {}, "recommendationKey": "none", "numberOfAnalystOpinions": {"raw": 3, "fmt": "3", "longFmt": "3"}, "totalCash": {"raw": 40341556, "fmt": "40.34M", "longFmt": "40,341,556"}, "totalCashPerShare": {"raw": 1.471, "fmt": "1.47"}, "ebitda": {"raw": 13369720, "fmt": "13.37M", "longFmt": "13,369,720"}, "totalDebt": {"raw": 18691426, "fmt": "18.69M", "longFmt": "18,691,426"}, "quickRatio": {"raw": 0.974, "fmt": "0.97"}, "currentRatio": {"raw": 1.19, "fmt": "1.19"}, "totalRevenue": {"raw": 99759664, "fmt": "99.76M", "longFmt": "99,759,664"}, "debtToEquity": {"raw": 2.751, "fmt": "2.75%"}, "revenuePerShare": {"raw": 5.897, "fmt": "5.90"}, "returnOnAssets": {}, "returnOnEquity": {}, "grossProfits": {"raw": 66021664, "fmt": "66.02M", "longFmt": "66,021,664"}, "freeCashflow": {}, "operatingCashflow": {"raw": -1441030, "fmt": "-1.44M", "longFmt": "-1,441,030"}, "earningsGrowth": {}, "revenueGrowth": {"raw": 1.51, "fmt": "151.00%"}, "grossMargins": {"raw": 0.66181, "fmt": "66.18%"}, "ebitdaMargins": {"raw": 0.13402, "fmt": "13.40%"}, "operatingMargins": {"raw": -0.802, "fmt": "-80.20%"}, "profitMargins": {"raw": -0.27253, "fmt": "-27.25%"}, "financialCurrency": "USD"}}