{"assetProfile": {"address1": "1111 Lincoln Road", "address2": "Suite 802", "city": "Miami Beach", "state": "FL", "zip": "33139", "country": "United States", "phone": "786 709 9690", "website": "https://airsculpt.com", "industry": "Medical Care Facilities", "industryKey": "medical-care-facilities", "industryDisp": "Medical Care Facilities", "sector": "Healthcare", "sectorKey": "healthcare", "sectorDisp": "Healthcare", "longBusinessSummary": "AirSculpt Technologies, Inc., together with its subsidiaries, focuses on operating as a holding company for EBS Intermediate Parent LLC that provides body contouring procedure services in the United States, Canada, and the United Kingdom. The company offers AirSculpt, a body contouring treatment that removes fat and tightens skin while sculpting targeted areas of the body in a minimally invasive procedure. It also provides AirSculpt+, a procedure that permanently removes fat and tightens the skin with unparalleled precision and finesse; and AirSculpt Smooth, an advanced cellulite removal tool. In addition, it provides fat removal procedures across treatment areas, such as the stomach, back, and buttocks; and fat transfer procedures that transfers the patient's own fat cells to enhance the buttocks, breasts, hips, aging hands, or other areas. Further, the company's body contouring procedures include the Power BBL, a Brazilian butt lift procedure; the Up a Cup, a breast enhancement procedure; and the Hip Flip, an hourglass contouring procedure. Additionally, it operates various centers. AirSculpt Technologies, Inc. was founded in 2012 and is headquartered in Miami Beach, Florida.", "fullTimeEmployees": 389, "companyOfficers": [{"maxAge": 1, "name": "Dr. Aaron J. Rollins M.D.", "age": 48, "title": "Founder & Executive Chairman", "yearBorn": 1976, "fiscalYear": 2024, "totalPay": {"raw": 1000636, "fmt": "1M", "longFmt": "1,000,636"}, "exercisedValue": {"raw": 0, "fmt": null, "longFmt": "0"}, "unexercisedValue": {"raw": 0, "fmt": null, "longFmt": "0"}}, {"maxAge": 1, "name": "Mr. Dennis  Dean CPA", "age": 52, "title": "Chief Financial Officer", "yearBorn": 1972, "fiscalYear": 2024, "totalPay": {"raw": 509532, "fmt": "509.53k", "longFmt": "509,532"}, "exercisedValue": {"raw": 0, "fmt": null, "longFmt": "0"}, "unexercisedValue": {"raw": 0, "fmt": null, "longFmt": "0"}}, {"maxAge": 1, "name": "Mr. Yogesh  Jashnani", "age": 42, "title": "CEO & Director", "yearBorn": 1982, "fiscalYear": 2024, "exercisedValue": {"raw": 0, "fmt": null, "longFmt": "0"}, "unexercisedValue": {"raw": 0, "fmt": null, "longFmt": "0"}}, {"maxAge": 1, "name": "Stephanie Evans Greene", "title": "Chief Marketing Officer", "fiscalYear": 2024, "exercisedValue": {"raw": 0, "fmt": null, "longFmt": "0"}, "unexercisedValue": {"raw": 0, "fmt": null, "longFmt": "0"}}], "auditRisk": 7, "boardRisk": 10, "compensationRisk": 7, "shareHolderRightsRisk": 7, "overallRisk": 9, "governanceEpochDate": 1761955200, "compensationAsOfEpochDate": 1735603200, "executiveTeam": [], "maxAge": 86400}, "calendarEvents": {"maxAge": 1, "earnings": {"earningsDate": [{"raw": 1762522200, "fmt": "2025-11-07"}], "earningsCallDate": [{"raw": 1762522200, "fmt": "2025-11-07"}], "isEarningsDateEstimate": false, "earningsAverage": {"raw": -0.015, "fmt": "-0.01"}, "earningsLow": {"raw": -0.02, "fmt": "-0.02"}, "earningsHigh": {"raw": -0.01, "fmt": "-0.01"}, "revenueAverage": {"raw": 39797330, "fmt": "39.8M", "longFmt": "39,797,330"}, "revenueLow": {"raw": 39200000, "fmt": "39.2M", "longFmt": "39,200,000"}, "revenueHigh": {"raw": 40292000, "fmt": "40.29M", "longFmt": "40,292,000"}}, "exDividendDate": {"raw": 1661385600, "fmt": "2022-08-25"}, "dividendDate": {"raw": 1663113600, "fmt": "2022-09-14"}}, "earningsTrend": {"trend": [{"maxAge": 1, "period": "0q", "endDate": "2025-09-30", "growth": {"raw": 0.25, "fmt": "25.00%"}, "earningsEstimate": {"avg": {"raw": -0.015, "fmt": "-0.01"}, "low": {"raw": -0.02, "fmt": "-0.02"}, "high": {"raw": -0.01, "fmt": "-0.01"}, "yearAgoEps": {"raw": -0.02, "fmt": "-0.02"}, "numberOfAnalysts": {"raw": 2, "fmt": "2", "longFmt": "2"}, "growth": {"raw": 0.25, "fmt": "25.00%"}, "earningsCurrency": "USD"}, "revenueEstimate": {"avg": {"raw": 39797330, "fmt": "39.8M", "longFmt": "39,797,330"}, "low": {"raw": 39200000, "fmt": "39.2M", "longFmt": "39,200,000"}, "high": {"raw": 40292000, "fmt": "40.29M", "longFmt": "40,292,000"}, "numberOfAnalysts": {"raw": 3, "fmt": "3", "longFmt": "3"}, "yearAgoRevenue": {"raw": 42548000, "fmt": "42.55M", "longFmt": "42,548,000"}, "growth": {"raw": -0.0646, "fmt": "-6.46%"}, "revenueCurrency": "USD"}, "epsTrend": {"current": {"raw": -0.015, "fmt": "-0.01"}, "7daysAgo": {"raw": -0.015, "fmt": "-0.01"}, "30daysAgo": {"raw": -0.015, "fmt": "-0.01"}, "60daysAgo": {"raw": -0.015, "fmt": "-0.01"}, "90daysAgo": {"raw": -0.01, "fmt": "-0.01"}, "epsTrendCurrency": "USD"}, "epsRevisions": {"upLast7days": {"raw": 0, "fmt": null, "longFmt": "0"}, "upLast30days": {"raw": 0, "fmt": null, "longFmt": "0"}, "downLast30days": {"raw": 1, "fmt": "1", "longFmt": "1"}, "downLast7Days": {"raw": 1, "fmt": "1", "longFmt": "1"}, "downLast90days": {}, "epsRevisionsCurrency": "USD"}}, {"maxAge": 1, "period": "+1q", "endDate": "2025-12-31", "growth": {"raw": 0.9375, "fmt": "93.75%"}, "earningsEstimate": {"avg": {"raw": -0.005, "fmt": "-0"}, "low": {"raw": -0.01, "fmt": "-0.01"}, "high": {"raw": 0.0, "fmt": "0"}, "yearAgoEps": {"raw": -0.08, "fmt": "-0.08"}, "numberOfAnalysts": {"raw": 2, "fmt": "2", "longFmt": "2"}, "growth": {"raw": 0.9375, "fmt": "93.75%"}, "earningsCurrency": "USD"}, "revenueEstimate": {"avg": {"raw": 39790670, "fmt": "39.79M", "longFmt": "39,790,670"}, "low": {"raw": 38400000, "fmt": "38.4M", "longFmt": "38,400,000"}, "high": {"raw": 40500000, "fmt": "40.5M", "longFmt": "40,500,000"}, "numberOfAnalysts": {"raw": 3, "fmt": "3", "longFmt": "3"}, "yearAgoRevenue": {"raw": 39178000, "fmt": "39.18M", "longFmt": "39,178,000"}, "growth": {"raw": 0.0156, "fmt": "1.56%"}, "revenueCurrency": "USD"}, "epsTrend": {"current": {"raw": -0.005, "fmt": "-0"}, "7daysAgo": {"raw": -0.005, "fmt": "-0"}, "30daysAgo": {"raw": -0.005, "fmt": "-0"}, "60daysAgo": {"raw": -0.005, "fmt": "-0"}, "90daysAgo": {"raw": -0.015, "fmt": "-0.01"}, "epsTrendCurrency": "USD"}, "epsRevisions": {"upLast7days": {"raw": 1, "fmt": "1", "longFmt": "1"}, "upLast30days": {"raw": 1, "fmt": "1", "longFmt": "1"}, "downLast30days": {"raw": 0, "fmt": null, "longFmt": "0"}, "downLast7Days": {"raw": 0, "fmt": null, "longFmt": "0"}, "downLast90days": {}, "epsRevisionsCurrency": "USD"}}, {"maxAge": 1, "period": "0y", "endDate": "2025-12-31", "growth": {"raw": -2.0, "fmt": "-200.00%"}, "earningsEstimate": {"avg": {"raw": -0.02, "fmt": "-0.02"}, "low": {"raw": -0.03, "fmt": "-0.03"}, "high": {"raw": -0.01, "fmt": "-0.01"}, "yearAgoEps": {"raw": 0.02, "fmt": "0.02"}, "numberOfAnalysts": {"raw": 2, "fmt": "2", "longFmt": "2"}, "growth": {"raw": -2.0, "fmt": "-200.00%"}, "earningsCurrency": "USD"}, "revenueEstimate": {"avg": {"raw": 162982330, "fmt": "162.98M", "longFmt": "162,982,330"}, "low": {"raw": 161700000, "fmt": "161.7M", "longFmt": "161,700,000"}, "high": {"raw": 164147000, "fmt": "164.15M", "longFmt": "164,147,000"}, "numberOfAnalysts": {"raw": 3, "fmt": "3", "longFmt": "3"}, "yearAgoRevenue": {"raw": 180350000, "fmt": "180.35M", "longFmt": "180,350,000"}, "growth": {"raw": -0.0963, "fmt": "-9.63%"}, "revenueCurrency": "USD"}, "epsTrend": {"current": {"raw": -0.02, "fmt": "-0.02"}, "7daysAgo": {"raw": -0.02, "fmt": "-0.02"}, "30daysAgo": {"raw": -0.02, "fmt": "-0.02"}, "60daysAgo": {"raw": -0.02, "fmt": "-0.02"}, "90daysAgo": {"raw": -0.03, "fmt": "-0.03"}, "epsTrendCurrency": "USD"}, "epsRevisions": {"upLast7days": {"raw": 2, "fmt": "2", "longFmt": "2"}, "upLast30days": {"raw": 2, "fmt": "2", "longFmt": "2"}, "downLast30days": {"raw": 0, "fmt": null, "longFmt": "0"}, "downLast7Days": {"raw": 0, "fmt": null, "longFmt": "0"}, "downLast90days": {}, "epsRevisionsCurrency": "USD"}}, {"maxAge": 1, "period": "+1y", "endDate": "2026-12-31", "growth": {"raw": 3.0, "fmt": "300.00%"}, "earningsEstimate": {"avg": {"raw": 0.04, "fmt": "0.04"}, "low": {"raw": 0.02, "fmt": "0.02"}, "high": {"raw": 0.06, "fmt": "0.06"}, "yearAgoEps": {"raw": -0.02, "fmt": "-0.02"}, "numberOfAnalysts": {"raw": 2, "fmt": "2", "longFmt": "2"}, "growth": {"raw": 3.0, "fmt": "300.00%"}, "earningsCurrency": "USD"}, "revenueEstimate": {"avg": {"raw": 171681670, "fmt": "171.68M", "longFmt": "171,681,670"}, "low": {"raw": 169745000, "fmt": "169.75M", "longFmt": "169,745,000"}, "high": {"raw": 174500000, "fmt": "174.5M", "longFmt": "174,500,000"}, "numberOfAnalysts": {"raw": 3, "fmt": "3", "longFmt": "3"}, "yearAgoRevenue": {"raw": 162982330, "fmt": "162.98M", "longFmt": "162,982,330"}, "growth": {"raw": 0.053400002, "fmt": "5.34%"}, "revenueCurrency": "USD"}, "epsTrend": {"current": {"raw": 0.04, "fmt": "0.04"}, "7daysAgo": {"raw": 0.045, "fmt": "0.05"}, "30daysAgo": {"raw": 0.045, "fmt": "0.05"}, "60daysAgo": {"raw": 0.045, "fmt": "0.05"}, "90daysAgo": {"raw": 0.045, "fmt": "0.05"}, "epsTrendCurrency": "USD"}, "epsRevisions": {"upLast7days": {"raw": 0, "fmt": null, "longFmt": "0"}, "upLast30days": {"raw": 0, "fmt": null, "longFmt": "0"}, "downLast30days": {"raw": 1, "fmt": "1", "longFmt": "1"}, "downLast7Days": {"raw": 1, "fmt": "1", "longFmt": "1"}, "downLast90days": {}, "epsRevisionsCurrency": "USD"}}], "defaultMethodology": "nongaap", "maxAge": 1}, "earningsHistory": {"history": [{"maxAge": 1, "epsActual": {"raw": -0.02, "fmt": "-0.02"}, "epsEstimate": {"raw": 0.02333, "fmt": "0.02"}, "epsDifference": {"raw": -0.04, "fmt": "-0.04"}, "surprisePercent": {"raw": -1.8572999, "fmt": "-185.73%"}, "quarter": {"raw": 1727654400, "fmt": "2024-09-30"}, "currency": "USD", "period": "-4q"}, {"maxAge": 1, "epsActual": {"raw": -0.08, "fmt": "-0.08"}, "epsEstimate": {"raw": 0.01667, "fmt": "0.02"}, "epsDifference": {"raw": -0.1, "fmt": "-0.1"}, "surprisePercent": {"raw": -5.7990003, "fmt": "-579.90%"}, "quarter": {"raw": 1735603200, "fmt": "2024-12-31"}, "currency": "USD", "period": "-3q"}, {"maxAge": 1, "epsActual": {"raw": -0.02, "fmt": "-0.02"}, "epsEstimate": {"raw": -0.03333, "fmt": "-0.03"}, "epsDifference": {"raw": 0.01, "fmt": "0.01"}, "surprisePercent": {"raw": 0.39990002, "fmt": "39.99%"}, "quarter": {"raw": 1743379200, "fmt": "2025-03-31"}, "currency": "USD", "period": "-2q"}, {"maxAge": 1, "epsActual": {"raw": 0.02, "fmt": "0.02"}, "epsEstimate": {"raw": 0.015, "fmt": "0.01"}, "epsDifference": {"raw": 0.01, "fmt": "0.01"}, "surprisePercent": {"raw": 0.33330002, "fmt": "33.33%"}, "quarter": {"raw": 1751241600, "fmt": "2025-06-30"}, "currency": "USD", "period": "-1q"}], "defaultMethodology": "nongaap", "maxAge": 86400}, "financialData": {"maxAge": 86400, "currentPrice": {"raw": 10.39, "fmt": "10.39"}, "targetHighPrice": {"raw": 5.0, "fmt": "5.00"}, "targetLowPrice": {"raw": 5.0, "fmt": "5.00"}, "targetMeanPrice": {"raw": 5.0, "fmt": "5.00"}, "targetMedianPrice": {"raw": 5.0, "fmt": "5.00"}, "recommendationMean": {}, "recommendationKey": "none", "numberOfAnalystOpinions": {"raw": 1, "fmt": "1", "longFmt": "1"}, "totalCash": {"raw": 8189000, "fmt": "8.19M", "longFmt": "8,189,000"}, "totalCashPerShare": {"raw": 0.131, "fmt": "0.13"}, "ebitda": {"raw": 4156000, "fmt": "4.16M", "longFmt": "4,156,000"}, "totalDebt": {"raw": 85304000, "fmt": "85.3M", "longFmt": "85,304,000"}, "quickRatio": {"raw": 0.387, "fmt": "0.39"}, "currentRatio": {"raw": 0.635, "fmt": "0.63"}, "totalRevenue": {"raw": 165108992, "fmt": "165.11M", "longFmt": "165,108,992"}, "debtToEquity": {"raw": 93.579, "fmt": "93.58%"}, "revenuePerShare": {"raw": 2.823, "fmt": "2.82"}, "returnOnAssets": {"raw": -0.026099999, "fmt": "-2.61%"}, "returnOnEquity": {"raw": -0.16475001, "fmt": "-16.48%"}, "grossProfits": {"raw": 104545000, "fmt": "104.55M", "longFmt": "104,545,000"}, "freeCashflow": {"raw": 4000875, "fmt": "4M", "longFmt": "4,000,875"}, "operatingCashflow": {"raw": 10395000, "fmt": "10.39M", "longFmt": "10,395,000"}, "earningsGrowth": {}, "revenueGrowth": {"raw": -0.137, "fmt": "-13.70%"}, "grossMargins": {"raw": 0.63319, "fmt": "63.32%"}, "ebitdaMargins": {"raw": 0.02517, "fmt": "2.52%"}, "operatingMargins": {"raw": 0.02031, "fmt": "2.03%"}, "profitMargins": {"raw": -0.08789, "fmt": "-8.79%"}, "financialCurrency": "USD"}}