{"assetProfile": {"address1": "11020 David Taylor Drive", "address2": "Suite 305", "city": "Charlotte", "state": "NC", "zip": "28262", "country": "United States", "phone": "980 595 2840", "website": "https://www.airt.net", "industry": "Conglomerates", "industryKey": "conglomerates", "industryDisp": "Conglomerates", "sector": "Industrials", "sectorKey": "industrials", "sectorDisp": "Industrials", "longBusinessSummary": "Air T, Inc. provides overnight air cargo, ground equipment sale, and commercial jet engines and parts in the United States and internationally. The company's Overnight Air Cargo segment offers air express delivery services. As of March 31, 2025, this segment had 103 aircraft under the dry-lease agreements with FedEx. Its Ground Support Equipment segment manufactures, sells, and services aircraft deicers, scissor-type lifts, military and civilian decontamination units, flight-line tow tractors, glycol recovery vehicles, and other specialized equipment. This segment sells its products to passenger and cargo airlines, ground handling companies, the United States Air Force, airports, and industrial customers. The company's Commercial Aircraft, Engines and Parts segment offers commercial aircraft trading, leasing, and parts solutions; commercial aircraft storage, storage maintenance, and aircraft disassembly/part-out services; commercial aircraft parts sales, exchanges, procurement services, consignment programs, and overhaul and repair services; and aircraft instrumentation, avionics, and various electrical accessories for civilian, military transport, regional/commuter and business/commercial jet, and turboprop aircraft to airlines and commercial aircraft leasing companies. This segment also provides composite aircraft structures, and repair and support services, as well as aircraft service and maintenance services. Its Digital Solutions segment develops and provides digital aviation and other business services to customers within the aviation industry. Air T, Inc. was incorporated in 1980 and is based in Charlotte, North Carolina.", "fullTimeEmployees": 646, "companyOfficers": [{"maxAge": 1, "name": "Mr. Nicholas John Swenson", "age": 55, "title": "Chairman, President & CEO", "yearBorn": 1969, "fiscalYear": 2025, "totalPay": {"raw": 50000, "fmt": "50k", "longFmt": "50,000"}, "exercisedValue": {"raw": 0, "fmt": null, "longFmt": "0"}, "unexercisedValue": {"raw": 0, "fmt": null, "longFmt": "0"}}, {"maxAge": 1, "name": "Ms. Tracy  Kennedy", "age": 33, "title": "Chief Financial Officer, Chief Accounting Officer & Treasurer", "yearBorn": 1991, "fiscalYear": 2025, "totalPay": {"raw": 208445, "fmt": "208.44k", "longFmt": "208,445"}, "exercisedValue": {"raw": 0, "fmt": null, "longFmt": "0"}, "unexercisedValue": {"raw": 0, "fmt": null, "longFmt": "0"}}, {"maxAge": 1, "name": "Mr. Mark R. Jundt J.D.", "age": 43, "title": "Secretary & General Counsel", "yearBorn": 1981, "fiscalYear": 2025, "exercisedValue": {"raw": 0, "fmt": null, "longFmt": "0"}, "unexercisedValue": {"raw": 0, "fmt": null, "longFmt": "0"}}, {"maxAge": 1, "name": "Ms. Katrina Marie-Kramer Philp", "age": 39, "title": "Chief of Staff", "yearBorn": 1985, "fiscalYear": 2025, "exercisedValue": {"raw": 0, "fmt": null, "longFmt": "0"}, "unexercisedValue": {"raw": 0, "fmt": null, "longFmt": "0"}}, {"maxAge": 1, "name": "Mr. Michael  Moore", "title": "Chief Executive Officer of Global Ground Support LLC", "fiscalYear": 2025, "exercisedValue": {"raw": 0, "fmt": null, "longFmt": "0"}, "unexercisedValue": {"raw": 0, "fmt": null, "longFmt": "0"}}, {"maxAge": 1, "name": "Mr. Mark  Harris", "title": "Chief Executive Officer of Worthington Aviation, Inc. and AirCo Group", "fiscalYear": 2025, "exercisedValue": {"raw": 0, "fmt": null, "longFmt": "0"}, "unexercisedValue": {"raw": 0, "fmt": null, "longFmt": "0"}}, {"maxAge": 1, "name": "Mr. Michael  Bandalan", "title": "Chief Executive Officer of Mountain Air Cargo, Inc., Worldwide Aircraft Serv., Inc. & CSA Air, Inc.", "fiscalYear": 2025, "exercisedValue": {"raw": 0, "fmt": null, "longFmt": "0"}, "unexercisedValue": {"raw": 0, "fmt": null, "longFmt": "0"}}, {"maxAge": 1, "name": "Mr. Dave  Bixler", "title": "President of Jet Yard, LLC & Air'Zona Aircraft Services, Inc.", "fiscalYear": 2025, "exercisedValue": {"raw": 0, "fmt": null, "longFmt": "0"}, "unexercisedValue": {"raw": 0, "fmt": null, "longFmt": "0"}}, {"maxAge": 1, "name": "Mr. Paul  Stewart", "title": "President of Ambry Hill Technologies", "fiscalYear": 2025, "exercisedValue": {"raw": 0, "fmt": null, "longFmt": "0"}, "unexercisedValue": {"raw": 0, "fmt": null, "longFmt": "0"}}, {"maxAge": 1, "name": "Mr. Richard  Lee", "title": "Chief Executive Officer of Delphax Solutions, Inc.", "fiscalYear": 2025, "exercisedValue": {"raw": 0, "fmt": null, "longFmt": "0"}, "unexercisedValue": {"raw": 0, "fmt": null, "longFmt": "0"}}], "compensationAsOfEpochDate": 1767139200, "irWebsite": "http://www.airt.net/shareholderinformation.html", "executiveTeam": [], "maxAge": 86400}, "calendarEvents": {"maxAge": 1, "earnings": {"earningsDate": [], "earningsCallDate": [], "isEarningsDateEstimate": true, "earningsAverage": {}, "earningsLow": {}, "earningsHigh": {}, "revenueAverage": {}, "revenueLow": {}, "revenueHigh": {}}, "exDividendDate": {"raw": 1370390400, "fmt": "2013-06-05"}, "dividendDate": {"raw": 1559865600, "fmt": "2019-06-07"}}, "earningsTrend": {"trend": [{"maxAge": 1, "period": "0q", "endDate": null, "growth": {}, "earningsEstimate": {"avg": {}, "low": {}, "high": {}, "yearAgoEps": {}, "numberOfAnalysts": {}, "growth": {}, "earningsCurrency": null}, "revenueEstimate": {"avg": {"raw": 0, "fmt": null, "longFmt": "0"}, "low": {"raw": 0, "fmt": null, "longFmt": "0"}, "high": {"raw": 0, "fmt": null, "longFmt": "0"}, "numberOfAnalysts": {"raw": 0, "fmt": null, "longFmt": "0"}, "yearAgoRevenue": {}, "growth": {}, "revenueCurrency": null}, "epsTrend": {"current": {}, "7daysAgo": {}, "30daysAgo": {}, "60daysAgo": {}, "90daysAgo": {}, "epsTrendCurrency": null}, "epsRevisions": {"upLast7days": {}, "upLast30days": {}, "downLast30days": {}, "downLast7Days": {}, "downLast90days": {}, "epsRevisionsCurrency": null}}, {"maxAge": 1, "period": "+1q", "endDate": null, "growth": {}, "earningsEstimate": {"avg": {}, "low": {}, "high": {}, "yearAgoEps": {}, "numberOfAnalysts": {}, "growth": {}, "earningsCurrency": null}, "revenueEstimate": {"avg": {"raw": 0, "fmt": null, "longFmt": "0"}, "low": {"raw": 0, "fmt": null, "longFmt": "0"}, "high": {"raw": 0, "fmt": null, "longFmt": "0"}, "numberOfAnalysts": {"raw": 0, "fmt": null, "longFmt": "0"}, "yearAgoRevenue": {}, "growth": {}, "revenueCurrency": null}, "epsTrend": {"current": {}, "7daysAgo": {}, "30daysAgo": {}, "60daysAgo": {}, "90daysAgo": {}, "epsTrendCurrency": null}, "epsRevisions": {"upLast7days": {}, "upLast30days": {}, "downLast30days": {}, "downLast7Days": {}, "downLast90days": {}, "epsRevisionsCurrency": null}}, {"maxAge": 1, "period": "0y", "endDate": "2013-03-31", "growth": {}, "earningsEstimate": {"avg": {}, "low": {}, "high": {}, "yearAgoEps": {}, "numberOfAnalysts": {}, "growth": {}, "earningsCurrency": null}, "revenueEstimate": {"avg": {"raw": 0, "fmt": null, "longFmt": "0"}, "low": {"raw": 0, "fmt": null, "longFmt": "0"}, "high": {"raw": 0, "fmt": null, "longFmt": "0"}, "numberOfAnalysts": {"raw": 0, "fmt": null, "longFmt": "0"}, "yearAgoRevenue": {}, "growth": {}, "revenueCurrency": null}, "epsTrend": {"current": {}, "7daysAgo": {}, "30daysAgo": {}, "60daysAgo": {}, "90daysAgo": {}, "epsTrendCurrency": null}, "epsRevisions": {"upLast7days": {}, "upLast30days": {}, "downLast30days": {}, "downLast7Days": {}, "downLast90days": {}, "epsRevisionsCurrency": null}}, {"maxAge": 1, "period": "+1y", "endDate": null, "growth": {}, "earningsEstimate": {"avg": {}, "low": {}, "high": {}, "yearAgoEps": {}, "numberOfAnalysts": {}, "growth": {}, "earningsCurrency": null}, "revenueEstimate": {"avg": {"raw": 0, "fmt": null, "longFmt": "0"}, "low": {"raw": 0, "fmt": null, "longFmt": "0"}, "high": {"raw": 0, "fmt": null, "longFmt": "0"}, "numberOfAnalysts": {"raw": 0, "fmt": null, "longFmt": "0"}, "yearAgoRevenue": {}, "growth": {}, "revenueCurrency": null}, "epsTrend": {"current": {}, "7daysAgo": {}, "30daysAgo": {}, "60daysAgo": {}, "90daysAgo": {}, "epsTrendCurrency": null}, "epsRevisions": {"upLast7days": {}, "upLast30days": {}, "downLast30days": {}, "downLast7Days": {}, "downLast90days": {}, "epsRevisionsCurrency": null}}], "defaultMethodology": "nongaap", "maxAge": 1}, "earningsHistory": {"history": [], "defaultMethodology": "nongaap", "maxAge": 86400}, "financialData": {"maxAge": 86400, "currentPrice": {"raw": 22.06, "fmt": "22.06"}, "targetHighPrice": {}, "targetLowPrice": {}, "targetMeanPrice": {}, "targetMedianPrice": {}, "recommendationMean": {}, "recommendationKey": "none", "numberOfAnalystOpinions": {}, "totalCash": {"raw": 14945000, "fmt": "14.95M", "longFmt": "14,945,000"}, "totalCashPerShare": {"raw": 5.53, "fmt": "5.53"}, "ebitda": {"raw": 7811000, "fmt": "7.81M", "longFmt": "7,811,000"}, "totalDebt": {"raw": 141919008, "fmt": "141.92M", "longFmt": "141,919,008"}, "quickRatio": {"raw": 0.828, "fmt": "0.83"}, "currentRatio": {"raw": 1.895, "fmt": "1.89"}, "totalRevenue": {"raw": 296308992, "fmt": "296.31M", "longFmt": "296,308,992"}, "debtToEquity": {"raw": 2681.765, "fmt": "2,681.76%"}, "revenuePerShare": {"raw": 108.32, "fmt": "108.32"}, "returnOnAssets": {"raw": 0.01002, "fmt": "1.00%"}, "returnOnEquity": {"raw": -0.68451, "fmt": "-68.45%"}, "grossProfits": {"raw": 67704000, "fmt": "67.7M", "longFmt": "67,704,000"}, "freeCashflow": {"raw": 10611250, "fmt": "10.61M", "longFmt": "10,611,250"}, "operatingCashflow": {"raw": 22288000, "fmt": "22.29M", "longFmt": "22,288,000"}, "earningsGrowth": {}, "revenueGrowth": {"raw": 0.067, "fmt": "6.70%"}, "grossMargins": {"raw": 0.22849001, "fmt": "22.85%"}, "ebitdaMargins": {"raw": 0.02636, "fmt": "2.64%"}, "operatingMargins": {"raw": 0.00629, "fmt": "0.63%"}, "profitMargins": {"raw": -0.025109999, "fmt": "-2.51%"}, "financialCurrency": "USD"}}