{"assetProfile": {"address1": "8210 154th Ave NE", "address2": "Suite 120", "city": "Redmond", "state": "WA", "zip": "98052", "country": "United States", "phone": "877 462 4250", "fax": "425 467 8090", "website": "https://airship.ai", "industry": "Software - Infrastructure", "industryKey": "software-infrastructure", "industryDisp": "Software - Infrastructure", "sector": "Technology", "sectorKey": "technology", "sectorDisp": "Technology", "longBusinessSummary": "Airship AI Holdings, Inc. provides artificial intelligence (AI)-driven data management surveillance platforms in the United States. The company offers Outpost AI, which structures and analyzes data at the source using Airship AI trained models; Acropolis, an enterprise management software; and Airship Command, a suite of visualization tools that allows customers to interact with their data and devices. Its Acropolis products include Acropolis Commercial for various small and medium businesses, including schools, hospitals, casinos, logistics, and retail establishments; and Acropolis Law for the law enforcement, defense, and intelligence sectors. The company also provides professional services, such as custom model training, custom integrations, and workflow enhancement services, as well as technical support and software maintenance services. It serves the government, enterprises, law enforcement, military, and commercial enterprise organizations. Airship AI Holdings, Inc. was founded in 2006 and is headquartered in Redmond, Washington.", "fullTimeEmployees": 55, "companyOfficers": [{"maxAge": 1, "name": "Mr. Victor  Huang", "age": 54, "title": "Co-Founder, CEO & Chairman", "yearBorn": 1970, "fiscalYear": 2024, "totalPay": {"raw": 704779, "fmt": "704.78k", "longFmt": "704,779"}, "exercisedValue": {"raw": 0, "fmt": null, "longFmt": "0"}, "unexercisedValue": {"raw": 0, "fmt": null, "longFmt": "0"}}, {"maxAge": 1, "name": "Mr. Paul  Allen", "age": 54, "title": "President", "yearBorn": 1970, "fiscalYear": 2024, "totalPay": {"raw": 320875, "fmt": "320.88k", "longFmt": "320,875"}, "exercisedValue": {"raw": 101865, "fmt": "101.86k", "longFmt": "101,865"}, "unexercisedValue": {"raw": 5261480, "fmt": "5.26M", "longFmt": "5,261,480"}}, {"maxAge": 1, "name": "Mr. Derek  Xu", "age": 66, "title": "Co-founder, COO, Secretary, Treasurer & Director", "yearBorn": 1958, "fiscalYear": 2024, "totalPay": {"raw": 388328, "fmt": "388.33k", "longFmt": "388,328"}, "exercisedValue": {"raw": 0, "fmt": null, "longFmt": "0"}, "unexercisedValue": {"raw": 0, "fmt": null, "longFmt": "0"}}, {"maxAge": 1, "name": "Mr. Mark E. Scott", "age": 71, "title": "CFO, Secretary & Treasurer", "yearBorn": 1953, "fiscalYear": 2024, "totalPay": {"raw": 200237, "fmt": "200.24k", "longFmt": "200,237"}, "exercisedValue": {"raw": 0, "fmt": null, "longFmt": "0"}, "unexercisedValue": {"raw": 52303, "fmt": "52.3k", "longFmt": "52,303"}}, {"maxAge": 1, "name": "Mr. Yanda  Ma", "age": 45, "title": "Chief Technology Officer", "yearBorn": 1979, "fiscalYear": 2024, "totalPay": {"raw": 227500, "fmt": "227.5k", "longFmt": "227,500"}, "exercisedValue": {"raw": 0, "fmt": null, "longFmt": "0"}, "unexercisedValue": {"raw": 1260363, "fmt": "1.26M", "longFmt": "1,260,363"}}], "auditRisk": 10, "boardRisk": 9, "compensationRisk": 7, "shareHolderRightsRisk": 6, "overallRisk": 9, "governanceEpochDate": 1761955200, "compensationAsOfEpochDate": 1735603200, "executiveTeam": [], "maxAge": 86400}, "calendarEvents": {"maxAge": 1, "earnings": {"earningsDate": [{"raw": 1763067600, "fmt": "2025-11-13"}], "earningsCallDate": [], "isEarningsDateEstimate": true, "earningsAverage": {"raw": 0.02, "fmt": "0.02"}, "earningsLow": {"raw": 0.02, "fmt": "0.02"}, "earningsHigh": {"raw": 0.02, "fmt": "0.02"}, "revenueAverage": {"raw": 8300000, "fmt": "8.3M", "longFmt": "8,300,000"}, "revenueLow": {"raw": 8300000, "fmt": "8.3M", "longFmt": "8,300,000"}, "revenueHigh": {"raw": 8300000, "fmt": "8.3M", "longFmt": "8,300,000"}}, "exDividendDate": {}, "dividendDate": {}}, "earningsTrend": {"trend": [{"maxAge": 1, "period": "0q", "endDate": "2025-09-30", "growth": {"raw": 1.4158, "fmt": "141.58%"}, "earningsEstimate": {"avg": {"raw": 0.02, "fmt": "0.02"}, "low": {"raw": 0.02, "fmt": "0.02"}, "high": {"raw": 0.02, "fmt": "0.02"}, "yearAgoEps": {"raw": -0.0481, "fmt": "-0.05"}, "numberOfAnalysts": {"raw": 1, "fmt": "1", "longFmt": "1"}, "growth": {"raw": 1.4158, "fmt": "141.58%"}, "earningsCurrency": "USD"}, "revenueEstimate": {"avg": {"raw": 8300000, "fmt": "8.3M", "longFmt": "8,300,000"}, "low": {"raw": 8300000, "fmt": "8.3M", "longFmt": "8,300,000"}, "high": {"raw": 8300000, "fmt": "8.3M", "longFmt": "8,300,000"}, "numberOfAnalysts": {"raw": 1, "fmt": "1", "longFmt": "1"}, "yearAgoRevenue": {"raw": 2867650, "fmt": "2.87M", "longFmt": "2,867,650"}, "growth": {"raw": 1.8944, "fmt": "189.44%"}, "revenueCurrency": "USD"}, "epsTrend": {"current": {"raw": 0.02, "fmt": "0.02"}, "7daysAgo": {"raw": 0.02, "fmt": "0.02"}, "30daysAgo": {"raw": 0.02, "fmt": "0.02"}, "60daysAgo": {"raw": 0.02, "fmt": "0.02"}, "90daysAgo": {"raw": 0.02, "fmt": "0.02"}, "epsTrendCurrency": "USD"}, "epsRevisions": {"upLast7days": {"raw": 0, "fmt": null, "longFmt": "0"}, "upLast30days": {"raw": 0, "fmt": null, "longFmt": "0"}, "downLast30days": {"raw": 1, "fmt": "1", "longFmt": "1"}, "downLast7Days": {"raw": 1, "fmt": "1", "longFmt": "1"}, "downLast90days": {}, "epsRevisionsCurrency": "USD"}}, {"maxAge": 1, "period": "+1q", "endDate": "2025-12-31", "growth": {"raw": 1.5579, "fmt": "155.79%"}, "earningsEstimate": {"avg": {"raw": 0.04, "fmt": "0.04"}, "low": {"raw": 0.04, "fmt": "0.04"}, "high": {"raw": 0.04, "fmt": "0.04"}, "yearAgoEps": {"raw": -0.0717, "fmt": "-0.07"}, "numberOfAnalysts": {"raw": 1, "fmt": "1", "longFmt": "1"}, "growth": {"raw": 1.5579, "fmt": "155.79%"}, "earningsCurrency": "USD"}, "revenueEstimate": {"avg": {"raw": 10400000, "fmt": "10.4M", "longFmt": "10,400,000"}, "low": {"raw": 10400000, "fmt": "10.4M", "longFmt": "10,400,000"}, "high": {"raw": 10400000, "fmt": "10.4M", "longFmt": "10,400,000"}, "numberOfAnalysts": {"raw": 1, "fmt": "1", "longFmt": "1"}, "yearAgoRevenue": {"raw": 3206520, "fmt": "3.21M", "longFmt": "3,206,520"}, "growth": {"raw": 2.2433999, "fmt": "224.34%"}, "revenueCurrency": "USD"}, "epsTrend": {"current": {"raw": 0.04, "fmt": "0.04"}, "7daysAgo": {"raw": 0.04, "fmt": "0.04"}, "30daysAgo": {"raw": 0.04, "fmt": "0.04"}, "60daysAgo": {"raw": 0.04, "fmt": "0.04"}, "90daysAgo": {"raw": 0.04, "fmt": "0.04"}, "epsTrendCurrency": "USD"}, "epsRevisions": {"upLast7days": {"raw": 0, "fmt": null, "longFmt": "0"}, "upLast30days": {"raw": 0, "fmt": null, "longFmt": "0"}, "downLast30days": {"raw": 1, "fmt": "1", "longFmt": "1"}, "downLast7Days": {"raw": 1, "fmt": "1", "longFmt": "1"}, "downLast90days": {}, "epsRevisionsCurrency": "USD"}}, {"maxAge": 1, "period": "0y", "endDate": "2025-12-31", "growth": {"raw": 1.1641, "fmt": "116.41%"}, "earningsEstimate": {"avg": {"raw": 0.03, "fmt": "0.03"}, "low": {"raw": 0.03, "fmt": "0.03"}, "high": {"raw": 0.03, "fmt": "0.03"}, "yearAgoEps": {"raw": -0.1828, "fmt": "-0.18"}, "numberOfAnalysts": {"raw": 1, "fmt": "1", "longFmt": "1"}, "growth": {"raw": 1.1641, "fmt": "116.41%"}, "earningsCurrency": "USD"}, "revenueEstimate": {"avg": {"raw": 30400000, "fmt": "30.4M", "longFmt": "30,400,000"}, "low": {"raw": 30400000, "fmt": "30.4M", "longFmt": "30,400,000"}, "high": {"raw": 30400000, "fmt": "30.4M", "longFmt": "30,400,000"}, "numberOfAnalysts": {"raw": 1, "fmt": "1", "longFmt": "1"}, "yearAgoRevenue": {"raw": 23050210, "fmt": "23.05M", "longFmt": "23,050,210"}, "growth": {"raw": 0.3189, "fmt": "31.89%"}, "revenueCurrency": "USD"}, "epsTrend": {"current": {"raw": 0.03, "fmt": "0.03"}, "7daysAgo": {"raw": 0.03, "fmt": "0.03"}, "30daysAgo": {"raw": 0.03, "fmt": "0.03"}, "60daysAgo": {"raw": 0.03, "fmt": "0.03"}, "90daysAgo": {"raw": 0.03, "fmt": "0.03"}, "epsTrendCurrency": "USD"}, "epsRevisions": {"upLast7days": {"raw": 0, "fmt": null, "longFmt": "0"}, "upLast30days": {"raw": 0, "fmt": null, "longFmt": "0"}, "downLast30days": {"raw": 1, "fmt": "1", "longFmt": "1"}, "downLast7Days": {"raw": 1, "fmt": "1", "longFmt": "1"}, "downLast90days": {}, "epsRevisionsCurrency": "USD"}}, {"maxAge": 1, "period": "+1y", "endDate": "2026-12-31", "growth": {"raw": 5.6667, "fmt": "566.67%"}, "earningsEstimate": {"avg": {"raw": 0.2, "fmt": "0.2"}, "low": {"raw": 0.2, "fmt": "0.2"}, "high": {"raw": 0.2, "fmt": "0.2"}, "yearAgoEps": {"raw": 0.03, "fmt": "0.03"}, "numberOfAnalysts": {"raw": 1, "fmt": "1", "longFmt": "1"}, "growth": {"raw": 5.6667, "fmt": "566.67%"}, "earningsCurrency": "USD"}, "revenueEstimate": {"avg": {"raw": 48500000, "fmt": "48.5M", "longFmt": "48,500,000"}, "low": {"raw": 48500000, "fmt": "48.5M", "longFmt": "48,500,000"}, "high": {"raw": 48500000, "fmt": "48.5M", "longFmt": "48,500,000"}, "numberOfAnalysts": {"raw": 1, "fmt": "1", "longFmt": "1"}, "yearAgoRevenue": {"raw": 30400000, "fmt": "30.4M", "longFmt": "30,400,000"}, "growth": {"raw": 0.59540004, "fmt": "59.54%"}, "revenueCurrency": "USD"}, "epsTrend": {"current": {"raw": 0.2, "fmt": "0.2"}, "7daysAgo": {"raw": 0.2, "fmt": "0.2"}, "30daysAgo": {"raw": 0.2, "fmt": "0.2"}, "60daysAgo": {"raw": 0.2, "fmt": "0.2"}, "90daysAgo": {"raw": 0.2, "fmt": "0.2"}, "epsTrendCurrency": "USD"}, "epsRevisions": {"upLast7days": {"raw": 0, "fmt": null, "longFmt": "0"}, "upLast30days": {"raw": 0, "fmt": null, "longFmt": "0"}, "downLast30days": {"raw": 0, "fmt": null, "longFmt": "0"}, "downLast7Days": {"raw": 0, "fmt": null, "longFmt": "0"}, "downLast90days": {}, "epsRevisionsCurrency": "USD"}}], "defaultMethodology": "nongaap", "maxAge": 1}, "earningsHistory": {"history": [{"maxAge": 1, "epsActual": {"raw": -0.0481, "fmt": "-0.05"}, "epsEstimate": {"raw": -0.03, "fmt": "-0.03"}, "epsDifference": {"raw": -0.02, "fmt": "-0.02"}, "surprisePercent": {"raw": -0.60330003, "fmt": "-60.33%"}, "quarter": {"raw": 1727654400, "fmt": "2024-09-30"}, "currency": "USD", "period": "-4q"}, {"maxAge": 1, "epsActual": {"raw": -0.0717, "fmt": "-0.07"}, "epsEstimate": {"raw": -0.035, "fmt": "-0.04"}, "epsDifference": {"raw": -0.04, "fmt": "-0.04"}, "surprisePercent": {"raw": -1.0486, "fmt": "-104.86%"}, "quarter": {"raw": 1735603200, "fmt": "2024-12-31"}, "currency": "USD", "period": "-3q"}, {"maxAge": 1, "epsActual": {"raw": -0.0516, "fmt": "-0.05"}, "epsEstimate": {"raw": -0.03, "fmt": "-0.03"}, "epsDifference": {"raw": -0.02, "fmt": "-0.02"}, "surprisePercent": {"raw": -0.72, "fmt": "-72.00%"}, "quarter": {"raw": 1743379200, "fmt": "2025-03-31"}, "currency": "USD", "period": "-2q"}, {"maxAge": 1, "epsActual": {"raw": -0.0615, "fmt": "-0.06"}, "epsEstimate": {"raw": 0.0, "fmt": "0"}, "epsDifference": {"raw": -0.06, "fmt": "-0.06"}, "surprisePercent": {"raw": 0.0, "fmt": "0.00%"}, "quarter": {"raw": 1751241600, "fmt": "2025-06-30"}, "currency": "USD", "period": "-1q"}], "defaultMethodology": "nongaap", "maxAge": 86400}, "financialData": {"maxAge": 86400, "currentPrice": {"raw": 4.44, "fmt": "4.44"}, "targetHighPrice": {"raw": 11.0, "fmt": "11.00"}, "targetLowPrice": {"raw": 11.0, "fmt": "11.00"}, "targetMeanPrice": {"raw": 11.0, "fmt": "11.00"}, "targetMedianPrice": {"raw": 11.0, "fmt": "11.00"}, "recommendationMean": {}, "recommendationKey": "none", "numberOfAnalystOpinions": {"raw": 1, "fmt": "1", "longFmt": "1"}, "totalCash": {"raw": 6306274, "fmt": "6.31M", "longFmt": "6,306,274"}, "totalCashPerShare": {"raw": 0.198, "fmt": "0.2"}, "ebitda": {"raw": -6814203, "fmt": "-6.81M", "longFmt": "-6,814,203"}, "totalDebt": {"raw": 1067331, "fmt": "1.07M", "longFmt": "1,067,331"}, "quickRatio": {"raw": 1.615, "fmt": "1.62"}, "currentRatio": {"raw": 1.624, "fmt": "1.62"}, "totalRevenue": {"raw": 13724085, "fmt": "13.72M", "longFmt": "13,724,085"}, "debtToEquity": {}, "revenuePerShare": {"raw": 0.474, "fmt": "0.47"}, "returnOnAssets": {"raw": -0.55368, "fmt": "-55.37%"}, "returnOnEquity": {}, "grossProfits": {"raw": 7159942, "fmt": "7.16M", "longFmt": "7,159,942"}, "freeCashflow": {"raw": -1745007, "fmt": "-1.75M", "longFmt": "-1,745,007"}, "operatingCashflow": {"raw": -6275919, "fmt": "-6.28M", "longFmt": "-6,275,919"}, "earningsGrowth": {}, "revenueGrowth": {"raw": -0.665, "fmt": "-66.50%"}, "grossMargins": {"raw": 0.52171004, "fmt": "52.17%"}, "ebitdaMargins": {"raw": -0.49651, "fmt": "-49.65%"}, "operatingMargins": {"raw": -0.94177, "fmt": "-94.18%"}, "profitMargins": {"raw": 0.0, "fmt": "0.00%"}, "financialCurrency": "USD"}}