{"assetProfile": {"address1": "Building 2", "address2": "5th Floor No. 2570 Hechuan Road Minhang District", "city": "Shanghai", "zip": "201101", "country": "China", "website": "https://www.xiaoi.com", "industry": "Software - Application", "industryKey": "software-application", "industryDisp": "Software - Application", "sector": "Technology", "sectorKey": "technology", "sectorDisp": "Technology", "longBusinessSummary": "Xiao-I Corporation, through its subsidiary, Shanghai Xiao-i Robot Technology Co., Ltd., provides software services in the People's Republic of China. The company offers conversational AI platform that uses deep learning, data enhancement, active learning technologies for dialog management, context processing mechanisms, and driven by a learning system; knowledge fusion platform which integrates Q&A, documents, multimedia, information forms, business processes, knowledge graphs, and multimodal; intelligence voice platform to enhance intelligent speech solutions, realizing the macro processes of intelligent IVP, intelligent outbound calls, speech analysis, agent assistance, and human-computer interaction; and hyperautomation platform that integrates technologies, such as OCR, NLP, and visualized data mining and analysis that enables users to realize business and process automation. It also provides data intelligence platform which integrates data assets, manages the entire life cycle of data that realizes the entire cycles of data integration, processing, transformation, analysis, and mining; cloud platform that integrates NLP, speech recognition, image recognition, and data analysis capabilities; and intelligent construction support platform which offers parsing, reconstruction, visualization, and multi-dimensional analysis of construction drawings. In addition, the company offers vision analysis platform that uses various computer vision-related technologies to apply OCR, detection, video, and image analysis; intelligent hardware support platform which provides the framework of signal collection, processing, analysis, prediction, and others; and metaverse platform that develops virtual digital human. It serves its products to large and medium-sized contact centers, financial institutions, communication operators, government services, industrial manufacturing, medical care, and others. Xiao-I Corporation was founded in 2001 and is based in Shanghai, China.", "fullTimeEmployees": 162, "companyOfficers": [{"maxAge": 1, "name": "Mr. Hui  Yuan", "age": 50, "title": "Chairman & CEO", "yearBorn": 1974, "fiscalYear": 2022, "totalPay": {"raw": 19797, "fmt": "19.8k", "longFmt": "19,797"}, "exercisedValue": {"raw": 0, "fmt": null, "longFmt": "0"}, "unexercisedValue": {"raw": 0, "fmt": null, "longFmt": "0"}}, {"maxAge": 1, "name": "Ms. Wei  Weng", "age": 38, "title": "Chief Financial Officer", "yearBorn": 1986, "fiscalYear": 2022, "totalPay": {"raw": 77279, "fmt": "77.28k", "longFmt": "77,279"}, "exercisedValue": {"raw": 0, "fmt": null, "longFmt": "0"}, "unexercisedValue": {"raw": 0, "fmt": null, "longFmt": "0"}}, {"maxAge": 1, "name": "Prof. Fangzhen  Lin", "title": "Chief Scientific Advisor", "fiscalYear": 2022, "exercisedValue": {"raw": 0, "fmt": null, "longFmt": "0"}, "unexercisedValue": {"raw": 0, "fmt": null, "longFmt": "0"}}], "compensationAsOfEpochDate": 1672444800, "executiveTeam": [], "maxAge": 86400}, "calendarEvents": {"maxAge": 1, "earnings": {"earningsDate": [], "earningsCallDate": [], "isEarningsDateEstimate": false, "earningsAverage": {}, "earningsLow": {}, "earningsHigh": {}, "revenueAverage": {}, "revenueLow": {}, "revenueHigh": {}}, "exDividendDate": {}, "dividendDate": {}}, "earningsTrend": {"trend": [{"maxAge": 1, "period": "0q", "endDate": null, "growth": {}, "earningsEstimate": {"avg": {}, "low": {}, "high": {}, "yearAgoEps": {}, "numberOfAnalysts": {}, "growth": {}, "earningsCurrency": null}, "revenueEstimate": {"avg": {"raw": 0, "fmt": null, "longFmt": "0"}, "low": {"raw": 0, "fmt": null, "longFmt": "0"}, "high": {"raw": 0, "fmt": null, "longFmt": "0"}, "numberOfAnalysts": {"raw": 0, "fmt": null, "longFmt": "0"}, "yearAgoRevenue": {}, "growth": {}, "revenueCurrency": null}, "epsTrend": {"current": {}, "7daysAgo": {}, "30daysAgo": {}, "60daysAgo": {}, "90daysAgo": {}, "epsTrendCurrency": null}, "epsRevisions": {"upLast7days": {}, "upLast30days": {}, "downLast30days": {}, "downLast7Days": {}, "downLast90days": {}, "epsRevisionsCurrency": null}}, {"maxAge": 1, "period": "+1q", "endDate": null, "growth": {}, "earningsEstimate": {"avg": {}, "low": {}, "high": {}, "yearAgoEps": {}, "numberOfAnalysts": {}, "growth": {}, "earningsCurrency": null}, "revenueEstimate": {"avg": {"raw": 0, "fmt": null, "longFmt": "0"}, "low": {"raw": 0, "fmt": null, "longFmt": "0"}, "high": {"raw": 0, "fmt": null, "longFmt": "0"}, "numberOfAnalysts": {"raw": 0, "fmt": null, "longFmt": "0"}, "yearAgoRevenue": {}, "growth": {}, "revenueCurrency": null}, "epsTrend": {"current": {}, "7daysAgo": {}, "30daysAgo": {}, "60daysAgo": {}, "90daysAgo": {}, "epsTrendCurrency": null}, "epsRevisions": {"upLast7days": {}, "upLast30days": {}, "downLast30days": {}, "downLast7Days": {}, "downLast90days": {}, "epsRevisionsCurrency": null}}, {"maxAge": 1, "period": "0y", "endDate": "2024-12-31", "growth": {}, "earningsEstimate": {"avg": {}, "low": {}, "high": {}, "yearAgoEps": {}, "numberOfAnalysts": {}, "growth": {}, "earningsCurrency": null}, "revenueEstimate": {"avg": {"raw": 0, "fmt": null, "longFmt": "0"}, "low": {"raw": 0, "fmt": null, "longFmt": "0"}, "high": {"raw": 0, "fmt": null, "longFmt": "0"}, "numberOfAnalysts": {"raw": 0, "fmt": null, "longFmt": "0"}, "yearAgoRevenue": {}, "growth": {}, "revenueCurrency": null}, "epsTrend": {"current": {}, "7daysAgo": {}, "30daysAgo": {}, "60daysAgo": {}, "90daysAgo": {}, "epsTrendCurrency": null}, "epsRevisions": {"upLast7days": {}, "upLast30days": {}, "downLast30days": {}, "downLast7Days": {}, "downLast90days": {}, "epsRevisionsCurrency": null}}, {"maxAge": 1, "period": "+1y", "endDate": null, "growth": {}, "earningsEstimate": {"avg": {}, "low": {}, "high": {}, "yearAgoEps": {}, "numberOfAnalysts": {}, "growth": {}, "earningsCurrency": null}, "revenueEstimate": {"avg": {"raw": 0, "fmt": null, "longFmt": "0"}, "low": {"raw": 0, "fmt": null, "longFmt": "0"}, "high": {"raw": 0, "fmt": null, "longFmt": "0"}, "numberOfAnalysts": {"raw": 0, "fmt": null, "longFmt": "0"}, "yearAgoRevenue": {}, "growth": {}, "revenueCurrency": null}, "epsTrend": {"current": {}, "7daysAgo": {}, "30daysAgo": {}, "60daysAgo": {}, "90daysAgo": {}, "epsTrendCurrency": null}, "epsRevisions": {"upLast7days": {}, "upLast30days": {}, "downLast30days": {}, "downLast7Days": {}, "downLast90days": {}, "epsRevisionsCurrency": null}}], "defaultMethodology": "nongaap", "maxAge": 1}, "earningsHistory": {"history": [{"maxAge": 1, "epsActual": {}, "epsEstimate": {"raw": -2.43, "fmt": "-2.43"}, "epsDifference": {}, "surprisePercent": {}, "quarter": {"raw": 1703980800, "fmt": "2023-12-31"}, "currency": "USD", "period": "-2q"}], "defaultMethodology": "nongaap", "maxAge": 86400}, "financialData": {"maxAge": 86400, "currentPrice": {"raw": 0.9646, "fmt": "0.96"}, "targetHighPrice": {}, "targetLowPrice": {}, "targetMeanPrice": {}, "targetMedianPrice": {}, "recommendationMean": {}, "recommendationKey": "none", "numberOfAnalystOpinions": {}, "totalCash": {"raw": 846593, "fmt": "846.59k", "longFmt": "846,593"}, "totalCashPerShare": {"raw": 0.026, "fmt": "0.03"}, "ebitda": {"raw": -12380703, "fmt": "-12.38M", "longFmt": "-12,380,703"}, "totalDebt": {"raw": 53343072, "fmt": "53.34M", "longFmt": "53,343,072"}, "quickRatio": {"raw": 0.651, "fmt": "0.65"}, "currentRatio": {"raw": 0.883, "fmt": "0.88"}, "totalRevenue": {"raw": 70314312, "fmt": "70.31M", "longFmt": "70,314,312"}, "debtToEquity": {}, "revenuePerShare": {"raw": 8.189, "fmt": "8.19"}, "returnOnAssets": {"raw": -0.105950005, "fmt": "-10.60%"}, "returnOnEquity": {}, "grossProfits": {"raw": 48049548, "fmt": "48.05M", "longFmt": "48,049,548"}, "freeCashflow": {"raw": -27284150, "fmt": "-27.28M", "longFmt": "-27,284,150"}, "operatingCashflow": {"raw": -15138249, "fmt": "-15.14M", "longFmt": "-15,138,249"}, "earningsGrowth": {}, "revenueGrowth": {"raw": 0.143, "fmt": "14.30%"}, "grossMargins": {"raw": 0.68334997, "fmt": "68.33%"}, "ebitdaMargins": {"raw": -0.17608, "fmt": "-17.61%"}, "operatingMargins": {"raw": 0.052550003, "fmt": "5.26%"}, "profitMargins": {"raw": -0.20628999, "fmt": "-20.63%"}, "financialCurrency": "USD"}}