{"assetProfile": {"address1": "145 Broadway", "city": "Cambridge", "state": "MA", "zip": "02142", "country": "United States", "phone": "617 444 3000", "fax": "617 444 3001", "website": "https://www.akamai.com", "industry": "Software - Infrastructure", "industryKey": "software-infrastructure", "industryDisp": "Software - Infrastructure", "sector": "Technology", "sectorKey": "technology", "sectorDisp": "Technology", "longBusinessSummary": "Akamai Technologies, Inc. engages in the provision of security, delivery, and cloud computing solutions in the United States and internationally. The company offers security solutions that include web application and application programming interfaces (API) protection solutions, which protect web, API, and mobile app traffic from attacks; Bot & Abuse portfolio, which provides solutions to help customers protect against threats; Akamai Account Protector, which offers full account lifecycle protections including the ability to defend against account takeover and opening abuse, adversarial bot protection, protection against credential stuffing, inventory scalping, and hoarding; Akamai Content Protector, which provides solutions designed to stop persistent scrapers from stealing content; API security, which discovers, audits, and monitors API; and microservice and application component protection that analyzes and protects application traffic that moves between application components. It also offers cloud computing services, which include compute, storage, networking, database, and container management services; and Akamai App Platform, provides ready-to-run templates that address challenges in deploying, managing and scaling Kubernetes clusters at scale. In addition, the company offers delivery solutions that include web and mobile performance solutions, which enables dynamic websites and applications, as well as global traffic management, site acceleration, application load balancing, large-scale load testing, and real-user monitoring; and media delivery solutions, including video streaming and video player services, game and software delivery, broadcast operations, authoritative domain name system, resolution, and data and analytics. The company has a technical alliances with TollBit and Skyfire for publishers and content owners to monetize AI bot traffic. Akamai Technologies, Inc. was incorporated in 1998 and is headquartered in Cambridge, Massachusetts.", "fullTimeEmployees": 10944, "companyOfficers": [{"maxAge": 1, "name": "Dr. F. Thomson Leighton", "age": 67, "title": "Co-Founder, CEO, President & Director", "yearBorn": 1957, "fiscalYear": 2024, "totalPay": {"raw": 1, "fmt": "1", "longFmt": "1"}, "exercisedValue": {"raw": 0, "fmt": null, "longFmt": "0"}, "unexercisedValue": {"raw": 0, "fmt": null, "longFmt": "0"}}, {"maxAge": 1, "name": "Mr. Edward J. McGowan CPA", "age": 53, "title": "Executive VP, CFO & Treasurer", "yearBorn": 1971, "fiscalYear": 2024, "totalPay": {"raw": 525538, "fmt": "525.54k", "longFmt": "525,538"}, "exercisedValue": {"raw": 0, "fmt": null, "longFmt": "0"}, "unexercisedValue": {"raw": 0, "fmt": null, "longFmt": "0"}}, {"maxAge": 1, "name": "Mr. Adam  Karon", "age": 52, "title": "COO & GM of Cloud Technology Group", "yearBorn": 1972, "fiscalYear": 2024, "totalPay": {"raw": 560539, "fmt": "560.54k", "longFmt": "560,539"}, "exercisedValue": {"raw": 0, "fmt": null, "longFmt": "0"}, "unexercisedValue": {"raw": 0, "fmt": null, "longFmt": "0"}}, {"maxAge": 1, "name": "Mr. Paul  Joseph", "age": 50, "title": "Executive Vice President of Global Sales & Services", "yearBorn": 1974, "fiscalYear": 2024, "totalPay": {"raw": 510538, "fmt": "510.54k", "longFmt": "510,538"}, "exercisedValue": {"raw": 0, "fmt": null, "longFmt": "0"}, "unexercisedValue": {"raw": 0, "fmt": null, "longFmt": "0"}}, {"maxAge": 1, "name": "Mr. Mani  Sundaram", "age": 48, "title": "Executive VP & GM of Security Technology Group", "yearBorn": 1976, "fiscalYear": 2024, "totalPay": {"raw": 490538, "fmt": "490.54k", "longFmt": "490,538"}, "exercisedValue": {"raw": 0, "fmt": null, "longFmt": "0"}, "unexercisedValue": {"raw": 0, "fmt": null, "longFmt": "0"}}, {"maxAge": 1, "name": "Ms. Laura  Howell", "age": 44, "title": "Senior VP & Chief Accounting Officer", "yearBorn": 1980, "fiscalYear": 2024, "exercisedValue": {"raw": 0, "fmt": null, "longFmt": "0"}, "unexercisedValue": {"raw": 0, "fmt": null, "longFmt": "0"}}, {"maxAge": 1, "name": "Dr. Robert  Blumofe Ph.D.", "age": 59, "title": "Executive VP & CTO", "yearBorn": 1965, "fiscalYear": 2024, "totalPay": {"raw": 511000, "fmt": "511k", "longFmt": "511,000"}, "exercisedValue": {"raw": 0, "fmt": null, "longFmt": "0"}, "unexercisedValue": {"raw": 0, "fmt": null, "longFmt": "0"}}, {"maxAge": 1, "name": "Ms. Kate  Prouty", "title": "Senior VP & Chief Information Officer", "fiscalYear": 2024, "exercisedValue": {"raw": 0, "fmt": null, "longFmt": "0"}, "unexercisedValue": {"raw": 0, "fmt": null, "longFmt": "0"}}, {"maxAge": 1, "name": "Mr. Mark  Stoutenberg", "title": "Head of Investor Relations", "fiscalYear": 2024, "exercisedValue": {"raw": 0, "fmt": null, "longFmt": "0"}, "unexercisedValue": {"raw": 0, "fmt": null, "longFmt": "0"}}, {"maxAge": 1, "name": "Mr. Aaron S. Ahola", "age": 54, "title": "Executive VP, General Counsel & Corporate Secretary", "yearBorn": 1970, "fiscalYear": 2024, "totalPay": {"raw": 450885, "fmt": "450.88k", "longFmt": "450,885"}, "exercisedValue": {"raw": 0, "fmt": null, "longFmt": "0"}, "unexercisedValue": {"raw": 0, "fmt": null, "longFmt": "0"}}], "auditRisk": 4, "boardRisk": 3, "compensationRisk": 3, "shareHolderRightsRisk": 4, "overallRisk": 2, "governanceEpochDate": 1761955200, "compensationAsOfEpochDate": 1735603200, "irWebsite": "http://www.akamai.com/html/investor/index.html", "executiveTeam": [], "maxAge": 86400}, "calendarEvents": {"maxAge": 1, "earnings": {"earningsDate": [{"raw": 1762462800, "fmt": "2025-11-06"}], "earningsCallDate": [{"raw": 1762464600, "fmt": "2025-11-06"}], "isEarningsDateEstimate": false, "earningsAverage": {"raw": 1.63574, "fmt": "1.64"}, "earningsLow": {"raw": 1.58, "fmt": "1.58"}, "earningsHigh": {"raw": 1.66, "fmt": "1.66"}, "revenueAverage": {"raw": 1043886940, "fmt": "1.04B", "longFmt": "1,043,886,940"}, "revenueLow": {"raw": 1035045390, "fmt": "1.04B", "longFmt": "1,035,045,390"}, "revenueHigh": {"raw": 1063952000, "fmt": "1.06B", "longFmt": "1,063,952,000"}}, "exDividendDate": {}, "dividendDate": {}}, "earningsTrend": {"trend": [{"maxAge": 1, "period": "0q", "endDate": "2025-09-30", "growth": {"raw": 0.028800001, "fmt": "2.88%"}, "earningsEstimate": {"avg": {"raw": 1.63574, "fmt": "1.64"}, "low": {"raw": 1.58, "fmt": "1.58"}, "high": {"raw": 1.66, "fmt": "1.66"}, "yearAgoEps": {"raw": 1.59, "fmt": "1.59"}, "numberOfAnalysts": {"raw": 21, "fmt": "21", "longFmt": "21"}, "growth": {"raw": 0.028800001, "fmt": "2.88%"}, "earningsCurrency": "USD"}, "revenueEstimate": {"avg": {"raw": 1043886940, "fmt": "1.04B", "longFmt": "1,043,886,940"}, "low": {"raw": 1035045390, "fmt": "1.04B", "longFmt": "1,035,045,390"}, "high": {"raw": 1063952000, "fmt": "1.06B", "longFmt": "1,063,952,000"}, "numberOfAnalysts": {"raw": 21, "fmt": "21", "longFmt": "21"}, "yearAgoRevenue": {"raw": 1004679000, "fmt": "1B", "longFmt": "1,004,679,000"}, "growth": {"raw": 0.039, "fmt": "3.90%"}, "revenueCurrency": "USD"}, "epsTrend": {"current": {"raw": 1.63574, "fmt": "1.64"}, "7daysAgo": {"raw": 1.63574, "fmt": "1.64"}, "30daysAgo": {"raw": 1.63574, "fmt": "1.64"}, "60daysAgo": {"raw": 1.63574, "fmt": "1.64"}, "90daysAgo": {"raw": 1.49134, "fmt": "1.49"}, "epsTrendCurrency": "USD"}, "epsRevisions": {"upLast7days": {"raw": 0, "fmt": null, "longFmt": "0"}, "upLast30days": {"raw": 20, "fmt": "20", "longFmt": "20"}, "downLast30days": {"raw": 0, "fmt": null, "longFmt": "0"}, "downLast7Days": {"raw": 0, "fmt": null, "longFmt": "0"}, "downLast90days": {}, "epsRevisionsCurrency": "USD"}}, {"maxAge": 1, "period": "+1q", "endDate": "2025-12-31", "growth": {"raw": -0.0087, "fmt": "-0.87%"}, "earningsEstimate": {"avg": {"raw": 1.64553, "fmt": "1.65"}, "low": {"raw": 1.55, "fmt": "1.55"}, "high": {"raw": 1.73, "fmt": "1.73"}, "yearAgoEps": {"raw": 1.66, "fmt": "1.66"}, "numberOfAnalysts": {"raw": 21, "fmt": "21", "longFmt": "21"}, "growth": {"raw": -0.0087, "fmt": "-0.87%"}, "earningsCurrency": "USD"}, "revenueEstimate": {"avg": {"raw": 1070833860, "fmt": "1.07B", "longFmt": "1,070,833,860"}, "low": {"raw": 1041394450, "fmt": "1.04B", "longFmt": "1,041,394,450"}, "high": {"raw": 1095000000, "fmt": "1.09B", "longFmt": "1,095,000,000"}, "numberOfAnalysts": {"raw": 21, "fmt": "21", "longFmt": "21"}, "yearAgoRevenue": {"raw": 1019939000, "fmt": "1.02B", "longFmt": "1,019,939,000"}, "growth": {"raw": 0.0499, "fmt": "4.99%"}, "revenueCurrency": "USD"}, "epsTrend": {"current": {"raw": 1.64553, "fmt": "1.65"}, "7daysAgo": {"raw": 1.64553, "fmt": "1.65"}, "30daysAgo": {"raw": 1.64553, "fmt": "1.65"}, "60daysAgo": {"raw": 1.64553, "fmt": "1.65"}, "90daysAgo": {"raw": 1.52352, "fmt": "1.52"}, "epsTrendCurrency": "USD"}, "epsRevisions": {"upLast7days": {"raw": 0, "fmt": null, "longFmt": "0"}, "upLast30days": {"raw": 20, "fmt": "20", "longFmt": "20"}, "downLast30days": {"raw": 0, "fmt": null, "longFmt": "0"}, "downLast7Days": {"raw": 0, "fmt": null, "longFmt": "0"}, "downLast90days": {}, "epsRevisionsCurrency": "USD"}}, {"maxAge": 1, "period": "0y", "endDate": "2025-12-31", "growth": {"raw": 0.0364, "fmt": "3.64%"}, "earningsEstimate": {"avg": {"raw": 6.71572, "fmt": "6.72"}, "low": {"raw": 6.56, "fmt": "6.56"}, "high": {"raw": 6.90252, "fmt": "6.9"}, "yearAgoEps": {"raw": 6.48, "fmt": "6.48"}, "numberOfAnalysts": {"raw": 22, "fmt": "22", "longFmt": "22"}, "growth": {"raw": 0.0364, "fmt": "3.64%"}, "earningsCurrency": "USD"}, "revenueEstimate": {"avg": {"raw": 4174823340, "fmt": "4.17B", "longFmt": "4,174,823,340"}, "low": {"raw": 4135072840, "fmt": "4.14B", "longFmt": "4,135,072,840"}, "high": {"raw": 4209080350, "fmt": "4.21B", "longFmt": "4,209,080,350"}, "numberOfAnalysts": {"raw": 23, "fmt": "23", "longFmt": "23"}, "yearAgoRevenue": {"raw": 3991168000, "fmt": "3.99B", "longFmt": "3,991,168,000"}, "growth": {"raw": 0.046, "fmt": "4.60%"}, "revenueCurrency": "USD"}, "epsTrend": {"current": {"raw": 6.71572, "fmt": "6.72"}, "7daysAgo": {"raw": 6.71572, "fmt": "6.72"}, "30daysAgo": {"raw": 6.71572, "fmt": "6.72"}, "60daysAgo": {"raw": 6.71572, "fmt": "6.72"}, "90daysAgo": {"raw": 6.21877, "fmt": "6.22"}, "epsTrendCurrency": "USD"}, "epsRevisions": {"upLast7days": {"raw": 1, "fmt": "1", "longFmt": "1"}, "upLast30days": {"raw": 21, "fmt": "21", "longFmt": "21"}, "downLast30days": {"raw": 0, "fmt": null, "longFmt": "0"}, "downLast7Days": {"raw": 0, "fmt": null, "longFmt": "0"}, "downLast90days": {}, "epsRevisionsCurrency": "USD"}}, {"maxAge": 1, "period": "+1y", "endDate": "2026-12-31", "growth": {"raw": 0.0374, "fmt": "3.74%"}, "earningsEstimate": {"avg": {"raw": 6.96697, "fmt": "6.97"}, "low": {"raw": 5.74934, "fmt": "5.75"}, "high": {"raw": 7.55, "fmt": "7.55"}, "yearAgoEps": {"raw": 6.71572, "fmt": "6.72"}, "numberOfAnalysts": {"raw": 24, "fmt": "24", "longFmt": "24"}, "growth": {"raw": 0.0374, "fmt": "3.74%"}, "earningsCurrency": "USD"}, "revenueEstimate": {"avg": {"raw": 4386320740, "fmt": "4.39B", "longFmt": "4,386,320,740"}, "low": {"raw": 4297125000, "fmt": "4.3B", "longFmt": "4,297,125,000"}, "high": {"raw": 4553809540, "fmt": "4.55B", "longFmt": "4,553,809,540"}, "numberOfAnalysts": {"raw": 23, "fmt": "23", "longFmt": "23"}, "yearAgoRevenue": {"raw": 4174823340, "fmt": "4.17B", "longFmt": "4,174,823,340"}, "growth": {"raw": 0.0507, "fmt": "5.07%"}, "revenueCurrency": "USD"}, "epsTrend": {"current": {"raw": 6.96697, "fmt": "6.97"}, "7daysAgo": {"raw": 6.9628, "fmt": "6.96"}, "30daysAgo": {"raw": 6.9628, "fmt": "6.96"}, "60daysAgo": {"raw": 6.96697, "fmt": "6.97"}, "90daysAgo": {"raw": 6.61246, "fmt": "6.61"}, "epsTrendCurrency": "USD"}, "epsRevisions": {"upLast7days": {"raw": 0, "fmt": null, "longFmt": "0"}, "upLast30days": {"raw": 0, "fmt": null, "longFmt": "0"}, "downLast30days": {"raw": 1, "fmt": "1", "longFmt": "1"}, "downLast7Days": {"raw": 1, "fmt": "1", "longFmt": "1"}, "downLast90days": {}, "epsRevisionsCurrency": "USD"}}], "defaultMethodology": "nongaap", "maxAge": 1}, "earningsHistory": {"history": [{"maxAge": 1, "epsActual": {"raw": 1.59, "fmt": "1.59"}, "epsEstimate": {"raw": 1.58981, "fmt": "1.59"}, "epsDifference": {"raw": 0.0, "fmt": "0"}, "surprisePercent": {"raw": 0.0001, "fmt": "0.01%"}, "quarter": {"raw": 1727654400, "fmt": "2024-09-30"}, "currency": "USD", "period": "-4q"}, {"maxAge": 1, "epsActual": {"raw": 1.66, "fmt": "1.66"}, "epsEstimate": {"raw": 1.52321, "fmt": "1.52"}, "epsDifference": {"raw": 0.14, "fmt": "0.14"}, "surprisePercent": {"raw": 0.08979999, "fmt": "8.98%"}, "quarter": {"raw": 1735603200, "fmt": "2024-12-31"}, "currency": "USD", "period": "-3q"}, {"maxAge": 1, "epsActual": {"raw": 1.7, "fmt": "1.7"}, "epsEstimate": {"raw": 1.56565, "fmt": "1.57"}, "epsDifference": {"raw": 0.13, "fmt": "0.13"}, "surprisePercent": {"raw": 0.0858, "fmt": "8.58%"}, "quarter": {"raw": 1743379200, "fmt": "2025-03-31"}, "currency": "USD", "period": "-2q"}, {"maxAge": 1, "epsActual": {"raw": 1.73, "fmt": "1.73"}, "epsEstimate": {"raw": 1.52855, "fmt": "1.53"}, "epsDifference": {"raw": 0.2, "fmt": "0.2"}, "surprisePercent": {"raw": 0.1318, "fmt": "13.18%"}, "quarter": {"raw": 1751241600, "fmt": "2025-06-30"}, "currency": "USD", "period": "-1q"}], "defaultMethodology": "nongaap", "maxAge": 86400}, "financialData": {"maxAge": 86400, "currentPrice": {"raw": 74.53, "fmt": "74.53"}, "targetHighPrice": {"raw": 133.0, "fmt": "133.00"}, "targetLowPrice": {"raw": 66.0, "fmt": "66.00"}, "targetMeanPrice": {"raw": 94.29545, "fmt": "94.30"}, "targetMedianPrice": {"raw": 90.0, "fmt": "90.00"}, "recommendationMean": {"raw": 2.375, "fmt": "2.38"}, "recommendationKey": "buy", "numberOfAnalystOpinions": {"raw": 22, "fmt": "22", "longFmt": "22"}, "totalCash": {"raw": 966624000, "fmt": "966.62M", "longFmt": "966,624,000"}, "totalCashPerShare": {"raw": 6.741, "fmt": "6.74"}, "ebitda": {"raw": 1150509056, "fmt": "1.15B", "longFmt": "1,150,509,056"}, "totalDebt": {"raw": 5271114752, "fmt": "5.27B", "longFmt": "5,271,114,752"}, "quickRatio": {"raw": 1.983, "fmt": "1.98"}, "currentRatio": {"raw": 2.31, "fmt": "2.31"}, "totalRevenue": {"raw": 4083250944, "fmt": "4.08B", "longFmt": "4,083,250,944"}, "debtToEquity": {"raw": 117.988, "fmt": "117.99%"}, "revenuePerShare": {"raw": 27.428, "fmt": "27.43"}, "returnOnAssets": {"raw": 0.03808, "fmt": "3.81%"}, "returnOnEquity": {"raw": 0.092080005, "fmt": "9.21%"}, "grossProfits": {"raw": 2414608896, "fmt": "2.41B", "longFmt": "2,414,608,896"}, "freeCashflow": {"raw": 491393984, "fmt": "491.39M", "longFmt": "491,393,984"}, "operatingCashflow": {"raw": 1446679040, "fmt": "1.45B", "longFmt": "1,446,679,040"}, "earningsGrowth": {"raw": -0.174, "fmt": "-17.40%"}, "revenueGrowth": {"raw": 0.065, "fmt": "6.50%"}, "grossMargins": {"raw": 0.59134, "fmt": "59.13%"}, "ebitdaMargins": {"raw": 0.28176, "fmt": "28.18%"}, "operatingMargins": {"raw": 0.14934, "fmt": "14.93%"}, "profitMargins": {"raw": 0.10399, "fmt": "10.40%"}, "financialCurrency": "USD"}}