{"assetProfile": {"address1": "100 King St. W", "address2": "Suite 1600", "city": "Toronto", "state": "ON", "zip": "M5X 1G5", "country": "Canada", "phone": "416 862 7525", "website": "https://www.akandacorp.com", "industry": "Drug Manufacturers - Specialty & Generic", "industryKey": "drug-manufacturers-specialty-generic", "industryDisp": "Drug Manufacturers - Specialty & Generic", "sector": "Healthcare", "sectorKey": "healthcare", "sectorDisp": "Healthcare", "longBusinessSummary": "As of August 21, 2025, Akanda Corp. was acquired by First Towers & Fiber Corp., in a reverse merger transaction. Akanda Corp., through its subsidiaries, engages in the cultivation, manufacture, and distribution of cannabis-based products. The company was incorporated in 2021 and is headquartered in Toronto, Canada.", "companyOfficers": [], "executiveTeam": [], "maxAge": 86400}, "calendarEvents": {"maxAge": 1, "earnings": {"earningsDate": [], "earningsCallDate": [], "earningsAverage": {}, "earningsLow": {}, "earningsHigh": {}, "revenueAverage": {}, "revenueLow": {}, "revenueHigh": {}}, "exDividendDate": {}, "dividendDate": {}}, "earningsTrend": {"trend": [{"maxAge": 1, "period": "0q", "endDate": null, "growth": {}, "earningsEstimate": {"avg": {}, "low": {}, "high": {}, "yearAgoEps": {}, "numberOfAnalysts": {}, "growth": {}, "earningsCurrency": null}, "revenueEstimate": {"avg": {"raw": 0, "fmt": null, "longFmt": "0"}, "low": {"raw": 0, "fmt": null, "longFmt": "0"}, "high": {"raw": 0, "fmt": null, "longFmt": "0"}, "numberOfAnalysts": {"raw": 0, "fmt": null, "longFmt": "0"}, "yearAgoRevenue": {}, "growth": {}, "revenueCurrency": null}, "epsTrend": {"current": {}, "7daysAgo": {}, "30daysAgo": {}, "60daysAgo": {}, "90daysAgo": {}, "epsTrendCurrency": null}, "epsRevisions": {"upLast7days": {}, "upLast30days": {}, "downLast30days": {}, "downLast7Days": {}, "downLast90days": {}, "epsRevisionsCurrency": null}}, {"maxAge": 1, "period": "+1q", "endDate": null, "growth": {}, "earningsEstimate": {"avg": {}, "low": {}, "high": {}, "yearAgoEps": {}, "numberOfAnalysts": {}, "growth": {}, "earningsCurrency": null}, "revenueEstimate": {"avg": {"raw": 0, "fmt": null, "longFmt": "0"}, "low": {"raw": 0, "fmt": null, "longFmt": "0"}, "high": {"raw": 0, "fmt": null, "longFmt": "0"}, "numberOfAnalysts": {"raw": 0, "fmt": null, "longFmt": "0"}, "yearAgoRevenue": {}, "growth": {}, "revenueCurrency": null}, "epsTrend": {"current": {}, "7daysAgo": {}, "30daysAgo": {}, "60daysAgo": {}, "90daysAgo": {}, "epsTrendCurrency": null}, "epsRevisions": {"upLast7days": {}, "upLast30days": {}, "downLast30days": {}, "downLast7Days": {}, "downLast90days": {}, "epsRevisionsCurrency": null}}, {"maxAge": 1, "period": "0y", "endDate": null, "growth": {}, "earningsEstimate": {"avg": {}, "low": {}, "high": {}, "yearAgoEps": {}, "numberOfAnalysts": {}, "growth": {}, "earningsCurrency": null}, "revenueEstimate": {"avg": {"raw": 0, "fmt": null, "longFmt": "0"}, "low": {"raw": 0, "fmt": null, "longFmt": "0"}, "high": {"raw": 0, "fmt": null, "longFmt": "0"}, "numberOfAnalysts": {"raw": 0, "fmt": null, "longFmt": "0"}, "yearAgoRevenue": {}, "growth": {}, "revenueCurrency": null}, "epsTrend": {"current": {}, "7daysAgo": {}, "30daysAgo": {}, "60daysAgo": {}, "90daysAgo": {}, "epsTrendCurrency": null}, "epsRevisions": {"upLast7days": {}, "upLast30days": {}, "downLast30days": {}, "downLast7Days": {}, "downLast90days": {}, "epsRevisionsCurrency": null}}, {"maxAge": 1, "period": "+1y", "endDate": null, "growth": {}, "earningsEstimate": {"avg": {}, "low": {}, "high": {}, "yearAgoEps": {}, "numberOfAnalysts": {}, "growth": {}, "earningsCurrency": null}, "revenueEstimate": {"avg": {"raw": 0, "fmt": null, "longFmt": "0"}, "low": {"raw": 0, "fmt": null, "longFmt": "0"}, "high": {"raw": 0, "fmt": null, "longFmt": "0"}, "numberOfAnalysts": {"raw": 0, "fmt": null, "longFmt": "0"}, "yearAgoRevenue": {}, "growth": {}, "revenueCurrency": null}, "epsTrend": {"current": {}, "7daysAgo": {}, "30daysAgo": {}, "60daysAgo": {}, "90daysAgo": {}, "epsTrendCurrency": null}, "epsRevisions": {"upLast7days": {}, "upLast30days": {}, "downLast30days": {}, "downLast7Days": {}, "downLast90days": {}, "epsRevisionsCurrency": null}}], "defaultMethodology": "nongaap", "maxAge": 1}, "earningsHistory": {"history": [], "defaultMethodology": "nongaap", "maxAge": 86400}, "financialData": {"maxAge": 86400, "currentPrice": {"raw": 1.57, "fmt": "1.57"}, "targetHighPrice": {}, "targetLowPrice": {}, "targetMeanPrice": {}, "targetMedianPrice": {}, "recommendationMean": {}, "recommendationKey": "none", "numberOfAnalystOpinions": {}, "totalCash": {"raw": 2523719, "fmt": "2.52M", "longFmt": "2,523,719"}, "totalCashPerShare": {"raw": 3.466, "fmt": "3.47"}, "ebitda": {"raw": -3678018, "fmt": "-3.68M", "longFmt": "-3,678,018"}, "totalDebt": {"raw": 391241, "fmt": "391.24k", "longFmt": "391,241"}, "quickRatio": {"raw": 0.889, "fmt": "0.89"}, "currentRatio": {"raw": 1.255, "fmt": "1.25"}, "totalRevenue": {"raw": 836664, "fmt": "836.66k", "longFmt": "836,664"}, "debtToEquity": {"raw": 11.851, "fmt": "11.85%"}, "revenuePerShare": {"raw": 1.383, "fmt": "1.38"}, "returnOnAssets": {"raw": -0.28688, "fmt": "-28.69%"}, "returnOnEquity": {"raw": -0.60863996, "fmt": "-60.86%"}, "grossProfits": {"raw": 208382, "fmt": "208.38k", "longFmt": "208,382"}, "freeCashflow": {"raw": -4874154, "fmt": "-4.87M", "longFmt": "-4,874,154"}, "operatingCashflow": {"raw": -1763989, "fmt": "-1.76M", "longFmt": "-1,763,989"}, "earningsGrowth": {}, "revenueGrowth": {}, "grossMargins": {"raw": 0.24906, "fmt": "24.91%"}, "ebitdaMargins": {"raw": 0.0, "fmt": "0.00%"}, "operatingMargins": {"raw": -4.4384203, "fmt": "-443.84%"}, "profitMargins": {"raw": -2.66312, "fmt": "-266.31%"}, "financialCurrency": "USD"}}