{"assetProfile": {"address1": "245 First Street", "address2": "Suite 1400", "city": "Cambridge", "state": "MA", "zip": "02142", "country": "United States", "phone": "617 871 2098", "fax": "617 871 2099", "website": "https://www.akebia.com", "industry": "Drug Manufacturers - Specialty & Generic", "industryKey": "drug-manufacturers-specialty-generic", "industryDisp": "Drug Manufacturers - Specialty & Generic", "sector": "Healthcare", "sectorKey": "healthcare", "sectorDisp": "Healthcare", "longBusinessSummary": "Akebia Therapeutics, Inc., a biopharmaceutical company, focuses on the development and commercialization of therapeutics for patients with kidney diseases. Its product portfolio includes Vafseo (vadadustat), an oral hypoxia-inducible factor prolyl hydroxylase, which is in Phase III development for the treatment of anemia due to chronic kidney disease (CKD) in dialysis-dependent (DD) and non-dialysis dependent (NDD) patients; and Auryxia, a ferric citrate that is used to control the serum phosphorus levels in adult patients with DD-CKD and the treatment of iron deficiency anemia in adult patients with NDD-CKD. The company is also developing AKB-9090 for treating cardiac surgery-related acute kidney injury and acute respiratory distress syndrome; and AKB-10108 for the treatment of retinopathy of prematurity in neonates. The company has license and collaboration agreements with Mitsubishi Tanabe Pharma Corporation for the development and commercialization of Vafseo in Japan and other Asian countries. Akebia Therapeutics, Inc. was incorporated in 2007 and is headquartered in Cambridge, Massachusetts.", "fullTimeEmployees": 181, "companyOfficers": [{"maxAge": 1, "name": "Mr. John P. Butler MBA", "age": 60, "title": "CEO, President & Director", "yearBorn": 1964, "fiscalYear": 2024, "totalPay": {"raw": 1931336, "fmt": "1.93M", "longFmt": "1,931,336"}, "exercisedValue": {"raw": 0, "fmt": null, "longFmt": "0"}, "unexercisedValue": {"raw": 839165, "fmt": "839.16k", "longFmt": "839,165"}}, {"maxAge": 1, "name": "Mr. Erik John Ostrowski M.B.A.", "age": 52, "title": "Chief Business Officer, Senior VP, CFO & Treasurer", "yearBorn": 1972, "fiscalYear": 2024, "totalPay": {"raw": 412812, "fmt": "412.81k", "longFmt": "412,812"}, "exercisedValue": {"raw": 0, "fmt": null, "longFmt": "0"}, "unexercisedValue": {"raw": 0, "fmt": null, "longFmt": "0"}}, {"maxAge": 1, "name": "Dr. Steven Keith Burke M.D.", "age": 63, "title": "Senior VP and Chief Research & Development Officer", "yearBorn": 1961, "fiscalYear": 2024, "totalPay": {"raw": 1030756, "fmt": "1.03M", "longFmt": "1,030,756"}, "exercisedValue": {"raw": 0, "fmt": null, "longFmt": "0"}, "unexercisedValue": {"raw": 461518, "fmt": "461.52k", "longFmt": "461,518"}}, {"maxAge": 1, "name": "Mr. Nicholas  Grund", "age": 54, "title": "Senior VP & Chief Commercial Officer", "yearBorn": 1970, "fiscalYear": 2024, "totalPay": {"raw": 684224, "fmt": "684.22k", "longFmt": "684,224"}, "exercisedValue": {"raw": 0, "fmt": null, "longFmt": "0"}, "unexercisedValue": {"raw": 0, "fmt": null, "longFmt": "0"}}, {"maxAge": 1, "name": "Mr. Richard C. Malabre", "age": 63, "title": "Chief Accounting Officer", "yearBorn": 1961, "fiscalYear": 2024, "exercisedValue": {"raw": 0, "fmt": null, "longFmt": "0"}, "unexercisedValue": {"raw": 0, "fmt": null, "longFmt": "0"}}, {"maxAge": 1, "name": "Ms. Kimberly  Garko", "title": "Senior VP & Chief Technical Officer", "fiscalYear": 2024, "exercisedValue": {"raw": 0, "fmt": null, "longFmt": "0"}, "unexercisedValue": {"raw": 0, "fmt": null, "longFmt": "0"}}, {"maxAge": 1, "name": "Ms. Tracey  Vetterick", "title": "Vice President of Portfolio Strategy & Corporate Administration", "fiscalYear": 2024, "exercisedValue": {"raw": 0, "fmt": null, "longFmt": "0"}, "unexercisedValue": {"raw": 0, "fmt": null, "longFmt": "0"}}, {"maxAge": 1, "name": "Mercedes  Carrasco", "title": "Senior Director of Investor & Corporate Communications", "fiscalYear": 2024, "exercisedValue": {"raw": 0, "fmt": null, "longFmt": "0"}, "unexercisedValue": {"raw": 0, "fmt": null, "longFmt": "0"}}, {"maxAge": 1, "name": "Ms. Carolyn  Rucci", "title": "Senior VP of Legal, General Counsel & Secretary", "fiscalYear": 2024, "exercisedValue": {"raw": 0, "fmt": null, "longFmt": "0"}, "unexercisedValue": {"raw": 0, "fmt": null, "longFmt": "0"}}, {"maxAge": 1, "name": "Ms. Meredith  Bowman", "title": "Senior VP & Chief People Officer", "fiscalYear": 2024, "exercisedValue": {"raw": 0, "fmt": null, "longFmt": "0"}, "unexercisedValue": {"raw": 0, "fmt": null, "longFmt": "0"}}], "auditRisk": 10, "boardRisk": 6, "compensationRisk": 8, "shareHolderRightsRisk": 8, "overallRisk": 9, "governanceEpochDate": 1761955200, "compensationAsOfEpochDate": 1735603200, "executiveTeam": [], "maxAge": 86400}, "calendarEvents": {"maxAge": 1, "earnings": {"earningsDate": [{"raw": 1762781400, "fmt": "2025-11-10"}], "earningsCallDate": [{"raw": 1762779600, "fmt": "2025-11-10"}], "isEarningsDateEstimate": false, "earningsAverage": {"raw": -0.02, "fmt": "-0.02"}, "earningsLow": {"raw": -0.02, "fmt": "-0.02"}, "earningsHigh": {"raw": -0.02, "fmt": "-0.02"}, "revenueAverage": {"raw": 58235200, "fmt": "58.24M", "longFmt": "58,235,200"}, "revenueLow": {"raw": 47100000, "fmt": "47.1M", "longFmt": "47,100,000"}, "revenueHigh": {"raw": 67000000, "fmt": "67M", "longFmt": "67,000,000"}}, "exDividendDate": {}, "dividendDate": {}}, "earningsTrend": {"trend": [{"maxAge": 1, "period": "0q", "endDate": "2025-09-30", "growth": {"raw": 0.8, "fmt": "80.00%"}, "earningsEstimate": {"avg": {"raw": -0.02, "fmt": "-0.02"}, "low": {"raw": -0.02, "fmt": "-0.02"}, "high": {"raw": -0.02, "fmt": "-0.02"}, "yearAgoEps": {"raw": -0.1, "fmt": "-0.1"}, "numberOfAnalysts": {"raw": 1, "fmt": "1", "longFmt": "1"}, "growth": {"raw": 0.8, "fmt": "80.00%"}, "earningsCurrency": "USD"}, "revenueEstimate": {"avg": {"raw": 58235200, "fmt": "58.24M", "longFmt": "58,235,200"}, "low": {"raw": 47100000, "fmt": "47.1M", "longFmt": "47,100,000"}, "high": {"raw": 67000000, "fmt": "67M", "longFmt": "67,000,000"}, "numberOfAnalysts": {"raw": 5, "fmt": "5", "longFmt": "5"}, "yearAgoRevenue": {"raw": 37428000, "fmt": "37.43M", "longFmt": "37,428,000"}, "growth": {"raw": 0.5559, "fmt": "55.59%"}, "revenueCurrency": "USD"}, "epsTrend": {"current": {"raw": -0.02, "fmt": "-0.02"}, "7daysAgo": {"raw": -0.02, "fmt": "-0.02"}, "30daysAgo": {"raw": -0.02, "fmt": "-0.02"}, "60daysAgo": {"raw": -0.02, "fmt": "-0.02"}, "90daysAgo": {"raw": -0.025, "fmt": "-0.03"}, "epsTrendCurrency": "USD"}, "epsRevisions": {"upLast7days": {"raw": 1, "fmt": "1", "longFmt": "1"}, "upLast30days": {"raw": 0, "fmt": null, "longFmt": "0"}, "downLast30days": {"raw": 1, "fmt": "1", "longFmt": "1"}, "downLast7Days": {"raw": 0, "fmt": null, "longFmt": "0"}, "downLast90days": {}, "epsRevisionsCurrency": "USD"}}, {"maxAge": 1, "period": "+1q", "endDate": "2025-12-31", "growth": {"raw": 0.8, "fmt": "80.00%"}, "earningsEstimate": {"avg": {"raw": -0.02, "fmt": "-0.02"}, "low": {"raw": -0.02, "fmt": "-0.02"}, "high": {"raw": -0.02, "fmt": "-0.02"}, "yearAgoEps": {"raw": -0.1, "fmt": "-0.1"}, "numberOfAnalysts": {"raw": 1, "fmt": "1", "longFmt": "1"}, "growth": {"raw": 0.8, "fmt": "80.00%"}, "earningsCurrency": "USD"}, "revenueEstimate": {"avg": {"raw": 62790400, "fmt": "62.79M", "longFmt": "62,790,400"}, "low": {"raw": 50400000, "fmt": "50.4M", "longFmt": "50,400,000"}, "high": {"raw": 76400000, "fmt": "76.4M", "longFmt": "76,400,000"}, "numberOfAnalysts": {"raw": 5, "fmt": "5", "longFmt": "5"}, "yearAgoRevenue": {"raw": 46497000, "fmt": "46.5M", "longFmt": "46,497,000"}, "growth": {"raw": 0.3504, "fmt": "35.04%"}, "revenueCurrency": "USD"}, "epsTrend": {"current": {"raw": -0.02, "fmt": "-0.02"}, "7daysAgo": {"raw": -0.03, "fmt": "-0.03"}, "30daysAgo": {"raw": -0.03, "fmt": "-0.03"}, "60daysAgo": {"raw": -0.03, "fmt": "-0.03"}, "90daysAgo": {"raw": -0.025, "fmt": "-0.03"}, "epsTrendCurrency": "USD"}, "epsRevisions": {"upLast7days": {"raw": 0, "fmt": null, "longFmt": "0"}, "upLast30days": {"raw": 0, "fmt": null, "longFmt": "0"}, "downLast30days": {"raw": 1, "fmt": "1", "longFmt": "1"}, "downLast7Days": {"raw": 1, "fmt": "1", "longFmt": "1"}, "downLast90days": {}, "epsRevisionsCurrency": "USD"}}, {"maxAge": 1, "period": "0y", "endDate": "2025-12-31", "growth": {"raw": 0.9387, "fmt": "93.87%"}, "earningsEstimate": {"avg": {"raw": -0.02, "fmt": "-0.02"}, "low": {"raw": -0.02, "fmt": "-0.02"}, "high": {"raw": -0.02, "fmt": "-0.02"}, "yearAgoEps": {"raw": -0.3263, "fmt": "-0.33"}, "numberOfAnalysts": {"raw": 1, "fmt": "1", "longFmt": "1"}, "growth": {"raw": 0.9387, "fmt": "93.87%"}, "earningsCurrency": "USD"}, "revenueEstimate": {"avg": {"raw": 240868800, "fmt": "240.87M", "longFmt": "240,868,800"}, "low": {"raw": 217400000, "fmt": "217.4M", "longFmt": "217,400,000"}, "high": {"raw": 261700000, "fmt": "261.7M", "longFmt": "261,700,000"}, "numberOfAnalysts": {"raw": 5, "fmt": "5", "longFmt": "5"}, "yearAgoRevenue": {"raw": 160180000, "fmt": "160.18M", "longFmt": "160,180,000"}, "growth": {"raw": 0.5037, "fmt": "50.37%"}, "revenueCurrency": "USD"}, "epsTrend": {"current": {"raw": -0.02, "fmt": "-0.02"}, "7daysAgo": {"raw": -0.03, "fmt": "-0.03"}, "30daysAgo": {"raw": -0.03, "fmt": "-0.03"}, "60daysAgo": {"raw": -0.03, "fmt": "-0.03"}, "90daysAgo": {"raw": -0.055, "fmt": "-0.05"}, "epsTrendCurrency": "USD"}, "epsRevisions": {"upLast7days": {"raw": 0, "fmt": null, "longFmt": "0"}, "upLast30days": {"raw": 0, "fmt": null, "longFmt": "0"}, "downLast30days": {"raw": 1, "fmt": "1", "longFmt": "1"}, "downLast7Days": {"raw": 1, "fmt": "1", "longFmt": "1"}, "downLast90days": {}, "epsRevisionsCurrency": "USD"}}, {"maxAge": 1, "period": "+1y", "endDate": "2026-12-31", "growth": {"raw": 23.5, "fmt": "2,350.00%"}, "earningsEstimate": {"avg": {"raw": 0.45, "fmt": "0.45"}, "low": {"raw": 0.45, "fmt": "0.45"}, "high": {"raw": 0.45, "fmt": "0.45"}, "yearAgoEps": {"raw": -0.02, "fmt": "-0.02"}, "numberOfAnalysts": {"raw": 1, "fmt": "1", "longFmt": "1"}, "growth": {"raw": 23.5, "fmt": "2,350.00%"}, "earningsCurrency": "USD"}, "revenueEstimate": {"avg": {"raw": 314405600, "fmt": "314.41M", "longFmt": "314,405,600"}, "low": {"raw": 272000000, "fmt": "272M", "longFmt": "272,000,000"}, "high": {"raw": 396300000, "fmt": "396.3M", "longFmt": "396,300,000"}, "numberOfAnalysts": {"raw": 5, "fmt": "5", "longFmt": "5"}, "yearAgoRevenue": {"raw": 240868800, "fmt": "240.87M", "longFmt": "240,868,800"}, "growth": {"raw": 0.3053, "fmt": "30.53%"}, "revenueCurrency": "USD"}, "epsTrend": {"current": {"raw": 0.45, "fmt": "0.45"}, "7daysAgo": {"raw": 0.26, "fmt": "0.26"}, "30daysAgo": {"raw": 0.26, "fmt": "0.26"}, "60daysAgo": {"raw": 0.26, "fmt": "0.26"}, "90daysAgo": {"raw": 0.265, "fmt": "0.26"}, "epsTrendCurrency": "USD"}, "epsRevisions": {"upLast7days": {"raw": 1, "fmt": "1", "longFmt": "1"}, "upLast30days": {"raw": 1, "fmt": "1", "longFmt": "1"}, "downLast30days": {"raw": 0, "fmt": null, "longFmt": "0"}, "downLast7Days": {"raw": 0, "fmt": null, "longFmt": "0"}, "downLast90days": {}, "epsRevisionsCurrency": "USD"}}], "defaultMethodology": "nongaap", "maxAge": 1}, "earningsHistory": {"history": [{"maxAge": 1, "epsActual": {"raw": -0.1, "fmt": "-0.1"}, "epsEstimate": {"raw": -0.05, "fmt": "-0.05"}, "epsDifference": {"raw": -0.05, "fmt": "-0.05"}, "surprisePercent": {"raw": -1.0, "fmt": "-100.00%"}, "quarter": {"raw": 1727654400, "fmt": "2024-09-30"}, "currency": "USD", "period": "-4q"}, {"maxAge": 1, "epsActual": {"raw": -0.1, "fmt": "-0.1"}, "epsEstimate": {"raw": -0.075, "fmt": "-0.08"}, "epsDifference": {"raw": -0.03, "fmt": "-0.03"}, "surprisePercent": {"raw": -0.33330002, "fmt": "-33.33%"}, "quarter": {"raw": 1735603200, "fmt": "2024-12-31"}, "currency": "USD", "period": "-3q"}, {"maxAge": 1, "epsActual": {"raw": 0.0247, "fmt": "0.02"}, "epsEstimate": {"raw": -0.04, "fmt": "-0.04"}, "epsDifference": {"raw": 0.06, "fmt": "0.06"}, "surprisePercent": {"raw": 1.6175, "fmt": "161.75%"}, "quarter": {"raw": 1743379200, "fmt": "2025-03-31"}, "currency": "USD", "period": "-2q"}, {"maxAge": 1, "epsActual": {"raw": 0.0267, "fmt": "0.03"}, "epsEstimate": {"raw": -0.025, "fmt": "-0.03"}, "epsDifference": {"raw": 0.05, "fmt": "0.05"}, "surprisePercent": {"raw": 2.068, "fmt": "206.80%"}, "quarter": {"raw": 1751241600, "fmt": "2025-06-30"}, "currency": "USD", "period": "-1q"}], "defaultMethodology": "nongaap", "maxAge": 86400}, "financialData": {"maxAge": 86400, "currentPrice": {"raw": 2.12, "fmt": "2.12"}, "targetHighPrice": {"raw": 10.0, "fmt": "10.00"}, "targetLowPrice": {"raw": 5.0, "fmt": "5.00"}, "targetMeanPrice": {"raw": 6.8, "fmt": "6.80"}, "targetMedianPrice": {"raw": 6.0, "fmt": "6.00"}, "recommendationMean": {"raw": 1.4, "fmt": "1.40"}, "recommendationKey": "strong_buy", "numberOfAnalystOpinions": {"raw": 5, "fmt": "5", "longFmt": "5"}, "totalCash": {"raw": 137308000, "fmt": "137.31M", "longFmt": "137,308,000"}, "totalCashPerShare": {"raw": 0.518, "fmt": "0.52"}, "ebitda": {"raw": 23348000, "fmt": "23.35M", "longFmt": "23,348,000"}, "totalDebt": {"raw": 195896992, "fmt": "195.9M", "longFmt": "195,896,992"}, "quickRatio": {"raw": 1.77, "fmt": "1.77"}, "currentRatio": {"raw": 1.977, "fmt": "1.98"}, "totalRevenue": {"raw": 203732992, "fmt": "203.73M", "longFmt": "203,732,992"}, "debtToEquity": {"raw": 670.329, "fmt": "670.33%"}, "revenuePerShare": {"raw": 0.879, "fmt": "0.88"}, "returnOnAssets": {"raw": 0.00883, "fmt": "0.88%"}, "returnOnEquity": {}, "grossProfits": {"raw": 169548000, "fmt": "169.55M", "longFmt": "169,548,000"}, "freeCashflow": {"raw": -7423375, "fmt": "-7.42M", "longFmt": "-7,423,375"}, "operatingCashflow": {"raw": -2403000, "fmt": "-2.4M", "longFmt": "-2,403,000"}, "earningsGrowth": {}, "revenueGrowth": {"raw": 0.431, "fmt": "43.10%"}, "grossMargins": {"raw": 0.83221, "fmt": "83.22%"}, "ebitdaMargins": {"raw": 0.1146, "fmt": "11.46%"}, "operatingMargins": {"raw": 0.22713, "fmt": "22.71%"}, "profitMargins": {"raw": -0.17908001, "fmt": "-17.91%"}, "financialCurrency": "USD"}}