{"assetProfile": {"address1": "601 Gateway Boulevard", "address2": "Suite 350", "city": "South San Francisco", "state": "CA", "zip": "94080", "country": "United States", "phone": "650 487 6488", "website": "https://akerotx.com", "industry": "Biotechnology", "industryKey": "biotechnology", "industryDisp": "Biotechnology", "sector": "Healthcare", "sectorKey": "healthcare", "sectorDisp": "Healthcare", "longBusinessSummary": "Akero Therapeutics, Inc. engages in the development of treatments for patients with serious metabolic diseases in the United States. The company's lead product candidate is efruxifermin (EFX), an analog of fibroblast growth factor 21 that protects against cellular stress and regulates the metabolism of lipids, carbohydrates, and proteins throughout the body for the treatment of metabolic dysfunction-associated steatohepatitis (MASH) patients. It has a license agreement with Amgen Inc. to develop, manufacture, use, distribute, and sell EFX as a treatment for MASH and other metabolic diseases. The company was formerly known as Pippin Pharmaceuticals, Inc. and changed its name to Akero Therapeutics, Inc. in May 2018. Akero Therapeutics, Inc. was incorporated in 2017 and is headquartered in South San Francisco, California.", "fullTimeEmployees": 67, "companyOfficers": [{"maxAge": 1, "name": "Dr. Andrew  Cheng M.D., Ph.D.", "age": 57, "title": "President, CEO & Director", "yearBorn": 1967, "fiscalYear": 2024, "totalPay": {"raw": 1097600, "fmt": "1.1M", "longFmt": "1,097,600"}, "exercisedValue": {"raw": 5057744, "fmt": "5.06M", "longFmt": "5,057,744"}, "unexercisedValue": {"raw": 7020469, "fmt": "7.02M", "longFmt": "7,020,469"}}, {"maxAge": 1, "name": "Dr. Jonathan M. Young J.D., Ph.D.", "age": 54, "title": "Co-Founder, Executive VP, COO & Secretary", "yearBorn": 1970, "fiscalYear": 2024, "totalPay": {"raw": 710500, "fmt": "710.5k", "longFmt": "710,500"}, "exercisedValue": {"raw": 3055220, "fmt": "3.06M", "longFmt": "3,055,220"}, "unexercisedValue": {"raw": 2266050, "fmt": "2.27M", "longFmt": "2,266,050"}}, {"maxAge": 1, "name": "Mr. William R. White J.D.", "age": 51, "title": "Executive VP, CFO, Treasurer & Head of Corporate Development", "yearBorn": 1973, "fiscalYear": 2024, "totalPay": {"raw": 739500, "fmt": "739.5k", "longFmt": "739,500"}, "exercisedValue": {"raw": 4947655, "fmt": "4.95M", "longFmt": "4,947,655"}, "unexercisedValue": {"raw": 1862378, "fmt": "1.86M", "longFmt": "1,862,378"}}, {"maxAge": 1, "name": "Mr. Scott A. Gangloff", "age": 50, "title": "Chief Technical Officer", "yearBorn": 1974, "fiscalYear": 2024, "totalPay": {"raw": 558641, "fmt": "558.64k", "longFmt": "558,641"}, "exercisedValue": {"raw": 0, "fmt": null, "longFmt": "0"}, "unexercisedValue": {"raw": 0, "fmt": null, "longFmt": "0"}}, {"maxAge": 1, "name": "Ms. Catriona  Yale", "age": 52, "title": "Executive VP & Chief Development Officer", "yearBorn": 1972, "fiscalYear": 2024, "totalPay": {"raw": 716300, "fmt": "716.3k", "longFmt": "716,300"}, "exercisedValue": {"raw": 2521602, "fmt": "2.52M", "longFmt": "2,521,602"}, "unexercisedValue": {"raw": 2344377, "fmt": "2.34M", "longFmt": "2,344,377"}}, {"maxAge": 1, "name": "Dr. Timothy  Rolph Ph.D.", "age": 70, "title": "Co-Founder & Chief Scientific Officer", "yearBorn": 1954, "fiscalYear": 2024, "totalPay": {"raw": 722315, "fmt": "722.32k", "longFmt": "722,315"}, "exercisedValue": {"raw": 2158335, "fmt": "2.16M", "longFmt": "2,158,335"}, "unexercisedValue": {"raw": 3458579, "fmt": "3.46M", "longFmt": "3,458,579"}}, {"maxAge": 1, "name": "Mr. Thomas  Ross", "title": "Senior VP & Head of Legal", "fiscalYear": 2024, "exercisedValue": {"raw": 0, "fmt": null, "longFmt": "0"}, "unexercisedValue": {"raw": 0, "fmt": null, "longFmt": "0"}}, {"maxAge": 1, "name": "Mr. John J. Schembri", "age": 62, "title": "Senior VP & Head of Finance", "yearBorn": 1962, "fiscalYear": 2024, "exercisedValue": {"raw": 0, "fmt": null, "longFmt": "0"}, "unexercisedValue": {"raw": 0, "fmt": null, "longFmt": "0"}}, {"maxAge": 1, "name": "Mr. Patrick  Lamy", "age": 51, "title": "Senior Vice President of Commercial Strategy", "yearBorn": 1973, "fiscalYear": 2024, "exercisedValue": {"raw": 0, "fmt": null, "longFmt": "0"}, "unexercisedValue": {"raw": 0, "fmt": null, "longFmt": "0"}}], "auditRisk": 7, "boardRisk": 9, "compensationRisk": 9, "shareHolderRightsRisk": 8, "overallRisk": 9, "governanceEpochDate": 1761955200, "compensationAsOfEpochDate": 1735603200, "executiveTeam": [], "maxAge": 86400}, "calendarEvents": {"maxAge": 1, "earnings": {"earningsDate": [{"raw": 1762522200, "fmt": "2025-11-07"}], "earningsCallDate": [], "isEarningsDateEstimate": true, "earningsAverage": {"raw": -0.93333, "fmt": "-0.93"}, "earningsLow": {"raw": -1.0, "fmt": "-1.00"}, "earningsHigh": {"raw": -0.89, "fmt": "-0.89"}, "revenueAverage": {"raw": 0, "fmt": null, "longFmt": "0"}, "revenueLow": {"raw": 0, "fmt": null, "longFmt": "0"}, "revenueHigh": {"raw": 0, "fmt": null, "longFmt": "0"}}, "exDividendDate": {}, "dividendDate": {}}, "earningsTrend": {"trend": [{"maxAge": 1, "period": "0q", "endDate": "2025-09-30", "growth": {"raw": 0.111099996, "fmt": "11.11%"}, "earningsEstimate": {"avg": {"raw": -0.93333, "fmt": "-0.93"}, "low": {"raw": -1.0, "fmt": "-1"}, "high": {"raw": -0.89, "fmt": "-0.89"}, "yearAgoEps": {"raw": -1.05, "fmt": "-1.05"}, "numberOfAnalysts": {"raw": 6, "fmt": "6", "longFmt": "6"}, "growth": {"raw": 0.111099996, "fmt": "11.11%"}, "earningsCurrency": "USD"}, "revenueEstimate": {"avg": {"raw": 0, "fmt": null, "longFmt": "0"}, "low": {"raw": 0, "fmt": null, "longFmt": "0"}, "high": {"raw": 0, "fmt": null, "longFmt": "0"}, "numberOfAnalysts": {"raw": 5, "fmt": "5", "longFmt": "5"}, "yearAgoRevenue": {"raw": 0, "fmt": null, "longFmt": "0"}, "growth": {"raw": 0.0, "fmt": "0.00%"}, "revenueCurrency": "USD"}, "epsTrend": {"current": {"raw": -0.93333, "fmt": "-0.93"}, "7daysAgo": {"raw": -0.93284, "fmt": "-0.93"}, "30daysAgo": {"raw": -0.93284, "fmt": "-0.93"}, "60daysAgo": {"raw": -0.91851, "fmt": "-0.92"}, "90daysAgo": {"raw": -0.95484, "fmt": "-0.95"}, "epsTrendCurrency": "USD"}, "epsRevisions": {"upLast7days": {"raw": 1, "fmt": "1", "longFmt": "1"}, "upLast30days": {"raw": 1, "fmt": "1", "longFmt": "1"}, "downLast30days": {"raw": 0, "fmt": null, "longFmt": "0"}, "downLast7Days": {"raw": 0, "fmt": null, "longFmt": "0"}, "downLast90days": {}, "epsRevisionsCurrency": "USD"}}, {"maxAge": 1, "period": "+1q", "endDate": "2025-12-31", "growth": {"raw": 0.0219, "fmt": "2.19%"}, "earningsEstimate": {"avg": {"raw": -0.96833, "fmt": "-0.97"}, "low": {"raw": -1.06, "fmt": "-1.06"}, "high": {"raw": -0.93, "fmt": "-0.93"}, "yearAgoEps": {"raw": -0.99, "fmt": "-0.99"}, "numberOfAnalysts": {"raw": 6, "fmt": "6", "longFmt": "6"}, "growth": {"raw": 0.0219, "fmt": "2.19%"}, "earningsCurrency": "USD"}, "revenueEstimate": {"avg": {"raw": 0, "fmt": null, "longFmt": "0"}, "low": {"raw": 0, "fmt": null, "longFmt": "0"}, "high": {"raw": 0, "fmt": null, "longFmt": "0"}, "numberOfAnalysts": {"raw": 5, "fmt": "5", "longFmt": "5"}, "yearAgoRevenue": {"raw": 0, "fmt": null, "longFmt": "0"}, "growth": {"raw": 0.0, "fmt": "0.00%"}, "revenueCurrency": "USD"}, "epsTrend": {"current": {"raw": -0.96833, "fmt": "-0.97"}, "7daysAgo": {"raw": -0.9742, "fmt": "-0.97"}, "30daysAgo": {"raw": -0.9742, "fmt": "-0.97"}, "60daysAgo": {"raw": -0.97594, "fmt": "-0.98"}, "90daysAgo": {"raw": -1.00372, "fmt": "-1"}, "epsTrendCurrency": "USD"}, "epsRevisions": {"upLast7days": {"raw": 1, "fmt": "1", "longFmt": "1"}, "upLast30days": {"raw": 1, "fmt": "1", "longFmt": "1"}, "downLast30days": {"raw": 1, "fmt": "1", "longFmt": "1"}, "downLast7Days": {"raw": 1, "fmt": "1", "longFmt": "1"}, "downLast90days": {}, "epsRevisionsCurrency": "USD"}}, {"maxAge": 1, "period": "0y", "endDate": "2025-12-31", "growth": {"raw": 0.0062, "fmt": "0.62%"}, "earningsEstimate": {"avg": {"raw": -3.72667, "fmt": "-3.73"}, "low": {"raw": -4.03, "fmt": "-4.03"}, "high": {"raw": -3.58, "fmt": "-3.58"}, "yearAgoEps": {"raw": -3.75, "fmt": "-3.75"}, "numberOfAnalysts": {"raw": 6, "fmt": "6", "longFmt": "6"}, "growth": {"raw": 0.0062, "fmt": "0.62%"}, "earningsCurrency": "USD"}, "revenueEstimate": {"avg": {"raw": 0, "fmt": null, "longFmt": "0"}, "low": {"raw": 0, "fmt": null, "longFmt": "0"}, "high": {"raw": 0, "fmt": null, "longFmt": "0"}, "numberOfAnalysts": {"raw": 5, "fmt": "5", "longFmt": "5"}, "yearAgoRevenue": {"raw": 0, "fmt": null, "longFmt": "0"}, "growth": {"raw": 0.0, "fmt": "0.00%"}, "revenueCurrency": "USD"}, "epsTrend": {"current": {"raw": -3.72667, "fmt": "-3.73"}, "7daysAgo": {"raw": -3.71808, "fmt": "-3.72"}, "30daysAgo": {"raw": -3.71808, "fmt": "-3.72"}, "60daysAgo": {"raw": -3.72468, "fmt": "-3.72"}, "90daysAgo": {"raw": -3.77685, "fmt": "-3.78"}, "epsTrendCurrency": "USD"}, "epsRevisions": {"upLast7days": {"raw": 0, "fmt": null, "longFmt": "0"}, "upLast30days": {"raw": 0, "fmt": null, "longFmt": "0"}, "downLast30days": {"raw": 1, "fmt": "1", "longFmt": "1"}, "downLast7Days": {"raw": 1, "fmt": "1", "longFmt": "1"}, "downLast90days": {}, "epsRevisionsCurrency": "USD"}}, {"maxAge": 1, "period": "+1y", "endDate": "2026-12-31", "growth": {"raw": -0.114700004, "fmt": "-11.47%"}, "earningsEstimate": {"avg": {"raw": -4.154, "fmt": "-4.15"}, "low": {"raw": -4.4, "fmt": "-4.4"}, "high": {"raw": -4.01, "fmt": "-4.01"}, "yearAgoEps": {"raw": -3.72667, "fmt": "-3.73"}, "numberOfAnalysts": {"raw": 5, "fmt": "5", "longFmt": "5"}, "growth": {"raw": -0.114700004, "fmt": "-11.47%"}, "earningsCurrency": "USD"}, "revenueEstimate": {"avg": {"raw": 0, "fmt": null, "longFmt": "0"}, "low": {"raw": 0, "fmt": null, "longFmt": "0"}, "high": {"raw": 0, "fmt": null, "longFmt": "0"}, "numberOfAnalysts": {"raw": 5, "fmt": "5", "longFmt": "5"}, "yearAgoRevenue": {"raw": 0, "fmt": null, "longFmt": "0"}, "growth": {"raw": 0.0, "fmt": "0.00%"}, "revenueCurrency": "USD"}, "epsTrend": {"current": {"raw": -4.154, "fmt": "-4.15"}, "7daysAgo": {"raw": -4.24232, "fmt": "-4.24"}, "30daysAgo": {"raw": -4.24232, "fmt": "-4.24"}, "60daysAgo": {"raw": -4.33399, "fmt": "-4.33"}, "90daysAgo": {"raw": -4.4197, "fmt": "-4.42"}, "epsTrendCurrency": "USD"}, "epsRevisions": {"upLast7days": {"raw": 1, "fmt": "1", "longFmt": "1"}, "upLast30days": {"raw": 1, "fmt": "1", "longFmt": "1"}, "downLast30days": {"raw": 1, "fmt": "1", "longFmt": "1"}, "downLast7Days": {"raw": 1, "fmt": "1", "longFmt": "1"}, "downLast90days": {}, "epsRevisionsCurrency": "USD"}}], "defaultMethodology": "nongaap", "maxAge": 1}, "earningsHistory": {"history": [{"maxAge": 1, "epsActual": {"raw": -1.05, "fmt": "-1.05"}, "epsEstimate": {"raw": -0.9345, "fmt": "-0.93"}, "epsDifference": {"raw": -0.12, "fmt": "-0.12"}, "surprisePercent": {"raw": -0.1236, "fmt": "-12.36%"}, "quarter": {"raw": 1727654400, "fmt": "2024-09-30"}, "currency": "USD", "period": "-4q"}, {"maxAge": 1, "epsActual": {"raw": -0.99, "fmt": "-0.99"}, "epsEstimate": {"raw": -1.12284, "fmt": "-1.12"}, "epsDifference": {"raw": 0.13, "fmt": "0.13"}, "surprisePercent": {"raw": 0.1183, "fmt": "11.83%"}, "quarter": {"raw": 1735603200, "fmt": "2024-12-31"}, "currency": "USD", "period": "-3q"}, {"maxAge": 1, "epsActual": {"raw": -0.9, "fmt": "-0.9"}, "epsEstimate": {"raw": -0.99166, "fmt": "-0.99"}, "epsDifference": {"raw": 0.09, "fmt": "0.09"}, "surprisePercent": {"raw": 0.0924, "fmt": "9.24%"}, "quarter": {"raw": 1743379200, "fmt": "2025-03-31"}, "currency": "USD", "period": "-2q"}, {"maxAge": 1, "epsActual": {"raw": -0.86, "fmt": "-0.86"}, "epsEstimate": {"raw": -0.90017, "fmt": "-0.9"}, "epsDifference": {"raw": 0.04, "fmt": "0.04"}, "surprisePercent": {"raw": 0.0446, "fmt": "4.46%"}, "quarter": {"raw": 1751241600, "fmt": "2025-06-30"}, "currency": "USD", "period": "-1q"}], "defaultMethodology": "nongaap", "maxAge": 86400}, "financialData": {"maxAge": 86400, "currentPrice": {"raw": 54.09, "fmt": "54.09"}, "targetHighPrice": {"raw": 58.0, "fmt": "58.00"}, "targetLowPrice": {"raw": 54.0, "fmt": "54.00"}, "targetMeanPrice": {"raw": 56.0, "fmt": "56.00"}, "targetMedianPrice": {"raw": 56.0, "fmt": "56.00"}, "recommendationMean": {"raw": 2.71429, "fmt": "2.71"}, "recommendationKey": "hold", "numberOfAnalystOpinions": {"raw": 5, "fmt": "5", "longFmt": "5"}, "totalCash": {"raw": 742315008, "fmt": "742.32M", "longFmt": "742,315,008"}, "totalCashPerShare": {"raw": 9.28, "fmt": "9.28"}, "ebitda": {"raw": -321457984, "fmt": "-321.46M", "longFmt": "-321,457,984"}, "totalDebt": {"raw": 36340000, "fmt": "36.34M", "longFmt": "36,340,000"}, "quickRatio": {"raw": 12.29, "fmt": "12.29"}, "currentRatio": {"raw": 12.659, "fmt": "12.66"}, "totalRevenue": {}, "debtToEquity": {"raw": 3.543, "fmt": "3.54%"}, "revenuePerShare": {}, "returnOnAssets": {"raw": -0.20355, "fmt": "-20.35%"}, "returnOnEquity": {"raw": -0.31138, "fmt": "-31.14%"}, "grossProfits": {}, "freeCashflow": {"raw": -161483376, "fmt": "-161.48M", "longFmt": "-161,483,376"}, "operatingCashflow": {"raw": -253424000, "fmt": "-253.42M", "longFmt": "-253,424,000"}, "earningsGrowth": {}, "revenueGrowth": {}, "grossMargins": {"raw": 0.0, "fmt": "0.00%"}, "ebitdaMargins": {"raw": 0.0, "fmt": "0.00%"}, "operatingMargins": {"raw": 0.0, "fmt": "0.00%"}, "profitMargins": {"raw": 0.0, "fmt": "0.00%"}, "financialCurrency": "USD"}}