{"assetProfile": {"address1": "22 Boston Wharf Road", "address2": "Floor 7", "city": "Boston", "state": "MA", "zip": "02210", "country": "United States", "phone": "929 274 7510", "fax": "929 274 7553", "website": "https://www.akaritx.com", "industry": "Biotechnology", "industryKey": "biotechnology", "industryDisp": "Biotechnology", "sector": "Healthcare", "sectorKey": "healthcare", "sectorDisp": "Healthcare", "longBusinessSummary": "Akari Therapeutics, Plc, an oncology company, develops next-generation antibody-drug conjugates (ADC) for cancer-killing toxins. Its lead payload is PH1 to disrupt the function of spliceosomes and to trigger an immune response that leads to additional cancer cell killing. The company's lead product candidate is AKTX-101, a preclinical stage trop2-targeting ADC that combines PH1 with the trop2 antibody to treat solid tumor cancer types, including lung, breast, colon, and prostate. Its payloads include PH5, which inhibits DNA mismatch repair (MMR) and DNA damage response (DDR) to generate neoepitopes, and PH6, which inhibits DNA transcription in cancer cells and co-opted immune cells. The company also develops AKTX-102, a novel bispecific ADC that utilizes PH1 as its payload to treat various solid tumor cancers. Akari Therapeutics, Plc is headquartered in Boston, Massachusetts.", "fullTimeEmployees": 8, "companyOfficers": [{"maxAge": 1, "name": "Mr. Abizer  Gaslightwala", "age": 50, "title": "CEO, President & Director", "yearBorn": 1974, "fiscalYear": 2024, "totalPay": {"raw": 1796, "fmt": "1.8k", "longFmt": "1,796"}, "exercisedValue": {"raw": 0, "fmt": null, "longFmt": "0"}, "unexercisedValue": {"raw": 0, "fmt": null, "longFmt": "0"}}, {"maxAge": 1, "name": "Dr. Torsten  Hombeck Ph.D.", "age": 54, "title": "Consultant", "yearBorn": 1970, "fiscalYear": 2024, "totalPay": {"raw": 290700, "fmt": "290.7k", "longFmt": "290,700"}, "exercisedValue": {"raw": 0, "fmt": null, "longFmt": "0"}, "unexercisedValue": {"raw": 0, "fmt": null, "longFmt": "0"}}], "compensationAsOfEpochDate": 1735603200, "executiveTeam": [], "maxAge": 86400}, "calendarEvents": {"maxAge": 1, "earnings": {"earningsDate": [{"raw": 1755547200, "fmt": "2025-08-18"}, {"raw": 1755892800, "fmt": "2025-08-22"}], "earningsCallDate": [], "isEarningsDateEstimate": true, "earningsAverage": {"raw": -0.11, "fmt": "-0.11"}, "earningsLow": {"raw": -0.11, "fmt": "-0.11"}, "earningsHigh": {"raw": -0.11, "fmt": "-0.11"}, "revenueAverage": {"raw": 0, "fmt": null, "longFmt": "0"}, "revenueLow": {"raw": 0, "fmt": null, "longFmt": "0"}, "revenueHigh": {"raw": 0, "fmt": null, "longFmt": "0"}}, "exDividendDate": {}, "dividendDate": {}}, "earningsTrend": {"trend": [{"maxAge": 1, "period": "0q", "endDate": "2025-09-30", "growth": {}, "earningsEstimate": {"avg": {"raw": -0.11, "fmt": "-0.11"}, "low": {"raw": -0.11, "fmt": "-0.11"}, "high": {"raw": -0.11, "fmt": "-0.11"}, "yearAgoEps": {}, "numberOfAnalysts": {"raw": 1, "fmt": "1", "longFmt": "1"}, "growth": {}, "earningsCurrency": "USD"}, "revenueEstimate": {"avg": {"raw": 0, "fmt": null, "longFmt": "0"}, "low": {"raw": 0, "fmt": null, "longFmt": "0"}, "high": {"raw": 0, "fmt": null, "longFmt": "0"}, "numberOfAnalysts": {"raw": 2, "fmt": "2", "longFmt": "2"}, "yearAgoRevenue": {}, "growth": {}, "revenueCurrency": "USD"}, "epsTrend": {"current": {"raw": -0.11, "fmt": "-0.11"}, "7daysAgo": {"raw": -0.11, "fmt": "-0.11"}, "30daysAgo": {"raw": -0.11, "fmt": "-0.11"}, "60daysAgo": {"raw": 0.0, "fmt": "0"}, "90daysAgo": {"raw": 0.0, "fmt": "0"}, "epsTrendCurrency": "USD"}, "epsRevisions": {"upLast7days": {"raw": 0, "fmt": null, "longFmt": "0"}, "upLast30days": {"raw": 0, "fmt": null, "longFmt": "0"}, "downLast30days": {"raw": 0, "fmt": null, "longFmt": "0"}, "downLast7Days": {"raw": 0, "fmt": null, "longFmt": "0"}, "downLast90days": {}, "epsRevisionsCurrency": "USD"}}, {"maxAge": 1, "period": "+1q", "endDate": "2025-12-31", "growth": {}, "earningsEstimate": {"avg": {"raw": -0.1, "fmt": "-0.1"}, "low": {"raw": -0.1, "fmt": "-0.1"}, "high": {"raw": -0.1, "fmt": "-0.1"}, "yearAgoEps": {}, "numberOfAnalysts": {"raw": 1, "fmt": "1", "longFmt": "1"}, "growth": {}, "earningsCurrency": "USD"}, "revenueEstimate": {"avg": {"raw": 0, "fmt": null, "longFmt": "0"}, "low": {"raw": 0, "fmt": null, "longFmt": "0"}, "high": {"raw": 0, "fmt": null, "longFmt": "0"}, "numberOfAnalysts": {"raw": 2, "fmt": "2", "longFmt": "2"}, "yearAgoRevenue": {}, "growth": {}, "revenueCurrency": "USD"}, "epsTrend": {"current": {"raw": -0.1, "fmt": "-0.1"}, "7daysAgo": {"raw": -0.1, "fmt": "-0.1"}, "30daysAgo": {"raw": -0.1, "fmt": "-0.1"}, "60daysAgo": {"raw": 0.0, "fmt": "0"}, "90daysAgo": {"raw": 0.0, "fmt": "0"}, "epsTrendCurrency": "USD"}, "epsRevisions": {"upLast7days": {"raw": 0, "fmt": null, "longFmt": "0"}, "upLast30days": {"raw": 0, "fmt": null, "longFmt": "0"}, "downLast30days": {"raw": 0, "fmt": null, "longFmt": "0"}, "downLast7Days": {"raw": 0, "fmt": null, "longFmt": "0"}, "downLast90days": {}, "epsRevisionsCurrency": "USD"}}, {"maxAge": 1, "period": "0y", "endDate": "2025-12-31", "growth": {}, "earningsEstimate": {"avg": {"raw": -0.45, "fmt": "-0.45"}, "low": {"raw": -0.45, "fmt": "-0.45"}, "high": {"raw": -0.45, "fmt": "-0.45"}, "yearAgoEps": {}, "numberOfAnalysts": {"raw": 1, "fmt": "1", "longFmt": "1"}, "growth": {}, "earningsCurrency": "USD"}, "revenueEstimate": {"avg": {"raw": 0, "fmt": null, "longFmt": "0"}, "low": {"raw": 0, "fmt": null, "longFmt": "0"}, "high": {"raw": 0, "fmt": null, "longFmt": "0"}, "numberOfAnalysts": {"raw": 2, "fmt": "2", "longFmt": "2"}, "yearAgoRevenue": {}, "growth": {}, "revenueCurrency": "USD"}, "epsTrend": {"current": {"raw": -0.45, "fmt": "-0.45"}, "7daysAgo": {"raw": -0.45, "fmt": "-0.45"}, "30daysAgo": {"raw": -0.45, "fmt": "-0.45"}, "60daysAgo": {"raw": 0.0, "fmt": "0"}, "90daysAgo": {"raw": 0.0, "fmt": "0"}, "epsTrendCurrency": "USD"}, "epsRevisions": {"upLast7days": {"raw": 1, "fmt": "1", "longFmt": "1"}, "upLast30days": {"raw": 1, "fmt": "1", "longFmt": "1"}, "downLast30days": {"raw": 0, "fmt": null, "longFmt": "0"}, "downLast7Days": {"raw": 0, "fmt": null, "longFmt": "0"}, "downLast90days": {}, "epsRevisionsCurrency": "USD"}}, {"maxAge": 1, "period": "+1y", "endDate": "2026-12-31", "growth": {"raw": 0.111099996, "fmt": "11.11%"}, "earningsEstimate": {"avg": {"raw": -0.4, "fmt": "-0.4"}, "low": {"raw": -0.4, "fmt": "-0.4"}, "high": {"raw": -0.4, "fmt": "-0.4"}, "yearAgoEps": {"raw": -0.45, "fmt": "-0.45"}, "numberOfAnalysts": {"raw": 1, "fmt": "1", "longFmt": "1"}, "growth": {"raw": 0.111099996, "fmt": "11.11%"}, "earningsCurrency": "USD"}, "revenueEstimate": {"avg": {"raw": 0, "fmt": null, "longFmt": "0"}, "low": {"raw": 0, "fmt": null, "longFmt": "0"}, "high": {"raw": 0, "fmt": null, "longFmt": "0"}, "numberOfAnalysts": {"raw": 2, "fmt": "2", "longFmt": "2"}, "yearAgoRevenue": {"raw": 0, "fmt": null, "longFmt": "0"}, "growth": {"raw": 0.0, "fmt": "0.00%"}, "revenueCurrency": "USD"}, "epsTrend": {"current": {"raw": -0.4, "fmt": "-0.4"}, "7daysAgo": {"raw": -0.4, "fmt": "-0.4"}, "30daysAgo": {"raw": -0.4, "fmt": "-0.4"}, "60daysAgo": {"raw": 0.0, "fmt": "0"}, "90daysAgo": {"raw": 0.0, "fmt": "0"}, "epsTrendCurrency": "USD"}, "epsRevisions": {"upLast7days": {"raw": 0, "fmt": null, "longFmt": "0"}, "upLast30days": {"raw": 0, "fmt": null, "longFmt": "0"}, "downLast30days": {"raw": 0, "fmt": null, "longFmt": "0"}, "downLast7Days": {"raw": 0, "fmt": null, "longFmt": "0"}, "downLast90days": {}, "epsRevisionsCurrency": "USD"}}], "defaultMethodology": "nongaap", "maxAge": 1}, "earningsHistory": {"history": [{"maxAge": 1, "epsActual": {"raw": 0.0, "fmt": "0"}, "epsEstimate": {}, "epsDifference": {}, "surprisePercent": {}, "quarter": {"raw": 1743379200, "fmt": "2025-03-31"}, "currency": "USD", "period": "-2q"}, {"maxAge": 1, "epsActual": {"raw": -0.098, "fmt": "-0.1"}, "epsEstimate": {"raw": -0.12, "fmt": "-0.12"}, "epsDifference": {"raw": 0.02, "fmt": "0.02"}, "surprisePercent": {"raw": 0.1833, "fmt": "18.33%"}, "quarter": {"raw": 1751241600, "fmt": "2025-06-30"}, "currency": "USD", "period": "-1q"}], "defaultMethodology": "nongaap", "maxAge": 86400}, "financialData": {"maxAge": 86400, "currentPrice": {"raw": 0.725, "fmt": "0.73"}, "targetHighPrice": {"raw": 7.0, "fmt": "7.00"}, "targetLowPrice": {"raw": 1.6, "fmt": "1.60"}, "targetMeanPrice": {"raw": 4.53333, "fmt": "4.53"}, "targetMedianPrice": {"raw": 5.0, "fmt": "5.00"}, "recommendationMean": {}, "recommendationKey": "none", "numberOfAnalystOpinions": {"raw": 3, "fmt": "3", "longFmt": "3"}, "totalCash": {"raw": 2711000, "fmt": "2.71M", "longFmt": "2,711,000"}, "totalCashPerShare": {"raw": 0.0, "fmt": "0"}, "ebitda": {"raw": -12783000, "fmt": "-12.78M", "longFmt": "-12,783,000"}, "totalDebt": {"raw": 1547000, "fmt": "1.55M", "longFmt": "1,547,000"}, "quickRatio": {"raw": 0.158, "fmt": "0.16"}, "currentRatio": {"raw": 0.193, "fmt": "0.19"}, "totalRevenue": {}, "debtToEquity": {"raw": 6.042, "fmt": "6.04%"}, "revenuePerShare": {}, "returnOnAssets": {"raw": -0.28558, "fmt": "-28.56%"}, "returnOnEquity": {"raw": -1.12017, "fmt": "-112.02%"}, "grossProfits": {}, "freeCashflow": {"raw": 3179375, "fmt": "3.18M", "longFmt": "3,179,375"}, "operatingCashflow": {"raw": -9020000, "fmt": "-9.02M", "longFmt": "-9,020,000"}, "earningsGrowth": {}, "revenueGrowth": {}, "grossMargins": {"raw": 0.0, "fmt": "0.00%"}, "ebitdaMargins": {"raw": 0.0, "fmt": "0.00%"}, "operatingMargins": {"raw": 0.0, "fmt": "0.00%"}, "profitMargins": {"raw": 0.0, "fmt": "0.00%"}, "financialCurrency": "USD"}}