{"assetProfile": {"address1": "2345 North First Street", "city": "San Jose", "state": "CA", "zip": "95131", "country": "United States", "phone": "408 766 3806", "website": "https://www.asteralabs.com", "industry": "Semiconductors", "industryKey": "semiconductors", "industryDisp": "Semiconductors", "sector": "Technology", "sectorKey": "technology", "sectorDisp": "Technology", "longBusinessSummary": "Astera Labs, Inc. designs, manufactures, and sells semiconductor-based connectivity solutions for cloud and AI infrastructure. It offers an intelligent connectivity platform, comprised of semiconductor-based, mixed-signal connectivity products that integrate a matrix of microcontrollers and sensors, and COSMOS. The company provides COSMOS software suite, a connectivity system management and optimization software that enables management and optimization of resources for large fleets at cloud-scale via link, fleet, and RAS management capabilities. In addition, it offers PCIe/CXL smart DSP retimers and cable modules; ethernet smart cable modules for cloud and AI infrastructure; CXL memory connectivity controllers; and smart fabric switches. The company serves hyperscalers and system original equipment manufacturers. Astera Labs, Inc. was incorporated in 2017 and is based in San Jose, California.", "fullTimeEmployees": 440, "companyOfficers": [{"maxAge": 1, "name": "Mr. Jitendra  Mohan", "age": 50, "title": "Co-Founder, CEO & Executive Director", "yearBorn": 1974, "fiscalYear": 2024, "totalPay": {"raw": 1383133, "fmt": "1.38M", "longFmt": "1,383,133"}, "exercisedValue": {"raw": 0, "fmt": null, "longFmt": "0"}, "unexercisedValue": {"raw": 0, "fmt": null, "longFmt": "0"}}, {"maxAge": 1, "name": "Mr. Sanjay  Gajendra", "age": 49, "title": "Co-Founder, President, COO & Director", "yearBorn": 1975, "fiscalYear": 2024, "totalPay": {"raw": 1383133, "fmt": "1.38M", "longFmt": "1,383,133"}, "exercisedValue": {"raw": 0, "fmt": null, "longFmt": "0"}, "unexercisedValue": {"raw": 0, "fmt": null, "longFmt": "0"}}, {"maxAge": 1, "name": "Mr. Michael T. Tate CPA", "age": 58, "title": "Chief Financial Officer", "yearBorn": 1966, "fiscalYear": 2024, "totalPay": {"raw": 840258, "fmt": "840.26k", "longFmt": "840,258"}, "exercisedValue": {"raw": 0, "fmt": null, "longFmt": "0"}, "unexercisedValue": {"raw": 0, "fmt": null, "longFmt": "0"}}, {"maxAge": 1, "name": "Mr. Casey  Morrison", "title": "Co-Founder & Chief Product Officer", "fiscalYear": 2024, "exercisedValue": {"raw": 0, "fmt": null, "longFmt": "0"}, "unexercisedValue": {"raw": 0, "fmt": null, "longFmt": "0"}}, {"maxAge": 1, "name": "Mr. Nicholas H. Aberle", "title": "VP, Treasurer & Investor Relations", "fiscalYear": 2024, "exercisedValue": {"raw": 0, "fmt": null, "longFmt": "0"}, "unexercisedValue": {"raw": 0, "fmt": null, "longFmt": "0"}}, {"maxAge": 1, "name": "Mr. Philip  Mazzara", "age": 45, "title": "General Counsel & Secretary", "yearBorn": 1979, "fiscalYear": 2024, "totalPay": {"raw": 491592, "fmt": "491.59k", "longFmt": "491,592"}, "exercisedValue": {"raw": 0, "fmt": null, "longFmt": "0"}, "unexercisedValue": {"raw": 0, "fmt": null, "longFmt": "0"}}, {"maxAge": 1, "name": "Mr. Ari  Rubin", "title": "Vice President of Corporate Development", "fiscalYear": 2024, "exercisedValue": {"raw": 0, "fmt": null, "longFmt": "0"}, "unexercisedValue": {"raw": 0, "fmt": null, "longFmt": "0"}}, {"maxAge": 1, "name": "Mr. Mohit  Khurana", "title": "Head of Human Resources", "fiscalYear": 2024, "exercisedValue": {"raw": 0, "fmt": null, "longFmt": "0"}, "unexercisedValue": {"raw": 0, "fmt": null, "longFmt": "0"}}, {"maxAge": 1, "name": "Mr. Thad  Omura", "age": 49, "title": "Chief Business Officer", "yearBorn": 1975, "fiscalYear": 2024, "exercisedValue": {"raw": 0, "fmt": null, "longFmt": "0"}, "unexercisedValue": {"raw": 0, "fmt": null, "longFmt": "0"}}, {"maxAge": 1, "name": "Mr. Kalyan  Mulam", "title": "Senior Vice President of ASIC Engineering", "fiscalYear": 2024, "exercisedValue": {"raw": 0, "fmt": null, "longFmt": "0"}, "unexercisedValue": {"raw": 0, "fmt": null, "longFmt": "0"}}], "auditRisk": 9, "boardRisk": 5, "compensationRisk": 10, "shareHolderRightsRisk": 8, "overallRisk": 9, "governanceEpochDate": 1761955200, "compensationAsOfEpochDate": 1735603200, "executiveTeam": [], "maxAge": 86400}, "calendarEvents": {"maxAge": 1, "earnings": {"earningsDate": [{"raw": 1762290000, "fmt": "2025-11-04"}], "earningsCallDate": [{"raw": 1762291800, "fmt": "2025-11-04"}], "isEarningsDateEstimate": false, "earningsAverage": {"raw": 0.39014, "fmt": "0.39"}, "earningsLow": {"raw": 0.38414, "fmt": "0.38"}, "earningsHigh": {"raw": 0.397, "fmt": "0.40"}, "revenueAverage": {"raw": 206421650, "fmt": "206.42M", "longFmt": "206,421,650"}, "revenueLow": {"raw": 201521250, "fmt": "201.52M", "longFmt": "201,521,250"}, "revenueHigh": {"raw": 208100000, "fmt": "208.1M", "longFmt": "208,100,000"}}, "exDividendDate": {}, "dividendDate": {}}, "earningsTrend": {"trend": [{"maxAge": 1, "period": "0q", "endDate": "2025-09-30", "growth": {"raw": 0.69629997, "fmt": "69.63%"}, "earningsEstimate": {"avg": {"raw": 0.39014, "fmt": "0.39"}, "low": {"raw": 0.38414, "fmt": "0.38"}, "high": {"raw": 0.397, "fmt": "0.4"}, "yearAgoEps": {"raw": 0.23, "fmt": "0.23"}, "numberOfAnalysts": {"raw": 15, "fmt": "15", "longFmt": "15"}, "growth": {"raw": 0.69629997, "fmt": "69.63%"}, "earningsCurrency": "USD"}, "revenueEstimate": {"avg": {"raw": 206421650, "fmt": "206.42M", "longFmt": "206,421,650"}, "low": {"raw": 201521250, "fmt": "201.52M", "longFmt": "201,521,250"}, "high": {"raw": 208100000, "fmt": "208.1M", "longFmt": "208,100,000"}, "numberOfAnalysts": {"raw": 14, "fmt": "14", "longFmt": "14"}, "yearAgoRevenue": {"raw": 113086000, "fmt": "113.09M", "longFmt": "113,086,000"}, "growth": {"raw": 0.8254, "fmt": "82.54%"}, "revenueCurrency": "USD"}, "epsTrend": {"current": {"raw": 0.39014, "fmt": "0.39"}, "7daysAgo": {"raw": 0.39014, "fmt": "0.39"}, "30daysAgo": {"raw": 0.39014, "fmt": "0.39"}, "60daysAgo": {"raw": 0.39016, "fmt": "0.39"}, "90daysAgo": {"raw": 0.33681, "fmt": "0.34"}, "epsTrendCurrency": "USD"}, "epsRevisions": {"upLast7days": {"raw": 1, "fmt": "1", "longFmt": "1"}, "upLast30days": {"raw": 13, "fmt": "13", "longFmt": "13"}, "downLast30days": {"raw": 0, "fmt": null, "longFmt": "0"}, "downLast7Days": {"raw": 0, "fmt": null, "longFmt": "0"}, "downLast90days": {}, "epsRevisionsCurrency": "USD"}}, {"maxAge": 1, "period": "+1q", "endDate": "2025-12-31", "growth": {"raw": 0.13319999, "fmt": "13.32%"}, "earningsEstimate": {"avg": {"raw": 0.4193, "fmt": "0.42"}, "low": {"raw": 0.39, "fmt": "0.39"}, "high": {"raw": 0.45622, "fmt": "0.46"}, "yearAgoEps": {"raw": 0.37, "fmt": "0.37"}, "numberOfAnalysts": {"raw": 15, "fmt": "15", "longFmt": "15"}, "growth": {"raw": 0.13319999, "fmt": "13.32%"}, "earningsCurrency": "USD"}, "revenueEstimate": {"avg": {"raw": 216488030, "fmt": "216.49M", "longFmt": "216,488,030"}, "low": {"raw": 209582100, "fmt": "209.58M", "longFmt": "209,582,100"}, "high": {"raw": 222300000, "fmt": "222.3M", "longFmt": "222,300,000"}, "numberOfAnalysts": {"raw": 13, "fmt": "13", "longFmt": "13"}, "yearAgoRevenue": {"raw": 141096000, "fmt": "141.1M", "longFmt": "141,096,000"}, "growth": {"raw": 0.5343, "fmt": "53.43%"}, "revenueCurrency": "USD"}, "epsTrend": {"current": {"raw": 0.4193, "fmt": "0.42"}, "7daysAgo": {"raw": 0.4193, "fmt": "0.42"}, "30daysAgo": {"raw": 0.4193, "fmt": "0.42"}, "60daysAgo": {"raw": 0.42073, "fmt": "0.42"}, "90daysAgo": {"raw": 0.35106, "fmt": "0.35"}, "epsTrendCurrency": "USD"}, "epsRevisions": {"upLast7days": {"raw": 0, "fmt": null, "longFmt": "0"}, "upLast30days": {"raw": 13, "fmt": "13", "longFmt": "13"}, "downLast30days": {"raw": 0, "fmt": null, "longFmt": "0"}, "downLast7Days": {"raw": 1, "fmt": "1", "longFmt": "1"}, "downLast90days": {}, "epsRevisionsCurrency": "USD"}}, {"maxAge": 1, "period": "0y", "endDate": "2025-12-31", "growth": {"raw": 0.8862, "fmt": "88.62%"}, "earningsEstimate": {"avg": {"raw": 1.58438, "fmt": "1.58"}, "low": {"raw": 1.55, "fmt": "1.55"}, "high": {"raw": 1.63, "fmt": "1.63"}, "yearAgoEps": {"raw": 0.84, "fmt": "0.84"}, "numberOfAnalysts": {"raw": 18, "fmt": "18", "longFmt": "18"}, "growth": {"raw": 0.8862, "fmt": "88.62%"}, "earningsCurrency": "USD"}, "revenueEstimate": {"avg": {"raw": 775986630, "fmt": "775.99M", "longFmt": "775,986,630"}, "low": {"raw": 762470350, "fmt": "762.47M", "longFmt": "762,470,350"}, "high": {"raw": 805000000, "fmt": "805M", "longFmt": "805,000,000"}, "numberOfAnalysts": {"raw": 18, "fmt": "18", "longFmt": "18"}, "yearAgoRevenue": {"raw": 396290000, "fmt": "396.29M", "longFmt": "396,290,000"}, "growth": {"raw": 0.95809996, "fmt": "95.81%"}, "revenueCurrency": "USD"}, "epsTrend": {"current": {"raw": 1.58438, "fmt": "1.58"}, "7daysAgo": {"raw": 1.58169, "fmt": "1.58"}, "30daysAgo": {"raw": 1.58169, "fmt": "1.58"}, "60daysAgo": {"raw": 1.58259, "fmt": "1.58"}, "90daysAgo": {"raw": 1.34973, "fmt": "1.35"}, "epsTrendCurrency": "USD"}, "epsRevisions": {"upLast7days": {"raw": 1, "fmt": "1", "longFmt": "1"}, "upLast30days": {"raw": 13, "fmt": "13", "longFmt": "13"}, "downLast30days": {"raw": 0, "fmt": null, "longFmt": "0"}, "downLast7Days": {"raw": 0, "fmt": null, "longFmt": "0"}, "downLast90days": {}, "epsRevisionsCurrency": "USD"}}, {"maxAge": 1, "period": "+1y", "endDate": "2026-12-31", "growth": {"raw": 0.32529998, "fmt": "32.53%"}, "earningsEstimate": {"avg": {"raw": 2.09984, "fmt": "2.1"}, "low": {"raw": 1.8, "fmt": "1.8"}, "high": {"raw": 2.88, "fmt": "2.88"}, "yearAgoEps": {"raw": 1.58438, "fmt": "1.58"}, "numberOfAnalysts": {"raw": 18, "fmt": "18", "longFmt": "18"}, "growth": {"raw": 0.32529998, "fmt": "32.53%"}, "earningsCurrency": "USD"}, "revenueEstimate": {"avg": {"raw": 1040306930, "fmt": "1.04B", "longFmt": "1,040,306,930"}, "low": {"raw": 972500000, "fmt": "972.5M", "longFmt": "972,500,000"}, "high": {"raw": 1287000000, "fmt": "1.29B", "longFmt": "1,287,000,000"}, "numberOfAnalysts": {"raw": 17, "fmt": "17", "longFmt": "17"}, "yearAgoRevenue": {"raw": 775986630, "fmt": "775.99M", "longFmt": "775,986,630"}, "growth": {"raw": 0.3406, "fmt": "34.06%"}, "revenueCurrency": "USD"}, "epsTrend": {"current": {"raw": 2.09984, "fmt": "2.1"}, "7daysAgo": {"raw": 2.09153, "fmt": "2.09"}, "30daysAgo": {"raw": 2.09153, "fmt": "2.09"}, "60daysAgo": {"raw": 2.03852, "fmt": "2.04"}, "90daysAgo": {"raw": 1.72429, "fmt": "1.72"}, "epsTrendCurrency": "USD"}, "epsRevisions": {"upLast7days": {"raw": 1, "fmt": "1", "longFmt": "1"}, "upLast30days": {"raw": 1, "fmt": "1", "longFmt": "1"}, "downLast30days": {"raw": 0, "fmt": null, "longFmt": "0"}, "downLast7Days": {"raw": 0, "fmt": null, "longFmt": "0"}, "downLast90days": {}, "epsRevisionsCurrency": "USD"}}], "defaultMethodology": "nongaap", "maxAge": 1}, "earningsHistory": {"history": [{"maxAge": 1, "epsActual": {"raw": 0.23, "fmt": "0.23"}, "epsEstimate": {"raw": 0.17041, "fmt": "0.17"}, "epsDifference": {"raw": 0.06, "fmt": "0.06"}, "surprisePercent": {"raw": 0.3497, "fmt": "34.97%"}, "quarter": {"raw": 1727654400, "fmt": "2024-09-30"}, "currency": "USD", "period": "-4q"}, {"maxAge": 1, "epsActual": {"raw": 0.37, "fmt": "0.37"}, "epsEstimate": {"raw": 0.25904, "fmt": "0.26"}, "epsDifference": {"raw": 0.11, "fmt": "0.11"}, "surprisePercent": {"raw": 0.4284, "fmt": "42.84%"}, "quarter": {"raw": 1735603200, "fmt": "2024-12-31"}, "currency": "USD", "period": "-3q"}, {"maxAge": 1, "epsActual": {"raw": 0.33, "fmt": "0.33"}, "epsEstimate": {"raw": 0.28375, "fmt": "0.28"}, "epsDifference": {"raw": 0.05, "fmt": "0.05"}, "surprisePercent": {"raw": 0.16299999, "fmt": "16.30%"}, "quarter": {"raw": 1743379200, "fmt": "2025-03-31"}, "currency": "USD", "period": "-2q"}, {"maxAge": 1, "epsActual": {"raw": 0.44, "fmt": "0.44"}, "epsEstimate": {"raw": 0.32416, "fmt": "0.32"}, "epsDifference": {"raw": 0.12, "fmt": "0.12"}, "surprisePercent": {"raw": 0.35740003, "fmt": "35.74%"}, "quarter": {"raw": 1751241600, "fmt": "2025-06-30"}, "currency": "USD", "period": "-1q"}], "defaultMethodology": "nongaap", "maxAge": 86400}, "financialData": {"maxAge": 86400, "currentPrice": {"raw": 191.56, "fmt": "191.56"}, "targetHighPrice": {"raw": 275.0, "fmt": "275.00"}, "targetLowPrice": {"raw": 125.0, "fmt": "125.00"}, "targetMeanPrice": {"raw": 189.10526, "fmt": "189.11"}, "targetMedianPrice": {"raw": 190.0, "fmt": "190.00"}, "recommendationMean": {"raw": 1.73684, "fmt": "1.74"}, "recommendationKey": "buy", "numberOfAnalystOpinions": {"raw": 19, "fmt": "19", "longFmt": "19"}, "totalCash": {"raw": 1065086016, "fmt": "1.07B", "longFmt": "1,065,086,016"}, "totalCashPerShare": {"raw": 6.408, "fmt": "6.41"}, "ebitda": {"raw": 46647000, "fmt": "46.65M", "longFmt": "46,647,000"}, "totalDebt": {"raw": 32306000, "fmt": "32.31M", "longFmt": "32,306,000"}, "quickRatio": {"raw": 10.24, "fmt": "10.24"}, "currentRatio": {"raw": 11.099, "fmt": "11.10"}, "totalRevenue": {"raw": 605548992, "fmt": "605.55M", "longFmt": "605,548,992"}, "debtToEquity": {"raw": 2.845, "fmt": "2.85%"}, "revenuePerShare": {"raw": 3.75, "fmt": "3.75"}, "returnOnAssets": {"raw": 0.02418, "fmt": "2.42%"}, "returnOnEquity": {"raw": 0.10112, "fmt": "10.11%"}, "grossProfits": {"raw": 457299008, "fmt": "457.3M", "longFmt": "457,299,008"}, "freeCashflow": {"raw": 148112880, "fmt": "148.11M", "longFmt": "148,112,880"}, "operatingCashflow": {"raw": 249080992, "fmt": "249.08M", "longFmt": "249,080,992"}, "earningsGrowth": {}, "revenueGrowth": {"raw": 1.497, "fmt": "149.70%"}, "grossMargins": {"raw": 0.75518, "fmt": "75.52%"}, "ebitdaMargins": {"raw": 0.07703, "fmt": "7.70%"}, "operatingMargins": {"raw": 0.20724002, "fmt": "20.72%"}, "profitMargins": {"raw": 0.16540001, "fmt": "16.54%"}, "financialCurrency": "USD"}}