{"assetProfile": {"address1": "30 Haarba'a Street", "address2": "PO Box 174", "city": "Tel Aviv", "zip": "6473926", "country": "Israel", "phone": "972 9 866 6110", "website": "https://www.alarum.io", "industry": "Software - Infrastructure", "industryKey": "software-infrastructure", "industryDisp": "Software - Infrastructure", "sector": "Technology", "sectorKey": "technology", "sectorDisp": "Technology", "longBusinessSummary": "Alarum Technologies Ltd. provides web data collection solutions in North, South, and Central America, Europe, Southeast Asia, the Middle East, and Africa. It also provides static residential proxy network, rotating residential proxy network, data center proxy network, premium dedicated static residential proxies, mobile proxies, search engine results page data collection service, and social data collection service, as well as website unblocker and AI data collector services. In addition, the company offers its products through resellers, application publishers, and internet service providers. It serves advertising and media companies, financial organizations, cyber security companies, industrial and commercial companies, online companies, education institutions, AI recruitment markets, and other sectors. The company was formerly known as Safe-T Group Ltd. and changed its name to Alarum Technologies Ltd. in January 2023. Alarum Technologies Ltd. was founded in 2013 and is headquartered in Tel Aviv, Israel.", "fullTimeEmployees": 68, "companyOfficers": [{"maxAge": 1, "name": "Mr. Shachar  Daniel", "age": 46, "title": "Co-Founder, CEO & Director", "yearBorn": 1978, "fiscalYear": 2024, "totalPay": {"raw": 449000, "fmt": "449k", "longFmt": "449,000"}, "exercisedValue": {"raw": 0, "fmt": null, "longFmt": "0"}, "unexercisedValue": {"raw": 0, "fmt": null, "longFmt": "0"}}, {"maxAge": 1, "name": "Mr. Shai  Avnit CPA", "age": 58, "title": "Chief Financial Officer", "yearBorn": 1966, "fiscalYear": 2024, "totalPay": {"raw": 300000, "fmt": "300k", "longFmt": "300,000"}, "exercisedValue": {"raw": 0, "fmt": null, "longFmt": "0"}, "unexercisedValue": {"raw": 0, "fmt": null, "longFmt": "0"}}, {"maxAge": 1, "name": "Moshe  Kramer", "title": "Senior Vice President of R&D", "fiscalYear": 2024, "totalPay": {"raw": 525000, "fmt": "525k", "longFmt": "525,000"}, "exercisedValue": {"raw": 0, "fmt": null, "longFmt": "0"}, "unexercisedValue": {"raw": 0, "fmt": null, "longFmt": "0"}}, {"maxAge": 1, "name": "Jeffy  Binhas", "title": "Chief Revenue Officer", "fiscalYear": 2024, "totalPay": {"raw": 668000, "fmt": "668k", "longFmt": "668,000"}, "exercisedValue": {"raw": 0, "fmt": null, "longFmt": "0"}, "unexercisedValue": {"raw": 0, "fmt": null, "longFmt": "0"}}, {"maxAge": 1, "name": "David  Matrikin", "title": "Vice President of Products - NetNut", "fiscalYear": 2024, "totalPay": {"raw": 341000, "fmt": "341k", "longFmt": "341,000"}, "exercisedValue": {"raw": 0, "fmt": null, "longFmt": "0"}, "unexercisedValue": {"raw": 0, "fmt": null, "longFmt": "0"}}, {"maxAge": 1, "name": "Mr. Eitan  Bremler", "age": 46, "title": "Co-Founder and VP of Product Strategy, Marketing, & BD", "yearBorn": 1978, "fiscalYear": 2024, "totalPay": {"raw": 192000, "fmt": "192k", "longFmt": "192,000"}, "exercisedValue": {"raw": 0, "fmt": null, "longFmt": "0"}, "unexercisedValue": {"raw": 0, "fmt": null, "longFmt": "0"}}, {"maxAge": 1, "name": "Ezra  Muallem", "title": "Chief Operating Officer", "fiscalYear": 2024, "totalPay": {"raw": 348000, "fmt": "348k", "longFmt": "348,000"}, "exercisedValue": {"raw": 0, "fmt": null, "longFmt": "0"}, "unexercisedValue": {"raw": 0, "fmt": null, "longFmt": "0"}}, {"maxAge": 1, "name": "Tomer  Cohen", "title": "Chief Technology Officer", "fiscalYear": 2024, "totalPay": {"raw": 384000, "fmt": "384k", "longFmt": "384,000"}, "exercisedValue": {"raw": 0, "fmt": null, "longFmt": "0"}, "unexercisedValue": {"raw": 0, "fmt": null, "longFmt": "0"}}, {"maxAge": 1, "name": "Mr. Omer  Weiss", "age": 37, "title": "Compliance Officer & Legal Counsel", "yearBorn": 1987, "fiscalYear": 2024, "exercisedValue": {"raw": 0, "fmt": null, "longFmt": "0"}, "unexercisedValue": {"raw": 0, "fmt": null, "longFmt": "0"}}, {"maxAge": 1, "name": "Ms. Dafna  Lipowicz", "age": 48, "title": "Vice President of Human Resources", "yearBorn": 1976, "fiscalYear": 2024, "exercisedValue": {"raw": 0, "fmt": null, "longFmt": "0"}, "unexercisedValue": {"raw": 0, "fmt": null, "longFmt": "0"}}], "compensationAsOfEpochDate": 1735603200, "executiveTeam": [], "maxAge": 86400}, "calendarEvents": {"maxAge": 1, "earnings": {"earningsDate": [{"raw": 1756125000, "fmt": "2025-08-25"}, {"raw": 1756470600, "fmt": "2025-08-29"}], "earningsCallDate": [], "isEarningsDateEstimate": true, "earningsAverage": {"raw": 0.02, "fmt": "0.02"}, "earningsLow": {"raw": 0.02, "fmt": "0.02"}, "earningsHigh": {"raw": 0.02, "fmt": "0.02"}, "revenueAverage": {"raw": 12802500, "fmt": "12.8M", "longFmt": "12,802,500"}, "revenueLow": {"raw": 12800000, "fmt": "12.8M", "longFmt": "12,800,000"}, "revenueHigh": {"raw": 12805000, "fmt": "12.8M", "longFmt": "12,805,000"}}, "exDividendDate": {}, "dividendDate": {"raw": 1571616000, "fmt": "2019-10-21"}}, "earningsTrend": {"trend": [{"maxAge": 1, "period": "0q", "endDate": "2025-09-30", "growth": {"raw": 0.0, "fmt": "0.00%"}, "earningsEstimate": {"avg": {"raw": 0.02, "fmt": "0.02"}, "low": {"raw": 0.02, "fmt": "0.02"}, "high": {"raw": 0.02, "fmt": "0.02"}, "yearAgoEps": {"raw": 0.0, "fmt": "0"}, "numberOfAnalysts": {"raw": 1, "fmt": "1", "longFmt": "1"}, "growth": {"raw": 0.0, "fmt": "0.00%"}, "earningsCurrency": "USD"}, "revenueEstimate": {"avg": {"raw": 12802500, "fmt": "12.8M", "longFmt": "12,802,500"}, "low": {"raw": 12800000, "fmt": "12.8M", "longFmt": "12,800,000"}, "high": {"raw": 12805000, "fmt": "12.8M", "longFmt": "12,805,000"}, "numberOfAnalysts": {"raw": 2, "fmt": "2", "longFmt": "2"}, "yearAgoRevenue": {"raw": 7194000, "fmt": "7.19M", "longFmt": "7,194,000"}, "growth": {"raw": 0.77959996, "fmt": "77.96%"}, "revenueCurrency": "USD"}, "epsTrend": {"current": {"raw": 0.02, "fmt": "0.02"}, "7daysAgo": {"raw": 0.02, "fmt": "0.02"}, "30daysAgo": {"raw": 0.02, "fmt": "0.02"}, "60daysAgo": {"raw": 0.02, "fmt": "0.02"}, "90daysAgo": {"raw": 0.01, "fmt": "0.01"}, "epsTrendCurrency": "USD"}, "epsRevisions": {"upLast7days": {"raw": 0, "fmt": null, "longFmt": "0"}, "upLast30days": {"raw": 0, "fmt": null, "longFmt": "0"}, "downLast30days": {"raw": 1, "fmt": "1", "longFmt": "1"}, "downLast7Days": {"raw": 1, "fmt": "1", "longFmt": "1"}, "downLast90days": {}, "epsRevisionsCurrency": "USD"}}, {"maxAge": 1, "period": "+1q", "endDate": "2025-12-31", "growth": {"raw": -0.9, "fmt": "-90.00%"}, "earningsEstimate": {"avg": {"raw": 0.02, "fmt": "0.02"}, "low": {"raw": 0.02, "fmt": "0.02"}, "high": {"raw": 0.02, "fmt": "0.02"}, "yearAgoEps": {"raw": 0.2, "fmt": "0.2"}, "numberOfAnalysts": {"raw": 1, "fmt": "1", "longFmt": "1"}, "growth": {"raw": -0.9, "fmt": "-90.00%"}, "earningsCurrency": "USD"}, "revenueEstimate": {"avg": {"raw": 11412000, "fmt": "11.41M", "longFmt": "11,412,000"}, "low": {"raw": 11400000, "fmt": "11.4M", "longFmt": "11,400,000"}, "high": {"raw": 11424000, "fmt": "11.42M", "longFmt": "11,424,000"}, "numberOfAnalysts": {"raw": 2, "fmt": "2", "longFmt": "2"}, "yearAgoRevenue": {"raw": 7370000, "fmt": "7.37M", "longFmt": "7,370,000"}, "growth": {"raw": 0.5484, "fmt": "54.84%"}, "revenueCurrency": "USD"}, "epsTrend": {"current": {"raw": 0.02, "fmt": "0.02"}, "7daysAgo": {"raw": 0.02, "fmt": "0.02"}, "30daysAgo": {"raw": 0.02, "fmt": "0.02"}, "60daysAgo": {"raw": 0.02, "fmt": "0.02"}, "90daysAgo": {"raw": 0.01, "fmt": "0.01"}, "epsTrendCurrency": "USD"}, "epsRevisions": {"upLast7days": {"raw": 0, "fmt": null, "longFmt": "0"}, "upLast30days": {"raw": 0, "fmt": null, "longFmt": "0"}, "downLast30days": {"raw": 1, "fmt": "1", "longFmt": "1"}, "downLast7Days": {"raw": 1, "fmt": "1", "longFmt": "1"}, "downLast90days": {}, "epsRevisionsCurrency": "USD"}}, {"maxAge": 1, "period": "0y", "endDate": "2025-12-31", "growth": {"raw": -0.9444, "fmt": "-94.44%"}, "earningsEstimate": {"avg": {"raw": 0.07, "fmt": "0.07"}, "low": {"raw": 0.07, "fmt": "0.07"}, "high": {"raw": 0.07, "fmt": "0.07"}, "yearAgoEps": {"raw": 1.26, "fmt": "1.26"}, "numberOfAnalysts": {"raw": 1, "fmt": "1", "longFmt": "1"}, "growth": {"raw": -0.9444, "fmt": "-94.44%"}, "earningsCurrency": "USD"}, "revenueEstimate": {"avg": {"raw": 40176500, "fmt": "40.18M", "longFmt": "40,176,500"}, "low": {"raw": 40153000, "fmt": "40.15M", "longFmt": "40,153,000"}, "high": {"raw": 40200000, "fmt": "40.2M", "longFmt": "40,200,000"}, "numberOfAnalysts": {"raw": 2, "fmt": "2", "longFmt": "2"}, "yearAgoRevenue": {"raw": 31824000, "fmt": "31.82M", "longFmt": "31,824,000"}, "growth": {"raw": 0.2625, "fmt": "26.25%"}, "revenueCurrency": "USD"}, "epsTrend": {"current": {"raw": 0.07, "fmt": "0.07"}, "7daysAgo": {"raw": 0.07, "fmt": "0.07"}, "30daysAgo": {"raw": 0.07, "fmt": "0.07"}, "60daysAgo": {"raw": 0.07, "fmt": "0.07"}, "90daysAgo": {"raw": 0.05, "fmt": "0.05"}, "epsTrendCurrency": "USD"}, "epsRevisions": {"upLast7days": {"raw": 0, "fmt": null, "longFmt": "0"}, "upLast30days": {"raw": 0, "fmt": null, "longFmt": "0"}, "downLast30days": {"raw": 1, "fmt": "1", "longFmt": "1"}, "downLast7Days": {"raw": 1, "fmt": "1", "longFmt": "1"}, "downLast90days": {}, "epsRevisionsCurrency": "USD"}}, {"maxAge": 1, "period": "+1y", "endDate": "2026-12-31", "growth": {"raw": 1.0, "fmt": "100.00%"}, "earningsEstimate": {"avg": {"raw": 0.14, "fmt": "0.14"}, "low": {"raw": 0.14, "fmt": "0.14"}, "high": {"raw": 0.14, "fmt": "0.14"}, "yearAgoEps": {"raw": 0.07, "fmt": "0.07"}, "numberOfAnalysts": {"raw": 1, "fmt": "1", "longFmt": "1"}, "growth": {"raw": 1.0, "fmt": "100.00%"}, "earningsCurrency": "USD"}, "revenueEstimate": {"avg": {"raw": 52962500, "fmt": "52.96M", "longFmt": "52,962,500"}, "low": {"raw": 51700000, "fmt": "51.7M", "longFmt": "51,700,000"}, "high": {"raw": 54225000, "fmt": "54.23M", "longFmt": "54,225,000"}, "numberOfAnalysts": {"raw": 2, "fmt": "2", "longFmt": "2"}, "yearAgoRevenue": {"raw": 40176500, "fmt": "40.18M", "longFmt": "40,176,500"}, "growth": {"raw": 0.3182, "fmt": "31.82%"}, "revenueCurrency": "USD"}, "epsTrend": {"current": {"raw": 0.14, "fmt": "0.14"}, "7daysAgo": {"raw": 0.11, "fmt": "0.11"}, "30daysAgo": {"raw": 0.11, "fmt": "0.11"}, "60daysAgo": {"raw": 0.11, "fmt": "0.11"}, "90daysAgo": {"raw": 0.07, "fmt": "0.07"}, "epsTrendCurrency": "USD"}, "epsRevisions": {"upLast7days": {"raw": 1, "fmt": "1", "longFmt": "1"}, "upLast30days": {"raw": 1, "fmt": "1", "longFmt": "1"}, "downLast30days": {"raw": 0, "fmt": null, "longFmt": "0"}, "downLast7Days": {"raw": 0, "fmt": null, "longFmt": "0"}, "downLast90days": {}, "epsRevisionsCurrency": "USD"}}], "defaultMethodology": "nongaap", "maxAge": 1}, "earningsHistory": {"history": [{"maxAge": 1, "epsActual": {"raw": 0.0, "fmt": "0"}, "epsEstimate": {"raw": 0.04, "fmt": "0.04"}, "epsDifference": {"raw": -0.04, "fmt": "-0.04"}, "surprisePercent": {"raw": -1.0, "fmt": "-100.00%"}, "quarter": {"raw": 1727654400, "fmt": "2024-09-30"}, "currency": "USD", "period": "-4q"}, {"maxAge": 1, "epsActual": {"raw": 0.2, "fmt": "0.2"}, "epsEstimate": {"raw": 0.02, "fmt": "0.02"}, "epsDifference": {"raw": 0.18, "fmt": "0.18"}, "surprisePercent": {"raw": 9.0, "fmt": "900.00%"}, "quarter": {"raw": 1735603200, "fmt": "2024-12-31"}, "currency": "USD", "period": "-3q"}, {"maxAge": 1, "epsActual": {"raw": 0.16, "fmt": "0.16"}, "epsEstimate": {"raw": 0.01, "fmt": "0.01"}, "epsDifference": {"raw": 0.15, "fmt": "0.15"}, "surprisePercent": {"raw": 15.0, "fmt": "1,500.00%"}, "quarter": {"raw": 1743379200, "fmt": "2025-03-31"}, "currency": "USD", "period": "-2q"}, {"maxAge": 1, "epsActual": {"raw": 0.17, "fmt": "0.17"}, "epsEstimate": {"raw": 0.02, "fmt": "0.02"}, "epsDifference": {"raw": 0.15, "fmt": "0.15"}, "surprisePercent": {"raw": 7.5, "fmt": "750.00%"}, "quarter": {"raw": 1751241600, "fmt": "2025-06-30"}, "currency": "USD", "period": "-1q"}], "defaultMethodology": "nongaap", "maxAge": 86400}, "financialData": {"maxAge": 86400, "currentPrice": {"raw": 16.25, "fmt": "16.25"}, "targetHighPrice": {"raw": 27.0, "fmt": "27.00"}, "targetLowPrice": {"raw": 20.0, "fmt": "20.00"}, "targetMeanPrice": {"raw": 23.5, "fmt": "23.50"}, "targetMedianPrice": {"raw": 23.5, "fmt": "23.50"}, "recommendationMean": {}, "recommendationKey": "none", "numberOfAnalystOpinions": {"raw": 2, "fmt": "2", "longFmt": "2"}, "totalCash": {"raw": 14914000, "fmt": "14.91M", "longFmt": "14,914,000"}, "totalCashPerShare": {"raw": 0.212, "fmt": "0.21"}, "ebitda": {"raw": 1789000, "fmt": "1.79M", "longFmt": "1,789,000"}, "totalDebt": {"raw": 893000, "fmt": "893k", "longFmt": "893,000"}, "quickRatio": {"raw": 2.877, "fmt": "2.88"}, "currentRatio": {"raw": 2.988, "fmt": "2.99"}, "totalRevenue": {"raw": 30488000, "fmt": "30.49M", "longFmt": "30,488,000"}, "debtToEquity": {"raw": 3.066, "fmt": "3.07%"}, "revenuePerShare": {"raw": 4.12, "fmt": "4.12"}, "returnOnAssets": {"raw": 0.03285, "fmt": "3.29%"}, "returnOnEquity": {"raw": 0.2174, "fmt": "21.74%"}, "grossProfits": {"raw": 20744000, "fmt": "20.74M", "longFmt": "20,744,000"}, "freeCashflow": {"raw": -424000, "fmt": "-424k", "longFmt": "-424,000"}, "operatingCashflow": {"raw": 2818000, "fmt": "2.82M", "longFmt": "2,818,000"}, "earningsGrowth": {}, "revenueGrowth": {"raw": -0.01, "fmt": "-1.00%"}, "grossMargins": {"raw": 0.6804, "fmt": "68.04%"}, "ebitdaMargins": {"raw": 0.05868, "fmt": "5.87%"}, "operatingMargins": {"raw": -0.00228, "fmt": "-0.23%"}, "profitMargins": {"raw": 0.17666, "fmt": "17.67%"}, "financialCurrency": "USD"}}