{"assetProfile": {"address1": "4400 Route 9 South", "address2": "Suite 3100", "city": "Freehold", "state": "NJ", "zip": "07728", "country": "United States", "phone": "732 780 4400", "website": "https://www.avalon-globocare.com", "industry": "Real Estate Services", "industryKey": "real-estate-services", "industryDisp": "Real Estate Services", "sector": "Real Estate", "sectorKey": "real-estate", "sectorDisp": "Real Estate", "longBusinessSummary": "Avalon GloboCare Corp., together with its subsidiaries, owns and operates commercial real estate properties in the United States. It also distributes the KetoAir device, which is a breathalyzer system that detects acetone levels in exhaled breath; and the AI Nutritionist software program that helps users monitor and manage ketogenic diet and related programs. Avalon GloboCare Corp. was founded in 2015 and is headquartered in Freehold, New Jersey.", "fullTimeEmployees": 4, "companyOfficers": [{"maxAge": 1, "name": "Dr. David K. Jin M.D., Ph.D.", "age": 56, "title": "CEO, President & Director", "yearBorn": 1968, "fiscalYear": 2024, "totalPay": {"raw": 180000, "fmt": "180k", "longFmt": "180,000"}, "exercisedValue": {"raw": 0, "fmt": null, "longFmt": "0"}, "unexercisedValue": {"raw": 0, "fmt": null, "longFmt": "0"}}, {"maxAge": 1, "name": "Ms. Luisa  Ingargiola", "age": 57, "title": "Chief Financial Officer", "yearBorn": 1967, "fiscalYear": 2024, "totalPay": {"raw": 350000, "fmt": "350k", "longFmt": "350,000"}, "exercisedValue": {"raw": 0, "fmt": null, "longFmt": "0"}, "unexercisedValue": {"raw": 0, "fmt": null, "longFmt": "0"}}, {"maxAge": 1, "name": "Ms. Meng  Li", "age": 46, "title": "Chief Marketing Officer & Secretary", "yearBorn": 1978, "fiscalYear": 2024, "totalPay": {"raw": 205471, "fmt": "205.47k", "longFmt": "205,471"}, "exercisedValue": {"raw": 0, "fmt": null, "longFmt": "0"}, "unexercisedValue": {"raw": 0, "fmt": null, "longFmt": "0"}}], "compensationAsOfEpochDate": 1735603200, "executiveTeam": [], "maxAge": 86400}, "calendarEvents": {"maxAge": 1, "earnings": {"earningsDate": [{"raw": 1755547200, "fmt": "2025-08-18"}, {"raw": 1755892800, "fmt": "2025-08-22"}], "earningsCallDate": [], "isEarningsDateEstimate": true, "earningsAverage": {}, "earningsLow": {}, "earningsHigh": {}, "revenueAverage": {}, "revenueLow": {}, "revenueHigh": {}}, "exDividendDate": {}, "dividendDate": {}}, "earningsTrend": {"trend": [{"maxAge": 1, "period": "0q", "endDate": null, "growth": {}, "earningsEstimate": {"avg": {}, "low": {}, "high": {}, "yearAgoEps": {}, "numberOfAnalysts": {}, "growth": {}, "earningsCurrency": null}, "revenueEstimate": {"avg": {"raw": 0, "fmt": null, "longFmt": "0"}, "low": {"raw": 0, "fmt": null, "longFmt": "0"}, "high": {"raw": 0, "fmt": null, "longFmt": "0"}, "numberOfAnalysts": {"raw": 0, "fmt": null, "longFmt": "0"}, "yearAgoRevenue": {}, "growth": {}, "revenueCurrency": null}, "epsTrend": {"current": {}, "7daysAgo": {}, "30daysAgo": {}, "60daysAgo": {}, "90daysAgo": {}, "epsTrendCurrency": null}, "epsRevisions": {"upLast7days": {}, "upLast30days": {}, "downLast30days": {}, "downLast7Days": {}, "downLast90days": {}, "epsRevisionsCurrency": null}}, {"maxAge": 1, "period": "+1q", "endDate": null, "growth": {}, "earningsEstimate": {"avg": {}, "low": {}, "high": {}, "yearAgoEps": {}, "numberOfAnalysts": {}, "growth": {}, "earningsCurrency": null}, "revenueEstimate": {"avg": {"raw": 0, "fmt": null, "longFmt": "0"}, "low": {"raw": 0, "fmt": null, "longFmt": "0"}, "high": {"raw": 0, "fmt": null, "longFmt": "0"}, "numberOfAnalysts": {"raw": 0, "fmt": null, "longFmt": "0"}, "yearAgoRevenue": {}, "growth": {}, "revenueCurrency": null}, "epsTrend": {"current": {}, "7daysAgo": {}, "30daysAgo": {}, "60daysAgo": {}, "90daysAgo": {}, "epsTrendCurrency": null}, "epsRevisions": {"upLast7days": {}, "upLast30days": {}, "downLast30days": {}, "downLast7Days": {}, "downLast90days": {}, "epsRevisionsCurrency": null}}, {"maxAge": 1, "period": "0y", "endDate": null, "growth": {}, "earningsEstimate": {"avg": {}, "low": {}, "high": {}, "yearAgoEps": {}, "numberOfAnalysts": {}, "growth": {}, "earningsCurrency": null}, "revenueEstimate": {"avg": {"raw": 0, "fmt": null, "longFmt": "0"}, "low": {"raw": 0, "fmt": null, "longFmt": "0"}, "high": {"raw": 0, "fmt": null, "longFmt": "0"}, "numberOfAnalysts": {"raw": 0, "fmt": null, "longFmt": "0"}, "yearAgoRevenue": {}, "growth": {}, "revenueCurrency": null}, "epsTrend": {"current": {}, "7daysAgo": {}, "30daysAgo": {}, "60daysAgo": {}, "90daysAgo": {}, "epsTrendCurrency": null}, "epsRevisions": {"upLast7days": {}, "upLast30days": {}, "downLast30days": {}, "downLast7Days": {}, "downLast90days": {}, "epsRevisionsCurrency": null}}, {"maxAge": 1, "period": "+1y", "endDate": null, "growth": {}, "earningsEstimate": {"avg": {}, "low": {}, "high": {}, "yearAgoEps": {}, "numberOfAnalysts": {}, "growth": {}, "earningsCurrency": null}, "revenueEstimate": {"avg": {"raw": 0, "fmt": null, "longFmt": "0"}, "low": {"raw": 0, "fmt": null, "longFmt": "0"}, "high": {"raw": 0, "fmt": null, "longFmt": "0"}, "numberOfAnalysts": {"raw": 0, "fmt": null, "longFmt": "0"}, "yearAgoRevenue": {}, "growth": {}, "revenueCurrency": null}, "epsTrend": {"current": {}, "7daysAgo": {}, "30daysAgo": {}, "60daysAgo": {}, "90daysAgo": {}, "epsTrendCurrency": null}, "epsRevisions": {"upLast7days": {}, "upLast30days": {}, "downLast30days": {}, "downLast7Days": {}, "downLast90days": {}, "epsRevisionsCurrency": null}}], "defaultMethodology": "nongaap", "maxAge": 1}, "earningsHistory": {"history": [], "defaultMethodology": "nongaap", "maxAge": 86400}, "financialData": {"maxAge": 86400, "currentPrice": {"raw": 2.09, "fmt": "2.09"}, "targetHighPrice": {}, "targetLowPrice": {}, "targetMeanPrice": {}, "targetMedianPrice": {}, "recommendationMean": {}, "recommendationKey": "none", "numberOfAnalystOpinions": {}, "totalCash": {"raw": 201532, "fmt": "201.53k", "longFmt": "201,532"}, "totalCashPerShare": {"raw": 0.053, "fmt": "0.05"}, "ebitda": {"raw": -8097351, "fmt": "-8.1M", "longFmt": "-8,097,351"}, "totalDebt": {"raw": 11574109, "fmt": "11.57M", "longFmt": "11,574,109"}, "quickRatio": {"raw": 0.02, "fmt": "0.02"}, "currentRatio": {"raw": 0.062, "fmt": "0.06"}, "totalRevenue": {"raw": 1159091, "fmt": "1.16M", "longFmt": "1,159,091"}, "debtToEquity": {}, "revenuePerShare": {"raw": 0.766, "fmt": "0.77"}, "returnOnAssets": {"raw": -0.37608, "fmt": "-37.61%"}, "returnOnEquity": {}, "grossProfits": {"raw": -1539336, "fmt": "-1.54M", "longFmt": "-1,539,336"}, "freeCashflow": {"raw": -7286514, "fmt": "-7.29M", "longFmt": "-7,286,514"}, "operatingCashflow": {"raw": -5999411, "fmt": "-6M", "longFmt": "-5,999,411"}, "earningsGrowth": {}, "revenueGrowth": {}, "grossMargins": {"raw": -1.3280499, "fmt": "-132.80%"}, "ebitdaMargins": {"raw": 0.0, "fmt": "0.00%"}, "operatingMargins": {"raw": -11.09566, "fmt": "-1,109.57%"}, "profitMargins": {"raw": 0.0, "fmt": "0.00%"}, "financialCurrency": "USD"}}