{"assetProfile": {"address1": "10070 Daniels Interstate Court", "address2": "Suite 200", "city": "Fort Myers", "state": "FL", "zip": "33913", "country": "United States", "phone": "239 226 2000", "website": "https://www.alicoinc.com", "industry": "Farm Products", "industryKey": "farm-products", "industryDisp": "Farm Products", "sector": "Consumer Defensive", "sectorKey": "consumer-defensive", "sectorDisp": "Consumer Defensive", "longBusinessSummary": "Alico, Inc., together with its subsidiaries, operates as an agribusiness and land management company in the United States. The company operates in two segments: Alico Citrus, and Land Management and Other Operations. The Alico Citrus segment engages in planting, owning, and cultivating or managing citrus groves to produce fruit for sale to fresh and processed citrus markets, as well as purchasing and reselling of fruit and value-added services, which includes contracting for the harvesting, marketing, and hauling of citrus. The Land Management and Other Operations segment engages in the grazing and hunting leasing, management, and/or conservation of unimproved native pastureland, and activities related to rock mining royalties and other business; and owning or leasing of improved farmland. The company was incorporated in 1960 and is based in Fort Myers, Florida.", "fullTimeEmployees": 199, "companyOfficers": [{"maxAge": 1, "name": "Mr. John E. Kiernan Esq.", "age": 56, "title": "President, CEO & Director", "yearBorn": 1968, "fiscalYear": 2024, "totalPay": {"raw": 1576769, "fmt": "1.58M", "longFmt": "1,576,769"}, "exercisedValue": {"raw": 0, "fmt": null, "longFmt": "0"}, "unexercisedValue": {"raw": 0, "fmt": null, "longFmt": "0"}}, {"maxAge": 1, "name": "Mr. Bradley  Heine", "age": 52, "title": "Chief Financial Officer & Accounting Officer", "yearBorn": 1972, "fiscalYear": 2024, "totalPay": {"raw": 305721, "fmt": "305.72k", "longFmt": "305,721"}, "exercisedValue": {"raw": 0, "fmt": null, "longFmt": "0"}, "unexercisedValue": {"raw": 0, "fmt": null, "longFmt": "0"}}, {"maxAge": 1, "name": "Mr. James E. Sampel", "age": 59, "title": "Chief Information Officer", "yearBorn": 1965, "fiscalYear": 2024, "totalPay": {"raw": 268294, "fmt": "268.29k", "longFmt": "268,294"}, "exercisedValue": {"raw": 0, "fmt": null, "longFmt": "0"}, "unexercisedValue": {"raw": 0, "fmt": null, "longFmt": "0"}}, {"maxAge": 1, "name": "Ms. Mary  Molina", "title": "Chief Administrative Officer & Corporate Secretary", "fiscalYear": 2024, "exercisedValue": {"raw": 0, "fmt": null, "longFmt": "0"}, "unexercisedValue": {"raw": 0, "fmt": null, "longFmt": "0"}}, {"maxAge": 1, "name": "Mr. Mitch  Hutchcraft", "age": 57, "title": "Executive Vice President of Real Estate", "yearBorn": 1967, "fiscalYear": 2024, "exercisedValue": {"raw": 0, "fmt": null, "longFmt": "0"}, "unexercisedValue": {"raw": 0, "fmt": null, "longFmt": "0"}}], "auditRisk": 10, "boardRisk": 3, "compensationRisk": 7, "shareHolderRightsRisk": 1, "overallRisk": 3, "governanceEpochDate": 1761955200, "compensationAsOfEpochDate": 1735603200, "executiveTeam": [], "maxAge": 86400}, "calendarEvents": {"maxAge": 1, "earnings": {"earningsDate": [{"raw": 1764709200, "fmt": "2025-12-02"}], "earningsCallDate": [{"raw": 1755088200, "fmt": "2025-08-13"}], "isEarningsDateEstimate": true, "earningsAverage": {"raw": -0.39, "fmt": "-0.39"}, "earningsLow": {"raw": -0.39, "fmt": "-0.39"}, "earningsHigh": {"raw": -0.39, "fmt": "-0.39"}, "revenueAverage": {"raw": 300000, "fmt": "300k", "longFmt": "300,000"}, "revenueLow": {"raw": 300000, "fmt": "300k", "longFmt": "300,000"}, "revenueHigh": {"raw": 300000, "fmt": "300k", "longFmt": "300,000"}}, "exDividendDate": {"raw": 1758844800, "fmt": "2025-09-26"}, "dividendDate": {"raw": 1760054400, "fmt": "2025-10-10"}}, "earningsTrend": {"trend": [{"maxAge": 1, "period": "0q", "endDate": "2025-09-30", "growth": {}, "earningsEstimate": {"avg": {"raw": -0.39, "fmt": "-0.39"}, "low": {"raw": -0.39, "fmt": "-0.39"}, "high": {"raw": -0.39, "fmt": "-0.39"}, "yearAgoEps": {}, "numberOfAnalysts": {"raw": 1, "fmt": "1", "longFmt": "1"}, "growth": {}, "earningsCurrency": "USD"}, "revenueEstimate": {"avg": {"raw": 300000, "fmt": "300k", "longFmt": "300,000"}, "low": {"raw": 300000, "fmt": "300k", "longFmt": "300,000"}, "high": {"raw": 300000, "fmt": "300k", "longFmt": "300,000"}, "numberOfAnalysts": {"raw": 1, "fmt": "1", "longFmt": "1"}, "yearAgoRevenue": {}, "growth": {}, "revenueCurrency": "USD"}, "epsTrend": {"current": {"raw": -0.39, "fmt": "-0.39"}, "7daysAgo": {"raw": -0.39, "fmt": "-0.39"}, "30daysAgo": {"raw": -0.39, "fmt": "-0.39"}, "60daysAgo": {"raw": -0.34, "fmt": "-0.34"}, "90daysAgo": {"raw": -0.34, "fmt": "-0.34"}, "epsTrendCurrency": "USD"}, "epsRevisions": {"upLast7days": {"raw": 0, "fmt": null, "longFmt": "0"}, "upLast30days": {"raw": 0, "fmt": null, "longFmt": "0"}, "downLast30days": {"raw": 1, "fmt": "1", "longFmt": "1"}, "downLast7Days": {"raw": 1, "fmt": "1", "longFmt": "1"}, "downLast90days": {}, "epsRevisionsCurrency": "USD"}}, {"maxAge": 1, "period": "+1q", "endDate": "2025-12-31", "growth": {"raw": 1.0, "fmt": "100.00%"}, "earningsEstimate": {"avg": {"raw": 0.0, "fmt": "0"}, "low": {"raw": 0.0, "fmt": "0"}, "high": {"raw": 0.0, "fmt": "0"}, "yearAgoEps": {"raw": -0.229, "fmt": "-0.23"}, "numberOfAnalysts": {"raw": 1, "fmt": "1", "longFmt": "1"}, "growth": {"raw": 1.0, "fmt": "100.00%"}, "earningsCurrency": "USD"}, "revenueEstimate": {"avg": {"raw": 3000000, "fmt": "3M", "longFmt": "3,000,000"}, "low": {"raw": 3000000, "fmt": "3M", "longFmt": "3,000,000"}, "high": {"raw": 3000000, "fmt": "3M", "longFmt": "3,000,000"}, "numberOfAnalysts": {"raw": 1, "fmt": "1", "longFmt": "1"}, "yearAgoRevenue": {"raw": 16894000, "fmt": "16.89M", "longFmt": "16,894,000"}, "growth": {"raw": -0.8224, "fmt": "-82.24%"}, "revenueCurrency": "USD"}, "epsTrend": {"current": {"raw": 0.0, "fmt": "0"}, "7daysAgo": {"raw": 0.0, "fmt": "0"}, "30daysAgo": {"raw": 0.0, "fmt": "0"}, "60daysAgo": {"raw": 0.0, "fmt": "0"}, "90daysAgo": {"raw": 0.0, "fmt": "0"}, "epsTrendCurrency": "USD"}, "epsRevisions": {"upLast7days": {"raw": 0, "fmt": null, "longFmt": "0"}, "upLast30days": {"raw": 0, "fmt": null, "longFmt": "0"}, "downLast30days": {"raw": 0, "fmt": null, "longFmt": "0"}, "downLast7Days": {"raw": 0, "fmt": null, "longFmt": "0"}, "downLast90days": {}, "epsRevisionsCurrency": "USD"}}, {"maxAge": 1, "period": "0y", "endDate": "2025-09-30", "growth": {}, "earningsEstimate": {"avg": {"raw": -11.01, "fmt": "-11.01"}, "low": {"raw": -11.01, "fmt": "-11.01"}, "high": {"raw": -11.01, "fmt": "-11.01"}, "yearAgoEps": {}, "numberOfAnalysts": {"raw": 1, "fmt": "1", "longFmt": "1"}, "growth": {}, "earningsCurrency": "USD"}, "revenueEstimate": {"avg": {"raw": 43893500, "fmt": "43.89M", "longFmt": "43,893,500"}, "low": {"raw": 43500000, "fmt": "43.5M", "longFmt": "43,500,000"}, "high": {"raw": 44287000, "fmt": "44.29M", "longFmt": "44,287,000"}, "numberOfAnalysts": {"raw": 2, "fmt": "2", "longFmt": "2"}, "yearAgoRevenue": {}, "growth": {}, "revenueCurrency": "USD"}, "epsTrend": {"current": {"raw": -11.01, "fmt": "-11.01"}, "7daysAgo": {"raw": -10.41, "fmt": "-10.41"}, "30daysAgo": {"raw": -10.41, "fmt": "-10.41"}, "60daysAgo": {"raw": -1.16, "fmt": "-1.16"}, "90daysAgo": {"raw": -1.16, "fmt": "-1.16"}, "epsTrendCurrency": "USD"}, "epsRevisions": {"upLast7days": {"raw": 0, "fmt": null, "longFmt": "0"}, "upLast30days": {"raw": 0, "fmt": null, "longFmt": "0"}, "downLast30days": {"raw": 1, "fmt": "1", "longFmt": "1"}, "downLast7Days": {"raw": 1, "fmt": "1", "longFmt": "1"}, "downLast90days": {}, "epsRevisionsCurrency": "USD"}}, {"maxAge": 1, "period": "+1y", "endDate": "2026-09-30", "growth": {"raw": 0.8647, "fmt": "86.47%"}, "earningsEstimate": {"avg": {"raw": -1.49, "fmt": "-1.49"}, "low": {"raw": -1.49, "fmt": "-1.49"}, "high": {"raw": -1.49, "fmt": "-1.49"}, "yearAgoEps": {"raw": -11.01, "fmt": "-11.01"}, "numberOfAnalysts": {"raw": 1, "fmt": "1", "longFmt": "1"}, "growth": {"raw": 0.8647, "fmt": "86.47%"}, "earningsCurrency": "USD"}, "revenueEstimate": {"avg": {"raw": 6789000, "fmt": "6.79M", "longFmt": "6,789,000"}, "low": {"raw": 3078000, "fmt": "3.08M", "longFmt": "3,078,000"}, "high": {"raw": 10500000, "fmt": "10.5M", "longFmt": "10,500,000"}, "numberOfAnalysts": {"raw": 2, "fmt": "2", "longFmt": "2"}, "yearAgoRevenue": {"raw": 43893500, "fmt": "43.89M", "longFmt": "43,893,500"}, "growth": {"raw": -0.84529996, "fmt": "-84.53%"}, "revenueCurrency": "USD"}, "epsTrend": {"current": {"raw": -1.49, "fmt": "-1.49"}, "7daysAgo": {"raw": -0.57, "fmt": "-0.57"}, "30daysAgo": {"raw": -0.57, "fmt": "-0.57"}, "60daysAgo": {"raw": 0.0, "fmt": "0"}, "90daysAgo": {"raw": 0.0, "fmt": "0"}, "epsTrendCurrency": "USD"}, "epsRevisions": {"upLast7days": {"raw": 0, "fmt": null, "longFmt": "0"}, "upLast30days": {"raw": 0, "fmt": null, "longFmt": "0"}, "downLast30days": {"raw": 1, "fmt": "1", "longFmt": "1"}, "downLast7Days": {"raw": 1, "fmt": "1", "longFmt": "1"}, "downLast90days": {}, "epsRevisionsCurrency": "USD"}}], "defaultMethodology": "nongaap", "maxAge": 1}, "earningsHistory": {"history": [{"maxAge": 1, "epsActual": {"raw": -0.229, "fmt": "-0.23"}, "epsEstimate": {"raw": -0.93, "fmt": "-0.93"}, "epsDifference": {"raw": 0.7, "fmt": "0.7"}, "surprisePercent": {"raw": 0.7538, "fmt": "75.38%"}, "quarter": {"raw": 1735603200, "fmt": "2024-12-31"}, "currency": "USD", "period": "-3q"}, {"maxAge": 1, "epsActual": {"raw": -11.6872, "fmt": "-11.69"}, "epsEstimate": {"raw": -0.36, "fmt": "-0.36"}, "epsDifference": {"raw": -11.33, "fmt": "-11.33"}, "surprisePercent": {"raw": -31.4644, "fmt": "-3,146.44%"}, "quarter": {"raw": 1743379200, "fmt": "2025-03-31"}, "currency": "USD", "period": "-2q"}, {"maxAge": 1, "epsActual": {"raw": -2.3872, "fmt": "-2.39"}, "epsEstimate": {"raw": -1.09, "fmt": "-1.09"}, "epsDifference": {"raw": -1.3, "fmt": "-1.3"}, "surprisePercent": {"raw": -1.1901001, "fmt": "-119.01%"}, "quarter": {"raw": 1751241600, "fmt": "2025-06-30"}, "currency": "USD", "period": "-1q"}], "defaultMethodology": "nongaap", "maxAge": 86400}, "financialData": {"maxAge": 86400, "currentPrice": {"raw": 33.47, "fmt": "33.47"}, "targetHighPrice": {"raw": 44.0, "fmt": "44.00"}, "targetLowPrice": {"raw": 35.0, "fmt": "35.00"}, "targetMeanPrice": {"raw": 39.5, "fmt": "39.50"}, "targetMedianPrice": {"raw": 39.5, "fmt": "39.50"}, "recommendationMean": {}, "recommendationKey": "none", "numberOfAnalystOpinions": {"raw": 2, "fmt": "2", "longFmt": "2"}, "totalCash": {"raw": 42073000, "fmt": "42.07M", "longFmt": "42,073,000"}, "totalCashPerShare": {"raw": 5.503, "fmt": "5.5"}, "ebitda": {"raw": -11040000, "fmt": "-11.04M", "longFmt": "-11,040,000"}, "totalDebt": {"raw": 85297000, "fmt": "85.3M", "longFmt": "85,297,000"}, "quickRatio": {"raw": 7.496, "fmt": "7.50"}, "currentRatio": {"raw": 9.375, "fmt": "9.38"}, "totalRevenue": {"raw": 44199000, "fmt": "44.2M", "longFmt": "44,199,000"}, "debtToEquity": {"raw": 73.091, "fmt": "73.09%"}, "revenuePerShare": {"raw": 5.789, "fmt": "5.79"}, "returnOnAssets": {"raw": -0.37097, "fmt": "-37.10%"}, "returnOnEquity": {"raw": -0.80394, "fmt": "-80.39%"}, "grossProfits": {"raw": -174200000, "fmt": "-174.2M", "longFmt": "-174,200,000"}, "freeCashflow": {"raw": 68171128, "fmt": "68.17M", "longFmt": "68,171,128"}, "operatingCashflow": {"raw": 11064000, "fmt": "11.06M", "longFmt": "11,064,000"}, "earningsGrowth": {}, "revenueGrowth": {"raw": -0.384, "fmt": "-38.40%"}, "grossMargins": {"raw": 0.0, "fmt": "0.00%"}, "ebitdaMargins": {"raw": -0.24978, "fmt": "-24.98%"}, "operatingMargins": {"raw": -3.3789, "fmt": "-337.89%"}, "profitMargins": {"raw": 0.0, "fmt": "0.00%"}, "financialCurrency": "USD"}}