{"assetProfile": {"address1": "131 Hartwell Avenue", "address2": "Suite 320", "city": "Lexington", "state": "MA", "zip": "02421", "country": "United States", "phone": "781 761 4904", "fax": "339 674 6495", "website": "https://www.aldeyra.com", "industry": "Biotechnology", "industryKey": "biotechnology", "industryDisp": "Biotechnology", "sector": "Healthcare", "sectorKey": "healthcare", "sectorDisp": "Healthcare", "longBusinessSummary": "Aldeyra Therapeutics, Inc., a biotechnology company, discovers and develops therapies designed to treat immune-mediated and metabolic diseases. Its lead product candidate is reproxalap, a reactive aldehyde species (RASP) modulator, which is in Phase III clinical trial for the treatment of dry eye disease and allergic conjunctivitis; and ADX-2191, a dihydrofolate reductase inhibitor for the treatment retinitis pigmentosa. The company also develops ADX-629, an orally administered RASP modulator that is in Phase 2 clinical trials for the treatment of COVID-19, atopic asthma, psoriasis, and alcohol intoxication. In addition, it develops preclinical RASP platform, including ADX 248, ADX 743, ADX 631, ADX 246, and other product candidates in development for inflammatory and metabolic diseases. The company was formerly known as Aldexa Therapeutics, Inc. and changed its name to Aldeyra Therapeutics, Inc. in March 2014. Aldeyra Therapeutics, Inc. was incorporated in 2004 and is based in Lexington, Massachusetts.", "fullTimeEmployees": 8, "companyOfficers": [{"maxAge": 1, "name": "Dr. Todd C. Brady M.D., Ph.D.", "age": 52, "title": "CEO, President & Director", "yearBorn": 1972, "fiscalYear": 2024, "totalPay": {"raw": 930828, "fmt": "930.83k", "longFmt": "930,828"}, "exercisedValue": {"raw": 0, "fmt": null, "longFmt": "0"}, "unexercisedValue": {"raw": 827629, "fmt": "827.63k", "longFmt": "827,629"}}, {"maxAge": 1, "name": "Mr. Michael  Alfieri", "age": 59, "title": "Head of Finance and Principal Financial & Accounting Officer", "yearBorn": 1965, "fiscalYear": 2024, "totalPay": {"raw": 111650, "fmt": "111.65k", "longFmt": "111,650"}, "exercisedValue": {"raw": 0, "fmt": null, "longFmt": "0"}, "unexercisedValue": {"raw": 0, "fmt": null, "longFmt": "0"}}, {"maxAge": 1, "name": "Dr. Stephen G. Machatha Ph.D.", "age": 47, "title": "Chief Development Officer", "yearBorn": 1977, "fiscalYear": 2024, "totalPay": {"raw": 563076, "fmt": "563.08k", "longFmt": "563,076"}, "exercisedValue": {"raw": 0, "fmt": null, "longFmt": "0"}, "unexercisedValue": {"raw": 390648, "fmt": "390.65k", "longFmt": "390,648"}}, {"maxAge": 1, "name": "David  Burke", "title": "Head of Investor Relations", "fiscalYear": 2024, "exercisedValue": {"raw": 0, "fmt": null, "longFmt": "0"}, "unexercisedValue": {"raw": 0, "fmt": null, "longFmt": "0"}}, {"maxAge": 1, "name": "Laura  Nichols", "title": "Operations Manager", "fiscalYear": 2024, "exercisedValue": {"raw": 0, "fmt": null, "longFmt": "0"}, "unexercisedValue": {"raw": 0, "fmt": null, "longFmt": "0"}}], "auditRisk": 8, "boardRisk": 8, "compensationRisk": 7, "shareHolderRightsRisk": 8, "overallRisk": 8, "governanceEpochDate": 1761955200, "compensationAsOfEpochDate": 1735603200, "executiveTeam": [], "maxAge": 86400}, "calendarEvents": {"maxAge": 1, "earnings": {"earningsDate": [{"raw": 1763067600, "fmt": "2025-11-13"}], "earningsCallDate": [], "isEarningsDateEstimate": true, "earningsAverage": {"raw": -0.1575, "fmt": "-0.16"}, "earningsLow": {"raw": -0.17, "fmt": "-0.17"}, "earningsHigh": {"raw": -0.15, "fmt": "-0.15"}, "revenueAverage": {"raw": 0, "fmt": null, "longFmt": "0"}, "revenueLow": {"raw": 0, "fmt": null, "longFmt": "0"}, "revenueHigh": {"raw": 0, "fmt": null, "longFmt": "0"}}, "exDividendDate": {}, "dividendDate": {}}, "earningsTrend": {"trend": [{"maxAge": 1, "period": "0q", "endDate": "2025-09-30", "growth": {"raw": 0.37, "fmt": "37.00%"}, "earningsEstimate": {"avg": {"raw": -0.1575, "fmt": "-0.16"}, "low": {"raw": -0.17, "fmt": "-0.17"}, "high": {"raw": -0.15, "fmt": "-0.15"}, "yearAgoEps": {"raw": -0.25, "fmt": "-0.25"}, "numberOfAnalysts": {"raw": 4, "fmt": "4", "longFmt": "4"}, "growth": {"raw": 0.37, "fmt": "37.00%"}, "earningsCurrency": "USD"}, "revenueEstimate": {"avg": {"raw": 0, "fmt": null, "longFmt": "0"}, "low": {"raw": 0, "fmt": null, "longFmt": "0"}, "high": {"raw": 0, "fmt": null, "longFmt": "0"}, "numberOfAnalysts": {"raw": 6, "fmt": "6", "longFmt": "6"}, "yearAgoRevenue": {"raw": 0, "fmt": null, "longFmt": "0"}, "growth": {"raw": 0.0, "fmt": "0.00%"}, "revenueCurrency": "USD"}, "epsTrend": {"current": {"raw": -0.1575, "fmt": "-0.16"}, "7daysAgo": {"raw": -0.1575, "fmt": "-0.16"}, "30daysAgo": {"raw": -0.17, "fmt": "-0.17"}, "60daysAgo": {"raw": -0.17, "fmt": "-0.17"}, "90daysAgo": {"raw": -0.17, "fmt": "-0.17"}, "epsTrendCurrency": "USD"}, "epsRevisions": {"upLast7days": {"raw": 1, "fmt": "1", "longFmt": "1"}, "upLast30days": {"raw": 3, "fmt": "3", "longFmt": "3"}, "downLast30days": {"raw": 1, "fmt": "1", "longFmt": "1"}, "downLast7Days": {"raw": 0, "fmt": null, "longFmt": "0"}, "downLast90days": {}, "epsRevisionsCurrency": "USD"}}, {"maxAge": 1, "period": "+1q", "endDate": "2025-12-31", "growth": {"raw": 0.3426, "fmt": "34.26%"}, "earningsEstimate": {"avg": {"raw": -0.1775, "fmt": "-0.18"}, "low": {"raw": -0.2, "fmt": "-0.2"}, "high": {"raw": -0.16, "fmt": "-0.16"}, "yearAgoEps": {"raw": -0.27, "fmt": "-0.27"}, "numberOfAnalysts": {"raw": 4, "fmt": "4", "longFmt": "4"}, "growth": {"raw": 0.3426, "fmt": "34.26%"}, "earningsCurrency": "USD"}, "revenueEstimate": {"avg": {"raw": 24250000, "fmt": "24.25M", "longFmt": "24,250,000"}, "low": {"raw": 0, "fmt": null, "longFmt": "0"}, "high": {"raw": 145500000, "fmt": "145.5M", "longFmt": "145,500,000"}, "numberOfAnalysts": {"raw": 6, "fmt": "6", "longFmt": "6"}, "yearAgoRevenue": {"raw": 0, "fmt": null, "longFmt": "0"}, "growth": {"raw": 0.0, "fmt": "0.00%"}, "revenueCurrency": "USD"}, "epsTrend": {"current": {"raw": -0.1775, "fmt": "-0.18"}, "7daysAgo": {"raw": -0.1775, "fmt": "-0.18"}, "30daysAgo": {"raw": -0.1675, "fmt": "-0.17"}, "60daysAgo": {"raw": -0.1675, "fmt": "-0.17"}, "90daysAgo": {"raw": -0.16333, "fmt": "-0.16"}, "epsTrendCurrency": "USD"}, "epsRevisions": {"upLast7days": {"raw": 1, "fmt": "1", "longFmt": "1"}, "upLast30days": {"raw": 4, "fmt": "4", "longFmt": "4"}, "downLast30days": {"raw": 0, "fmt": null, "longFmt": "0"}, "downLast7Days": {"raw": 0, "fmt": null, "longFmt": "0"}, "downLast90days": {}, "epsRevisionsCurrency": "USD"}}, {"maxAge": 1, "period": "0y", "endDate": "2025-12-31", "growth": {"raw": 0.29790002, "fmt": "29.79%"}, "earningsEstimate": {"avg": {"raw": -0.66, "fmt": "-0.66"}, "low": {"raw": -0.7, "fmt": "-0.7"}, "high": {"raw": -0.62, "fmt": "-0.62"}, "yearAgoEps": {"raw": -0.94, "fmt": "-0.94"}, "numberOfAnalysts": {"raw": 4, "fmt": "4", "longFmt": "4"}, "growth": {"raw": 0.29790002, "fmt": "29.79%"}, "earningsCurrency": "USD"}, "revenueEstimate": {"avg": {"raw": 24250000, "fmt": "24.25M", "longFmt": "24,250,000"}, "low": {"raw": 0, "fmt": null, "longFmt": "0"}, "high": {"raw": 145500000, "fmt": "145.5M", "longFmt": "145,500,000"}, "numberOfAnalysts": {"raw": 6, "fmt": "6", "longFmt": "6"}, "yearAgoRevenue": {"raw": 0, "fmt": null, "longFmt": "0"}, "growth": {"raw": 0.0, "fmt": "0.00%"}, "revenueCurrency": "USD"}, "epsTrend": {"current": {"raw": -0.66, "fmt": "-0.66"}, "7daysAgo": {"raw": -0.66, "fmt": "-0.66"}, "30daysAgo": {"raw": -0.6825, "fmt": "-0.68"}, "60daysAgo": {"raw": -0.6825, "fmt": "-0.68"}, "90daysAgo": {"raw": -0.69333, "fmt": "-0.69"}, "epsTrendCurrency": "USD"}, "epsRevisions": {"upLast7days": {"raw": 1, "fmt": "1", "longFmt": "1"}, "upLast30days": {"raw": 4, "fmt": "4", "longFmt": "4"}, "downLast30days": {"raw": 0, "fmt": null, "longFmt": "0"}, "downLast7Days": {"raw": 0, "fmt": null, "longFmt": "0"}, "downLast90days": {}, "epsRevisionsCurrency": "USD"}}, {"maxAge": 1, "period": "+1y", "endDate": "2026-12-31", "growth": {"raw": 1.8939, "fmt": "189.39%"}, "earningsEstimate": {"avg": {"raw": 0.59, "fmt": "0.59"}, "low": {"raw": -0.44, "fmt": "-0.44"}, "high": {"raw": 1.67, "fmt": "1.67"}, "yearAgoEps": {"raw": -0.66, "fmt": "-0.66"}, "numberOfAnalysts": {"raw": 4, "fmt": "4", "longFmt": "4"}, "growth": {"raw": 1.8939, "fmt": "189.39%"}, "earningsCurrency": "USD"}, "revenueEstimate": {"avg": {"raw": 79068670, "fmt": "79.07M", "longFmt": "79,068,670"}, "low": {"raw": 16000000, "fmt": "16M", "longFmt": "16,000,000"}, "high": {"raw": 168000000, "fmt": "168M", "longFmt": "168,000,000"}, "numberOfAnalysts": {"raw": 6, "fmt": "6", "longFmt": "6"}, "yearAgoRevenue": {"raw": 24250000, "fmt": "24.25M", "longFmt": "24,250,000"}, "growth": {"raw": 2.2606, "fmt": "226.06%"}, "revenueCurrency": "USD"}, "epsTrend": {"current": {"raw": 0.59, "fmt": "0.59"}, "7daysAgo": {"raw": 0.59, "fmt": "0.59"}, "30daysAgo": {"raw": 0.5225, "fmt": "0.52"}, "60daysAgo": {"raw": 0.5225, "fmt": "0.52"}, "90daysAgo": {"raw": 0.395, "fmt": "0.4"}, "epsTrendCurrency": "USD"}, "epsRevisions": {"upLast7days": {"raw": 2, "fmt": "2", "longFmt": "2"}, "upLast30days": {"raw": 4, "fmt": "4", "longFmt": "4"}, "downLast30days": {"raw": 0, "fmt": null, "longFmt": "0"}, "downLast7Days": {"raw": 0, "fmt": null, "longFmt": "0"}, "downLast90days": {}, "epsRevisionsCurrency": "USD"}}], "defaultMethodology": "nongaap", "maxAge": 1}, "earningsHistory": {"history": [{"maxAge": 1, "epsActual": {"raw": -0.25, "fmt": "-0.25"}, "epsEstimate": {"raw": -0.25945, "fmt": "-0.26"}, "epsDifference": {"raw": 0.01, "fmt": "0.01"}, "surprisePercent": {"raw": 0.0364, "fmt": "3.64%"}, "quarter": {"raw": 1727654400, "fmt": "2024-09-30"}, "currency": "USD", "period": "-4q"}, {"maxAge": 1, "epsActual": {"raw": -0.27, "fmt": "-0.27"}, "epsEstimate": {"raw": -0.21731, "fmt": "-0.22"}, "epsDifference": {"raw": -0.05, "fmt": "-0.05"}, "surprisePercent": {"raw": -0.2425, "fmt": "-24.25%"}, "quarter": {"raw": 1735603200, "fmt": "2024-12-31"}, "currency": "USD", "period": "-3q"}, {"maxAge": 1, "epsActual": {"raw": -0.17, "fmt": "-0.17"}, "epsEstimate": {"raw": -0.244, "fmt": "-0.24"}, "epsDifference": {"raw": 0.07, "fmt": "0.07"}, "surprisePercent": {"raw": 0.3033, "fmt": "30.33%"}, "quarter": {"raw": 1743379200, "fmt": "2025-03-31"}, "currency": "USD", "period": "-2q"}, {"maxAge": 1, "epsActual": {"raw": -0.16, "fmt": "-0.16"}, "epsEstimate": {"raw": -0.1875, "fmt": "-0.19"}, "epsDifference": {"raw": 0.03, "fmt": "0.03"}, "surprisePercent": {"raw": 0.1467, "fmt": "14.67%"}, "quarter": {"raw": 1751241600, "fmt": "2025-06-30"}, "currency": "USD", "period": "-1q"}], "defaultMethodology": "nongaap", "maxAge": 86400}, "financialData": {"maxAge": 86400, "currentPrice": {"raw": 5.23, "fmt": "5.23"}, "targetHighPrice": {"raw": 13.0, "fmt": "13.00"}, "targetLowPrice": {"raw": 7.0, "fmt": "7.00"}, "targetMeanPrice": {"raw": 9.66667, "fmt": "9.67"}, "targetMedianPrice": {"raw": 9.5, "fmt": "9.50"}, "recommendationMean": {"raw": 1.33333, "fmt": "1.33"}, "recommendationKey": "strong_buy", "numberOfAnalystOpinions": {"raw": 6, "fmt": "6", "longFmt": "6"}, "totalCash": {"raw": 81919640, "fmt": "81.92M", "longFmt": "81,919,640"}, "totalCashPerShare": {"raw": 1.364, "fmt": "1.36"}, "ebitda": {"raw": -53061000, "fmt": "-53.06M", "longFmt": "-53,061,000"}, "totalDebt": {"raw": 15555895, "fmt": "15.56M", "longFmt": "15,555,895"}, "quickRatio": {"raw": 2.774, "fmt": "2.77"}, "currentRatio": {"raw": 2.863, "fmt": "2.86"}, "totalRevenue": {}, "debtToEquity": {"raw": 28.136, "fmt": "28.14%"}, "revenuePerShare": {}, "returnOnAssets": {"raw": -0.31582, "fmt": "-31.58%"}, "returnOnEquity": {"raw": -0.65910006, "fmt": "-65.91%"}, "grossProfits": {}, "freeCashflow": {"raw": 17618504, "fmt": "17.62M", "longFmt": "17,618,504"}, "operatingCashflow": {"raw": -41036684, "fmt": "-41.04M", "longFmt": "-41,036,684"}, "earningsGrowth": {}, "revenueGrowth": {}, "grossMargins": {"raw": 0.0, "fmt": "0.00%"}, "ebitdaMargins": {"raw": 0.0, "fmt": "0.00%"}, "operatingMargins": {"raw": 0.0, "fmt": "0.00%"}, "profitMargins": {"raw": 0.0, "fmt": "0.00%"}, "financialCurrency": "USD"}}