{"assetProfile": {"address1": "131 Oyster Point Boulevard", "address2": "Suite 600", "city": "South San Francisco", "state": "CA", "zip": "94080", "country": "United States", "phone": "415 231 5660", "website": "https://www.alector.com", "industry": "Biotechnology", "industryKey": "biotechnology", "industryDisp": "Biotechnology", "sector": "Healthcare", "sectorKey": "healthcare", "sectorDisp": "Healthcare", "longBusinessSummary": "Alector, Inc., a late-stage clinical biotechnology company, develops therapies that is focused on counteracting the devastating progression of neurodegenerative diseases. The company's products under development include Latozinemab (AL001), an investigational human recombinant monoclonal antibody designed to elevate progranulin (PGRN), a protein encoded by the granulin (GRN) gene that regulates lysosomal function, neuronal survival, and inflammation in the brain. Its lead PGRN-elevating candidate is being developed for the potential treatment of frontotemporal dementia with a granulin gene mutation (FTD-GRN) which is caused by heterozygous loss-of-function (LOF) mutations in the GRN gene and results in PGRN haploinsufficiency and is in Phase 3 clinical trial. It also develops AL101/GSK4527226 that is in Phase 2 clinical trial for the treatment of neurodegenerative diseases, including Alzheimer's and Parkinson's diseases. In addition, the company's preclinical and research pipeline products include ADP037-ABC, a proprietary anti-amyloid beta (A\u00df) antibody paired with proprietary ABC for the treatment of AD; ADP050-ABC, a GCase replacement therapy paired with proprietary ABC for GBA gene mutation carriers with Parkinson's disease and Lewy body dementia; ADP056, a Reelin modulator designed to block tau pathology and promote synaptic function in AD; and ADP063-ABC and ADP064-ABC that are therapeutic candidates paired with proprietary ABC that target tau pathology in AD through distinct approaches. It has a strategic collaboration agreement with GlaxoSmithKline plc for the development and commercialization of progranulin-elevating monoclonal antibodies, including latozinemab and AL101 to treat neurodegenerative diseases. The company was founded in 2013 and is headquartered in South San Francisco, California.", "fullTimeEmployees": 163, "companyOfficers": [{"maxAge": 1, "name": "Dr. Arnon  Rosenthal Ph.D.", "age": 68, "title": "Co-Founder, CEO & Director", "yearBorn": 1956, "fiscalYear": 2024, "totalPay": {"raw": 888566, "fmt": "888.57k", "longFmt": "888,566"}, "exercisedValue": {"raw": 0, "fmt": null, "longFmt": "0"}, "unexercisedValue": {"raw": 0, "fmt": null, "longFmt": "0"}}, {"maxAge": 1, "name": "Dr. Saraswati  Kenkare-Mitra Ph.D.", "age": 56, "title": "President and Head of Research & Development", "yearBorn": 1968, "fiscalYear": 2024, "totalPay": {"raw": 1184681, "fmt": "1.18M", "longFmt": "1,184,681"}, "exercisedValue": {"raw": 0, "fmt": null, "longFmt": "0"}, "unexercisedValue": {"raw": 0, "fmt": null, "longFmt": "0"}}, {"maxAge": 1, "name": "Mr. Neil  Berkley M.B.A., M.S.", "age": 50, "title": "Interim CFO & Chief Business Officer", "yearBorn": 1974, "fiscalYear": 2024, "exercisedValue": {"raw": 0, "fmt": null, "longFmt": "0"}, "unexercisedValue": {"raw": 0, "fmt": null, "longFmt": "0"}}, {"maxAge": 1, "name": "Ms. Katie  Hogan", "title": "Senior Director of Corporate Communication & Investor Relations", "fiscalYear": 2024, "exercisedValue": {"raw": 0, "fmt": null, "longFmt": "0"}, "unexercisedValue": {"raw": 0, "fmt": null, "longFmt": "0"}}, {"maxAge": 1, "name": "Ms. Danielle  Pasqualone J.D., Ph.D.", "title": "General Counsel", "fiscalYear": 2024, "exercisedValue": {"raw": 0, "fmt": null, "longFmt": "0"}, "unexercisedValue": {"raw": 0, "fmt": null, "longFmt": "0"}}, {"maxAge": 1, "name": "Ms. Clare  Hunt M.B.A.", "title": "Chief People Officer", "fiscalYear": 2024, "exercisedValue": {"raw": 0, "fmt": null, "longFmt": "0"}, "unexercisedValue": {"raw": 0, "fmt": null, "longFmt": "0"}}, {"maxAge": 1, "name": "Ms. Kristina  Cutter M.P.H.", "title": "Chief Regulatory, Pharmacovigilance, & Quality Assurance Officer", "fiscalYear": 2024, "exercisedValue": {"raw": 0, "fmt": null, "longFmt": "0"}, "unexercisedValue": {"raw": 0, "fmt": null, "longFmt": "0"}}, {"maxAge": 1, "name": "Ms. Virginia  DeJesus-Rueff M.B.A.", "title": "Chief of Staff & Head of Strategy", "fiscalYear": 2024, "exercisedValue": {"raw": 0, "fmt": null, "longFmt": "0"}, "unexercisedValue": {"raw": 0, "fmt": null, "longFmt": "0"}}, {"maxAge": 1, "name": "Mr. Giacomo  Salvadore M.D.", "title": "Chief Medical Officer", "fiscalYear": 2024, "exercisedValue": {"raw": 0, "fmt": null, "longFmt": "0"}, "unexercisedValue": {"raw": 0, "fmt": null, "longFmt": "0"}}], "auditRisk": 6, "boardRisk": 4, "compensationRisk": 8, "shareHolderRightsRisk": 8, "overallRisk": 6, "governanceEpochDate": 1761955200, "compensationAsOfEpochDate": 1735603200, "executiveTeam": [], "maxAge": 86400}, "calendarEvents": {"maxAge": 1, "earnings": {"earningsDate": [{"raw": 1762376400, "fmt": "2025-11-05"}], "earningsCallDate": [{"raw": 1754598600, "fmt": "2025-08-07"}], "isEarningsDateEstimate": true, "earningsAverage": {"raw": -0.41286, "fmt": "-0.41"}, "earningsLow": {"raw": -0.47, "fmt": "-0.47"}, "earningsHigh": {"raw": -0.35, "fmt": "-0.35"}, "revenueAverage": {"raw": 3487330, "fmt": "3.49M", "longFmt": "3,487,330"}, "revenueLow": {"raw": 0, "fmt": null, "longFmt": "0"}, "revenueHigh": {"raw": 8124000, "fmt": "8.12M", "longFmt": "8,124,000"}}, "exDividendDate": {}, "dividendDate": {}}, "earningsTrend": {"trend": [{"maxAge": 1, "period": "0q", "endDate": "2025-09-30", "growth": {"raw": 0.0399, "fmt": "3.99%"}, "earningsEstimate": {"avg": {"raw": -0.41286, "fmt": "-0.41"}, "low": {"raw": -0.47, "fmt": "-0.47"}, "high": {"raw": -0.35, "fmt": "-0.35"}, "yearAgoEps": {"raw": -0.43, "fmt": "-0.43"}, "numberOfAnalysts": {"raw": 7, "fmt": "7", "longFmt": "7"}, "growth": {"raw": 0.0399, "fmt": "3.99%"}, "earningsCurrency": "USD"}, "revenueEstimate": {"avg": {"raw": 3487330, "fmt": "3.49M", "longFmt": "3,487,330"}, "low": {"raw": 0, "fmt": null, "longFmt": "0"}, "high": {"raw": 8124000, "fmt": "8.12M", "longFmt": "8,124,000"}, "numberOfAnalysts": {"raw": 6, "fmt": "6", "longFmt": "6"}, "yearAgoRevenue": {"raw": 15342000, "fmt": "15.34M", "longFmt": "15,342,000"}, "growth": {"raw": -0.77269995, "fmt": "-77.27%"}, "revenueCurrency": "USD"}, "epsTrend": {"current": {"raw": -0.41286, "fmt": "-0.41"}, "7daysAgo": {"raw": -0.41286, "fmt": "-0.41"}, "30daysAgo": {"raw": -0.38667, "fmt": "-0.39"}, "60daysAgo": {"raw": -0.382, "fmt": "-0.38"}, "90daysAgo": {"raw": -0.5, "fmt": "-0.5"}, "epsTrendCurrency": "USD"}, "epsRevisions": {"upLast7days": {"raw": 0, "fmt": null, "longFmt": "0"}, "upLast30days": {"raw": 0, "fmt": null, "longFmt": "0"}, "downLast30days": {"raw": 1, "fmt": "1", "longFmt": "1"}, "downLast7Days": {"raw": 1, "fmt": "1", "longFmt": "1"}, "downLast90days": {}, "epsRevisionsCurrency": "USD"}}, {"maxAge": 1, "period": "+1q", "endDate": "2025-12-31", "growth": {"raw": -19.9285, "fmt": "-1,992.85%"}, "earningsEstimate": {"avg": {"raw": -0.41857, "fmt": "-0.42"}, "low": {"raw": -0.49, "fmt": "-0.49"}, "high": {"raw": -0.34, "fmt": "-0.34"}, "yearAgoEps": {"raw": -0.02, "fmt": "-0.02"}, "numberOfAnalysts": {"raw": 7, "fmt": "7", "longFmt": "7"}, "growth": {"raw": -19.9285, "fmt": "-1,992.85%"}, "earningsCurrency": "USD"}, "revenueEstimate": {"avg": {"raw": 2874800, "fmt": "2.87M", "longFmt": "2,874,800"}, "low": {"raw": 0, "fmt": null, "longFmt": "0"}, "high": {"raw": 8374000, "fmt": "8.37M", "longFmt": "8,374,000"}, "numberOfAnalysts": {"raw": 5, "fmt": "5", "longFmt": "5"}, "yearAgoRevenue": {"raw": 54240000, "fmt": "54.24M", "longFmt": "54,240,000"}, "growth": {"raw": -0.94699997, "fmt": "-94.70%"}, "revenueCurrency": "USD"}, "epsTrend": {"current": {"raw": -0.41857, "fmt": "-0.42"}, "7daysAgo": {"raw": -0.41857, "fmt": "-0.42"}, "30daysAgo": {"raw": -0.40167, "fmt": "-0.4"}, "60daysAgo": {"raw": -0.414, "fmt": "-0.41"}, "90daysAgo": {"raw": -0.498, "fmt": "-0.5"}, "epsTrendCurrency": "USD"}, "epsRevisions": {"upLast7days": {"raw": 1, "fmt": "1", "longFmt": "1"}, "upLast30days": {"raw": 1, "fmt": "1", "longFmt": "1"}, "downLast30days": {"raw": 1, "fmt": "1", "longFmt": "1"}, "downLast7Days": {"raw": 1, "fmt": "1", "longFmt": "1"}, "downLast90days": {}, "epsRevisionsCurrency": "USD"}}, {"maxAge": 1, "period": "0y", "endDate": "2025-12-31", "growth": {"raw": -0.2561, "fmt": "-25.61%"}, "earningsEstimate": {"avg": {"raw": -1.545, "fmt": "-1.54"}, "low": {"raw": -1.65, "fmt": "-1.65"}, "high": {"raw": -1.43, "fmt": "-1.43"}, "yearAgoEps": {"raw": -1.23, "fmt": "-1.23"}, "numberOfAnalysts": {"raw": 8, "fmt": "8", "longFmt": "8"}, "growth": {"raw": -0.2561, "fmt": "-25.61%"}, "earningsCurrency": "USD"}, "revenueEstimate": {"avg": {"raw": 17676670, "fmt": "17.68M", "longFmt": "17,676,670"}, "low": {"raw": 11548000, "fmt": "11.55M", "longFmt": "11,548,000"}, "high": {"raw": 28046000, "fmt": "28.05M", "longFmt": "28,046,000"}, "numberOfAnalysts": {"raw": 9, "fmt": "9", "longFmt": "9"}, "yearAgoRevenue": {"raw": 100558000, "fmt": "100.56M", "longFmt": "100,558,000"}, "growth": {"raw": -0.8242, "fmt": "-82.42%"}, "revenueCurrency": "USD"}, "epsTrend": {"current": {"raw": -1.545, "fmt": "-1.54"}, "7daysAgo": {"raw": -1.545, "fmt": "-1.54"}, "30daysAgo": {"raw": -1.51, "fmt": "-1.51"}, "60daysAgo": {"raw": -1.52, "fmt": "-1.52"}, "90daysAgo": {"raw": -1.915, "fmt": "-1.91"}, "epsTrendCurrency": "USD"}, "epsRevisions": {"upLast7days": {"raw": 1, "fmt": "1", "longFmt": "1"}, "upLast30days": {"raw": 1, "fmt": "1", "longFmt": "1"}, "downLast30days": {"raw": 1, "fmt": "1", "longFmt": "1"}, "downLast7Days": {"raw": 1, "fmt": "1", "longFmt": "1"}, "downLast90days": {}, "epsRevisionsCurrency": "USD"}}, {"maxAge": 1, "period": "+1y", "endDate": "2026-12-31", "growth": {"raw": 0.3731, "fmt": "37.31%"}, "earningsEstimate": {"avg": {"raw": -0.96857, "fmt": "-0.97"}, "low": {"raw": -1.71, "fmt": "-1.71"}, "high": {"raw": 0.18, "fmt": "0.18"}, "yearAgoEps": {"raw": -1.545, "fmt": "-1.54"}, "numberOfAnalysts": {"raw": 7, "fmt": "7", "longFmt": "7"}, "growth": {"raw": 0.3731, "fmt": "37.31%"}, "earningsCurrency": "USD"}, "revenueEstimate": {"avg": {"raw": 56079060, "fmt": "56.08M", "longFmt": "56,079,060"}, "low": {"raw": 0, "fmt": null, "longFmt": "0"}, "high": {"raw": 192301520, "fmt": "192.3M", "longFmt": "192,301,520"}, "numberOfAnalysts": {"raw": 9, "fmt": "9", "longFmt": "9"}, "yearAgoRevenue": {"raw": 17676670, "fmt": "17.68M", "longFmt": "17,676,670"}, "growth": {"raw": 2.1725, "fmt": "217.25%"}, "revenueCurrency": "USD"}, "epsTrend": {"current": {"raw": -0.96857, "fmt": "-0.97"}, "7daysAgo": {"raw": -0.98429, "fmt": "-0.98"}, "30daysAgo": {"raw": -1.05857, "fmt": "-1.06"}, "60daysAgo": {"raw": -1.02, "fmt": "-1.02"}, "90daysAgo": {"raw": -1.315, "fmt": "-1.32"}, "epsTrendCurrency": "USD"}, "epsRevisions": {"upLast7days": {"raw": 1, "fmt": "1", "longFmt": "1"}, "upLast30days": {"raw": 1, "fmt": "1", "longFmt": "1"}, "downLast30days": {"raw": 2, "fmt": "2", "longFmt": "2"}, "downLast7Days": {"raw": 2, "fmt": "2", "longFmt": "2"}, "downLast90days": {}, "epsRevisionsCurrency": "USD"}}], "defaultMethodology": "nongaap", "maxAge": 1}, "earningsHistory": {"history": [{"maxAge": 1, "epsActual": {"raw": -0.43, "fmt": "-0.43"}, "epsEstimate": {"raw": -0.52989, "fmt": "-0.53"}, "epsDifference": {"raw": 0.1, "fmt": "0.1"}, "surprisePercent": {"raw": 0.1885, "fmt": "18.85%"}, "quarter": {"raw": 1727654400, "fmt": "2024-09-30"}, "currency": "USD", "period": "-4q"}, {"maxAge": 1, "epsActual": {"raw": -0.02, "fmt": "-0.02"}, "epsEstimate": {"raw": -0.54429, "fmt": "-0.54"}, "epsDifference": {"raw": 0.52, "fmt": "0.52"}, "surprisePercent": {"raw": 0.9633, "fmt": "96.33%"}, "quarter": {"raw": 1735603200, "fmt": "2024-12-31"}, "currency": "USD", "period": "-3q"}, {"maxAge": 1, "epsActual": {"raw": -0.41, "fmt": "-0.41"}, "epsEstimate": {"raw": -0.46, "fmt": "-0.46"}, "epsDifference": {"raw": 0.05, "fmt": "0.05"}, "surprisePercent": {"raw": 0.1087, "fmt": "10.87%"}, "quarter": {"raw": 1743379200, "fmt": "2025-03-31"}, "currency": "USD", "period": "-2q"}, {"maxAge": 1, "epsActual": {"raw": -0.3, "fmt": "-0.3"}, "epsEstimate": {"raw": -0.47, "fmt": "-0.47"}, "epsDifference": {"raw": 0.17, "fmt": "0.17"}, "surprisePercent": {"raw": 0.36169997, "fmt": "36.17%"}, "quarter": {"raw": 1751241600, "fmt": "2025-06-30"}, "currency": "USD", "period": "-1q"}], "defaultMethodology": "nongaap", "maxAge": 86400}, "financialData": {"maxAge": 86400, "currentPrice": {"raw": 1.44, "fmt": "1.44"}, "targetHighPrice": {"raw": 5.0, "fmt": "5.00"}, "targetLowPrice": {"raw": 1.0, "fmt": "1.00"}, "targetMeanPrice": {"raw": 2.2, "fmt": "2.20"}, "targetMedianPrice": {"raw": 1.5, "fmt": "1.50"}, "recommendationMean": {"raw": 3.22222, "fmt": "3.22"}, "recommendationKey": "hold", "numberOfAnalystOpinions": {"raw": 5, "fmt": "5", "longFmt": "5"}, "totalCash": {"raw": 307280000, "fmt": "307.28M", "longFmt": "307,280,000"}, "totalCashPerShare": {"raw": 3.036, "fmt": "3.04"}, "ebitda": {"raw": -126438000, "fmt": "-126.44M", "longFmt": "-126,438,000"}, "totalDebt": {"raw": 39483000, "fmt": "39.48M", "longFmt": "39,483,000"}, "quickRatio": {"raw": 3.643, "fmt": "3.64"}, "currentRatio": {"raw": 3.784, "fmt": "3.78"}, "totalRevenue": {"raw": 81130000, "fmt": "81.13M", "longFmt": "81,130,000"}, "debtToEquity": {"raw": 55.473, "fmt": "55.47%"}, "revenuePerShare": {"raw": 0.82, "fmt": "0.82"}, "returnOnAssets": {"raw": -0.17838, "fmt": "-17.84%"}, "returnOnEquity": {"raw": -1.03985, "fmt": "-103.98%"}, "grossProfits": {"raw": -74581000, "fmt": "-74.58M", "longFmt": "-74,581,000"}, "freeCashflow": {"raw": -98126376, "fmt": "-98.13M", "longFmt": "-98,126,376"}, "operatingCashflow": {"raw": -215591008, "fmt": "-215.59M", "longFmt": "-215,591,008"}, "earningsGrowth": {}, "revenueGrowth": {"raw": -0.478, "fmt": "-47.80%"}, "grossMargins": {"raw": -0.91928, "fmt": "-91.93%"}, "ebitdaMargins": {"raw": -1.5584599, "fmt": "-155.85%"}, "operatingMargins": {"raw": -4.3355303, "fmt": "-433.55%"}, "profitMargins": {"raw": -1.42104, "fmt": "-142.10%"}, "financialCurrency": "USD"}}