{"assetProfile": {"address1": "955 Perimeter Road", "city": "Manchester", "state": "NH", "zip": "03103", "country": "United States", "phone": "603 626 2300", "fax": "603 641 5336", "website": "https://www.allegromicro.com/en", "industry": "Semiconductors", "industryKey": "semiconductors", "industryDisp": "Semiconductors", "sector": "Technology", "sectorKey": "technology", "sectorDisp": "Technology", "longBusinessSummary": "Allegro MicroSystems, Inc., together with its subsidiaries, designs, develops, manufactures, and markets sensor integrated circuits (ICs) and application-specific power ICs for motion control and energy-efficient systems. Its products include magnetic sensor ICs, such as position, speed, and current sensor ICs; and power ICs comprising motor driver ICs, such as regulator, power management ICs, and LED driver ICs, and isolated gate drivers. The company sells its products to original equipment manufacturers and distributors primarily in the automotive and industrial markets through its direct sales force, third party distributors, independent sales representatives, and consignment. It operates in the United States, rest of the Americas, Europe, Japan, Greater China, South Korea, and other Asian markets. The company was founded in 1990 and is headquartered in Manchester, New Hampshire.", "fullTimeEmployees": 4060, "companyOfficers": [{"maxAge": 1, "name": "Mr. Michael C. Doogue", "age": 48, "title": "President, CEO & Director", "yearBorn": 1976, "fiscalYear": 2025, "totalPay": {"raw": 874587, "fmt": "874.59k", "longFmt": "874,587"}, "exercisedValue": {"raw": 0, "fmt": null, "longFmt": "0"}, "unexercisedValue": {"raw": 0, "fmt": null, "longFmt": "0"}}, {"maxAge": 1, "name": "Mr. Derek P. D'Antilio", "age": 51, "title": "Executive VP, CFO & Treasurer", "yearBorn": 1973, "fiscalYear": 2025, "totalPay": {"raw": 527388, "fmt": "527.39k", "longFmt": "527,388"}, "exercisedValue": {"raw": 0, "fmt": null, "longFmt": "0"}, "unexercisedValue": {"raw": 0, "fmt": null, "longFmt": "0"}}, {"maxAge": 1, "name": "Ms. Sharon S. Briansky", "age": 50, "title": "Senior VP, General Counsel & Corporate Secretary", "yearBorn": 1974, "fiscalYear": 2025, "totalPay": {"raw": 492288, "fmt": "492.29k", "longFmt": "492,288"}, "exercisedValue": {"raw": 0, "fmt": null, "longFmt": "0"}, "unexercisedValue": {"raw": 0, "fmt": null, "longFmt": "0"}}, {"maxAge": 1, "name": "Mr. Roald G. Webster", "age": 46, "title": "VP & Chief Accounting Officer", "yearBorn": 1978, "fiscalYear": 2025, "exercisedValue": {"raw": 0, "fmt": null, "longFmt": "0"}, "unexercisedValue": {"raw": 0, "fmt": null, "longFmt": "0"}}, {"maxAge": 1, "name": "Mr. Jamie  Haas", "title": "Vice President of Technology Development & AI", "fiscalYear": 2025, "exercisedValue": {"raw": 0, "fmt": null, "longFmt": "0"}, "unexercisedValue": {"raw": 0, "fmt": null, "longFmt": "0"}}, {"maxAge": 1, "name": "Ms. Jalene A. Hoover CPA", "title": "Vice President of IR & Corporate Communications", "fiscalYear": 2025, "exercisedValue": {"raw": 0, "fmt": null, "longFmt": "0"}, "unexercisedValue": {"raw": 0, "fmt": null, "longFmt": "0"}}, {"maxAge": 1, "name": "Mr. Rick  Madormo", "age": 56, "title": "Senior Vice President of Worldwide Sales", "yearBorn": 1968, "fiscalYear": 2025, "exercisedValue": {"raw": 0, "fmt": null, "longFmt": "0"}, "unexercisedValue": {"raw": 0, "fmt": null, "longFmt": "0"}}, {"maxAge": 1, "name": "Ms. Erin E. Hagen", "age": 47, "title": "Senior VP & Chief Human Resources Officer", "yearBorn": 1977, "fiscalYear": 2025, "exercisedValue": {"raw": 0, "fmt": null, "longFmt": "0"}, "unexercisedValue": {"raw": 0, "fmt": null, "longFmt": "0"}}, {"maxAge": 1, "name": "Mr. Troy  Coleman", "title": "Senior VP & GM of Products", "fiscalYear": 2025, "exercisedValue": {"raw": 0, "fmt": null, "longFmt": "0"}, "unexercisedValue": {"raw": 0, "fmt": null, "longFmt": "0"}}], "auditRisk": 9, "boardRisk": 8, "compensationRisk": 4, "shareHolderRightsRisk": 8, "overallRisk": 7, "governanceEpochDate": 1761955200, "compensationAsOfEpochDate": 1767139200, "executiveTeam": [], "maxAge": 86400}, "calendarEvents": {"maxAge": 1, "earnings": {"earningsDate": [{"raw": 1769693400, "fmt": "2026-01-29"}], "earningsCallDate": [{"raw": 1761827400, "fmt": "2025-10-30"}], "isEarningsDateEstimate": true, "earningsAverage": {"raw": 0.14377, "fmt": "0.14"}, "earningsLow": {"raw": 0.14, "fmt": "0.14"}, "earningsHigh": {"raw": 0.16425, "fmt": "0.16"}, "revenueAverage": {"raw": 220779720, "fmt": "220.78M", "longFmt": "220,779,720"}, "revenueLow": {"raw": 219900000, "fmt": "219.9M", "longFmt": "219,900,000"}, "revenueHigh": {"raw": 225047300, "fmt": "225.05M", "longFmt": "225,047,300"}}, "exDividendDate": {}, "dividendDate": {}}, "earningsTrend": {"trend": [{"maxAge": 1, "period": "0q", "endDate": "2025-12-31", "growth": {"raw": 1.0539, "fmt": "105.39%"}, "earningsEstimate": {"avg": {"raw": 0.14377, "fmt": "0.14"}, "low": {"raw": 0.14, "fmt": "0.14"}, "high": {"raw": 0.16425, "fmt": "0.16"}, "yearAgoEps": {"raw": 0.07, "fmt": "0.07"}, "numberOfAnalysts": {"raw": 12, "fmt": "12", "longFmt": "12"}, "growth": {"raw": 1.0539, "fmt": "105.39%"}, "earningsCurrency": "USD"}, "revenueEstimate": {"avg": {"raw": 220779720, "fmt": "220.78M", "longFmt": "220,779,720"}, "low": {"raw": 219900000, "fmt": "219.9M", "longFmt": "219,900,000"}, "high": {"raw": 225047300, "fmt": "225.05M", "longFmt": "225,047,300"}, "numberOfAnalysts": {"raw": 10, "fmt": "10", "longFmt": "10"}, "yearAgoRevenue": {"raw": 177872000, "fmt": "177.87M", "longFmt": "177,872,000"}, "growth": {"raw": 0.24120001, "fmt": "24.12%"}, "revenueCurrency": "USD"}, "epsTrend": {"current": {"raw": 0.14377, "fmt": "0.14"}, "7daysAgo": {"raw": 0.13587, "fmt": "0.14"}, "30daysAgo": {"raw": 0.13817, "fmt": "0.14"}, "60daysAgo": {"raw": 0.13817, "fmt": "0.14"}, "90daysAgo": {"raw": 0.13817, "fmt": "0.14"}, "epsTrendCurrency": "USD"}, "epsRevisions": {"upLast7days": {"raw": 6, "fmt": "6", "longFmt": "6"}, "upLast30days": {"raw": 6, "fmt": "6", "longFmt": "6"}, "downLast30days": {"raw": 2, "fmt": "2", "longFmt": "2"}, "downLast7Days": {"raw": 2, "fmt": "2", "longFmt": "2"}, "downLast90days": {}, "epsRevisionsCurrency": "USD"}}, {"maxAge": 1, "period": "+1q", "endDate": "2026-03-31", "growth": {"raw": 1.7817, "fmt": "178.17%"}, "earningsEstimate": {"avg": {"raw": 0.1669, "fmt": "0.17"}, "low": {"raw": 0.15, "fmt": "0.15"}, "high": {"raw": 0.21, "fmt": "0.21"}, "yearAgoEps": {"raw": 0.06, "fmt": "0.06"}, "numberOfAnalysts": {"raw": 12, "fmt": "12", "longFmt": "12"}, "growth": {"raw": 1.7817, "fmt": "178.17%"}, "earningsCurrency": "USD"}, "revenueEstimate": {"avg": {"raw": 227798270, "fmt": "227.8M", "longFmt": "227,798,270"}, "low": {"raw": 224000000, "fmt": "224M", "longFmt": "224,000,000"}, "high": {"raw": 240800000, "fmt": "240.8M", "longFmt": "240,800,000"}, "numberOfAnalysts": {"raw": 10, "fmt": "10", "longFmt": "10"}, "yearAgoRevenue": {"raw": 192824000, "fmt": "192.82M", "longFmt": "192,824,000"}, "growth": {"raw": 0.1814, "fmt": "18.14%"}, "revenueCurrency": "USD"}, "epsTrend": {"current": {"raw": 0.1669, "fmt": "0.17"}, "7daysAgo": {"raw": 0.17446, "fmt": "0.17"}, "30daysAgo": {"raw": 0.17679, "fmt": "0.18"}, "60daysAgo": {"raw": 0.17679, "fmt": "0.18"}, "90daysAgo": {"raw": 0.17679, "fmt": "0.18"}, "epsTrendCurrency": "USD"}, "epsRevisions": {"upLast7days": {"raw": 2, "fmt": "2", "longFmt": "2"}, "upLast30days": {"raw": 1, "fmt": "1", "longFmt": "1"}, "downLast30days": {"raw": 7, "fmt": "7", "longFmt": "7"}, "downLast7Days": {"raw": 6, "fmt": "6", "longFmt": "6"}, "downLast90days": {}, "epsRevisionsCurrency": "USD"}}, {"maxAge": 1, "period": "0y", "endDate": "2026-03-31", "growth": {"raw": 1.1865001, "fmt": "118.65%"}, "earningsEstimate": {"avg": {"raw": 0.52476, "fmt": "0.52"}, "low": {"raw": 0.5, "fmt": "0.5"}, "high": {"raw": 0.56, "fmt": "0.56"}, "yearAgoEps": {"raw": 0.24, "fmt": "0.24"}, "numberOfAnalysts": {"raw": 12, "fmt": "12", "longFmt": "12"}, "growth": {"raw": 1.1865001, "fmt": "118.65%"}, "earningsCurrency": "USD"}, "revenueEstimate": {"avg": {"raw": 867457450, "fmt": "867.46M", "longFmt": "867,457,450"}, "low": {"raw": 861700000, "fmt": "861.7M", "longFmt": "861,700,000"}, "high": {"raw": 878955050, "fmt": "878.96M", "longFmt": "878,955,050"}, "numberOfAnalysts": {"raw": 11, "fmt": "11", "longFmt": "11"}, "yearAgoRevenue": {"raw": 725006000, "fmt": "725.01M", "longFmt": "725,006,000"}, "growth": {"raw": 0.1965, "fmt": "19.65%"}, "revenueCurrency": "USD"}, "epsTrend": {"current": {"raw": 0.52476, "fmt": "0.52"}, "7daysAgo": {"raw": 0.519, "fmt": "0.52"}, "30daysAgo": {"raw": 0.52365, "fmt": "0.52"}, "60daysAgo": {"raw": 0.52365, "fmt": "0.52"}, "90daysAgo": {"raw": 0.52365, "fmt": "0.52"}, "epsTrendCurrency": "USD"}, "epsRevisions": {"upLast7days": {"raw": 6, "fmt": "6", "longFmt": "6"}, "upLast30days": {"raw": 5, "fmt": "5", "longFmt": "5"}, "downLast30days": {"raw": 4, "fmt": "4", "longFmt": "4"}, "downLast7Days": {"raw": 3, "fmt": "3", "longFmt": "3"}, "downLast90days": {}, "epsRevisionsCurrency": "USD"}}, {"maxAge": 1, "period": "+1y", "endDate": "2027-03-31", "growth": {"raw": 0.85230005, "fmt": "85.23%"}, "earningsEstimate": {"avg": {"raw": 0.97199, "fmt": "0.97"}, "low": {"raw": 0.747, "fmt": "0.75"}, "high": {"raw": 1.26, "fmt": "1.26"}, "yearAgoEps": {"raw": 0.52476, "fmt": "0.52"}, "numberOfAnalysts": {"raw": 12, "fmt": "12", "longFmt": "12"}, "growth": {"raw": 0.85230005, "fmt": "85.23%"}, "earningsCurrency": "USD"}, "revenueEstimate": {"avg": {"raw": 1027274020, "fmt": "1.03B", "longFmt": "1,027,274,020"}, "low": {"raw": 985000000, "fmt": "985M", "longFmt": "985,000,000"}, "high": {"raw": 1163700000, "fmt": "1.16B", "longFmt": "1,163,700,000"}, "numberOfAnalysts": {"raw": 11, "fmt": "11", "longFmt": "11"}, "yearAgoRevenue": {"raw": 867457450, "fmt": "867.46M", "longFmt": "867,457,450"}, "growth": {"raw": 0.1842, "fmt": "18.42%"}, "revenueCurrency": "USD"}, "epsTrend": {"current": {"raw": 0.97199, "fmt": "0.97"}, "7daysAgo": {"raw": 0.98657, "fmt": "0.99"}, "30daysAgo": {"raw": 0.99003, "fmt": "0.99"}, "60daysAgo": {"raw": 0.99003, "fmt": "0.99"}, "90daysAgo": {"raw": 0.99003, "fmt": "0.99"}, "epsTrendCurrency": "USD"}, "epsRevisions": {"upLast7days": {"raw": 2, "fmt": "2", "longFmt": "2"}, "upLast30days": {"raw": 2, "fmt": "2", "longFmt": "2"}, "downLast30days": {"raw": 4, "fmt": "4", "longFmt": "4"}, "downLast7Days": {"raw": 4, "fmt": "4", "longFmt": "4"}, "downLast90days": {}, "epsRevisionsCurrency": "USD"}}], "defaultMethodology": "nongaap", "maxAge": 1}, "earningsHistory": {"history": [{"maxAge": 1, "epsActual": {"raw": 0.07, "fmt": "0.07"}, "epsEstimate": {"raw": 0.06415, "fmt": "0.06"}, "epsDifference": {"raw": 0.01, "fmt": "0.01"}, "surprisePercent": {"raw": 0.0912, "fmt": "9.12%"}, "quarter": {"raw": 1735603200, "fmt": "2024-12-31"}, "currency": "USD", "period": "-4q"}, {"maxAge": 1, "epsActual": {"raw": 0.06, "fmt": "0.06"}, "epsEstimate": {"raw": 0.05017, "fmt": "0.05"}, "epsDifference": {"raw": 0.01, "fmt": "0.01"}, "surprisePercent": {"raw": 0.19590001, "fmt": "19.59%"}, "quarter": {"raw": 1743379200, "fmt": "2025-03-31"}, "currency": "USD", "period": "-3q"}, {"maxAge": 1, "epsActual": {"raw": 0.09, "fmt": "0.09"}, "epsEstimate": {"raw": 0.08451, "fmt": "0.08"}, "epsDifference": {"raw": 0.01, "fmt": "0.01"}, "surprisePercent": {"raw": 0.065, "fmt": "6.50%"}, "quarter": {"raw": 1751241600, "fmt": "2025-06-30"}, "currency": "USD", "period": "-2q"}, {"maxAge": 1, "epsActual": {"raw": 0.13, "fmt": "0.13"}, "epsEstimate": {"raw": 0.12337, "fmt": "0.12"}, "epsDifference": {"raw": 0.01, "fmt": "0.01"}, "surprisePercent": {"raw": 0.0537, "fmt": "5.37%"}, "quarter": {"raw": 1759190400, "fmt": "2025-09-30"}, "currency": "USD", "period": "-1q"}], "defaultMethodology": "nongaap", "maxAge": 86400}, "financialData": {"maxAge": 86400, "currentPrice": {"raw": 28.94, "fmt": "28.94"}, "targetHighPrice": {"raw": 49.0, "fmt": "49.00"}, "targetLowPrice": {"raw": 35.0, "fmt": "35.00"}, "targetMeanPrice": {"raw": 38.58333, "fmt": "38.58"}, "targetMedianPrice": {"raw": 37.0, "fmt": "37.00"}, "recommendationMean": {"raw": 1.33333, "fmt": "1.33"}, "recommendationKey": "strong_buy", "numberOfAnalystOpinions": {"raw": 12, "fmt": "12", "longFmt": "12"}, "totalCash": {"raw": 117492000, "fmt": "117.49M", "longFmt": "117,492,000"}, "totalCashPerShare": {"raw": 0.635, "fmt": "0.63"}, "ebitda": {"raw": 61620000, "fmt": "61.62M", "longFmt": "61,620,000"}, "totalDebt": {"raw": 308697984, "fmt": "308.7M", "longFmt": "308,697,984"}, "quickRatio": {"raw": 1.85, "fmt": "1.85"}, "currentRatio": {"raw": 3.891, "fmt": "3.89"}, "totalRevenue": {"raw": 788395008, "fmt": "788.4M", "longFmt": "788,395,008"}, "debtToEquity": {"raw": 32.638, "fmt": "32.64%"}, "revenuePerShare": {"raw": 4.274, "fmt": "4.27"}, "returnOnAssets": {"raw": -0.00141, "fmt": "-0.14%"}, "returnOnEquity": {"raw": -0.02984, "fmt": "-2.98%"}, "grossProfits": {"raw": 353052992, "fmt": "353.05M", "longFmt": "353,052,992"}, "freeCashflow": {"raw": 37027124, "fmt": "37.03M", "longFmt": "37,027,124"}, "operatingCashflow": {"raw": 94150000, "fmt": "94.15M", "longFmt": "94,150,000"}, "earningsGrowth": {}, "revenueGrowth": {"raw": 0.144, "fmt": "14.40%"}, "grossMargins": {"raw": 0.44781, "fmt": "44.78%"}, "ebitdaMargins": {"raw": 0.07816, "fmt": "7.82%"}, "operatingMargins": {"raw": 0.02913, "fmt": "2.91%"}, "profitMargins": {"raw": -0.03598, "fmt": "-3.60%"}, "financialCurrency": "USD"}}