{"assetProfile": {"address1": "410 North Scottsdale Road", "address2": "Suite 1300", "city": "Tempe", "state": "AZ", "zip": "85288", "country": "United States", "phone": "602 742 2000", "website": "https://www.aligntech.com", "industry": "Medical Instruments & Supplies", "industryKey": "medical-instruments-supplies", "industryDisp": "Medical Instruments & Supplies", "sector": "Healthcare", "sectorKey": "healthcare", "sectorDisp": "Healthcare", "longBusinessSummary": "Align Technology, Inc. provides Invisalign clear aligners, Vivera retainers, and iTero intraoral scanners and services in the United States, Switzerland, and internationally. The company's Clear Aligner segment offers Invisalign comprehensive package to treat adults and teens malocclusion and features, and orthodontic needs of teenage or younger patients; and Invisalign First Phase I and Invisalign First Comprehensive Phase 2 package for younger patients between the ages of six and ten years with a mixture of primary/baby and permanent teeth. This segment also provides Invisalign express, Invisalign lite, and Invisalign moderate; Invisalign Go, Invisalign Go express, and Invisalign Go Plus; retention products, Invisalign training, adjusting tools used by dental professionals during treatment, ancillary Invisalign accessory products, and other oral health products; Invisalign Professional Whitening system; Invisalign Palatal Expander, a 3D printed orthodontic device; and 3D printing solutions. Its Imaging Systems and CAD/CAM Services segment offers iTero intraoral scanning system, a single hardware platform for restorative or orthodontic procedures; exocad, a computer-aided design and computer-aided manufacturing software; orthodontist software for digital records storage, orthodontic diagnosis, and fabrication of printed models and retainers; and restorative software for general practitioner dentists, prosthodontists, periodontists, and oral surgeons. This segment also offers Invisalign outcome simulator, a chair-side and cloud-based application for the iTero scanner; Invisalign progress assessment tool; Align Oral Health Suite, a digital interface for dental consultations; iTero TimeLapse technology for doctors or practitioners to compare a patient's historic 3D scans to the present-day scan; and subscription software, disposables, rents scanners, and pay per scan services. The company was incorporated in 1997 and is headquartered in Tempe, Arizona.", "fullTimeEmployees": 20945, "companyOfficers": [{"maxAge": 1, "name": "Mr. Joseph M. Hogan", "age": 67, "title": "President, CEO & Director", "yearBorn": 1957, "fiscalYear": 2016, "totalPay": {"raw": 3472666, "fmt": "3.47M", "longFmt": "3,472,666"}, "exercisedValue": {"raw": 0, "fmt": null, "longFmt": "0"}, "unexercisedValue": {"raw": 0, "fmt": null, "longFmt": "0"}}, {"maxAge": 1, "name": "Mr. John F. Morici", "age": 57, "title": "CFO & Executive VP of Global Finance", "yearBorn": 1967, "fiscalYear": 2016, "totalPay": {"raw": 1186952, "fmt": "1.19M", "longFmt": "1,186,952"}, "exercisedValue": {"raw": 0, "fmt": null, "longFmt": "0"}, "unexercisedValue": {"raw": 0, "fmt": null, "longFmt": "0"}}, {"maxAge": 1, "name": "Ms. Julie Ann Coletti J.D.", "age": 56, "title": "Executive VP and Chief Legal & Regulatory Officer", "yearBorn": 1968, "fiscalYear": 2016, "totalPay": {"raw": 1050194, "fmt": "1.05M", "longFmt": "1,050,194"}, "exercisedValue": {"raw": 0, "fmt": null, "longFmt": "0"}, "unexercisedValue": {"raw": 0, "fmt": null, "longFmt": "0"}}, {"maxAge": 1, "name": "Mr. Stuart  Hockridge", "age": 52, "title": "Executive Vice President of Global Human Resources", "yearBorn": 1972, "fiscalYear": 2016, "totalPay": {"raw": 918860, "fmt": "918.86k", "longFmt": "918,860"}, "exercisedValue": {"raw": 0, "fmt": null, "longFmt": "0"}, "unexercisedValue": {"raw": 0, "fmt": null, "longFmt": "0"}}, {"maxAge": 1, "name": "Mr. Emory M. Wright", "age": 54, "title": "Executive Vice President of Direct Fabrication Platform & Operations", "yearBorn": 1970, "fiscalYear": 2016, "totalPay": {"raw": 998961, "fmt": "998.96k", "longFmt": "998,961"}, "exercisedValue": {"raw": 0, "fmt": null, "longFmt": "0"}, "unexercisedValue": {"raw": 0, "fmt": null, "longFmt": "0"}}, {"maxAge": 1, "name": "Mr. Zelko  Relic", "age": 59, "title": "Executive VP & CTO", "yearBorn": 1965, "fiscalYear": 2016, "totalPay": {"raw": 1064236, "fmt": "1.06M", "longFmt": "1,064,236"}, "exercisedValue": {"raw": 0, "fmt": null, "longFmt": "0"}, "unexercisedValue": {"raw": 0, "fmt": null, "longFmt": "0"}}, {"maxAge": 1, "name": "Ms. Shirley  Stacy", "title": "Vice President of Corporate Communications & Investor Relations", "fiscalYear": 2016, "exercisedValue": {"raw": 0, "fmt": null, "longFmt": "0"}, "unexercisedValue": {"raw": 0, "fmt": null, "longFmt": "0"}}, {"maxAge": 1, "name": "Mr. Simon  Beard", "age": 57, "title": "MD for EMEA Region & Executive VP", "yearBorn": 1967, "fiscalYear": 2016, "totalPay": {"raw": 1030826, "fmt": "1.03M", "longFmt": "1,030,826"}, "exercisedValue": {"raw": 0, "fmt": null, "longFmt": "0"}, "unexercisedValue": {"raw": 0, "fmt": null, "longFmt": "0"}}, {"maxAge": 1, "name": "Ms. Sreelakshmi  Kolli", "age": 49, "title": "Executive VP & Chief Product and Digital Officer", "yearBorn": 1975, "fiscalYear": 2016, "exercisedValue": {"raw": 0, "fmt": null, "longFmt": "0"}, "unexercisedValue": {"raw": 0, "fmt": null, "longFmt": "0"}}, {"maxAge": 1, "name": "Mr. Srini  Kaza", "title": "Executive Vice President of Research & Development", "fiscalYear": 2016, "exercisedValue": {"raw": 0, "fmt": null, "longFmt": "0"}, "unexercisedValue": {"raw": 0, "fmt": null, "longFmt": "0"}}], "auditRisk": 2, "boardRisk": 5, "compensationRisk": 9, "shareHolderRightsRisk": 8, "overallRisk": 8, "governanceEpochDate": 1761955200, "compensationAsOfEpochDate": 1483142400, "irWebsite": "http://investor.aligntech.com/", "executiveTeam": [], "maxAge": 86400}, "calendarEvents": {"maxAge": 1, "earnings": {"earningsDate": [{"raw": 1761768000, "fmt": "2025-10-29"}], "earningsCallDate": [{"raw": 1761769800, "fmt": "2025-10-29"}], "isEarningsDateEstimate": false, "earningsAverage": {"raw": 2.96593, "fmt": "2.97"}, "earningsLow": {"raw": 2.87, "fmt": "2.87"}, "earningsHigh": {"raw": 3.04, "fmt": "3.04"}, "revenueAverage": {"raw": 1031834740, "fmt": "1.03B", "longFmt": "1,031,834,740"}, "revenueLow": {"raw": 1013000000, "fmt": "1.01B", "longFmt": "1,013,000,000"}, "revenueHigh": {"raw": 1038300000, "fmt": "1.04B", "longFmt": "1,038,300,000"}}, "exDividendDate": {}, "dividendDate": {}}, "earningsTrend": {"trend": [{"maxAge": 1, "period": "0q", "endDate": "2025-12-31", "growth": {"raw": 0.2155, "fmt": "21.55%"}, "earningsEstimate": {"avg": {"raw": 2.96593, "fmt": "2.97"}, "low": {"raw": 2.87, "fmt": "2.87"}, "high": {"raw": 3.04, "fmt": "3.04"}, "yearAgoEps": {"raw": 2.44, "fmt": "2.44"}, "numberOfAnalysts": {"raw": 14, "fmt": "14", "longFmt": "14"}, "growth": {"raw": 0.2155, "fmt": "21.55%"}, "earningsCurrency": "USD"}, "revenueEstimate": {"avg": {"raw": 1031834740, "fmt": "1.03B", "longFmt": "1,031,834,740"}, "low": {"raw": 1013000000, "fmt": "1.01B", "longFmt": "1,013,000,000"}, "high": {"raw": 1038300000, "fmt": "1.04B", "longFmt": "1,038,300,000"}, "numberOfAnalysts": {"raw": 13, "fmt": "13", "longFmt": "13"}, "yearAgoRevenue": {"raw": 995219000, "fmt": "995.22M", "longFmt": "995,219,000"}, "growth": {"raw": 0.0368, "fmt": "3.68%"}, "revenueCurrency": "USD"}, "epsTrend": {"current": {"raw": 2.96593, "fmt": "2.97"}, "7daysAgo": {"raw": 3.03235, "fmt": "3.03"}, "30daysAgo": {"raw": 3.0672, "fmt": "3.07"}, "60daysAgo": {"raw": 3.0672, "fmt": "3.07"}, "90daysAgo": {"raw": 3.0672, "fmt": "3.07"}, "epsTrendCurrency": "USD"}, "epsRevisions": {"upLast7days": {"raw": 4, "fmt": "4", "longFmt": "4"}, "upLast30days": {"raw": 3, "fmt": "3", "longFmt": "3"}, "downLast30days": {"raw": 9, "fmt": "9", "longFmt": "9"}, "downLast7Days": {"raw": 8, "fmt": "8", "longFmt": "8"}, "downLast90days": {}, "epsRevisionsCurrency": "USD"}}, {"maxAge": 1, "period": "+1q", "endDate": "2026-03-31", "growth": {"raw": 0.1305, "fmt": "13.05%"}, "earningsEstimate": {"avg": {"raw": 2.40804, "fmt": "2.41"}, "low": {"raw": 2.24, "fmt": "2.24"}, "high": {"raw": 2.71, "fmt": "2.71"}, "yearAgoEps": {"raw": 2.13, "fmt": "2.13"}, "numberOfAnalysts": {"raw": 9, "fmt": "9", "longFmt": "9"}, "growth": {"raw": 0.1305, "fmt": "13.05%"}, "earningsCurrency": "USD"}, "revenueEstimate": {"avg": {"raw": 1013711980, "fmt": "1.01B", "longFmt": "1,013,711,980"}, "low": {"raw": 996270900, "fmt": "996.27M", "longFmt": "996,270,900"}, "high": {"raw": 1021000000, "fmt": "1.02B", "longFmt": "1,021,000,000"}, "numberOfAnalysts": {"raw": 5, "fmt": "5", "longFmt": "5"}, "yearAgoRevenue": {"raw": 979262000, "fmt": "979.26M", "longFmt": "979,262,000"}, "growth": {"raw": 0.0352, "fmt": "3.52%"}, "revenueCurrency": "USD"}, "epsTrend": {"current": {"raw": 2.40804, "fmt": "2.41"}, "7daysAgo": {"raw": 2.38168, "fmt": "2.38"}, "30daysAgo": {"raw": 2.38726, "fmt": "2.39"}, "60daysAgo": {"raw": 2.38949, "fmt": "2.39"}, "90daysAgo": {"raw": 2.38949, "fmt": "2.39"}, "epsTrendCurrency": "USD"}, "epsRevisions": {"upLast7days": {"raw": 5, "fmt": "5", "longFmt": "5"}, "upLast30days": {"raw": 5, "fmt": "5", "longFmt": "5"}, "downLast30days": {"raw": 2, "fmt": "2", "longFmt": "2"}, "downLast7Days": {"raw": 1, "fmt": "1", "longFmt": "1"}, "downLast90days": {}, "epsRevisionsCurrency": "USD"}}, {"maxAge": 1, "period": "0y", "endDate": "2025-12-31", "growth": {"raw": 0.0935, "fmt": "9.35%"}, "earningsEstimate": {"avg": {"raw": 10.20276, "fmt": "10.2"}, "low": {"raw": 10.1, "fmt": "10.1"}, "high": {"raw": 10.28, "fmt": "10.28"}, "yearAgoEps": {"raw": 9.33, "fmt": "9.33"}, "numberOfAnalysts": {"raw": 15, "fmt": "15", "longFmt": "15"}, "growth": {"raw": 0.0935, "fmt": "9.35%"}, "earningsCurrency": "USD"}, "revenueEstimate": {"avg": {"raw": 4021472630, "fmt": "4.02B", "longFmt": "4,021,472,630"}, "low": {"raw": 4014000000, "fmt": "4.01B", "longFmt": "4,014,000,000"}, "high": {"raw": 4031527310, "fmt": "4.03B", "longFmt": "4,031,527,310"}, "numberOfAnalysts": {"raw": 15, "fmt": "15", "longFmt": "15"}, "yearAgoRevenue": {"raw": 3999012000, "fmt": "4B", "longFmt": "3,999,012,000"}, "growth": {"raw": 0.0056, "fmt": "0.56%"}, "revenueCurrency": "USD"}, "epsTrend": {"current": {"raw": 10.20276, "fmt": "10.2"}, "7daysAgo": {"raw": 10.09373, "fmt": "10.09"}, "30daysAgo": {"raw": 10.11473, "fmt": "10.11"}, "60daysAgo": {"raw": 10.11473, "fmt": "10.11"}, "90daysAgo": {"raw": 10.11473, "fmt": "10.11"}, "epsTrendCurrency": "USD"}, "epsRevisions": {"upLast7days": {"raw": 13, "fmt": "13", "longFmt": "13"}, "upLast30days": {"raw": 12, "fmt": "12", "longFmt": "12"}, "downLast30days": {"raw": 2, "fmt": "2", "longFmt": "2"}, "downLast7Days": {"raw": 1, "fmt": "1", "longFmt": "1"}, "downLast90days": {}, "epsRevisionsCurrency": "USD"}}, {"maxAge": 1, "period": "+1y", "endDate": "2026-12-31", "growth": {"raw": 0.0731, "fmt": "7.31%"}, "earningsEstimate": {"avg": {"raw": 10.94812, "fmt": "10.95"}, "low": {"raw": 10.6, "fmt": "10.6"}, "high": {"raw": 11.43, "fmt": "11.43"}, "yearAgoEps": {"raw": 10.20276, "fmt": "10.2"}, "numberOfAnalysts": {"raw": 17, "fmt": "17", "longFmt": "17"}, "growth": {"raw": 0.0731, "fmt": "7.31%"}, "earningsCurrency": "USD"}, "revenueEstimate": {"avg": {"raw": 4173542750, "fmt": "4.17B", "longFmt": "4,173,542,750"}, "low": {"raw": 4093815790, "fmt": "4.09B", "longFmt": "4,093,815,790"}, "high": {"raw": 4486000000, "fmt": "4.49B", "longFmt": "4,486,000,000"}, "numberOfAnalysts": {"raw": 17, "fmt": "17", "longFmt": "17"}, "yearAgoRevenue": {"raw": 4021472630, "fmt": "4.02B", "longFmt": "4,021,472,630"}, "growth": {"raw": 0.0378, "fmt": "3.78%"}, "revenueCurrency": "USD"}, "epsTrend": {"current": {"raw": 10.94812, "fmt": "10.95"}, "7daysAgo": {"raw": 10.86886, "fmt": "10.87"}, "30daysAgo": {"raw": 10.89972, "fmt": "10.9"}, "60daysAgo": {"raw": 10.89913, "fmt": "10.9"}, "90daysAgo": {"raw": 10.89913, "fmt": "10.9"}, "epsTrendCurrency": "USD"}, "epsRevisions": {"upLast7days": {"raw": 10, "fmt": "10", "longFmt": "10"}, "upLast30days": {"raw": 9, "fmt": "9", "longFmt": "9"}, "downLast30days": {"raw": 5, "fmt": "5", "longFmt": "5"}, "downLast7Days": {"raw": 3, "fmt": "3", "longFmt": "3"}, "downLast90days": {}, "epsRevisionsCurrency": "USD"}}], "defaultMethodology": "nongaap", "maxAge": 1}, "earningsHistory": {"history": [{"maxAge": 1, "epsActual": {"raw": 2.44, "fmt": "2.44"}, "epsEstimate": {"raw": 2.44897, "fmt": "2.45"}, "epsDifference": {"raw": -0.01, "fmt": "-0.01"}, "surprisePercent": {"raw": -0.0037, "fmt": "-0.37%"}, "quarter": {"raw": 1735603200, "fmt": "2024-12-31"}, "currency": "USD", "period": "-4q"}, {"maxAge": 1, "epsActual": {"raw": 2.13, "fmt": "2.13"}, "epsEstimate": {"raw": 1.98939, "fmt": "1.99"}, "epsDifference": {"raw": 0.14, "fmt": "0.14"}, "surprisePercent": {"raw": 0.070700005, "fmt": "7.07%"}, "quarter": {"raw": 1743379200, "fmt": "2025-03-31"}, "currency": "USD", "period": "-3q"}, {"maxAge": 1, "epsActual": {"raw": 2.49, "fmt": "2.49"}, "epsEstimate": {"raw": 2.57381, "fmt": "2.57"}, "epsDifference": {"raw": -0.08, "fmt": "-0.08"}, "surprisePercent": {"raw": -0.0326, "fmt": "-3.26%"}, "quarter": {"raw": 1751241600, "fmt": "2025-06-30"}, "currency": "USD", "period": "-2q"}, {"maxAge": 1, "epsActual": {"raw": 2.61, "fmt": "2.61"}, "epsEstimate": {"raw": 2.40853, "fmt": "2.41"}, "epsDifference": {"raw": 0.2, "fmt": "0.2"}, "surprisePercent": {"raw": 0.0836, "fmt": "8.36%"}, "quarter": {"raw": 1759190400, "fmt": "2025-09-30"}, "currency": "USD", "period": "-1q"}], "defaultMethodology": "nongaap", "maxAge": 86400}, "financialData": {"maxAge": 86400, "currentPrice": {"raw": 138.53, "fmt": "138.53"}, "targetHighPrice": {"raw": 220.0, "fmt": "220.00"}, "targetLowPrice": {"raw": 150.0, "fmt": "150.00"}, "targetMeanPrice": {"raw": 180.5, "fmt": "180.50"}, "targetMedianPrice": {"raw": 178.0, "fmt": "178.00"}, "recommendationMean": {"raw": 2.05882, "fmt": "2.06"}, "recommendationKey": "buy", "numberOfAnalystOpinions": {"raw": 14, "fmt": "14", "longFmt": "14"}, "totalCash": {"raw": 1004588992, "fmt": "1B", "longFmt": "1,004,588,992"}, "totalCashPerShare": {"raw": 13.88, "fmt": "13.88"}, "ebitda": {"raw": 797372032, "fmt": "797.37M", "longFmt": "797,372,032"}, "totalDebt": {"raw": 87278000, "fmt": "87.28M", "longFmt": "87,278,000"}, "quickRatio": {"raw": 1.07, "fmt": "1.07"}, "currentRatio": {"raw": 1.289, "fmt": "1.29"}, "totalRevenue": {"raw": 3982621952, "fmt": "3.98B", "longFmt": "3,982,621,952"}, "debtToEquity": {"raw": 2.205, "fmt": "2.20%"}, "revenuePerShare": {"raw": 54.387, "fmt": "54.39"}, "returnOnAssets": {"raw": 0.06325, "fmt": "6.32%"}, "returnOnEquity": {"raw": 0.095769994, "fmt": "9.58%"}, "grossProfits": {"raw": 2758353920, "fmt": "2.76B", "longFmt": "2,758,353,920"}, "freeCashflow": {"raw": 568298880, "fmt": "568.3M", "longFmt": "568,298,880"}, "operatingCashflow": {"raw": 656124032, "fmt": "656.12M", "longFmt": "656,124,032"}, "earningsGrowth": {"raw": -0.497, "fmt": "-49.70%"}, "revenueGrowth": {"raw": 0.018, "fmt": "1.80%"}, "grossMargins": {"raw": 0.6926, "fmt": "69.26%"}, "ebitdaMargins": {"raw": 0.20021, "fmt": "20.02%"}, "operatingMargins": {"raw": 0.15673, "fmt": "15.67%"}, "profitMargins": {"raw": 0.095010005, "fmt": "9.50%"}, "financialCurrency": "USD"}}