{"assetProfile": {"address1": "One Corporate Drive", "address2": "2nd Floor", "city": "South San Francisco", "state": "CA", "zip": "94080", "country": "United States", "phone": "800 466 6059", "website": "https://www.aligos.com", "industry": "Biotechnology", "industryKey": "biotechnology", "industryDisp": "Biotechnology", "sector": "Healthcare", "sectorKey": "healthcare", "sectorDisp": "Healthcare", "longBusinessSummary": "Aligos Therapeutics, Inc., a clinical-stage biopharmaceutical company, focuses on the development of novel therapeutics to address unmet medical needs in viral and liver diseases. Its drug candidate, ALG-055009, a small molecule THR-\u00df agonist that is in the Phase 2a clinical trial for the treatment of non-alcoholic steatohepatitis (NASH). The company also develops ALG-000184, a capsid assembly modulator, which is completed Phase 1b clinical trial to treat chronic hepatitis B (CHB); and ALG-125755, a siRNA drug candidate, which is in Phase I clinical trial for the treatment of CHB. In addition, it develops ALG-097558, which is in Phase 2 clinical trial for the treatment of coronavirus. The company has entered into license and research collaboration agreement with Merck to discover, research, optimize, and develop oligonucleotides directed against a NASH; license agreement with Emory University to provide hepatitis B virus capsid assembly modulator technology; license agreement with Luxna Biotech Co., Ltd. to develop and commercialize products containing oligonucleotides targeting hepatitis B virus genome; and research, licensing, and commercialization agreement with Katholieke Universiteit Leuven to develop coronavirus protease inhibitors. It also has a clinical collaboration with Xiamen Amoytop Biotech Co., Ltd. The company was incorporated in 2018 and is headquartered in South San Francisco, California.", "fullTimeEmployees": 70, "companyOfficers": [{"maxAge": 1, "name": "Dr. Lawrence M. Blatt MBA, Ph.D.", "age": 62, "title": "CEO, President & Chairman of the Board", "yearBorn": 1962, "fiscalYear": 2024, "totalPay": {"raw": 1006234, "fmt": "1.01M", "longFmt": "1,006,234"}, "exercisedValue": {"raw": 0, "fmt": null, "longFmt": "0"}, "unexercisedValue": {"raw": 228334, "fmt": "228.33k", "longFmt": "228,334"}}, {"maxAge": 1, "name": "Ms. Lesley Ann Calhoun CPA", "age": 58, "title": "Executive VP, CFO & COO", "yearBorn": 1966, "fiscalYear": 2024, "totalPay": {"raw": 658230, "fmt": "658.23k", "longFmt": "658,230"}, "exercisedValue": {"raw": 0, "fmt": null, "longFmt": "0"}, "unexercisedValue": {"raw": 73311, "fmt": "73.31k", "longFmt": "73,311"}}, {"maxAge": 1, "name": "Dr. Julian A. Symons DPHIL", "age": 63, "title": "Executive VP & Chief Scientific Officer", "yearBorn": 1961, "fiscalYear": 2024, "totalPay": {"raw": 677467, "fmt": "677.47k", "longFmt": "677,467"}, "exercisedValue": {"raw": 0, "fmt": null, "longFmt": "0"}, "unexercisedValue": {"raw": 52440, "fmt": "52.44k", "longFmt": "52,440"}}, {"maxAge": 1, "name": "Ms. Laura  Kavanaugh", "title": "VP & Head of Legal", "fiscalYear": 2024, "exercisedValue": {"raw": 0, "fmt": null, "longFmt": "0"}, "unexercisedValue": {"raw": 0, "fmt": null, "longFmt": "0"}}, {"maxAge": 1, "name": "Ms. Kristina  Engeseth M.B.A.", "title": "Senior VP and Head of People & Culture", "fiscalYear": 2024, "exercisedValue": {"raw": 0, "fmt": null, "longFmt": "0"}, "unexercisedValue": {"raw": 0, "fmt": null, "longFmt": "0"}}, {"maxAge": 1, "name": "Dr. Sushmita M. Chanda DABT, Ph.D.", "age": 57, "title": "Executive Vice President & Chief Development Officer", "yearBorn": 1967, "fiscalYear": 2024, "exercisedValue": {"raw": 0, "fmt": null, "longFmt": "0"}, "unexercisedValue": {"raw": 0, "fmt": null, "longFmt": "0"}}, {"maxAge": 1, "name": "Dr. David B. Smith Ph.D.", "title": "Executive VP & Head of Chemical Operations", "fiscalYear": 2024, "exercisedValue": {"raw": 0, "fmt": null, "longFmt": "0"}, "unexercisedValue": {"raw": 0, "fmt": null, "longFmt": "0"}}, {"maxAge": 1, "name": "Dr. Tse-I  Lin Ph.D.", "title": "Senior VP of Early Compound Development & Belgian Site Head", "fiscalYear": 2024, "exercisedValue": {"raw": 0, "fmt": null, "longFmt": "0"}, "unexercisedValue": {"raw": 0, "fmt": null, "longFmt": "0"}}, {"maxAge": 1, "name": "Dr. Hardean E. Achneck M.D.", "age": 47, "title": "Executive VP & Chief Medical Officer", "yearBorn": 1977, "fiscalYear": 2024, "exercisedValue": {"raw": 0, "fmt": null, "longFmt": "0"}, "unexercisedValue": {"raw": 0, "fmt": null, "longFmt": "0"}}, {"maxAge": 1, "name": "Dr. Kieron  Wesson Ph.D.", "title": "Vice President & Head of Chemistry Manufacturing Controls", "fiscalYear": 2024, "exercisedValue": {"raw": 0, "fmt": null, "longFmt": "0"}, "unexercisedValue": {"raw": 0, "fmt": null, "longFmt": "0"}}], "auditRisk": 6, "boardRisk": 7, "compensationRisk": 9, "shareHolderRightsRisk": 8, "overallRisk": 8, "governanceEpochDate": 1761955200, "compensationAsOfEpochDate": 1735603200, "executiveTeam": [], "maxAge": 86400}, "calendarEvents": {"maxAge": 1, "earnings": {"earningsDate": [{"raw": 1762435800, "fmt": "2025-11-06"}], "earningsCallDate": [], "isEarningsDateEstimate": false, "earningsAverage": {"raw": -2.01, "fmt": "-2.01"}, "earningsLow": {"raw": -2.26, "fmt": "-2.26"}, "earningsHigh": {"raw": -1.85, "fmt": "-1.85"}, "revenueAverage": {"raw": 500000, "fmt": "500k", "longFmt": "500,000"}, "revenueLow": {"raw": 0, "fmt": null, "longFmt": "0"}, "revenueHigh": {"raw": 1000000, "fmt": "1M", "longFmt": "1,000,000"}}, "exDividendDate": {}, "dividendDate": {}}, "earningsTrend": {"trend": [{"maxAge": 1, "period": "0q", "endDate": "2025-09-30", "growth": {"raw": 0.3453, "fmt": "34.53%"}, "earningsEstimate": {"avg": {"raw": -2.01, "fmt": "-2.01"}, "low": {"raw": -2.26, "fmt": "-2.26"}, "high": {"raw": -1.85, "fmt": "-1.85"}, "yearAgoEps": {"raw": -3.07, "fmt": "-3.07"}, "numberOfAnalysts": {"raw": 3, "fmt": "3", "longFmt": "3"}, "growth": {"raw": 0.3453, "fmt": "34.53%"}, "earningsCurrency": "USD"}, "revenueEstimate": {"avg": {"raw": 500000, "fmt": "500k", "longFmt": "500,000"}, "low": {"raw": 0, "fmt": null, "longFmt": "0"}, "high": {"raw": 1000000, "fmt": "1M", "longFmt": "1,000,000"}, "numberOfAnalysts": {"raw": 4, "fmt": "4", "longFmt": "4"}, "yearAgoRevenue": {"raw": 1269000, "fmt": "1.27M", "longFmt": "1,269,000"}, "growth": {"raw": -0.606, "fmt": "-60.60%"}, "revenueCurrency": "USD"}, "epsTrend": {"current": {"raw": -2.01, "fmt": "-2.01"}, "7daysAgo": {"raw": -2.01, "fmt": "-2.01"}, "30daysAgo": {"raw": -2.01, "fmt": "-2.01"}, "60daysAgo": {"raw": -1.885, "fmt": "-1.88"}, "90daysAgo": {"raw": -2.68, "fmt": "-2.68"}, "epsTrendCurrency": "USD"}, "epsRevisions": {"upLast7days": {"raw": 1, "fmt": "1", "longFmt": "1"}, "upLast30days": {"raw": 1, "fmt": "1", "longFmt": "1"}, "downLast30days": {"raw": 0, "fmt": null, "longFmt": "0"}, "downLast7Days": {"raw": 0, "fmt": null, "longFmt": "0"}, "downLast90days": {}, "epsRevisionsCurrency": "USD"}}, {"maxAge": 1, "period": "+1q", "endDate": "2025-12-31", "growth": {"raw": 0.83989996, "fmt": "83.99%"}, "earningsEstimate": {"avg": {"raw": -2.09667, "fmt": "-2.1"}, "low": {"raw": -2.29, "fmt": "-2.29"}, "high": {"raw": -1.93, "fmt": "-1.93"}, "yearAgoEps": {"raw": -13.1, "fmt": "-13.1"}, "numberOfAnalysts": {"raw": 3, "fmt": "3", "longFmt": "3"}, "growth": {"raw": 0.83989996, "fmt": "83.99%"}, "earningsCurrency": "USD"}, "revenueEstimate": {"avg": {"raw": 500000, "fmt": "500k", "longFmt": "500,000"}, "low": {"raw": 0, "fmt": null, "longFmt": "0"}, "high": {"raw": 1000000, "fmt": "1M", "longFmt": "1,000,000"}, "numberOfAnalysts": {"raw": 4, "fmt": "4", "longFmt": "4"}, "yearAgoRevenue": {"raw": 629000, "fmt": "629k", "longFmt": "629,000"}, "growth": {"raw": -0.2051, "fmt": "-20.51%"}, "revenueCurrency": "USD"}, "epsTrend": {"current": {"raw": -2.09667, "fmt": "-2.1"}, "7daysAgo": {"raw": -2.09667, "fmt": "-2.1"}, "30daysAgo": {"raw": -2.09667, "fmt": "-2.1"}, "60daysAgo": {"raw": -2.0, "fmt": "-2"}, "90daysAgo": {"raw": -2.78, "fmt": "-2.78"}, "epsTrendCurrency": "USD"}, "epsRevisions": {"upLast7days": {"raw": 1, "fmt": "1", "longFmt": "1"}, "upLast30days": {"raw": 1, "fmt": "1", "longFmt": "1"}, "downLast30days": {"raw": 0, "fmt": null, "longFmt": "0"}, "downLast7Days": {"raw": 0, "fmt": null, "longFmt": "0"}, "downLast90days": {}, "epsRevisionsCurrency": "USD"}}, {"maxAge": 1, "period": "0y", "endDate": "2025-12-31", "growth": {"raw": 0.62369996, "fmt": "62.37%"}, "earningsEstimate": {"avg": {"raw": -7.88, "fmt": "-7.88"}, "low": {"raw": -8.19, "fmt": "-8.19"}, "high": {"raw": -7.61, "fmt": "-7.61"}, "yearAgoEps": {"raw": -20.94, "fmt": "-20.94"}, "numberOfAnalysts": {"raw": 3, "fmt": "3", "longFmt": "3"}, "growth": {"raw": 0.62369996, "fmt": "62.37%"}, "earningsCurrency": "USD"}, "revenueEstimate": {"avg": {"raw": 2294000, "fmt": "2.29M", "longFmt": "2,294,000"}, "low": {"raw": 1276000, "fmt": "1.28M", "longFmt": "1,276,000"}, "high": {"raw": 3300000, "fmt": "3.3M", "longFmt": "3,300,000"}, "numberOfAnalysts": {"raw": 4, "fmt": "4", "longFmt": "4"}, "yearAgoRevenue": {"raw": 3945000, "fmt": "3.94M", "longFmt": "3,945,000"}, "growth": {"raw": -0.41849998, "fmt": "-41.85%"}, "revenueCurrency": "USD"}, "epsTrend": {"current": {"raw": -7.88, "fmt": "-7.88"}, "7daysAgo": {"raw": -7.88, "fmt": "-7.88"}, "30daysAgo": {"raw": -7.88, "fmt": "-7.88"}, "60daysAgo": {"raw": -7.725, "fmt": "-7.72"}, "90daysAgo": {"raw": -6.695, "fmt": "-6.7"}, "epsTrendCurrency": "USD"}, "epsRevisions": {"upLast7days": {"raw": 1, "fmt": "1", "longFmt": "1"}, "upLast30days": {"raw": 1, "fmt": "1", "longFmt": "1"}, "downLast30days": {"raw": 0, "fmt": null, "longFmt": "0"}, "downLast7Days": {"raw": 0, "fmt": null, "longFmt": "0"}, "downLast90days": {}, "epsRevisionsCurrency": "USD"}}, {"maxAge": 1, "period": "+1y", "endDate": "2026-12-31", "growth": {"raw": 0.1007, "fmt": "10.07%"}, "earningsEstimate": {"avg": {"raw": -7.08667, "fmt": "-7.09"}, "low": {"raw": -8.66, "fmt": "-8.66"}, "high": {"raw": -4.96, "fmt": "-4.96"}, "yearAgoEps": {"raw": -7.88, "fmt": "-7.88"}, "numberOfAnalysts": {"raw": 3, "fmt": "3", "longFmt": "3"}, "growth": {"raw": 0.1007, "fmt": "10.07%"}, "earningsCurrency": "USD"}, "revenueEstimate": {"avg": {"raw": 2125000, "fmt": "2.12M", "longFmt": "2,125,000"}, "low": {"raw": 0, "fmt": null, "longFmt": "0"}, "high": {"raw": 4500000, "fmt": "4.5M", "longFmt": "4,500,000"}, "numberOfAnalysts": {"raw": 4, "fmt": "4", "longFmt": "4"}, "yearAgoRevenue": {"raw": 2294000, "fmt": "2.29M", "longFmt": "2,294,000"}, "growth": {"raw": -0.073699996, "fmt": "-7.37%"}, "revenueCurrency": "USD"}, "epsTrend": {"current": {"raw": -7.08667, "fmt": "-7.09"}, "7daysAgo": {"raw": -7.08667, "fmt": "-7.09"}, "30daysAgo": {"raw": -7.08667, "fmt": "-7.09"}, "60daysAgo": {"raw": -6.3, "fmt": "-6.3"}, "90daysAgo": {"raw": -8.38, "fmt": "-8.38"}, "epsTrendCurrency": "USD"}, "epsRevisions": {"upLast7days": {"raw": 1, "fmt": "1", "longFmt": "1"}, "upLast30days": {"raw": 1, "fmt": "1", "longFmt": "1"}, "downLast30days": {"raw": 0, "fmt": null, "longFmt": "0"}, "downLast7Days": {"raw": 0, "fmt": null, "longFmt": "0"}, "downLast90days": {}, "epsRevisionsCurrency": "USD"}}], "defaultMethodology": "nongaap", "maxAge": 1}, "earningsHistory": {"history": [{"maxAge": 1, "epsActual": {"raw": -3.07, "fmt": "-3.07"}, "epsEstimate": {"raw": -1.325, "fmt": "-1.33"}, "epsDifference": {"raw": -1.74, "fmt": "-1.74"}, "surprisePercent": {"raw": -1.3169999, "fmt": "-131.70%"}, "quarter": {"raw": 1727654400, "fmt": "2024-09-30"}, "currency": "USD", "period": "-4q"}, {"maxAge": 1, "epsActual": {"raw": -13.1, "fmt": "-13.1"}, "epsEstimate": {"raw": -3.67, "fmt": "-3.67"}, "epsDifference": {"raw": -9.43, "fmt": "-9.43"}, "surprisePercent": {"raw": -2.5695002, "fmt": "-256.95%"}, "quarter": {"raw": 1735603200, "fmt": "2024-12-31"}, "currency": "USD", "period": "-3q"}, {"maxAge": 1, "epsActual": {"raw": 5.12, "fmt": "5.12"}, "epsEstimate": {"raw": -3.15333, "fmt": "-3.15"}, "epsDifference": {"raw": 8.27, "fmt": "8.27"}, "surprisePercent": {"raw": 2.6237, "fmt": "262.37%"}, "quarter": {"raw": 1743379200, "fmt": "2025-03-31"}, "currency": "USD", "period": "-2q"}, {"maxAge": 1, "epsActual": {"raw": -1.53, "fmt": "-1.53"}, "epsEstimate": {"raw": -2.535, "fmt": "-2.54"}, "epsDifference": {"raw": 1.01, "fmt": "1.01"}, "surprisePercent": {"raw": 0.3964, "fmt": "39.64%"}, "quarter": {"raw": 1751241600, "fmt": "2025-06-30"}, "currency": "USD", "period": "-1q"}], "defaultMethodology": "nongaap", "maxAge": 86400}, "financialData": {"maxAge": 86400, "currentPrice": {"raw": 7.53, "fmt": "7.53"}, "targetHighPrice": {"raw": 175.0, "fmt": "175.00"}, "targetLowPrice": {"raw": 36.0, "fmt": "36.00"}, "targetMeanPrice": {"raw": 80.25, "fmt": "80.25"}, "targetMedianPrice": {"raw": 55.0, "fmt": "55.00"}, "recommendationMean": {}, "recommendationKey": "none", "numberOfAnalystOpinions": {"raw": 4, "fmt": "4", "longFmt": "4"}, "totalCash": {"raw": 122945000, "fmt": "122.94M", "longFmt": "122,945,000"}, "totalCashPerShare": {"raw": 19.987, "fmt": "19.99"}, "ebitda": {"raw": -77562000, "fmt": "-77.56M", "longFmt": "-77,562,000"}, "totalDebt": {"raw": 6878000, "fmt": "6.88M", "longFmt": "6,878,000"}, "quickRatio": {"raw": 6.067, "fmt": "6.07"}, "currentRatio": {"raw": 6.314, "fmt": "6.31"}, "totalRevenue": {"raw": 3174000, "fmt": "3.17M", "longFmt": "3,174,000"}, "debtToEquity": {"raw": 6.752, "fmt": "6.75%"}, "revenuePerShare": {"raw": 0.405, "fmt": "0.41"}, "returnOnAssets": {"raw": -0.40297002, "fmt": "-40.30%"}, "returnOnEquity": {"raw": -0.87741995, "fmt": "-87.74%"}, "grossProfits": {"raw": -58109000, "fmt": "-58.11M", "longFmt": "-58,109,000"}, "freeCashflow": {"raw": -44316000, "fmt": "-44.32M", "longFmt": "-44,316,000"}, "operatingCashflow": {"raw": -74917000, "fmt": "-74.92M", "longFmt": "-74,917,000"}, "earningsGrowth": {}, "revenueGrowth": {"raw": -0.09, "fmt": "-9.00%"}, "grossMargins": {"raw": 0.0, "fmt": "0.00%"}, "ebitdaMargins": {"raw": 0.0, "fmt": "0.00%"}, "operatingMargins": {"raw": -19.24041, "fmt": "-1,924.04%"}, "profitMargins": {"raw": 0.0, "fmt": "0.00%"}, "financialCurrency": "USD"}}