{"assetProfile": {"address1": "1201 North Town Center Drive", "city": "Las Vegas", "state": "NV", "zip": "89144", "country": "United States", "phone": "702 851 7300", "website": "https://www.allegiantair.com", "industry": "Airlines", "industryKey": "airlines", "industryDisp": "Airlines", "sector": "Industrials", "sectorKey": "industrials", "sectorDisp": "Industrials", "longBusinessSummary": "Allegiant Travel Company, a leisure travel company, provides travel and leisure services and products to residents of under-served cities in the United States. It operates through two segments, Airline and Sunseeker Resort. The company offers scheduled air transportation on limited-frequency, nonstop flights between under-served cities and leisure destinations. As of February 1, 2025, it operated a fleet of 119 Airbus A320 series aircraft and four Boeing 737 series aircraft. The company also provides air-related services and products in conjunction with air transportation, including larger seats, baggage fees, advance seat assignments, travel protection products, change fees, priority boarding, a customer convenience fee, food and beverage purchases on board, and other air-related services, as well as use of its call center for purchases. In addition, it offers third party travel products, such as hotel rooms and ground transportation, such as rental cars and hotel shuttle products; travel insurance from a third party insurer; and air transportation services through fixed fee agreements and charter service on a year-round and ad-hoc basis. Further, the company owns and operates a golf course. Allegiant Travel Company was founded in 1997 and is based in Las Vegas, Nevada.", "fullTimeEmployees": 5980, "companyOfficers": [{"maxAge": 1, "name": "Mr. Maurice J. Gallagher Jr.", "age": 74, "title": "Executive Chairman", "yearBorn": 1950, "fiscalYear": 2024, "totalPay": {"raw": 666667, "fmt": "666.67k", "longFmt": "666,667"}, "exercisedValue": {"raw": 0, "fmt": null, "longFmt": "0"}, "unexercisedValue": {"raw": 0, "fmt": null, "longFmt": "0"}}, {"maxAge": 1, "name": "Mr. Gregory Clark Anderson CPA", "age": 42, "title": "President, CEO & Director", "yearBorn": 1982, "fiscalYear": 2024, "totalPay": {"raw": 623000, "fmt": "623k", "longFmt": "623,000"}, "exercisedValue": {"raw": 0, "fmt": null, "longFmt": "0"}, "unexercisedValue": {"raw": 0, "fmt": null, "longFmt": "0"}}, {"maxAge": 1, "name": "Mr. Robert J. Neal", "age": 40, "title": "Executive VP & CFO", "yearBorn": 1984, "fiscalYear": 2024, "totalPay": {"raw": 613000, "fmt": "613k", "longFmt": "613,000"}, "exercisedValue": {"raw": 0, "fmt": null, "longFmt": "0"}, "unexercisedValue": {"raw": 0, "fmt": null, "longFmt": "0"}}, {"maxAge": 1, "name": "Mr. Micah  Richins", "age": 55, "title": "President of Sunseeker Resorts", "yearBorn": 1969, "fiscalYear": 2024, "totalPay": {"raw": 612001, "fmt": "612k", "longFmt": "612,001"}, "exercisedValue": {"raw": 0, "fmt": null, "longFmt": "0"}, "unexercisedValue": {"raw": 0, "fmt": null, "longFmt": "0"}}, {"maxAge": 1, "name": "Mr. Drew  Wells", "age": 37, "title": "Executive VP, Chief Revenue Officer & Chief Commercial Officer", "yearBorn": 1987, "fiscalYear": 2024, "totalPay": {"raw": 613000, "fmt": "613k", "longFmt": "613,000"}, "exercisedValue": {"raw": 0, "fmt": null, "longFmt": "0"}, "unexercisedValue": {"raw": 0, "fmt": null, "longFmt": "0"}}, {"maxAge": 1, "name": "Mr. Tyler  Hollingsworth", "title": "COO & Senior VP of Flight Operations", "fiscalYear": 2024, "exercisedValue": {"raw": 0, "fmt": null, "longFmt": "0"}, "unexercisedValue": {"raw": 0, "fmt": null, "longFmt": "0"}}, {"maxAge": 1, "name": "Ms. Rebecca  Aretos", "age": 48, "title": "VP & Principal Accounting Officer", "yearBorn": 1976, "fiscalYear": 2024, "exercisedValue": {"raw": 0, "fmt": null, "longFmt": "0"}, "unexercisedValue": {"raw": 0, "fmt": null, "longFmt": "0"}}, {"maxAge": 1, "name": "Ms. Sherry  Wilson", "title": "Managing Director of Investor Relations", "fiscalYear": 2024, "exercisedValue": {"raw": 0, "fmt": null, "longFmt": "0"}, "unexercisedValue": {"raw": 0, "fmt": null, "longFmt": "0"}}, {"maxAge": 1, "name": "Mr. Robert B. Goldberg Esq.", "title": "Senior VP, Senior Counsel & Secretary", "fiscalYear": 2024, "exercisedValue": {"raw": 0, "fmt": null, "longFmt": "0"}, "unexercisedValue": {"raw": 0, "fmt": null, "longFmt": "0"}}, {"maxAge": 1, "name": "Ms. Rebecca  Henry", "title": "Senior VP & Chief Human Resources Officer", "fiscalYear": 2024, "exercisedValue": {"raw": 0, "fmt": null, "longFmt": "0"}, "unexercisedValue": {"raw": 0, "fmt": null, "longFmt": "0"}}], "auditRisk": 3, "boardRisk": 8, "compensationRisk": 3, "shareHolderRightsRisk": 3, "overallRisk": 4, "governanceEpochDate": 1761955200, "compensationAsOfEpochDate": 1735603200, "irWebsite": "http://ir.allegiantair.com/phoenix.zhtml?c=197578&p=irol-IRHome", "executiveTeam": [], "maxAge": 86400}, "calendarEvents": {"maxAge": 1, "earnings": {"earningsDate": [{"raw": 1762290000, "fmt": "2025-11-04"}], "earningsCallDate": [{"raw": 1762291800, "fmt": "2025-11-04"}], "isEarningsDateEstimate": false, "earningsAverage": {"raw": -1.79519, "fmt": "-1.80"}, "earningsLow": {"raw": -1.92, "fmt": "-1.92"}, "earningsHigh": {"raw": -1.68, "fmt": "-1.68"}, "revenueAverage": {"raw": 577759170, "fmt": "577.76M", "longFmt": "577,759,170"}, "revenueLow": {"raw": 565414000, "fmt": "565.41M", "longFmt": "565,414,000"}, "revenueHigh": {"raw": 594000000, "fmt": "594M", "longFmt": "594,000,000"}}, "exDividendDate": {"raw": 1715644800, "fmt": "2024-05-14"}, "dividendDate": {"raw": 1717372800, "fmt": "2024-06-03"}}, "earningsTrend": {"trend": [{"maxAge": 1, "period": "0q", "endDate": "2025-09-30", "growth": {"raw": 0.1113, "fmt": "11.13%"}, "earningsEstimate": {"avg": {"raw": -1.79519, "fmt": "-1.8"}, "low": {"raw": -1.92, "fmt": "-1.92"}, "high": {"raw": -1.68, "fmt": "-1.68"}, "yearAgoEps": {"raw": -2.02, "fmt": "-2.02"}, "numberOfAnalysts": {"raw": 11, "fmt": "11", "longFmt": "11"}, "growth": {"raw": 0.1113, "fmt": "11.13%"}, "earningsCurrency": "USD"}, "revenueEstimate": {"avg": {"raw": 577759170, "fmt": "577.76M", "longFmt": "577,759,170"}, "low": {"raw": 565414000, "fmt": "565.41M", "longFmt": "565,414,000"}, "high": {"raw": 594000000, "fmt": "594M", "longFmt": "594,000,000"}, "numberOfAnalysts": {"raw": 9, "fmt": "9", "longFmt": "9"}, "yearAgoRevenue": {"raw": 562196000, "fmt": "562.2M", "longFmt": "562,196,000"}, "growth": {"raw": 0.0277, "fmt": "2.77%"}, "revenueCurrency": "USD"}, "epsTrend": {"current": {"raw": -1.79519, "fmt": "-1.8"}, "7daysAgo": {"raw": -1.88714, "fmt": "-1.89"}, "30daysAgo": {"raw": -2.13104, "fmt": "-2.13"}, "60daysAgo": {"raw": -2.08716, "fmt": "-2.09"}, "90daysAgo": {"raw": -1.62347, "fmt": "-1.62"}, "epsTrendCurrency": "USD"}, "epsRevisions": {"upLast7days": {"raw": 4, "fmt": "4", "longFmt": "4"}, "upLast30days": {"raw": 6, "fmt": "6", "longFmt": "6"}, "downLast30days": {"raw": 0, "fmt": null, "longFmt": "0"}, "downLast7Days": {"raw": 0, "fmt": null, "longFmt": "0"}, "downLast90days": {}, "epsRevisionsCurrency": "USD"}}, {"maxAge": 1, "period": "+1q", "endDate": "2025-12-31", "growth": {"raw": -0.3134, "fmt": "-31.34%"}, "earningsEstimate": {"avg": {"raw": 1.44194, "fmt": "1.44"}, "low": {"raw": 0.96, "fmt": "0.96"}, "high": {"raw": 1.86, "fmt": "1.86"}, "yearAgoEps": {"raw": 2.1, "fmt": "2.1"}, "numberOfAnalysts": {"raw": 9, "fmt": "9", "longFmt": "9"}, "growth": {"raw": -0.3134, "fmt": "-31.34%"}, "earningsCurrency": "USD"}, "revenueEstimate": {"avg": {"raw": 638477230, "fmt": "638.48M", "longFmt": "638,477,230"}, "low": {"raw": 624552000, "fmt": "624.55M", "longFmt": "624,552,000"}, "high": {"raw": 655900000, "fmt": "655.9M", "longFmt": "655,900,000"}, "numberOfAnalysts": {"raw": 7, "fmt": "7", "longFmt": "7"}, "yearAgoRevenue": {"raw": 627705000, "fmt": "627.71M", "longFmt": "627,705,000"}, "growth": {"raw": 0.0172, "fmt": "1.72%"}, "revenueCurrency": "USD"}, "epsTrend": {"current": {"raw": 1.44194, "fmt": "1.44"}, "7daysAgo": {"raw": 1.46677, "fmt": "1.47"}, "30daysAgo": {"raw": 1.39322, "fmt": "1.39"}, "60daysAgo": {"raw": 1.34094, "fmt": "1.34"}, "90daysAgo": {"raw": 1.47044, "fmt": "1.47"}, "epsTrendCurrency": "USD"}, "epsRevisions": {"upLast7days": {"raw": 3, "fmt": "3", "longFmt": "3"}, "upLast30days": {"raw": 3, "fmt": "3", "longFmt": "3"}, "downLast30days": {"raw": 3, "fmt": "3", "longFmt": "3"}, "downLast7Days": {"raw": 2, "fmt": "2", "longFmt": "2"}, "downLast90days": {}, "epsRevisionsCurrency": "USD"}}, {"maxAge": 1, "period": "0y", "endDate": "2025-12-31", "growth": {"raw": 0.10560001, "fmt": "10.56%"}, "earningsEstimate": {"avg": {"raw": 2.7419, "fmt": "2.74"}, "low": {"raw": 2.25, "fmt": "2.25"}, "high": {"raw": 3.22, "fmt": "3.22"}, "yearAgoEps": {"raw": 2.48, "fmt": "2.48"}, "numberOfAnalysts": {"raw": 11, "fmt": "11", "longFmt": "11"}, "growth": {"raw": 0.10560001, "fmt": "10.56%"}, "earningsCurrency": "USD"}, "revenueEstimate": {"avg": {"raw": 2605290940, "fmt": "2.61B", "longFmt": "2,605,290,940"}, "low": {"raw": 2578424000, "fmt": "2.58B", "longFmt": "2,578,424,000"}, "high": {"raw": 2633100000, "fmt": "2.63B", "longFmt": "2,633,100,000"}, "numberOfAnalysts": {"raw": 9, "fmt": "9", "longFmt": "9"}, "yearAgoRevenue": {"raw": 2512589000, "fmt": "2.51B", "longFmt": "2,512,589,000"}, "growth": {"raw": 0.0369, "fmt": "3.69%"}, "revenueCurrency": "USD"}, "epsTrend": {"current": {"raw": 2.7419, "fmt": "2.74"}, "7daysAgo": {"raw": 2.58867, "fmt": "2.59"}, "30daysAgo": {"raw": 2.33913, "fmt": "2.34"}, "60daysAgo": {"raw": 2.35128, "fmt": "2.35"}, "90daysAgo": {"raw": 2.54054, "fmt": "2.54"}, "epsTrendCurrency": "USD"}, "epsRevisions": {"upLast7days": {"raw": 5, "fmt": "5", "longFmt": "5"}, "upLast30days": {"raw": 6, "fmt": "6", "longFmt": "6"}, "downLast30days": {"raw": 0, "fmt": null, "longFmt": "0"}, "downLast7Days": {"raw": 1, "fmt": "1", "longFmt": "1"}, "downLast90days": {}, "epsRevisionsCurrency": "USD"}}, {"maxAge": 1, "period": "+1y", "endDate": "2026-12-31", "growth": {"raw": 1.1982, "fmt": "119.82%"}, "earningsEstimate": {"avg": {"raw": 6.02712, "fmt": "6.03"}, "low": {"raw": 4.3, "fmt": "4.3"}, "high": {"raw": 8.5, "fmt": "8.5"}, "yearAgoEps": {"raw": 2.7419, "fmt": "2.74"}, "numberOfAnalysts": {"raw": 10, "fmt": "10", "longFmt": "10"}, "growth": {"raw": 1.1982, "fmt": "119.82%"}, "earningsCurrency": "USD"}, "revenueEstimate": {"avg": {"raw": 2719484550, "fmt": "2.72B", "longFmt": "2,719,484,550"}, "low": {"raw": 2589715000, "fmt": "2.59B", "longFmt": "2,589,715,000"}, "high": {"raw": 2877134340, "fmt": "2.88B", "longFmt": "2,877,134,340"}, "numberOfAnalysts": {"raw": 8, "fmt": "8", "longFmt": "8"}, "yearAgoRevenue": {"raw": 2605290940, "fmt": "2.61B", "longFmt": "2,605,290,940"}, "growth": {"raw": 0.0438, "fmt": "4.38%"}, "revenueCurrency": "USD"}, "epsTrend": {"current": {"raw": 6.02712, "fmt": "6.03"}, "7daysAgo": {"raw": 5.87536, "fmt": "5.88"}, "30daysAgo": {"raw": 5.9968, "fmt": "6"}, "60daysAgo": {"raw": 6.07967, "fmt": "6.08"}, "90daysAgo": {"raw": 6.23937, "fmt": "6.24"}, "epsTrendCurrency": "USD"}, "epsRevisions": {"upLast7days": {"raw": 3, "fmt": "3", "longFmt": "3"}, "upLast30days": {"raw": 3, "fmt": "3", "longFmt": "3"}, "downLast30days": {"raw": 3, "fmt": "3", "longFmt": "3"}, "downLast7Days": {"raw": 3, "fmt": "3", "longFmt": "3"}, "downLast90days": {}, "epsRevisionsCurrency": "USD"}}], "defaultMethodology": "nongaap", "maxAge": 1}, "earningsHistory": {"history": [{"maxAge": 1, "epsActual": {"raw": -2.02, "fmt": "-2.02"}, "epsEstimate": {"raw": -1.87233, "fmt": "-1.87"}, "epsDifference": {"raw": -0.15, "fmt": "-0.15"}, "surprisePercent": {"raw": -0.0789, "fmt": "-7.89%"}, "quarter": {"raw": 1727654400, "fmt": "2024-09-30"}, "currency": "USD", "period": "-4q"}, {"maxAge": 1, "epsActual": {"raw": 2.1, "fmt": "2.1"}, "epsEstimate": {"raw": 2.06847, "fmt": "2.07"}, "epsDifference": {"raw": 0.03, "fmt": "0.03"}, "surprisePercent": {"raw": 0.0152, "fmt": "1.52%"}, "quarter": {"raw": 1735603200, "fmt": "2024-12-31"}, "currency": "USD", "period": "-3q"}, {"maxAge": 1, "epsActual": {"raw": 1.81, "fmt": "1.81"}, "epsEstimate": {"raw": 1.54782, "fmt": "1.55"}, "epsDifference": {"raw": 0.26, "fmt": "0.26"}, "surprisePercent": {"raw": 0.1694, "fmt": "16.94%"}, "quarter": {"raw": 1743379200, "fmt": "2025-03-31"}, "currency": "USD", "period": "-2q"}, {"maxAge": 1, "epsActual": {"raw": 1.23, "fmt": "1.23"}, "epsEstimate": {"raw": 0.84739, "fmt": "0.85"}, "epsDifference": {"raw": 0.38, "fmt": "0.38"}, "surprisePercent": {"raw": 0.45150003, "fmt": "45.15%"}, "quarter": {"raw": 1751241600, "fmt": "2025-06-30"}, "currency": "USD", "period": "-1q"}], "defaultMethodology": "nongaap", "maxAge": 86400}, "financialData": {"maxAge": 86400, "currentPrice": {"raw": 61.93, "fmt": "61.93"}, "targetHighPrice": {"raw": 85.0, "fmt": "85.00"}, "targetLowPrice": {"raw": 55.0, "fmt": "55.00"}, "targetMeanPrice": {"raw": 67.66667, "fmt": "67.67"}, "targetMedianPrice": {"raw": 65.0, "fmt": "65.00"}, "recommendationMean": {}, "recommendationKey": "none", "numberOfAnalystOpinions": {"raw": 12, "fmt": "12", "longFmt": "12"}, "totalCash": {"raw": 842819008, "fmt": "842.82M", "longFmt": "842,819,008"}, "totalCashPerShare": {"raw": 47.502, "fmt": "47.5"}, "ebitda": {"raw": 301820992, "fmt": "301.82M", "longFmt": "301,820,992"}, "totalDebt": {"raw": 2033769984, "fmt": "2.03B", "longFmt": "2,033,769,984"}, "quickRatio": {"raw": 0.839, "fmt": "0.84"}, "currentRatio": {"raw": 1.103, "fmt": "1.10"}, "totalRevenue": {"raw": 2578359040, "fmt": "2.58B", "longFmt": "2,578,359,040"}, "debtToEquity": {"raw": 192.606, "fmt": "192.61%"}, "revenuePerShare": {"raw": 143.453, "fmt": "143.45"}, "returnOnAssets": {"raw": 0.01689, "fmt": "1.69%"}, "returnOnEquity": {"raw": -0.2395, "fmt": "-23.95%"}, "grossProfits": {"raw": 600985024, "fmt": "600.99M", "longFmt": "600,985,024"}, "freeCashflow": {"raw": -98905128, "fmt": "-98.91M", "longFmt": "-98,905,128"}, "operatingCashflow": {"raw": 385366016, "fmt": "385.37M", "longFmt": "385,366,016"}, "earningsGrowth": {}, "revenueGrowth": {"raw": 0.035, "fmt": "3.50%"}, "grossMargins": {"raw": 0.23309, "fmt": "23.31%"}, "ebitdaMargins": {"raw": 0.117060006, "fmt": "11.71%"}, "operatingMargins": {"raw": 0.07316, "fmt": "7.32%"}, "profitMargins": {"raw": -0.11096, "fmt": "-11.10%"}, "financialCurrency": "USD"}}