{"assetProfile": {"address1": "1100 West Town and Country Road", "address2": "Suite 1600", "city": "Orange", "state": "CA", "zip": "92868", "country": "United States", "phone": "844 310 2247", "website": "https://www.alignmenthealth.com", "industry": "Healthcare Plans", "industryKey": "healthcare-plans", "industryDisp": "Healthcare Plans", "sector": "Healthcare", "sectorKey": "healthcare", "sectorDisp": "Healthcare", "longBusinessSummary": "Alignment Healthcare, Inc. operates a consumer-centric healthcare platform for seniors in the United States. It delivers customized healthcare experience to meet the needs of seniors through its Medicare Advantage plans. The company was founded in 2013 and is based in Orange, California.", "fullTimeEmployees": 1679, "companyOfficers": [{"maxAge": 1, "name": "Mr. John E. Kao", "age": 62, "title": "Founder, CEO & Director", "yearBorn": 1962, "fiscalYear": 2024, "totalPay": {"raw": 3069165, "fmt": "3.07M", "longFmt": "3,069,165"}, "exercisedValue": {"raw": 0, "fmt": null, "longFmt": "0"}, "unexercisedValue": {"raw": 399636, "fmt": "399.64k", "longFmt": "399,636"}}, {"maxAge": 1, "name": "Ms. Dawn Christine Maroney", "age": 56, "title": "President", "yearBorn": 1968, "fiscalYear": 2024, "totalPay": {"raw": 1783284, "fmt": "1.78M", "longFmt": "1,783,284"}, "exercisedValue": {"raw": 0, "fmt": null, "longFmt": "0"}, "unexercisedValue": {"raw": 166514, "fmt": "166.51k", "longFmt": "166,514"}}, {"maxAge": 1, "name": "Mr. Andreas  Wagner", "age": 54, "title": "Chief Human Resources Officer", "yearBorn": 1970, "fiscalYear": 2024, "totalPay": {"raw": 850162, "fmt": "850.16k", "longFmt": "850,162"}, "exercisedValue": {"raw": 0, "fmt": null, "longFmt": "0"}, "unexercisedValue": {"raw": 0, "fmt": null, "longFmt": "0"}}, {"maxAge": 1, "name": "Dr. Hyong J. Kim M.D.", "age": 54, "title": "Chief Medical Officer", "yearBorn": 1970, "fiscalYear": 2024, "totalPay": {"raw": 1078072, "fmt": "1.08M", "longFmt": "1,078,072"}, "exercisedValue": {"raw": 0, "fmt": null, "longFmt": "0"}, "unexercisedValue": {"raw": 0, "fmt": null, "longFmt": "0"}}, {"maxAge": 1, "name": "Dr. Donald S. Furman M.B.A., M.D.", "age": 73, "title": "Co-Founder & Chief Clinical Officer", "yearBorn": 1951, "fiscalYear": 2024, "exercisedValue": {"raw": 0, "fmt": null, "longFmt": "0"}, "unexercisedValue": {"raw": 0, "fmt": null, "longFmt": "0"}}, {"maxAge": 1, "name": "Mr. James M. Head", "age": 58, "title": "Chief Financial Officer", "yearBorn": 1966, "fiscalYear": 2024, "exercisedValue": {"raw": 0, "fmt": null, "longFmt": "0"}, "unexercisedValue": {"raw": 0, "fmt": null, "longFmt": "0"}}, {"maxAge": 1, "name": "Mr. Robert L. Scavo", "age": 59, "title": "Chief Information Officer", "yearBorn": 1965, "fiscalYear": 2024, "exercisedValue": {"raw": 0, "fmt": null, "longFmt": "0"}, "unexercisedValue": {"raw": 0, "fmt": null, "longFmt": "0"}}, {"maxAge": 1, "name": "Mr. Christopher J. Joyce J.D.", "age": 60, "title": "Chief Legal & Administrative Officer", "yearBorn": 1964, "fiscalYear": 2024, "exercisedValue": {"raw": 0, "fmt": null, "longFmt": "0"}, "unexercisedValue": {"raw": 0, "fmt": null, "longFmt": "0"}}, {"maxAge": 1, "name": "Mr. Sergio  Zaldivar", "title": "Senior Vice President of Business Operations", "fiscalYear": 2024, "exercisedValue": {"raw": 0, "fmt": null, "longFmt": "0"}, "unexercisedValue": {"raw": 0, "fmt": null, "longFmt": "0"}}, {"maxAge": 1, "name": "Mr. Kerry  Matsumoto", "title": "Senior Vice President of Clinical Product", "fiscalYear": 2024, "exercisedValue": {"raw": 0, "fmt": null, "longFmt": "0"}, "unexercisedValue": {"raw": 0, "fmt": null, "longFmt": "0"}}], "auditRisk": 1, "boardRisk": 8, "compensationRisk": 7, "shareHolderRightsRisk": 8, "overallRisk": 7, "governanceEpochDate": 1761955200, "compensationAsOfEpochDate": 1735603200, "executiveTeam": [], "maxAge": 86400}, "calendarEvents": {"maxAge": 1, "earnings": {"earningsDate": [{"raw": 1761854400, "fmt": "2025-10-30"}], "earningsCallDate": [{"raw": 1761858000, "fmt": "2025-10-30"}], "isEarningsDateEstimate": false, "earningsAverage": {"raw": -0.07, "fmt": "-0.07"}, "earningsLow": {"raw": -0.08, "fmt": "-0.08"}, "earningsHigh": {"raw": -0.06, "fmt": "-0.06"}, "revenueAverage": {"raw": 997577460, "fmt": "997.58M", "longFmt": "997,577,460"}, "revenueLow": {"raw": 968000000, "fmt": "968M", "longFmt": "968,000,000"}, "revenueHigh": {"raw": 1008300000, "fmt": "1.01B", "longFmt": "1,008,300,000"}}, "exDividendDate": {}, "dividendDate": {}}, "earningsTrend": {"trend": [{"maxAge": 1, "period": "0q", "endDate": "2025-12-31", "growth": {"raw": -0.2281, "fmt": "-22.81%"}, "earningsEstimate": {"avg": {"raw": -0.07, "fmt": "-0.07"}, "low": {"raw": -0.08, "fmt": "-0.08"}, "high": {"raw": -0.06, "fmt": "-0.06"}, "yearAgoEps": {"raw": -0.057, "fmt": "-0.06"}, "numberOfAnalysts": {"raw": 4, "fmt": "4", "longFmt": "4"}, "growth": {"raw": -0.2281, "fmt": "-22.81%"}, "earningsCurrency": "USD"}, "revenueEstimate": {"avg": {"raw": 997577460, "fmt": "997.58M", "longFmt": "997,577,460"}, "low": {"raw": 968000000, "fmt": "968M", "longFmt": "968,000,000"}, "high": {"raw": 1008300000, "fmt": "1.01B", "longFmt": "1,008,300,000"}, "numberOfAnalysts": {"raw": 11, "fmt": "11", "longFmt": "11"}, "yearAgoRevenue": {"raw": 701241000, "fmt": "701.24M", "longFmt": "701,241,000"}, "growth": {"raw": 0.42259997, "fmt": "42.26%"}, "revenueCurrency": "USD"}, "epsTrend": {"current": {"raw": -0.07, "fmt": "-0.07"}, "7daysAgo": {"raw": -0.0525, "fmt": "-0.05"}, "30daysAgo": {"raw": -0.0525, "fmt": "-0.05"}, "60daysAgo": {"raw": -0.0525, "fmt": "-0.05"}, "90daysAgo": {"raw": -0.05, "fmt": "-0.05"}, "epsTrendCurrency": "USD"}, "epsRevisions": {"upLast7days": {"raw": 1, "fmt": "1", "longFmt": "1"}, "upLast30days": {"raw": 1, "fmt": "1", "longFmt": "1"}, "downLast30days": {"raw": 1, "fmt": "1", "longFmt": "1"}, "downLast7Days": {"raw": 1, "fmt": "1", "longFmt": "1"}, "downLast90days": {}, "epsRevisionsCurrency": "USD"}}, {"maxAge": 1, "period": "+1q", "endDate": "2026-03-31", "growth": {"raw": 1.4830999, "fmt": "148.31%"}, "earningsEstimate": {"avg": {"raw": 0.11, "fmt": "0.11"}, "low": {"raw": 0.11, "fmt": "0.11"}, "high": {"raw": 0.11, "fmt": "0.11"}, "yearAgoEps": {"raw": 0.0443, "fmt": "0.04"}, "numberOfAnalysts": {"raw": 1, "fmt": "1", "longFmt": "1"}, "growth": {"raw": 1.4830999, "fmt": "148.31%"}, "earningsCurrency": "USD"}, "revenueEstimate": {"avg": {"raw": 1204143420, "fmt": "1.2B", "longFmt": "1,204,143,420"}, "low": {"raw": 1165265000, "fmt": "1.17B", "longFmt": "1,165,265,000"}, "high": {"raw": 1229037550, "fmt": "1.23B", "longFmt": "1,229,037,550"}, "numberOfAnalysts": {"raw": 6, "fmt": "6", "longFmt": "6"}, "yearAgoRevenue": {"raw": 926932000, "fmt": "926.93M", "longFmt": "926,932,000"}, "growth": {"raw": 0.2991, "fmt": "29.91%"}, "revenueCurrency": "USD"}, "epsTrend": {"current": {"raw": 0.11, "fmt": "0.11"}, "7daysAgo": {"raw": 0.11, "fmt": "0.11"}, "30daysAgo": {"raw": 0.11, "fmt": "0.11"}, "60daysAgo": {"raw": 0.0, "fmt": "0"}, "90daysAgo": {"raw": 0.0, "fmt": "0"}, "epsTrendCurrency": "USD"}, "epsRevisions": {"upLast7days": {"raw": 1, "fmt": "1", "longFmt": "1"}, "upLast30days": {"raw": 1, "fmt": "1", "longFmt": "1"}, "downLast30days": {"raw": 0, "fmt": null, "longFmt": "0"}, "downLast7Days": {"raw": 0, "fmt": null, "longFmt": "0"}, "downLast90days": {}, "epsRevisionsCurrency": "USD"}}, {"maxAge": 1, "period": "0y", "endDate": "2025-12-31", "growth": {"raw": 1.8227, "fmt": "182.27%"}, "earningsEstimate": {"avg": {"raw": 0.2125, "fmt": "0.21"}, "low": {"raw": 0.11, "fmt": "0.11"}, "high": {"raw": 0.28, "fmt": "0.28"}, "yearAgoEps": {"raw": -0.2583, "fmt": "-0.26"}, "numberOfAnalysts": {"raw": 4, "fmt": "4", "longFmt": "4"}, "growth": {"raw": 1.8227, "fmt": "182.27%"}, "earningsCurrency": "USD"}, "revenueEstimate": {"avg": {"raw": 3931327000, "fmt": "3.93B", "longFmt": "3,931,327,000"}, "low": {"raw": 3891000000, "fmt": "3.89B", "longFmt": "3,891,000,000"}, "high": {"raw": 3944200000, "fmt": "3.94B", "longFmt": "3,944,200,000"}, "numberOfAnalysts": {"raw": 11, "fmt": "11", "longFmt": "11"}, "yearAgoRevenue": {"raw": 2703561000, "fmt": "2.7B", "longFmt": "2,703,561,000"}, "growth": {"raw": 0.4541, "fmt": "45.41%"}, "revenueCurrency": "USD"}, "epsTrend": {"current": {"raw": 0.2125, "fmt": "0.21"}, "7daysAgo": {"raw": 0.1475, "fmt": "0.15"}, "30daysAgo": {"raw": 0.1475, "fmt": "0.15"}, "60daysAgo": {"raw": 0.1475, "fmt": "0.15"}, "90daysAgo": {"raw": 0.16, "fmt": "0.16"}, "epsTrendCurrency": "USD"}, "epsRevisions": {"upLast7days": {"raw": 1, "fmt": "1", "longFmt": "1"}, "upLast30days": {"raw": 1, "fmt": "1", "longFmt": "1"}, "downLast30days": {"raw": 0, "fmt": null, "longFmt": "0"}, "downLast7Days": {"raw": 0, "fmt": null, "longFmt": "0"}, "downLast90days": {}, "epsRevisionsCurrency": "USD"}}, {"maxAge": 1, "period": "+1y", "endDate": "2026-12-31", "growth": {"raw": 0.72940004, "fmt": "72.94%"}, "earningsEstimate": {"avg": {"raw": 0.3675, "fmt": "0.37"}, "low": {"raw": 0.26, "fmt": "0.26"}, "high": {"raw": 0.43, "fmt": "0.43"}, "yearAgoEps": {"raw": 0.2125, "fmt": "0.21"}, "numberOfAnalysts": {"raw": 4, "fmt": "4", "longFmt": "4"}, "growth": {"raw": 0.72940004, "fmt": "72.94%"}, "earningsCurrency": "USD"}, "revenueEstimate": {"avg": {"raw": 5017778380, "fmt": "5.02B", "longFmt": "5,017,778,380"}, "low": {"raw": 4932500000, "fmt": "4.93B", "longFmt": "4,932,500,000"}, "high": {"raw": 5203050820, "fmt": "5.2B", "longFmt": "5,203,050,820"}, "numberOfAnalysts": {"raw": 11, "fmt": "11", "longFmt": "11"}, "yearAgoRevenue": {"raw": 3931327000, "fmt": "3.93B", "longFmt": "3,931,327,000"}, "growth": {"raw": 0.2764, "fmt": "27.64%"}, "revenueCurrency": "USD"}, "epsTrend": {"current": {"raw": 0.3675, "fmt": "0.37"}, "7daysAgo": {"raw": 0.32, "fmt": "0.32"}, "30daysAgo": {"raw": 0.32, "fmt": "0.32"}, "60daysAgo": {"raw": 0.32, "fmt": "0.32"}, "90daysAgo": {"raw": 0.2975, "fmt": "0.3"}, "epsTrendCurrency": "USD"}, "epsRevisions": {"upLast7days": {"raw": 1, "fmt": "1", "longFmt": "1"}, "upLast30days": {"raw": 1, "fmt": "1", "longFmt": "1"}, "downLast30days": {"raw": 1, "fmt": "1", "longFmt": "1"}, "downLast7Days": {"raw": 1, "fmt": "1", "longFmt": "1"}, "downLast90days": {}, "epsRevisionsCurrency": "USD"}}], "defaultMethodology": "nongaap", "maxAge": 1}, "earningsHistory": {"history": [{"maxAge": 1, "epsActual": {"raw": -0.057, "fmt": "-0.06"}, "epsEstimate": {"raw": -0.105, "fmt": "-0.1"}, "epsDifference": {"raw": 0.05, "fmt": "0.05"}, "surprisePercent": {"raw": 0.4571, "fmt": "45.71%"}, "quarter": {"raw": 1735603200, "fmt": "2024-12-31"}, "currency": "USD", "period": "-4q"}, {"maxAge": 1, "epsActual": {"raw": 0.0443, "fmt": "0.04"}, "epsEstimate": {"raw": -0.045, "fmt": "-0.05"}, "epsDifference": {"raw": 0.09, "fmt": "0.09"}, "surprisePercent": {"raw": 1.9844, "fmt": "198.44%"}, "quarter": {"raw": 1743379200, "fmt": "2025-03-31"}, "currency": "USD", "period": "-3q"}, {"maxAge": 1, "epsActual": {"raw": 0.1382, "fmt": "0.14"}, "epsEstimate": {"raw": 0.0125, "fmt": "0.01"}, "epsDifference": {"raw": 0.13, "fmt": "0.13"}, "surprisePercent": {"raw": 10.056, "fmt": "1,005.60%"}, "quarter": {"raw": 1751241600, "fmt": "2025-06-30"}, "currency": "USD", "period": "-2q"}, {"maxAge": 1, "epsActual": {"raw": 0.0981, "fmt": "0.1"}, "epsEstimate": {"raw": -0.01, "fmt": "-0.01"}, "epsDifference": {"raw": 0.11, "fmt": "0.11"}, "surprisePercent": {"raw": 10.81, "fmt": "1,081.00%"}, "quarter": {"raw": 1759190400, "fmt": "2025-09-30"}, "currency": "USD", "period": "-1q"}], "defaultMethodology": "nongaap", "maxAge": 86400}, "financialData": {"maxAge": 86400, "currentPrice": {"raw": 16.84, "fmt": "16.84"}, "targetHighPrice": {"raw": 25.0, "fmt": "25.00"}, "targetLowPrice": {"raw": 17.0, "fmt": "17.00"}, "targetMeanPrice": {"raw": 20.79167, "fmt": "20.79"}, "targetMedianPrice": {"raw": 21.0, "fmt": "21.00"}, "recommendationMean": {"raw": 1.53846, "fmt": "1.54"}, "recommendationKey": "buy", "numberOfAnalystOpinions": {"raw": 12, "fmt": "12", "longFmt": "12"}, "totalCash": {"raw": 644080000, "fmt": "644.08M", "longFmt": "644,080,000"}, "totalCashPerShare": {"raw": 3.219, "fmt": "3.22"}, "ebitda": {"raw": 36092000, "fmt": "36.09M", "longFmt": "36,092,000"}, "totalDebt": {"raw": 329657984, "fmt": "329.66M", "longFmt": "329,657,984"}, "quickRatio": {"raw": 1.414, "fmt": "1.41"}, "currentRatio": {"raw": 1.612, "fmt": "1.61"}, "totalRevenue": {"raw": 3637156096, "fmt": "3.64B", "longFmt": "3,637,156,096"}, "debtToEquity": {"raw": 203.655, "fmt": "203.66%"}, "revenuePerShare": {"raw": 18.582, "fmt": "18.58"}, "returnOnAssets": {"raw": 0.0046200003, "fmt": "0.46%"}, "returnOnEquity": {"raw": -0.15161, "fmt": "-15.16%"}, "grossProfits": {"raw": 451598016, "fmt": "451.6M", "longFmt": "451,598,016"}, "freeCashflow": {"raw": 179232752, "fmt": "179.23M", "longFmt": "179,232,752"}, "operatingCashflow": {"raw": 181591008, "fmt": "181.59M", "longFmt": "181,591,008"}, "earningsGrowth": {}, "revenueGrowth": {"raw": 0.435, "fmt": "43.50%"}, "grossMargins": {"raw": 0.12416001, "fmt": "12.42%"}, "ebitdaMargins": {"raw": 0.00992, "fmt": "0.99%"}, "operatingMargins": {"raw": 0.00828, "fmt": "0.83%"}, "profitMargins": {"raw": -0.0057200002, "fmt": "-0.57%"}, "financialCurrency": "USD"}}