{"assetProfile": {"address1": "Connaught House", "address2": "1 Burlington Road Dublin 4", "city": "Dublin", "zip": "D04 C5Y6", "country": "Ireland", "phone": "353 1 772 8000", "website": "https://www.alkermes.com", "industry": "Drug Manufacturers - Specialty & Generic", "industryKey": "drug-manufacturers-specialty-generic", "industryDisp": "Drug Manufacturers - Specialty & Generic", "sector": "Healthcare", "sectorKey": "healthcare", "sectorDisp": "Healthcare", "longBusinessSummary": "Alkermes plc, a biopharmaceutical company, researches, develops, and commercializes pharmaceutical products to address unmet medical needs of patients in therapeutic areas in the United States, Ireland, and internationally. It has a portfolio of proprietary commercial products for the treatment of alcohol dependence, opioid dependence, schizophrenia and bipolar I disorder and a pipeline of clinical and preclinical product candidates in development for neurological disorders. Its marketed products include ARISTADA, an intramuscular injectable suspension for the treatment of schizophrenia; ARISTADA INITIO for the treatment of schizophrenia in adults; VIVITROL for the treatment of alcohol and prevention of opioid dependence; and LYBALVI, an oral atypical antipsychotic drug candidate for the treatment of adults with schizophrenia and bipolar I disorder. The company also offers proprietary technology platforms to third parties to enable them to develop, commercialize, and manufacture products. It has collaboration agreements primarily with Janssen Pharmaceutica N.V., Janssen Pharmaceutica Inc, and Janssen Pharmaceutica International. Alkermes plc was founded in 1987 and is headquartered in Dublin, Ireland.", "fullTimeEmployees": 1800, "companyOfficers": [{"maxAge": 1, "name": "Mr. Richard F. Pops", "age": 62, "title": "Chairman & CEO", "yearBorn": 1962, "fiscalYear": 2024, "totalPay": {"raw": 2445928, "fmt": "2.45M", "longFmt": "2,445,928"}, "exercisedValue": {"raw": 0, "fmt": null, "longFmt": "0"}, "unexercisedValue": {"raw": 6434778, "fmt": "6.43M", "longFmt": "6,434,778"}}, {"maxAge": 1, "name": "Mr. Blair C. Jackson", "age": 51, "title": "Executive VP, Chief Risk Officer & COO", "yearBorn": 1973, "fiscalYear": 2024, "totalPay": {"raw": 1204150, "fmt": "1.2M", "longFmt": "1,204,150"}, "exercisedValue": {"raw": 0, "fmt": null, "longFmt": "0"}, "unexercisedValue": {"raw": 2165860, "fmt": "2.17M", "longFmt": "2,165,860"}}, {"maxAge": 1, "name": "Mr. David Joseph Gaffin J.D.", "age": 52, "title": "Executive VP, Chief Legal Officer, Chief Compliance Officer & Secretary", "yearBorn": 1972, "fiscalYear": 2024, "totalPay": {"raw": 1080546, "fmt": "1.08M", "longFmt": "1,080,546"}, "exercisedValue": {"raw": 0, "fmt": null, "longFmt": "0"}, "unexercisedValue": {"raw": 2234504, "fmt": "2.23M", "longFmt": "2,234,504"}}, {"maxAge": 1, "name": "Dr. Craig C. Hopkinson M.D.", "age": 55, "title": "Executive VP of Research & Development and Chief Medical Officer", "yearBorn": 1969, "fiscalYear": 2024, "totalPay": {"raw": 1249900, "fmt": "1.25M", "longFmt": "1,249,900"}, "exercisedValue": {"raw": 892163, "fmt": "892.16k", "longFmt": "892,163"}, "unexercisedValue": {"raw": 2603159, "fmt": "2.6M", "longFmt": "2,603,159"}}, {"maxAge": 1, "name": "Mr. Christian Todd Nichols", "age": 55, "title": "Senior VP & Chief Commercial Officer", "yearBorn": 1969, "fiscalYear": 2024, "totalPay": {"raw": 912690, "fmt": "912.69k", "longFmt": "912,690"}, "exercisedValue": {"raw": 0, "fmt": null, "longFmt": "0"}, "unexercisedValue": {"raw": 1772965, "fmt": "1.77M", "longFmt": "1,772,965"}}, {"maxAge": 1, "name": "Mr. Joshua  Reed M.B.A.", "age": 51, "title": "Chief Financial Officer", "yearBorn": 1973, "fiscalYear": 2024, "exercisedValue": {"raw": 0, "fmt": null, "longFmt": "0"}, "unexercisedValue": {"raw": 0, "fmt": null, "longFmt": "0"}}, {"maxAge": 1, "name": "Mr. Samuel J. Parisi", "age": 49, "title": "Interim Principal Accounting Officer & VP of Finance", "yearBorn": 1975, "fiscalYear": 2024, "exercisedValue": {"raw": 0, "fmt": null, "longFmt": "0"}, "unexercisedValue": {"raw": 0, "fmt": null, "longFmt": "0"}}, {"maxAge": 1, "name": "Mr. Thomas  Harvey", "title": "Chief Information Officer & Senior VP of IT", "fiscalYear": 2024, "exercisedValue": {"raw": 0, "fmt": null, "longFmt": "0"}, "unexercisedValue": {"raw": 0, "fmt": null, "longFmt": "0"}}, {"maxAge": 1, "name": "Ms. Sandra  Coombs", "title": "Senior Vice President of Corporate Affairs & Investor Relations", "fiscalYear": 2024, "exercisedValue": {"raw": 0, "fmt": null, "longFmt": "0"}, "unexercisedValue": {"raw": 0, "fmt": null, "longFmt": "0"}}, {"maxAge": 1, "name": "Mr. Stephen  Schiavo", "title": "Senior VP & Chief Human Resources Officer", "fiscalYear": 2024, "exercisedValue": {"raw": 0, "fmt": null, "longFmt": "0"}, "unexercisedValue": {"raw": 0, "fmt": null, "longFmt": "0"}}], "auditRisk": 3, "boardRisk": 5, "compensationRisk": 2, "shareHolderRightsRisk": 2, "overallRisk": 3, "governanceEpochDate": 1761955200, "compensationAsOfEpochDate": 1735603200, "irWebsite": "http://investor.alkermes.com/phoenix.zhtml?c=92211&p=irol-irhome", "executiveTeam": [], "maxAge": 86400}, "calendarEvents": {"maxAge": 1, "earnings": {"earningsDate": [{"raw": 1761654600, "fmt": "2025-10-28"}], "earningsCallDate": [{"raw": 1761652800, "fmt": "2025-10-28"}], "isEarningsDateEstimate": false, "earningsAverage": {"raw": 0.42586, "fmt": "0.43"}, "earningsLow": {"raw": 0.29, "fmt": "0.29"}, "earningsHigh": {"raw": 0.49758, "fmt": "0.50"}, "revenueAverage": {"raw": 379491060, "fmt": "379.49M", "longFmt": "379,491,060"}, "revenueLow": {"raw": 361800000, "fmt": "361.8M", "longFmt": "361,800,000"}, "revenueHigh": {"raw": 400840000, "fmt": "400.84M", "longFmt": "400,840,000"}}, "exDividendDate": {}, "dividendDate": {}}, "earningsTrend": {"trend": [{"maxAge": 1, "period": "0q", "endDate": "2025-12-31", "growth": {"raw": -0.5944, "fmt": "-59.44%"}, "earningsEstimate": {"avg": {"raw": 0.42586, "fmt": "0.43"}, "low": {"raw": 0.29, "fmt": "0.29"}, "high": {"raw": 0.49758, "fmt": "0.5"}, "yearAgoEps": {"raw": 1.05, "fmt": "1.05"}, "numberOfAnalysts": {"raw": 3, "fmt": "3", "longFmt": "3"}, "growth": {"raw": -0.5944, "fmt": "-59.44%"}, "earningsCurrency": "USD"}, "revenueEstimate": {"avg": {"raw": 379491060, "fmt": "379.49M", "longFmt": "379,491,060"}, "low": {"raw": 361800000, "fmt": "361.8M", "longFmt": "361,800,000"}, "high": {"raw": 400840000, "fmt": "400.84M", "longFmt": "400,840,000"}, "numberOfAnalysts": {"raw": 13, "fmt": "13", "longFmt": "13"}, "yearAgoRevenue": {"raw": 429986000, "fmt": "429.99M", "longFmt": "429,986,000"}, "growth": {"raw": -0.1174, "fmt": "-11.74%"}, "revenueCurrency": "USD"}, "epsTrend": {"current": {"raw": 0.42586, "fmt": "0.43"}, "7daysAgo": {"raw": 0.41496, "fmt": "0.41"}, "30daysAgo": {"raw": 0.40382, "fmt": "0.4"}, "60daysAgo": {"raw": 0.4174, "fmt": "0.42"}, "90daysAgo": {"raw": 0.4174, "fmt": "0.42"}, "epsTrendCurrency": "USD"}, "epsRevisions": {"upLast7days": {"raw": 1, "fmt": "1", "longFmt": "1"}, "upLast30days": {"raw": 2, "fmt": "2", "longFmt": "2"}, "downLast30days": {"raw": 0, "fmt": null, "longFmt": "0"}, "downLast7Days": {"raw": 0, "fmt": null, "longFmt": "0"}, "downLast90days": {}, "epsRevisionsCurrency": "USD"}}, {"maxAge": 1, "period": "+1q", "endDate": "2026-03-31", "growth": {"raw": 0.3058, "fmt": "30.58%"}, "earningsEstimate": {"avg": {"raw": 0.38, "fmt": "0.38"}, "low": {"raw": 0.38, "fmt": "0.38"}, "high": {"raw": 0.38, "fmt": "0.38"}, "yearAgoEps": {"raw": 0.291, "fmt": "0.29"}, "numberOfAnalysts": {"raw": 1, "fmt": "1", "longFmt": "1"}, "growth": {"raw": 0.3058, "fmt": "30.58%"}, "earningsCurrency": "USD"}, "revenueEstimate": {"avg": {"raw": 388503200, "fmt": "388.5M", "longFmt": "388,503,200"}, "low": {"raw": 330200000, "fmt": "330.2M", "longFmt": "330,200,000"}, "high": {"raw": 418916000, "fmt": "418.92M", "longFmt": "418,916,000"}, "numberOfAnalysts": {"raw": 5, "fmt": "5", "longFmt": "5"}, "yearAgoRevenue": {"raw": 306510000, "fmt": "306.51M", "longFmt": "306,510,000"}, "growth": {"raw": 0.2675, "fmt": "26.75%"}, "revenueCurrency": "USD"}, "epsTrend": {"current": {"raw": 0.38, "fmt": "0.38"}, "7daysAgo": {"raw": 0.24333, "fmt": "0.24"}, "30daysAgo": {"raw": 0.24333, "fmt": "0.24"}, "60daysAgo": {"raw": 0.24333, "fmt": "0.24"}, "90daysAgo": {"raw": 0.24333, "fmt": "0.24"}, "epsTrendCurrency": "USD"}, "epsRevisions": {"upLast7days": {"raw": 2, "fmt": "2", "longFmt": "2"}, "upLast30days": {"raw": 2, "fmt": "2", "longFmt": "2"}, "downLast30days": {"raw": 0, "fmt": null, "longFmt": "0"}, "downLast7Days": {"raw": 1, "fmt": "1", "longFmt": "1"}, "downLast90days": {}, "epsRevisionsCurrency": "USD"}}, {"maxAge": 1, "period": "0y", "endDate": "2025-12-31", "growth": {"raw": -0.3252, "fmt": "-32.52%"}, "earningsEstimate": {"avg": {"raw": 1.95027, "fmt": "1.95"}, "low": {"raw": 1.43, "fmt": "1.43"}, "high": {"raw": 2.22081, "fmt": "2.22"}, "yearAgoEps": {"raw": 2.89, "fmt": "2.89"}, "numberOfAnalysts": {"raw": 3, "fmt": "3", "longFmt": "3"}, "growth": {"raw": -0.3252, "fmt": "-32.52%"}, "earningsCurrency": "USD"}, "revenueEstimate": {"avg": {"raw": 1468771410, "fmt": "1.47B", "longFmt": "1,468,771,410"}, "low": {"raw": 1448300000, "fmt": "1.45B", "longFmt": "1,448,300,000"}, "high": {"raw": 1492011000, "fmt": "1.49B", "longFmt": "1,492,011,000"}, "numberOfAnalysts": {"raw": 14, "fmt": "14", "longFmt": "14"}, "yearAgoRevenue": {"raw": 1557632000, "fmt": "1.56B", "longFmt": "1,557,632,000"}, "growth": {"raw": -0.056999996, "fmt": "-5.70%"}, "revenueCurrency": "USD"}, "epsTrend": {"current": {"raw": 1.95027, "fmt": "1.95"}, "7daysAgo": {"raw": 1.71689, "fmt": "1.72"}, "30daysAgo": {"raw": 1.74838, "fmt": "1.75"}, "60daysAgo": {"raw": 1.72519, "fmt": "1.73"}, "90daysAgo": {"raw": 1.72499, "fmt": "1.72"}, "epsTrendCurrency": "USD"}, "epsRevisions": {"upLast7days": {"raw": 1, "fmt": "1", "longFmt": "1"}, "upLast30days": {"raw": 3, "fmt": "3", "longFmt": "3"}, "downLast30days": {"raw": 0, "fmt": null, "longFmt": "0"}, "downLast7Days": {"raw": 0, "fmt": null, "longFmt": "0"}, "downLast90days": {}, "epsRevisionsCurrency": "USD"}}, {"maxAge": 1, "period": "+1y", "endDate": "2026-12-31", "growth": {"raw": 0.18959999, "fmt": "18.96%"}, "earningsEstimate": {"avg": {"raw": 2.32, "fmt": "2.32"}, "low": {"raw": 2.32, "fmt": "2.32"}, "high": {"raw": 2.32, "fmt": "2.32"}, "yearAgoEps": {"raw": 1.95027, "fmt": "1.95"}, "numberOfAnalysts": {"raw": 1, "fmt": "1", "longFmt": "1"}, "growth": {"raw": 0.18959999, "fmt": "18.96%"}, "earningsCurrency": "USD"}, "revenueEstimate": {"avg": {"raw": 1841683000, "fmt": "1.84B", "longFmt": "1,841,683,000"}, "low": {"raw": 1752700000, "fmt": "1.75B", "longFmt": "1,752,700,000"}, "high": {"raw": 1912600000, "fmt": "1.91B", "longFmt": "1,912,600,000"}, "numberOfAnalysts": {"raw": 10, "fmt": "10", "longFmt": "10"}, "yearAgoRevenue": {"raw": 1468771410, "fmt": "1.47B", "longFmt": "1,468,771,410"}, "growth": {"raw": 0.2539, "fmt": "25.39%"}, "revenueCurrency": "USD"}, "epsTrend": {"current": {"raw": 2.32, "fmt": "2.32"}, "7daysAgo": {"raw": 1.49072, "fmt": "1.49"}, "30daysAgo": {"raw": 1.52708, "fmt": "1.53"}, "60daysAgo": {"raw": 1.52232, "fmt": "1.52"}, "90daysAgo": {"raw": 1.53456, "fmt": "1.53"}, "epsTrendCurrency": "USD"}, "epsRevisions": {"upLast7days": {"raw": 2, "fmt": "2", "longFmt": "2"}, "upLast30days": {"raw": 2, "fmt": "2", "longFmt": "2"}, "downLast30days": {"raw": 1, "fmt": "1", "longFmt": "1"}, "downLast7Days": {"raw": 0, "fmt": null, "longFmt": "0"}, "downLast90days": {}, "epsRevisionsCurrency": "USD"}}], "defaultMethodology": "nongaap", "maxAge": 1}, "earningsHistory": {"history": [{"maxAge": 1, "epsActual": {"raw": 1.05, "fmt": "1.05"}, "epsEstimate": {"raw": 0.76298, "fmt": "0.76"}, "epsDifference": {"raw": 0.29, "fmt": "0.29"}, "surprisePercent": {"raw": 0.3762, "fmt": "37.62%"}, "quarter": {"raw": 1735603200, "fmt": "2024-12-31"}, "currency": "USD", "period": "-4q"}, {"maxAge": 1, "epsActual": {"raw": 0.291, "fmt": "0.29"}, "epsEstimate": {"raw": 0.24481, "fmt": "0.24"}, "epsDifference": {"raw": 0.05, "fmt": "0.05"}, "surprisePercent": {"raw": 0.1887, "fmt": "18.87%"}, "quarter": {"raw": 1743379200, "fmt": "2025-03-31"}, "currency": "USD", "period": "-3q"}, {"maxAge": 1, "epsActual": {"raw": 0.6787, "fmt": "0.68"}, "epsEstimate": {"raw": 0.38474, "fmt": "0.38"}, "epsDifference": {"raw": 0.29, "fmt": "0.29"}, "surprisePercent": {"raw": 0.764, "fmt": "76.40%"}, "quarter": {"raw": 1751241600, "fmt": "2025-06-30"}, "currency": "USD", "period": "-2q"}, {"maxAge": 1, "epsActual": {"raw": 0.6508, "fmt": "0.65"}, "epsEstimate": {"raw": 0.38614, "fmt": "0.39"}, "epsDifference": {"raw": 0.26, "fmt": "0.26"}, "surprisePercent": {"raw": 0.6854, "fmt": "68.54%"}, "quarter": {"raw": 1759190400, "fmt": "2025-09-30"}, "currency": "USD", "period": "-1q"}], "defaultMethodology": "nongaap", "maxAge": 86400}, "financialData": {"maxAge": 86400, "currentPrice": {"raw": 30.17, "fmt": "30.17"}, "targetHighPrice": {"raw": 56.0, "fmt": "56.00"}, "targetLowPrice": {"raw": 30.0, "fmt": "30.00"}, "targetMeanPrice": {"raw": 44.0, "fmt": "44.00"}, "targetMedianPrice": {"raw": 45.0, "fmt": "45.00"}, "recommendationMean": {"raw": 1.5625, "fmt": "1.56"}, "recommendationKey": "buy", "numberOfAnalystOpinions": {"raw": 15, "fmt": "15", "longFmt": "15"}, "totalCash": {"raw": 1111113984, "fmt": "1.11B", "longFmt": "1,111,113,984"}, "totalCashPerShare": {"raw": 6.729, "fmt": "6.73"}, "ebitda": {"raw": 388705984, "fmt": "388.71M", "longFmt": "388,705,984"}, "totalDebt": {"raw": 71598000, "fmt": "71.6M", "longFmt": "71,598,000"}, "quickRatio": {"raw": 3.091, "fmt": "3.09"}, "currentRatio": {"raw": 3.672, "fmt": "3.67"}, "totalRevenue": {"raw": 1521337984, "fmt": "1.52B", "longFmt": "1,521,337,984"}, "debtToEquity": {"raw": 4.13, "fmt": "4.13%"}, "revenuePerShare": {"raw": 9.285, "fmt": "9.28"}, "returnOnAssets": {"raw": 0.09993, "fmt": "9.99%"}, "returnOnEquity": {"raw": 0.22347, "fmt": "22.35%"}, "grossProfits": {"raw": 1308973952, "fmt": "1.31B", "longFmt": "1,308,973,952"}, "freeCashflow": {"raw": 342261504, "fmt": "342.26M", "longFmt": "342,261,504"}, "operatingCashflow": {"raw": 541081984, "fmt": "541.08M", "longFmt": "541,081,984"}, "earningsGrowth": {"raw": -0.121, "fmt": "-12.10%"}, "revenueGrowth": {"raw": 0.042, "fmt": "4.20%"}, "grossMargins": {"raw": 0.86041, "fmt": "86.04%"}, "ebitdaMargins": {"raw": 0.2555, "fmt": "25.55%"}, "operatingMargins": {"raw": 0.22599001, "fmt": "22.60%"}, "profitMargins": {"raw": 0.22272, "fmt": "22.27%"}, "financialCurrency": "USD"}}