{"assetProfile": {"address1": "5601 Granite Parkway", "address2": "Suite 120", "city": "Plano", "state": "TX", "zip": "75204", "country": "United States", "phone": "877 725 5264", "website": "https://www.alkami.com", "industry": "Software - Application", "industryKey": "software-application", "industryDisp": "Software - Application", "sector": "Technology", "sectorKey": "technology", "sectorDisp": "Technology", "longBusinessSummary": "Alkami Technology, Inc. provides cloud-based digital banking solutions in the United States. The company's Alkami Digital Banking Platform allows financial institutions to onboard and engage new users, accelerate revenues, and enhance operational efficiency, with the support of a proprietary, cloud-based, and multi-tenant architecture. It serves community, regional, super-regional credit unions, and banks. The company was founded in 2009 and is based in Plano, Texas.", "fullTimeEmployees": 938, "companyOfficers": [{"maxAge": 1, "name": "Mr. Alex P. Shootman", "age": 59, "title": "CEO, President & Director", "yearBorn": 1965, "fiscalYear": 2024, "totalPay": {"raw": 1217037, "fmt": "1.22M", "longFmt": "1,217,037"}, "exercisedValue": {"raw": 0, "fmt": null, "longFmt": "0"}, "unexercisedValue": {"raw": 0, "fmt": null, "longFmt": "0"}}, {"maxAge": 1, "name": "Mr. Stephen  Bohanon", "age": 48, "title": "Founder & Chief Strategy Officer", "yearBorn": 1976, "fiscalYear": 2024, "totalPay": {"raw": 1025533, "fmt": "1.03M", "longFmt": "1,025,533"}, "exercisedValue": {"raw": 2747010, "fmt": "2.75M", "longFmt": "2,747,010"}, "unexercisedValue": {"raw": 51989, "fmt": "51.99k", "longFmt": "51,989"}}], "auditRisk": 4, "boardRisk": 7, "compensationRisk": 7, "shareHolderRightsRisk": 8, "overallRisk": 7, "governanceEpochDate": 1761955200, "compensationAsOfEpochDate": 1735603200, "executiveTeam": [], "maxAge": 86400}, "calendarEvents": {"maxAge": 1, "earnings": {"earningsDate": [{"raw": 1761854400, "fmt": "2025-10-30"}], "earningsCallDate": [{"raw": 1761858000, "fmt": "2025-10-30"}], "isEarningsDateEstimate": false, "earningsAverage": {"raw": 0.14164, "fmt": "0.14"}, "earningsLow": {"raw": 0.12, "fmt": "0.12"}, "earningsHigh": {"raw": 0.17375, "fmt": "0.17"}, "revenueAverage": {"raw": 120142780, "fmt": "120.14M", "longFmt": "120,142,780"}, "revenueLow": {"raw": 119000000, "fmt": "119M", "longFmt": "119,000,000"}, "revenueHigh": {"raw": 120500000, "fmt": "120.5M", "longFmt": "120,500,000"}}, "exDividendDate": {}, "dividendDate": {}}, "earningsTrend": {"trend": [{"maxAge": 1, "period": "0q", "endDate": "2025-12-31", "growth": {"raw": 0.3413, "fmt": "34.13%"}, "earningsEstimate": {"avg": {"raw": 0.14164, "fmt": "0.14"}, "low": {"raw": 0.12, "fmt": "0.12"}, "high": {"raw": 0.17375, "fmt": "0.17"}, "yearAgoEps": {"raw": 0.1056, "fmt": "0.11"}, "numberOfAnalysts": {"raw": 9, "fmt": "9", "longFmt": "9"}, "growth": {"raw": 0.3413, "fmt": "34.13%"}, "earningsCurrency": "USD"}, "revenueEstimate": {"avg": {"raw": 120142780, "fmt": "120.14M", "longFmt": "120,142,780"}, "low": {"raw": 119000000, "fmt": "119M", "longFmt": "119,000,000"}, "high": {"raw": 120500000, "fmt": "120.5M", "longFmt": "120,500,000"}, "numberOfAnalysts": {"raw": 9, "fmt": "9", "longFmt": "9"}, "yearAgoRevenue": {"raw": 89656000, "fmt": "89.66M", "longFmt": "89,656,000"}, "growth": {"raw": 0.34, "fmt": "34.00%"}, "revenueCurrency": "USD"}, "epsTrend": {"current": {"raw": 0.14164, "fmt": "0.14"}, "7daysAgo": {"raw": 0.13793, "fmt": "0.14"}, "30daysAgo": {"raw": 0.13793, "fmt": "0.14"}, "60daysAgo": {"raw": 0.13816, "fmt": "0.14"}, "90daysAgo": {"raw": 0.13816, "fmt": "0.14"}, "epsTrendCurrency": "USD"}, "epsRevisions": {"upLast7days": {"raw": 0, "fmt": null, "longFmt": "0"}, "upLast30days": {"raw": 6, "fmt": "6", "longFmt": "6"}, "downLast30days": {"raw": 2, "fmt": "2", "longFmt": "2"}, "downLast7Days": {"raw": 1, "fmt": "1", "longFmt": "1"}, "downLast90days": {}, "epsRevisionsCurrency": "USD"}}, {"maxAge": 1, "period": "+1q", "endDate": "2026-03-31", "growth": {"raw": 1.9844999, "fmt": "198.45%"}, "earningsEstimate": {"avg": {"raw": 0.18086, "fmt": "0.18"}, "low": {"raw": 0.15, "fmt": "0.15"}, "high": {"raw": 0.206, "fmt": "0.21"}, "yearAgoEps": {"raw": 0.0606, "fmt": "0.06"}, "numberOfAnalysts": {"raw": 7, "fmt": "7", "longFmt": "7"}, "growth": {"raw": 1.9844999, "fmt": "198.45%"}, "earningsCurrency": "USD"}, "revenueEstimate": {"avg": {"raw": 126627860, "fmt": "126.63M", "longFmt": "126,627,860"}, "low": {"raw": 124100000, "fmt": "124.1M", "longFmt": "124,100,000"}, "high": {"raw": 129900000, "fmt": "129.9M", "longFmt": "129,900,000"}, "numberOfAnalysts": {"raw": 7, "fmt": "7", "longFmt": "7"}, "yearAgoRevenue": {"raw": 97835000, "fmt": "97.83M", "longFmt": "97,835,000"}, "growth": {"raw": 0.2943, "fmt": "29.43%"}, "revenueCurrency": "USD"}, "epsTrend": {"current": {"raw": 0.18086, "fmt": "0.18"}, "7daysAgo": {"raw": 0.17617, "fmt": "0.18"}, "30daysAgo": {"raw": 0.17617, "fmt": "0.18"}, "60daysAgo": {"raw": 0.17617, "fmt": "0.18"}, "90daysAgo": {"raw": 0.17617, "fmt": "0.18"}, "epsTrendCurrency": "USD"}, "epsRevisions": {"upLast7days": {"raw": 2, "fmt": "2", "longFmt": "2"}, "upLast30days": {"raw": 3, "fmt": "3", "longFmt": "3"}, "downLast30days": {"raw": 0, "fmt": null, "longFmt": "0"}, "downLast7Days": {"raw": 2, "fmt": "2", "longFmt": "2"}, "downLast90days": {}, "epsRevisionsCurrency": "USD"}}, {"maxAge": 1, "period": "0y", "endDate": "2025-12-31", "growth": {"raw": 0.77620006, "fmt": "77.62%"}, "earningsEstimate": {"avg": {"raw": 0.52008, "fmt": "0.52"}, "low": {"raw": 0.4, "fmt": "0.4"}, "high": {"raw": 0.62875, "fmt": "0.63"}, "yearAgoEps": {"raw": 0.2928, "fmt": "0.29"}, "numberOfAnalysts": {"raw": 9, "fmt": "9", "longFmt": "9"}, "growth": {"raw": 0.77620006, "fmt": "77.62%"}, "earningsCurrency": "USD"}, "revenueEstimate": {"avg": {"raw": 443021830, "fmt": "443.02M", "longFmt": "443,021,830"}, "low": {"raw": 441919500, "fmt": "441.92M", "longFmt": "441,919,500"}, "high": {"raw": 443400000, "fmt": "443.4M", "longFmt": "443,400,000"}, "numberOfAnalysts": {"raw": 9, "fmt": "9", "longFmt": "9"}, "yearAgoRevenue": {"raw": 333849000, "fmt": "333.85M", "longFmt": "333,849,000"}, "growth": {"raw": 0.32700002, "fmt": "32.70%"}, "revenueCurrency": "USD"}, "epsTrend": {"current": {"raw": 0.52008, "fmt": "0.52"}, "7daysAgo": {"raw": 0.50622, "fmt": "0.51"}, "30daysAgo": {"raw": 0.50622, "fmt": "0.51"}, "60daysAgo": {"raw": 0.50524, "fmt": "0.51"}, "90daysAgo": {"raw": 0.50524, "fmt": "0.51"}, "epsTrendCurrency": "USD"}, "epsRevisions": {"upLast7days": {"raw": 7, "fmt": "7", "longFmt": "7"}, "upLast30days": {"raw": 7, "fmt": "7", "longFmt": "7"}, "downLast30days": {"raw": 2, "fmt": "2", "longFmt": "2"}, "downLast7Days": {"raw": 2, "fmt": "2", "longFmt": "2"}, "downLast90days": {}, "epsRevisionsCurrency": "USD"}}, {"maxAge": 1, "period": "+1y", "endDate": "2026-12-31", "growth": {"raw": 0.76, "fmt": "76.00%"}, "earningsEstimate": {"avg": {"raw": 0.91534, "fmt": "0.92"}, "low": {"raw": 0.83, "fmt": "0.83"}, "high": {"raw": 1.01, "fmt": "1.01"}, "yearAgoEps": {"raw": 0.52008, "fmt": "0.52"}, "numberOfAnalysts": {"raw": 9, "fmt": "9", "longFmt": "9"}, "growth": {"raw": 0.76, "fmt": "76.00%"}, "earningsCurrency": "USD"}, "revenueEstimate": {"avg": {"raw": 548397440, "fmt": "548.4M", "longFmt": "548,397,440"}, "low": {"raw": 536635960, "fmt": "536.64M", "longFmt": "536,635,960"}, "high": {"raw": 557135000, "fmt": "557.13M", "longFmt": "557,135,000"}, "numberOfAnalysts": {"raw": 9, "fmt": "9", "longFmt": "9"}, "yearAgoRevenue": {"raw": 443021830, "fmt": "443.02M", "longFmt": "443,021,830"}, "growth": {"raw": 0.2379, "fmt": "23.79%"}, "revenueCurrency": "USD"}, "epsTrend": {"current": {"raw": 0.91534, "fmt": "0.92"}, "7daysAgo": {"raw": 0.90091, "fmt": "0.9"}, "30daysAgo": {"raw": 0.90091, "fmt": "0.9"}, "60daysAgo": {"raw": 0.90169, "fmt": "0.9"}, "90daysAgo": {"raw": 0.90169, "fmt": "0.9"}, "epsTrendCurrency": "USD"}, "epsRevisions": {"upLast7days": {"raw": 4, "fmt": "4", "longFmt": "4"}, "upLast30days": {"raw": 4, "fmt": "4", "longFmt": "4"}, "downLast30days": {"raw": 4, "fmt": "4", "longFmt": "4"}, "downLast7Days": {"raw": 4, "fmt": "4", "longFmt": "4"}, "downLast90days": {}, "epsRevisionsCurrency": "USD"}}], "defaultMethodology": "nongaap", "maxAge": 1}, "earningsHistory": {"history": [{"maxAge": 1, "epsActual": {"raw": 0.1056, "fmt": "0.11"}, "epsEstimate": {"raw": 0.08421, "fmt": "0.08"}, "epsDifference": {"raw": 0.02, "fmt": "0.02"}, "surprisePercent": {"raw": 0.254, "fmt": "25.40%"}, "quarter": {"raw": 1735603200, "fmt": "2024-12-31"}, "currency": "USD", "period": "-4q"}, {"maxAge": 1, "epsActual": {"raw": 0.0606, "fmt": "0.06"}, "epsEstimate": {"raw": 0.08689, "fmt": "0.09"}, "epsDifference": {"raw": -0.03, "fmt": "-0.03"}, "surprisePercent": {"raw": -0.3026, "fmt": "-30.26%"}, "quarter": {"raw": 1743379200, "fmt": "2025-03-31"}, "currency": "USD", "period": "-3q"}, {"maxAge": 1, "epsActual": {"raw": 0.0699, "fmt": "0.07"}, "epsEstimate": {"raw": 0.07755, "fmt": "0.08"}, "epsDifference": {"raw": -0.01, "fmt": "-0.01"}, "surprisePercent": {"raw": -0.0986, "fmt": "-9.86%"}, "quarter": {"raw": 1751241600, "fmt": "2025-06-30"}, "currency": "USD", "period": "-2q"}, {"maxAge": 1, "epsActual": {"raw": 0.1302, "fmt": "0.13"}, "epsEstimate": {"raw": 0.12039, "fmt": "0.12"}, "epsDifference": {"raw": 0.01, "fmt": "0.01"}, "surprisePercent": {"raw": 0.081499994, "fmt": "8.15%"}, "quarter": {"raw": 1759190400, "fmt": "2025-09-30"}, "currency": "USD", "period": "-1q"}], "defaultMethodology": "nongaap", "maxAge": 86400}, "financialData": {"maxAge": 86400, "currentPrice": {"raw": 20.2, "fmt": "20.20"}, "targetHighPrice": {"raw": 40.0, "fmt": "40.00"}, "targetLowPrice": {"raw": 25.0, "fmt": "25.00"}, "targetMeanPrice": {"raw": 32.55556, "fmt": "32.56"}, "targetMedianPrice": {"raw": 32.0, "fmt": "32.00"}, "recommendationMean": {"raw": 1.7, "fmt": "1.70"}, "recommendationKey": "buy", "numberOfAnalystOpinions": {"raw": 9, "fmt": "9", "longFmt": "9"}, "totalCash": {"raw": 90912000, "fmt": "90.91M", "longFmt": "90,912,000"}, "totalCashPerShare": {"raw": 0.866, "fmt": "0.87"}, "ebitda": {"raw": -39364000, "fmt": "-39.36M", "longFmt": "-39,364,000"}, "totalDebt": {"raw": 378443008, "fmt": "378.44M", "longFmt": "378,443,008"}, "quickRatio": {"raw": 1.756, "fmt": "1.76"}, "currentRatio": {"raw": 2.169, "fmt": "2.17"}, "totalRevenue": {"raw": 412504000, "fmt": "412.5M", "longFmt": "412,504,000"}, "debtToEquity": {"raw": 108.091, "fmt": "108.09%"}, "revenuePerShare": {"raw": 4.012, "fmt": "4.01"}, "returnOnAssets": {"raw": -0.04769, "fmt": "-4.77%"}, "returnOnEquity": {"raw": -0.12737, "fmt": "-12.74%"}, "grossProfits": {"raw": 240730000, "fmt": "240.73M", "longFmt": "240,730,000"}, "freeCashflow": {"raw": 72729752, "fmt": "72.73M", "longFmt": "72,729,752"}, "operatingCashflow": {"raw": 32411000, "fmt": "32.41M", "longFmt": "32,411,000"}, "earningsGrowth": {}, "revenueGrowth": {"raw": 0.315, "fmt": "31.50%"}, "grossMargins": {"raw": 0.58358, "fmt": "58.36%"}, "ebitdaMargins": {"raw": -0.09543, "fmt": "-9.54%"}, "operatingMargins": {"raw": -0.11185, "fmt": "-11.19%"}, "profitMargins": {"raw": -0.106309995, "fmt": "-10.63%"}, "financialCurrency": "USD"}}