{"assetProfile": {"address1": "210 East Grand Avenue", "city": "South San Francisco", "state": "CA", "zip": "94080", "country": "United States", "phone": "650 457 2700", "website": "https://allogene.com", "industry": "Biotechnology", "industryKey": "biotechnology", "industryDisp": "Biotechnology", "sector": "Healthcare", "sectorKey": "healthcare", "sectorDisp": "Healthcare", "longBusinessSummary": "Allogene Therapeutics, Inc. a clinical stage immuno-oncology company, develops and commercializes genetically engineered allogeneic T cell therapies for the treatment of cancer and autoimmune diseases. It develops, manufactures, and commercializes UCART19, an allogeneic anti-CD19 chimeric antigen receptor (CAR) T cell product candidate for the treatment of patients with R/R CD19 positive B-cell acute lymphoblastic leukemia (ALL). The company also develops cemacabtagene ansegedleucel, an engineered allogeneic CAR T cell product candidate that targets CD19 for the treatment of large B-cell lymphoma. In addition, it provides clinical-stage products, such as ALLO-501, cema-cel, ALLO-316, ALLO-329, ALLO-715, and ALLO-605; DLL3 for the treatment of small cell lung cancer; Claudin 18.2 for the treatment of gastric and pancreatic cancer; and FLT3 for the treatment of acute myeloid leukemia. The company has license and collaboration agreements with Pfizer Inc., Servier, Cellectis S.A., and Notch Therapeutics Inc. It also has a strategic collaboration agreement with The University of Texas MD Anderson Cancer Center for the preclinical and clinical investigation of allogeneic CAR T cell product candidates; and a strategic partnership with Foresight Diagnostics to develop MRD-based In-Vitro Diagnostic for use in ALPHA3. The company was incorporated in 2017 and is headquartered in South San Francisco, California.", "fullTimeEmployees": 226, "companyOfficers": [{"maxAge": 1, "name": "Dr. Arie S. Belldegrun F.A.C.S., M.D.", "age": 75, "title": "Co-Founder & Executive Chairman", "yearBorn": 1949, "fiscalYear": 2024, "totalPay": {"raw": 685292, "fmt": "685.29k", "longFmt": "685,292"}, "exercisedValue": {"raw": 0, "fmt": null, "longFmt": "0"}, "unexercisedValue": {"raw": 0, "fmt": null, "longFmt": "0"}}, {"maxAge": 1, "name": "Dr. David D. Chang M.D., Ph.D.", "age": 64, "title": "Co-Founder, President, CEO & Director", "yearBorn": 1960, "fiscalYear": 2024, "totalPay": {"raw": 1063565, "fmt": "1.06M", "longFmt": "1,063,565"}, "exercisedValue": {"raw": 0, "fmt": null, "longFmt": "0"}, "unexercisedValue": {"raw": 0, "fmt": null, "longFmt": "0"}}, {"maxAge": 1, "name": "Mr. Joshua A. Kazam", "age": 47, "title": "Co-Founder & Director", "yearBorn": 1977, "fiscalYear": 2024, "totalPay": {"raw": 54000, "fmt": "54k", "longFmt": "54,000"}, "exercisedValue": {"raw": 0, "fmt": null, "longFmt": "0"}, "unexercisedValue": {"raw": 0, "fmt": null, "longFmt": "0"}}, {"maxAge": 1, "name": "Dr. Zachary J. Roberts M.D., Ph.D.", "age": 46, "title": "Executive VP of Research & Development and Chief Medical Officer", "yearBorn": 1978, "fiscalYear": 2024, "totalPay": {"raw": 714747, "fmt": "714.75k", "longFmt": "714,747"}, "exercisedValue": {"raw": 0, "fmt": null, "longFmt": "0"}, "unexercisedValue": {"raw": 0, "fmt": null, "longFmt": "0"}}, {"maxAge": 1, "name": "Mr. Geoffrey M. Parker", "age": 59, "title": "Executive VP & CFO", "yearBorn": 1965, "fiscalYear": 2024, "exercisedValue": {"raw": 0, "fmt": null, "longFmt": "0"}, "unexercisedValue": {"raw": 0, "fmt": null, "longFmt": "0"}}, {"maxAge": 1, "name": "Mr. Benjamin M. Beneski", "age": 47, "title": "Senior VP & Chief Technical Officer", "yearBorn": 1977, "fiscalYear": 2024, "exercisedValue": {"raw": 0, "fmt": null, "longFmt": "0"}, "unexercisedValue": {"raw": 0, "fmt": null, "longFmt": "0"}}, {"maxAge": 1, "name": "Mr. Earl M. Douglas Esq.", "age": 61, "title": "Senior VP, General Counsel, Compliance Officer & Corporate Secretary", "yearBorn": 1963, "fiscalYear": 2024, "exercisedValue": {"raw": 0, "fmt": null, "longFmt": "0"}, "unexercisedValue": {"raw": 0, "fmt": null, "longFmt": "0"}}, {"maxAge": 1, "name": "Ms. Susan R. Lundeen", "age": 58, "title": "Chief People Officer", "yearBorn": 1966, "fiscalYear": 2024, "exercisedValue": {"raw": 0, "fmt": null, "longFmt": "0"}, "unexercisedValue": {"raw": 0, "fmt": null, "longFmt": "0"}}, {"maxAge": 1, "name": "Ms. Christine  Cassiano", "title": "Executive VP, Chief Corporate Affairs & Brand Strategy Officer", "fiscalYear": 2024, "exercisedValue": {"raw": 0, "fmt": null, "longFmt": "0"}, "unexercisedValue": {"raw": 0, "fmt": null, "longFmt": "0"}}, {"maxAge": 1, "name": "Ms. Annie  Yoshiyama", "age": 40, "title": "SVP & Corporate Controller", "yearBorn": 1984, "fiscalYear": 2024, "exercisedValue": {"raw": 0, "fmt": null, "longFmt": "0"}, "unexercisedValue": {"raw": 0, "fmt": null, "longFmt": "0"}}], "auditRisk": 9, "boardRisk": 7, "compensationRisk": 10, "shareHolderRightsRisk": 9, "overallRisk": 9, "governanceEpochDate": 1761955200, "compensationAsOfEpochDate": 1735603200, "executiveTeam": [], "maxAge": 86400}, "calendarEvents": {"maxAge": 1, "earnings": {"earningsDate": [{"raw": 1762462800, "fmt": "2025-11-06"}], "earningsCallDate": [{"raw": 1762466400, "fmt": "2025-11-06"}], "isEarningsDateEstimate": false, "earningsAverage": {"raw": -0.23368, "fmt": "-0.23"}, "earningsLow": {"raw": -0.24, "fmt": "-0.24"}, "earningsHigh": {"raw": -0.22575, "fmt": "-0.23"}, "revenueAverage": {"raw": 1820, "fmt": "1.82k", "longFmt": "1,820"}, "revenueLow": {"raw": 0, "fmt": null, "longFmt": "0"}, "revenueHigh": {"raw": 20000, "fmt": "20k", "longFmt": "20,000"}}, "exDividendDate": {}, "dividendDate": {}}, "earningsTrend": {"trend": [{"maxAge": 1, "period": "0q", "endDate": "2025-09-30", "growth": {"raw": 0.12020001, "fmt": "12.02%"}, "earningsEstimate": {"avg": {"raw": -0.23368, "fmt": "-0.23"}, "low": {"raw": -0.24, "fmt": "-0.24"}, "high": {"raw": -0.22575, "fmt": "-0.23"}, "yearAgoEps": {"raw": -0.2656, "fmt": "-0.27"}, "numberOfAnalysts": {"raw": 7, "fmt": "7", "longFmt": "7"}, "growth": {"raw": 0.12020001, "fmt": "12.02%"}, "earningsCurrency": "USD"}, "revenueEstimate": {"avg": {"raw": 1820, "fmt": "1.82k", "longFmt": "1,820"}, "low": {"raw": 0, "fmt": null, "longFmt": "0"}, "high": {"raw": 20000, "fmt": "20k", "longFmt": "20,000"}, "numberOfAnalysts": {"raw": 11, "fmt": "11", "longFmt": "11"}, "yearAgoRevenue": {"raw": 0, "fmt": null, "longFmt": "0"}, "growth": {"raw": 0.0, "fmt": "0.00%"}, "revenueCurrency": "USD"}, "epsTrend": {"current": {"raw": -0.23368, "fmt": "-0.23"}, "7daysAgo": {"raw": -0.23143, "fmt": "-0.23"}, "30daysAgo": {"raw": -0.23143, "fmt": "-0.23"}, "60daysAgo": {"raw": -0.24521, "fmt": "-0.25"}, "90daysAgo": {"raw": -0.245, "fmt": "-0.25"}, "epsTrendCurrency": "USD"}, "epsRevisions": {"upLast7days": {"raw": 0, "fmt": null, "longFmt": "0"}, "upLast30days": {"raw": 0, "fmt": null, "longFmt": "0"}, "downLast30days": {"raw": 1, "fmt": "1", "longFmt": "1"}, "downLast7Days": {"raw": 1, "fmt": "1", "longFmt": "1"}, "downLast90days": {}, "epsRevisionsCurrency": "USD"}}, {"maxAge": 1, "period": "+1q", "endDate": "2025-12-31", "growth": {"raw": 0.1991, "fmt": "19.91%"}, "earningsEstimate": {"avg": {"raw": -0.22424, "fmt": "-0.22"}, "low": {"raw": -0.24, "fmt": "-0.24"}, "high": {"raw": -0.19, "fmt": "-0.19"}, "yearAgoEps": {"raw": -0.28, "fmt": "-0.28"}, "numberOfAnalysts": {"raw": 7, "fmt": "7", "longFmt": "7"}, "growth": {"raw": 0.1991, "fmt": "19.91%"}, "earningsCurrency": "USD"}, "revenueEstimate": {"avg": {"raw": 1820, "fmt": "1.82k", "longFmt": "1,820"}, "low": {"raw": 0, "fmt": null, "longFmt": "0"}, "high": {"raw": 20000, "fmt": "20k", "longFmt": "20,000"}, "numberOfAnalysts": {"raw": 11, "fmt": "11", "longFmt": "11"}, "yearAgoRevenue": {"raw": 0, "fmt": null, "longFmt": "0"}, "growth": {"raw": 0.0, "fmt": "0.00%"}, "revenueCurrency": "USD"}, "epsTrend": {"current": {"raw": -0.22424, "fmt": "-0.22"}, "7daysAgo": {"raw": -0.21286, "fmt": "-0.21"}, "30daysAgo": {"raw": -0.21286, "fmt": "-0.21"}, "60daysAgo": {"raw": -0.23136, "fmt": "-0.23"}, "90daysAgo": {"raw": -0.231, "fmt": "-0.23"}, "epsTrendCurrency": "USD"}, "epsRevisions": {"upLast7days": {"raw": 0, "fmt": null, "longFmt": "0"}, "upLast30days": {"raw": 0, "fmt": null, "longFmt": "0"}, "downLast30days": {"raw": 1, "fmt": "1", "longFmt": "1"}, "downLast7Days": {"raw": 1, "fmt": "1", "longFmt": "1"}, "downLast90days": {}, "epsRevisionsCurrency": "USD"}}, {"maxAge": 1, "period": "0y", "endDate": "2025-12-31", "growth": {"raw": 0.174, "fmt": "17.40%"}, "earningsEstimate": {"avg": {"raw": -1.02559, "fmt": "-1.03"}, "low": {"raw": -1.2, "fmt": "-1.2"}, "high": {"raw": -0.96, "fmt": "-0.96"}, "yearAgoEps": {"raw": -1.2416, "fmt": "-1.24"}, "numberOfAnalysts": {"raw": 8, "fmt": "8", "longFmt": "8"}, "growth": {"raw": 0.174, "fmt": "17.40%"}, "earningsCurrency": "USD"}, "revenueEstimate": {"avg": {"raw": 3330, "fmt": "3.33k", "longFmt": "3,330"}, "low": {"raw": 0, "fmt": null, "longFmt": "0"}, "high": {"raw": 40000, "fmt": "40k", "longFmt": "40,000"}, "numberOfAnalysts": {"raw": 12, "fmt": "12", "longFmt": "12"}, "yearAgoRevenue": {"raw": 22000, "fmt": "22k", "longFmt": "22,000"}, "growth": {"raw": -0.84860003, "fmt": "-84.86%"}, "revenueCurrency": "USD"}, "epsTrend": {"current": {"raw": -1.02559, "fmt": "-1.03"}, "7daysAgo": {"raw": -1.01625, "fmt": "-1.02"}, "30daysAgo": {"raw": -1.01625, "fmt": "-1.02"}, "60daysAgo": {"raw": -1.02504, "fmt": "-1.03"}, "90daysAgo": {"raw": -1.025, "fmt": "-1.02"}, "epsTrendCurrency": "USD"}, "epsRevisions": {"upLast7days": {"raw": 0, "fmt": null, "longFmt": "0"}, "upLast30days": {"raw": 0, "fmt": null, "longFmt": "0"}, "downLast30days": {"raw": 1, "fmt": "1", "longFmt": "1"}, "downLast7Days": {"raw": 1, "fmt": "1", "longFmt": "1"}, "downLast90days": {}, "epsRevisionsCurrency": "USD"}}, {"maxAge": 1, "period": "+1y", "endDate": "2026-12-31", "growth": {"raw": 0.0479, "fmt": "4.79%"}, "earningsEstimate": {"avg": {"raw": -0.97645, "fmt": "-0.98"}, "low": {"raw": -1.47, "fmt": "-1.47"}, "high": {"raw": -0.50446, "fmt": "-0.5"}, "yearAgoEps": {"raw": -1.02559, "fmt": "-1.03"}, "numberOfAnalysts": {"raw": 10, "fmt": "10", "longFmt": "10"}, "growth": {"raw": 0.0479, "fmt": "4.79%"}, "earningsCurrency": "USD"}, "revenueEstimate": {"avg": {"raw": 15000, "fmt": "15k", "longFmt": "15,000"}, "low": {"raw": 0, "fmt": null, "longFmt": "0"}, "high": {"raw": 100000, "fmt": "100k", "longFmt": "100,000"}, "numberOfAnalysts": {"raw": 12, "fmt": "12", "longFmt": "12"}, "yearAgoRevenue": {"raw": 3330, "fmt": "3.33k", "longFmt": "3,330"}, "growth": {"raw": 3.5045002, "fmt": "350.45%"}, "revenueCurrency": "USD"}, "epsTrend": {"current": {"raw": -0.97645, "fmt": "-0.98"}, "7daysAgo": {"raw": -0.981, "fmt": "-0.98"}, "30daysAgo": {"raw": -0.981, "fmt": "-0.98"}, "60daysAgo": {"raw": -1.02401, "fmt": "-1.02"}, "90daysAgo": {"raw": -1.024, "fmt": "-1.02"}, "epsTrendCurrency": "USD"}, "epsRevisions": {"upLast7days": {"raw": 1, "fmt": "1", "longFmt": "1"}, "upLast30days": {"raw": 1, "fmt": "1", "longFmt": "1"}, "downLast30days": {"raw": 0, "fmt": null, "longFmt": "0"}, "downLast7Days": {"raw": 0, "fmt": null, "longFmt": "0"}, "downLast90days": {}, "epsRevisionsCurrency": "USD"}}], "defaultMethodology": "nongaap", "maxAge": 1}, "earningsHistory": {"history": [{"maxAge": 1, "epsActual": {"raw": -0.2656, "fmt": "-0.27"}, "epsEstimate": {"raw": -0.33, "fmt": "-0.33"}, "epsDifference": {"raw": 0.06, "fmt": "0.06"}, "surprisePercent": {"raw": 0.19520001, "fmt": "19.52%"}, "quarter": {"raw": 1727654400, "fmt": "2024-09-30"}, "currency": "USD", "period": "-4q"}, {"maxAge": 1, "epsActual": {"raw": -0.28, "fmt": "-0.28"}, "epsEstimate": {"raw": -0.32343, "fmt": "-0.32"}, "epsDifference": {"raw": 0.04, "fmt": "0.04"}, "surprisePercent": {"raw": 0.13430001, "fmt": "13.43%"}, "quarter": {"raw": 1735603200, "fmt": "2024-12-31"}, "currency": "USD", "period": "-3q"}, {"maxAge": 1, "epsActual": {"raw": -0.28, "fmt": "-0.28"}, "epsEstimate": {"raw": -0.295, "fmt": "-0.29"}, "epsDifference": {"raw": 0.01, "fmt": "0.01"}, "surprisePercent": {"raw": 0.0508, "fmt": "5.08%"}, "quarter": {"raw": 1743379200, "fmt": "2025-03-31"}, "currency": "USD", "period": "-2q"}, {"maxAge": 1, "epsActual": {"raw": -0.2218, "fmt": "-0.22"}, "epsEstimate": {"raw": -0.26797, "fmt": "-0.27"}, "epsDifference": {"raw": 0.05, "fmt": "0.05"}, "surprisePercent": {"raw": 0.1723, "fmt": "17.23%"}, "quarter": {"raw": 1751241600, "fmt": "2025-06-30"}, "currency": "USD", "period": "-1q"}], "defaultMethodology": "nongaap", "maxAge": 86400}, "financialData": {"maxAge": 86400, "currentPrice": {"raw": 1.18, "fmt": "1.18"}, "targetHighPrice": {"raw": 14.0, "fmt": "14.00"}, "targetLowPrice": {"raw": 1.6, "fmt": "1.60"}, "targetMeanPrice": {"raw": 7.56, "fmt": "7.56"}, "targetMedianPrice": {"raw": 7.5, "fmt": "7.50"}, "recommendationMean": {"raw": 1.71429, "fmt": "1.71"}, "recommendationKey": "buy", "numberOfAnalystOpinions": {"raw": 10, "fmt": "10", "longFmt": "10"}, "totalCash": {"raw": 273120000, "fmt": "273.12M", "longFmt": "273,120,000"}, "totalCashPerShare": {"raw": 1.231, "fmt": "1.23"}, "ebitda": {"raw": -228519008, "fmt": "-228.52M", "longFmt": "-228,519,008"}, "totalDebt": {"raw": 86997000, "fmt": "87M", "longFmt": "86,997,000"}, "quickRatio": {"raw": 8.676, "fmt": "8.68"}, "currentRatio": {"raw": 8.924, "fmt": "8.92"}, "totalRevenue": {"raw": 0, "fmt": null, "longFmt": "0"}, "debtToEquity": {"raw": 25.249, "fmt": "25.25%"}, "revenuePerShare": {"raw": 0.0, "fmt": "0.00"}, "returnOnAssets": {"raw": -0.26976, "fmt": "-26.98%"}, "returnOnEquity": {"raw": -0.55121, "fmt": "-55.12%"}, "grossProfits": {"raw": -180040992, "fmt": "-180.04M", "longFmt": "-180,040,992"}, "freeCashflow": {"raw": -95369872, "fmt": "-95.37M", "longFmt": "-95,369,872"}, "operatingCashflow": {"raw": -172772000, "fmt": "-172.77M", "longFmt": "-172,772,000"}, "earningsGrowth": {}, "revenueGrowth": {}, "grossMargins": {"raw": 0.0, "fmt": "0.00%"}, "ebitdaMargins": {"raw": 0.0, "fmt": "0.00%"}, "operatingMargins": {"raw": 0.0, "fmt": "0.00%"}, "profitMargins": {"raw": 0.0, "fmt": "0.00%"}, "financialCurrency": "USD"}}