{"assetProfile": {"address1": "24 School Street", "address2": "2nd Floor", "city": "Boston", "state": "MA", "zip": "02108", "country": "United States", "phone": "401 426 4664", "website": "https://www.allarity.com", "industry": "Biotechnology", "industryKey": "biotechnology", "industryDisp": "Biotechnology", "sector": "Healthcare", "sectorKey": "healthcare", "sectorDisp": "Healthcare", "longBusinessSummary": "Allarity Therapeutics, Inc., a clinical-stage precision medicine pharmaceutical company, focuses on developing novel anti-cancer therapeutics for patients with unmet medical needs. The company develops drugs for the personalized treatment of cancer using drug specific companion diagnostics generated by its proprietary drug response predictor technology. Its lead drug candidate includes Stenoparib, a novel dual inhibitor of poly-ADP-ribose polymerase (PARP1/2) that is being evaluated in a phase 2 clinical trial in patients with advanced and recurrent ovarian cancer. The company also develops stenoparib- DRP, a companion diagnostic product used in select patients for stenoparib treatment. Allarity Therapeutics, Inc. was incorporated in 2004 and is headquartered in Boston, Massachusetts.", "fullTimeEmployees": 6, "companyOfficers": [{"maxAge": 1, "name": "Mr. Thomas H. Jensen", "age": 46, "title": "Founder, CEO & Director", "yearBorn": 1978, "fiscalYear": 2024, "totalPay": {"raw": 791600, "fmt": "791.6k", "longFmt": "791,600"}, "exercisedValue": {"raw": 0, "fmt": null, "longFmt": "0"}, "unexercisedValue": {"raw": 0, "fmt": null, "longFmt": "0"}}, {"maxAge": 1, "name": "Dr. Jeremy R. Graff Ph.D.", "age": 54, "title": "President & Chief Development Officer", "yearBorn": 1970, "fiscalYear": 2024, "totalPay": {"raw": 269174, "fmt": "269.17k", "longFmt": "269,174"}, "exercisedValue": {"raw": 0, "fmt": null, "longFmt": "0"}, "unexercisedValue": {"raw": 0, "fmt": null, "longFmt": "0"}}, {"maxAge": 1, "name": "Dr. Steen Meier Knudsen Ph.D.", "age": 63, "title": "Founder & Chief Scientific Officer", "yearBorn": 1961, "fiscalYear": 2024, "totalPay": {"raw": 197311, "fmt": "197.31k", "longFmt": "197,311"}, "exercisedValue": {"raw": 0, "fmt": null, "longFmt": "0"}, "unexercisedValue": {"raw": 0, "fmt": null, "longFmt": "0"}}, {"maxAge": 1, "name": "Mr. Jeffrey S. Ervin M.B.A.", "age": 46, "title": "Chief Financial Officer", "yearBorn": 1978, "fiscalYear": 2024, "exercisedValue": {"raw": 0, "fmt": null, "longFmt": "0"}, "unexercisedValue": {"raw": 0, "fmt": null, "longFmt": "0"}}, {"maxAge": 1, "name": "Dr. Jose L. Iglesias M.D.", "age": 67, "title": "Consultant Chief Medical Officer", "yearBorn": 1957, "fiscalYear": 2024, "exercisedValue": {"raw": 0, "fmt": null, "longFmt": "0"}, "unexercisedValue": {"raw": 0, "fmt": null, "longFmt": "0"}}], "compensationAsOfEpochDate": 1735603200, "executiveTeam": [], "maxAge": 86400}, "calendarEvents": {"maxAge": 1, "earnings": {"earningsDate": [], "earningsCallDate": [], "earningsAverage": {"raw": -0.23, "fmt": "-0.23"}, "earningsLow": {"raw": -0.23, "fmt": "-0.23"}, "earningsHigh": {"raw": -0.23, "fmt": "-0.23"}, "revenueAverage": {"raw": 0, "fmt": null, "longFmt": "0"}, "revenueLow": {"raw": 0, "fmt": null, "longFmt": "0"}, "revenueHigh": {"raw": 0, "fmt": null, "longFmt": "0"}}, "exDividendDate": {}, "dividendDate": {}}, "earningsTrend": {"trend": [{"maxAge": 1, "period": "0q", "endDate": "2025-09-30", "growth": {"raw": 0.8684, "fmt": "86.84%"}, "earningsEstimate": {"avg": {"raw": -0.23, "fmt": "-0.23"}, "low": {"raw": -0.23, "fmt": "-0.23"}, "high": {"raw": -0.23, "fmt": "-0.23"}, "yearAgoEps": {"raw": -1.74816, "fmt": "-1.75"}, "numberOfAnalysts": {"raw": 1, "fmt": "1", "longFmt": "1"}, "growth": {"raw": 0.8684, "fmt": "86.84%"}, "earningsCurrency": "USD"}, "revenueEstimate": {"avg": {"raw": 0, "fmt": null, "longFmt": "0"}, "low": {"raw": 0, "fmt": null, "longFmt": "0"}, "high": {"raw": 0, "fmt": null, "longFmt": "0"}, "numberOfAnalysts": {"raw": 1, "fmt": "1", "longFmt": "1"}, "yearAgoRevenue": {"raw": 0, "fmt": null, "longFmt": "0"}, "growth": {"raw": 0.0, "fmt": "0.00%"}, "revenueCurrency": "USD"}, "epsTrend": {"current": {"raw": -0.23, "fmt": "-0.23"}, "7daysAgo": {"raw": -0.21, "fmt": "-0.21"}, "30daysAgo": {"raw": -0.21, "fmt": "-0.21"}, "60daysAgo": {"raw": -0.21, "fmt": "-0.21"}, "90daysAgo": {"raw": 0.0, "fmt": "0"}, "epsTrendCurrency": "USD"}, "epsRevisions": {"upLast7days": {"raw": 0, "fmt": null, "longFmt": "0"}, "upLast30days": {"raw": 0, "fmt": null, "longFmt": "0"}, "downLast30days": {"raw": 1, "fmt": "1", "longFmt": "1"}, "downLast7Days": {"raw": 1, "fmt": "1", "longFmt": "1"}, "downLast90days": {}, "epsRevisionsCurrency": "USD"}}, {"maxAge": 1, "period": "+1q", "endDate": "2025-12-31", "growth": {}, "earningsEstimate": {"avg": {"raw": -0.23, "fmt": "-0.23"}, "low": {"raw": -0.23, "fmt": "-0.23"}, "high": {"raw": -0.23, "fmt": "-0.23"}, "yearAgoEps": {}, "numberOfAnalysts": {"raw": 1, "fmt": "1", "longFmt": "1"}, "growth": {}, "earningsCurrency": "USD"}, "revenueEstimate": {"avg": {"raw": 0, "fmt": null, "longFmt": "0"}, "low": {"raw": 0, "fmt": null, "longFmt": "0"}, "high": {"raw": 0, "fmt": null, "longFmt": "0"}, "numberOfAnalysts": {"raw": 1, "fmt": "1", "longFmt": "1"}, "yearAgoRevenue": {}, "growth": {}, "revenueCurrency": "USD"}, "epsTrend": {"current": {"raw": -0.23, "fmt": "-0.23"}, "7daysAgo": {"raw": -0.21, "fmt": "-0.21"}, "30daysAgo": {"raw": -0.21, "fmt": "-0.21"}, "60daysAgo": {"raw": -0.21, "fmt": "-0.21"}, "90daysAgo": {"raw": 0.0, "fmt": "0"}, "epsTrendCurrency": "USD"}, "epsRevisions": {"upLast7days": {"raw": 0, "fmt": null, "longFmt": "0"}, "upLast30days": {"raw": 0, "fmt": null, "longFmt": "0"}, "downLast30days": {"raw": 1, "fmt": "1", "longFmt": "1"}, "downLast7Days": {"raw": 1, "fmt": "1", "longFmt": "1"}, "downLast90days": {}, "epsRevisionsCurrency": "USD"}}, {"maxAge": 1, "period": "0y", "endDate": "2025-12-31", "growth": {}, "earningsEstimate": {"avg": {"raw": -0.85, "fmt": "-0.85"}, "low": {"raw": -0.85, "fmt": "-0.85"}, "high": {"raw": -0.85, "fmt": "-0.85"}, "yearAgoEps": {}, "numberOfAnalysts": {"raw": 1, "fmt": "1", "longFmt": "1"}, "growth": {}, "earningsCurrency": "USD"}, "revenueEstimate": {"avg": {"raw": 0, "fmt": null, "longFmt": "0"}, "low": {"raw": 0, "fmt": null, "longFmt": "0"}, "high": {"raw": 0, "fmt": null, "longFmt": "0"}, "numberOfAnalysts": {"raw": 1, "fmt": "1", "longFmt": "1"}, "yearAgoRevenue": {"raw": 0, "fmt": null, "longFmt": "0"}, "growth": {"raw": 0.0, "fmt": "0.00%"}, "revenueCurrency": "USD"}, "epsTrend": {"current": {"raw": -0.85, "fmt": "-0.85"}, "7daysAgo": {"raw": -0.88, "fmt": "-0.88"}, "30daysAgo": {"raw": -0.88, "fmt": "-0.88"}, "60daysAgo": {"raw": -0.88, "fmt": "-0.88"}, "90daysAgo": {"raw": 0.0, "fmt": "0"}, "epsTrendCurrency": "USD"}, "epsRevisions": {"upLast7days": {"raw": 1, "fmt": "1", "longFmt": "1"}, "upLast30days": {"raw": 1, "fmt": "1", "longFmt": "1"}, "downLast30days": {"raw": 0, "fmt": null, "longFmt": "0"}, "downLast7Days": {"raw": 0, "fmt": null, "longFmt": "0"}, "downLast90days": {}, "epsRevisionsCurrency": "USD"}}, {"maxAge": 1, "period": "+1y", "endDate": "2026-12-31", "growth": {"raw": -0.0706, "fmt": "-7.06%"}, "earningsEstimate": {"avg": {"raw": -0.91, "fmt": "-0.91"}, "low": {"raw": -0.91, "fmt": "-0.91"}, "high": {"raw": -0.91, "fmt": "-0.91"}, "yearAgoEps": {"raw": -0.85, "fmt": "-0.85"}, "numberOfAnalysts": {"raw": 1, "fmt": "1", "longFmt": "1"}, "growth": {"raw": -0.0706, "fmt": "-7.06%"}, "earningsCurrency": "USD"}, "revenueEstimate": {"avg": {"raw": 0, "fmt": null, "longFmt": "0"}, "low": {"raw": 0, "fmt": null, "longFmt": "0"}, "high": {"raw": 0, "fmt": null, "longFmt": "0"}, "numberOfAnalysts": {"raw": 1, "fmt": "1", "longFmt": "1"}, "yearAgoRevenue": {"raw": 0, "fmt": null, "longFmt": "0"}, "growth": {"raw": 0.0, "fmt": "0.00%"}, "revenueCurrency": "USD"}, "epsTrend": {"current": {"raw": -0.91, "fmt": "-0.91"}, "7daysAgo": {"raw": -0.83, "fmt": "-0.83"}, "30daysAgo": {"raw": -0.83, "fmt": "-0.83"}, "60daysAgo": {"raw": -0.83, "fmt": "-0.83"}, "90daysAgo": {"raw": 0.0, "fmt": "0"}, "epsTrendCurrency": "USD"}, "epsRevisions": {"upLast7days": {"raw": 0, "fmt": null, "longFmt": "0"}, "upLast30days": {"raw": 0, "fmt": null, "longFmt": "0"}, "downLast30days": {"raw": 1, "fmt": "1", "longFmt": "1"}, "downLast7Days": {"raw": 1, "fmt": "1", "longFmt": "1"}, "downLast90days": {}, "epsRevisionsCurrency": "USD"}}], "defaultMethodology": "nongaap", "maxAge": 1}, "earningsHistory": {"history": [{"maxAge": 1, "epsActual": {"raw": -1.74816, "fmt": "-1.75"}, "epsEstimate": {"raw": -8.40001, "fmt": "-8.4"}, "epsDifference": {"raw": 6.65, "fmt": "6.65"}, "surprisePercent": {"raw": 0.79190004, "fmt": "79.19%"}, "quarter": {"raw": 1727654400, "fmt": "2024-09-30"}, "currency": "USD", "period": "-4q"}, {"maxAge": 1, "epsActual": {"raw": -0.25, "fmt": "-0.25"}, "epsEstimate": {}, "epsDifference": {}, "surprisePercent": {}, "quarter": {"raw": 1743379200, "fmt": "2025-03-31"}, "currency": "USD", "period": "-2q"}, {"maxAge": 1, "epsActual": {"raw": -0.15, "fmt": "-0.15"}, "epsEstimate": {"raw": -0.21, "fmt": "-0.21"}, "epsDifference": {"raw": 0.06, "fmt": "0.06"}, "surprisePercent": {"raw": 0.2857, "fmt": "28.57%"}, "quarter": {"raw": 1751241600, "fmt": "2025-06-30"}, "currency": "USD", "period": "-1q"}], "defaultMethodology": "nongaap", "maxAge": 86400}, "financialData": {"maxAge": 86400, "currentPrice": {"raw": 1.38, "fmt": "1.38"}, "targetHighPrice": {"raw": 9.25, "fmt": "9.25"}, "targetLowPrice": {"raw": 9.25, "fmt": "9.25"}, "targetMeanPrice": {"raw": 9.25, "fmt": "9.25"}, "targetMedianPrice": {"raw": 9.25, "fmt": "9.25"}, "recommendationMean": {}, "recommendationKey": "none", "numberOfAnalystOpinions": {"raw": 1, "fmt": "1", "longFmt": "1"}, "totalCash": {"raw": 17801000, "fmt": "17.8M", "longFmt": "17,801,000"}, "totalCashPerShare": {"raw": 1.218, "fmt": "1.22"}, "ebitda": {"raw": -17067000, "fmt": "-17.07M", "longFmt": "-17,067,000"}, "totalDebt": {"raw": 1375000, "fmt": "1.38M", "longFmt": "1,375,000"}, "quickRatio": {"raw": 2.148, "fmt": "2.15"}, "currentRatio": {"raw": 2.311, "fmt": "2.31"}, "totalRevenue": {}, "debtToEquity": {"raw": 11.301, "fmt": "11.30%"}, "revenuePerShare": {}, "returnOnAssets": {"raw": -0.41027, "fmt": "-41.03%"}, "returnOnEquity": {"raw": -1.50584, "fmt": "-150.58%"}, "grossProfits": {}, "freeCashflow": {"raw": -12939250, "fmt": "-12.94M", "longFmt": "-12,939,250"}, "operatingCashflow": {"raw": -16816000, "fmt": "-16.82M", "longFmt": "-16,816,000"}, "earningsGrowth": {}, "revenueGrowth": {}, "grossMargins": {"raw": 0.0, "fmt": "0.00%"}, "ebitdaMargins": {"raw": 0.0, "fmt": "0.00%"}, "operatingMargins": {"raw": 0.0, "fmt": "0.00%"}, "profitMargins": {"raw": 0.0, "fmt": "0.00%"}, "financialCurrency": "USD"}}