{"assetProfile": {"address1": "22 Hanagar Street", "address2": "Neve Ne\u2019eman Industrial Zone B", "city": "Hod HaSharon", "zip": "4501317", "country": "Israel", "phone": "972 9 761 9200", "website": "https://www.allot.com", "industry": "Software - Infrastructure", "industryKey": "software-infrastructure", "industryDisp": "Software - Infrastructure", "sector": "Technology", "sectorKey": "technology", "sectorDisp": "Technology", "longBusinessSummary": "Allot Ltd., together with its subsidiaries, develops, sells, and markets network intelligence and security solutions in Israel, Europe, Asia, Oceania, the Americas, the Middle East, and Africa. The company's Allot Secure Management platform, which provides end-to-end security management infrastructure, comprises Allot NetworkSecure, Allot HomeSecure, Allot DNSecure, Allot IoTSecure, Allot BusinessSecure, and EndPoint Secure, as well as Allot Secure Cloud. It also provides Allot DDoS Secure, a solution that provides attack detection and mitigation services; AllotSmart solutions, which include Smart5G, SmartVisibility, SmartTraffic QoE, SmartPCC, SmartSentinel, and Smart NetProtect, that enables telecommunication providers to comply with a range of regulatory requirements targeted to assist governments with securing the public; and Allot NetXplorer, which provides a central access point for network-wide monitoring, reporting, analytics, troubleshooting, accounting and quality of service policy provisioning. The company markets its products through direct sales, distributors, resellers, original equipment manufacturers, and system integrators to mobile and fixed broadband service providers, cloud service providers, satellite service providers, carriers, alternative carriers, cable operators, private networks, data centers, enterprises, governments, and financial and educational institutions. The company was formerly known as Allot Communications Ltd. and changed its name to Allot Ltd. in October 2018. Allot Ltd. was incorporated in 1996 and is headquartered in Hod Hasharon, Israel.", "fullTimeEmployees": 523, "companyOfficers": [{"maxAge": 1, "name": "Mr. Eyal David Harari", "age": 48, "title": "CEO & President", "yearBorn": 1976, "fiscalYear": 2024, "totalPay": {"raw": 724021, "fmt": "724.02k", "longFmt": "724,021"}, "exercisedValue": {"raw": 0, "fmt": null, "longFmt": "0"}, "unexercisedValue": {"raw": 0, "fmt": null, "longFmt": "0"}}, {"maxAge": 1, "name": "Mr. Noam  Lila", "age": 49, "title": "Senior VP of Customer Success & Operations", "yearBorn": 1975, "fiscalYear": 2024, "totalPay": {"raw": 281171, "fmt": "281.17k", "longFmt": "281,171"}, "exercisedValue": {"raw": 0, "fmt": null, "longFmt": "0"}, "unexercisedValue": {"raw": 0, "fmt": null, "longFmt": "0"}}, {"maxAge": 1, "name": "Mr. Rael  Kolevsohn", "age": 54, "title": "VP of Legal Affairs, General Counsel & Company Secretary", "yearBorn": 1970, "fiscalYear": 2024, "totalPay": {"raw": 306387, "fmt": "306.39k", "longFmt": "306,387"}, "exercisedValue": {"raw": 0, "fmt": null, "longFmt": "0"}, "unexercisedValue": {"raw": 0, "fmt": null, "longFmt": "0"}}, {"maxAge": 1, "name": "Mr. Mark  Shteiman", "age": 48, "title": "Chief Product Officer", "yearBorn": 1976, "fiscalYear": 2024, "totalPay": {"raw": 316602, "fmt": "316.6k", "longFmt": "316,602"}, "exercisedValue": {"raw": 0, "fmt": null, "longFmt": "0"}, "unexercisedValue": {"raw": 0, "fmt": null, "longFmt": "0"}}, {"maxAge": 1, "name": "Ms. Liat  Nahum", "age": 44, "title": "Chief Financial Officer", "yearBorn": 1980, "fiscalYear": 2024, "exercisedValue": {"raw": 0, "fmt": null, "longFmt": "0"}, "unexercisedValue": {"raw": 0, "fmt": null, "longFmt": "0"}}, {"maxAge": 1, "name": "Ms. Gili  Groner", "title": "Chief Human Resources Officer", "fiscalYear": 2024, "exercisedValue": {"raw": 0, "fmt": null, "longFmt": "0"}, "unexercisedValue": {"raw": 0, "fmt": null, "longFmt": "0"}}, {"maxAge": 1, "name": "Mr. Boaz  Grossmann", "age": 55, "title": "Senior Vice President of R&D", "yearBorn": 1969, "fiscalYear": 2024, "exercisedValue": {"raw": 0, "fmt": null, "longFmt": "0"}, "unexercisedValue": {"raw": 0, "fmt": null, "longFmt": "0"}}, {"maxAge": 1, "name": "Gianmarco  Boggio", "title": "Regional Vice President of  Sales - EMEA", "fiscalYear": 2024, "totalPay": {"raw": 528106, "fmt": "528.11k", "longFmt": "528,106"}, "exercisedValue": {"raw": 0, "fmt": null, "longFmt": "0"}, "unexercisedValue": {"raw": 0, "fmt": null, "longFmt": "0"}}, {"maxAge": 1, "name": "Mr. Angel  Fernandez", "title": "Assistant Vice President of Security Solutions, Product Management", "fiscalYear": 2024, "exercisedValue": {"raw": 0, "fmt": null, "longFmt": "0"}, "unexercisedValue": {"raw": 0, "fmt": null, "longFmt": "0"}}], "compensationAsOfEpochDate": 1735603200, "executiveTeam": [], "maxAge": 86400}, "calendarEvents": {"maxAge": 1, "earnings": {"earningsDate": [{"raw": 1763645400, "fmt": "2025-11-20"}], "earningsCallDate": [{"raw": 1763647200, "fmt": "2025-11-20"}], "isEarningsDateEstimate": false, "earningsAverage": {"raw": 0.04, "fmt": "0.04"}, "earningsLow": {"raw": 0.04, "fmt": "0.04"}, "earningsHigh": {"raw": 0.04, "fmt": "0.04"}, "revenueAverage": {"raw": 25668500, "fmt": "25.67M", "longFmt": "25,668,500"}, "revenueLow": {"raw": 25000000, "fmt": "25M", "longFmt": "25,000,000"}, "revenueHigh": {"raw": 26100000, "fmt": "26.1M", "longFmt": "26,100,000"}}, "exDividendDate": {}, "dividendDate": {}}, "earningsTrend": {"trend": [{"maxAge": 1, "period": "0q", "endDate": "2025-09-30", "growth": {"raw": 0.33330002, "fmt": "33.33%"}, "earningsEstimate": {"avg": {"raw": 0.04, "fmt": "0.04"}, "low": {"raw": 0.04, "fmt": "0.04"}, "high": {"raw": 0.04, "fmt": "0.04"}, "yearAgoEps": {"raw": 0.03, "fmt": "0.03"}, "numberOfAnalysts": {"raw": 4, "fmt": "4", "longFmt": "4"}, "growth": {"raw": 0.33330002, "fmt": "33.33%"}, "earningsCurrency": "USD"}, "revenueEstimate": {"avg": {"raw": 25668500, "fmt": "25.67M", "longFmt": "25,668,500"}, "low": {"raw": 25000000, "fmt": "25M", "longFmt": "25,000,000"}, "high": {"raw": 26100000, "fmt": "26.1M", "longFmt": "26,100,000"}, "numberOfAnalysts": {"raw": 4, "fmt": "4", "longFmt": "4"}, "yearAgoRevenue": {"raw": 23235000, "fmt": "23.23M", "longFmt": "23,235,000"}, "growth": {"raw": 0.1047, "fmt": "10.47%"}, "revenueCurrency": "USD"}, "epsTrend": {"current": {"raw": 0.04, "fmt": "0.04"}, "7daysAgo": {"raw": 0.04, "fmt": "0.04"}, "30daysAgo": {"raw": 0.04, "fmt": "0.04"}, "60daysAgo": {"raw": 0.04, "fmt": "0.04"}, "90daysAgo": {"raw": 0.03, "fmt": "0.03"}, "epsTrendCurrency": "USD"}, "epsRevisions": {"upLast7days": {"raw": 1, "fmt": "1", "longFmt": "1"}, "upLast30days": {"raw": 1, "fmt": "1", "longFmt": "1"}, "downLast30days": {"raw": 0, "fmt": null, "longFmt": "0"}, "downLast7Days": {"raw": 0, "fmt": null, "longFmt": "0"}, "downLast90days": {}, "epsRevisionsCurrency": "USD"}}, {"maxAge": 1, "period": "+1q", "endDate": "2025-12-31", "growth": {"raw": 0.1, "fmt": "10.00%"}, "earningsEstimate": {"avg": {"raw": 0.055, "fmt": "0.05"}, "low": {"raw": 0.05, "fmt": "0.05"}, "high": {"raw": 0.06, "fmt": "0.06"}, "yearAgoEps": {"raw": 0.05, "fmt": "0.05"}, "numberOfAnalysts": {"raw": 4, "fmt": "4", "longFmt": "4"}, "growth": {"raw": 0.1, "fmt": "10.00%"}, "earningsCurrency": "USD"}, "revenueEstimate": {"avg": {"raw": 27133250, "fmt": "27.13M", "longFmt": "27,133,250"}, "low": {"raw": 26800000, "fmt": "26.8M", "longFmt": "26,800,000"}, "high": {"raw": 28000000, "fmt": "28M", "longFmt": "28,000,000"}, "numberOfAnalysts": {"raw": 4, "fmt": "4", "longFmt": "4"}, "yearAgoRevenue": {"raw": 24906000, "fmt": "24.91M", "longFmt": "24,906,000"}, "growth": {"raw": 0.08939999, "fmt": "8.94%"}, "revenueCurrency": "USD"}, "epsTrend": {"current": {"raw": 0.055, "fmt": "0.05"}, "7daysAgo": {"raw": 0.05, "fmt": "0.05"}, "30daysAgo": {"raw": 0.05, "fmt": "0.05"}, "60daysAgo": {"raw": 0.05, "fmt": "0.05"}, "90daysAgo": {"raw": 0.05, "fmt": "0.05"}, "epsTrendCurrency": "USD"}, "epsRevisions": {"upLast7days": {"raw": 0, "fmt": null, "longFmt": "0"}, "upLast30days": {"raw": 0, "fmt": null, "longFmt": "0"}, "downLast30days": {"raw": 1, "fmt": "1", "longFmt": "1"}, "downLast7Days": {"raw": 1, "fmt": "1", "longFmt": "1"}, "downLast90days": {}, "epsRevisionsCurrency": "USD"}}, {"maxAge": 1, "period": "0y", "endDate": "2025-12-31", "growth": {"raw": 2.95, "fmt": "295.00%"}, "earningsEstimate": {"avg": {"raw": 0.158, "fmt": "0.16"}, "low": {"raw": 0.14, "fmt": "0.14"}, "high": {"raw": 0.19, "fmt": "0.19"}, "yearAgoEps": {"raw": 0.04, "fmt": "0.04"}, "numberOfAnalysts": {"raw": 5, "fmt": "5", "longFmt": "5"}, "growth": {"raw": 2.95, "fmt": "295.00%"}, "earningsCurrency": "USD"}, "revenueEstimate": {"avg": {"raw": 99802000, "fmt": "99.8M", "longFmt": "99,802,000"}, "low": {"raw": 99300000, "fmt": "99.3M", "longFmt": "99,300,000"}, "high": {"raw": 100000000, "fmt": "100M", "longFmt": "100,000,000"}, "numberOfAnalysts": {"raw": 5, "fmt": "5", "longFmt": "5"}, "yearAgoRevenue": {"raw": 92195000, "fmt": "92.19M", "longFmt": "92,195,000"}, "growth": {"raw": 0.0825, "fmt": "8.25%"}, "revenueCurrency": "USD"}, "epsTrend": {"current": {"raw": 0.158, "fmt": "0.16"}, "7daysAgo": {"raw": 0.15667, "fmt": "0.16"}, "30daysAgo": {"raw": 0.14, "fmt": "0.14"}, "60daysAgo": {"raw": 0.14, "fmt": "0.14"}, "90daysAgo": {"raw": 0.1, "fmt": "0.1"}, "epsTrendCurrency": "USD"}, "epsRevisions": {"upLast7days": {"raw": 1, "fmt": "1", "longFmt": "1"}, "upLast30days": {"raw": 1, "fmt": "1", "longFmt": "1"}, "downLast30days": {"raw": 0, "fmt": null, "longFmt": "0"}, "downLast7Days": {"raw": 0, "fmt": null, "longFmt": "0"}, "downLast90days": {}, "epsRevisionsCurrency": "USD"}}, {"maxAge": 1, "period": "+1y", "endDate": "2026-12-31", "growth": {"raw": 0.64559996, "fmt": "64.56%"}, "earningsEstimate": {"avg": {"raw": 0.26, "fmt": "0.26"}, "low": {"raw": 0.23, "fmt": "0.23"}, "high": {"raw": 0.32, "fmt": "0.32"}, "yearAgoEps": {"raw": 0.158, "fmt": "0.16"}, "numberOfAnalysts": {"raw": 5, "fmt": "5", "longFmt": "5"}, "growth": {"raw": 0.64559996, "fmt": "64.56%"}, "earningsCurrency": "USD"}, "revenueEstimate": {"avg": {"raw": 112828400, "fmt": "112.83M", "longFmt": "112,828,400"}, "low": {"raw": 108600000, "fmt": "108.6M", "longFmt": "108,600,000"}, "high": {"raw": 117500000, "fmt": "117.5M", "longFmt": "117,500,000"}, "numberOfAnalysts": {"raw": 5, "fmt": "5", "longFmt": "5"}, "yearAgoRevenue": {"raw": 99802000, "fmt": "99.8M", "longFmt": "99,802,000"}, "growth": {"raw": 0.1305, "fmt": "13.05%"}, "revenueCurrency": "USD"}, "epsTrend": {"current": {"raw": 0.26, "fmt": "0.26"}, "7daysAgo": {"raw": 0.26667, "fmt": "0.27"}, "30daysAgo": {"raw": 0.24, "fmt": "0.24"}, "60daysAgo": {"raw": 0.24, "fmt": "0.24"}, "90daysAgo": {"raw": 0.28, "fmt": "0.28"}, "epsTrendCurrency": "USD"}, "epsRevisions": {"upLast7days": {"raw": 0, "fmt": null, "longFmt": "0"}, "upLast30days": {"raw": 0, "fmt": null, "longFmt": "0"}, "downLast30days": {"raw": 1, "fmt": "1", "longFmt": "1"}, "downLast7Days": {"raw": 1, "fmt": "1", "longFmt": "1"}, "downLast90days": {}, "epsRevisionsCurrency": "USD"}}], "defaultMethodology": "nongaap", "maxAge": 1}, "earningsHistory": {"history": [{"maxAge": 1, "epsActual": {"raw": 0.03, "fmt": "0.03"}, "epsEstimate": {"raw": -0.03, "fmt": "-0.03"}, "epsDifference": {"raw": 0.06, "fmt": "0.06"}, "surprisePercent": {"raw": 2.0, "fmt": "200.00%"}, "quarter": {"raw": 1727654400, "fmt": "2024-09-30"}, "currency": "USD", "period": "-4q"}, {"maxAge": 1, "epsActual": {"raw": 0.05, "fmt": "0.05"}, "epsEstimate": {"raw": 0.0, "fmt": "0"}, "epsDifference": {"raw": 0.05, "fmt": "0.05"}, "surprisePercent": {"raw": 0.0, "fmt": "0.00%"}, "quarter": {"raw": 1735603200, "fmt": "2024-12-31"}, "currency": "USD", "period": "-3q"}, {"maxAge": 1, "epsActual": {"raw": 0.02, "fmt": "0.02"}, "epsEstimate": {"raw": -0.05, "fmt": "-0.05"}, "epsDifference": {"raw": 0.07, "fmt": "0.07"}, "surprisePercent": {"raw": 1.4, "fmt": "140.00%"}, "quarter": {"raw": 1743379200, "fmt": "2025-03-31"}, "currency": "USD", "period": "-2q"}, {"maxAge": 1, "epsActual": {"raw": 0.03, "fmt": "0.03"}, "epsEstimate": {"raw": 0.0, "fmt": "0"}, "epsDifference": {"raw": 0.03, "fmt": "0.03"}, "surprisePercent": {"raw": 0.0, "fmt": "0.00%"}, "quarter": {"raw": 1751241600, "fmt": "2025-06-30"}, "currency": "USD", "period": "-1q"}], "defaultMethodology": "nongaap", "maxAge": 86400}, "financialData": {"maxAge": 86400, "currentPrice": {"raw": 9.44, "fmt": "9.44"}, "targetHighPrice": {"raw": 15.0, "fmt": "15.00"}, "targetLowPrice": {"raw": 12.5, "fmt": "12.50"}, "targetMeanPrice": {"raw": 13.375, "fmt": "13.38"}, "targetMedianPrice": {"raw": 13.0, "fmt": "13.00"}, "recommendationMean": {"raw": 1.2, "fmt": "1.20"}, "recommendationKey": "strong_buy", "numberOfAnalystOpinions": {"raw": 4, "fmt": "4", "longFmt": "4"}, "totalCash": {"raw": 49511000, "fmt": "49.51M", "longFmt": "49,511,000"}, "totalCashPerShare": {"raw": 1.065, "fmt": "1.07"}, "ebitda": {"raw": 4869000, "fmt": "4.87M", "longFmt": "4,869,000"}, "totalDebt": {"raw": 6095000, "fmt": "6.09M", "longFmt": "6,095,000"}, "quickRatio": {"raw": 1.872, "fmt": "1.87"}, "currentRatio": {"raw": 2.087, "fmt": "2.09"}, "totalRevenue": {"raw": 95342000, "fmt": "95.34M", "longFmt": "95,342,000"}, "debtToEquity": {"raw": 6.112, "fmt": "6.11%"}, "revenuePerShare": {"raw": 2.406, "fmt": "2.41"}, "returnOnAssets": {"raw": -0.00445, "fmt": "-0.44%"}, "returnOnEquity": {"raw": -0.02764, "fmt": "-2.76%"}, "grossProfits": {"raw": 66795000, "fmt": "66.8M", "longFmt": "66,795,000"}, "freeCashflow": {"raw": 12448875, "fmt": "12.45M", "longFmt": "12,448,875"}, "operatingCashflow": {"raw": 12030000, "fmt": "12.03M", "longFmt": "12,030,000"}, "earningsGrowth": {}, "revenueGrowth": {"raw": 0.085, "fmt": "8.50%"}, "grossMargins": {"raw": 0.70058, "fmt": "70.06%"}, "ebitdaMargins": {"raw": 0.051069997, "fmt": "5.11%"}, "operatingMargins": {"raw": -0.01692, "fmt": "-1.69%"}, "profitMargins": {"raw": -0.02123, "fmt": "-2.12%"}, "financialCurrency": "USD"}}