{"assetProfile": {"address1": "100 King Street West", "address2": "Suite 5700", "city": "Toronto", "state": "ON", "zip": "M5X 1C7", "country": "Canada", "phone": "647 438 9766", "fax": "416 628 2516", "website": "https://almonty.com", "industry": "Other Industrial Metals & Mining", "industryKey": "other-industrial-metals-mining", "industryDisp": "Other Industrial Metals & Mining", "sector": "Basic Materials", "sectorKey": "basic-materials", "sectorDisp": "Basic Materials", "longBusinessSummary": "Almonty Industries Inc. engages in mining, processing, and shipping of tungsten concentrate. The company explores for tin and tungsten deposits. It holds a portfolio of projects and mines located in Spain, Portugal, and Republic of Korea. Almonty Industries Inc. is headquartered in Toronto, Canada.", "companyOfficers": [{"maxAge": 1, "name": "Mr. M. Lewis Black", "age": 53, "title": "Chairman, President & CEO", "yearBorn": 1971, "fiscalYear": 2024, "totalPay": {"raw": 618291, "fmt": "618.29k", "longFmt": "618,291"}, "exercisedValue": {"raw": 0, "fmt": null, "longFmt": "0"}, "unexercisedValue": {"raw": 0, "fmt": null, "longFmt": "0"}}, {"maxAge": 1, "name": "Mr. Brian L. Fox CPA", "age": 50, "title": "Chief Financial Officer", "yearBorn": 1974, "fiscalYear": 2024, "exercisedValue": {"raw": 0, "fmt": null, "longFmt": "0"}, "unexercisedValue": {"raw": 0, "fmt": null, "longFmt": "0"}}, {"maxAge": 1, "name": "Mr. Fernando  Vitorino", "title": "Chief Operating Officer", "fiscalYear": 2024, "exercisedValue": {"raw": 0, "fmt": null, "longFmt": "0"}, "unexercisedValue": {"raw": 0, "fmt": null, "longFmt": "0"}}, {"maxAge": 1, "name": "Mr. John  Yi", "title": "President - Almonty Korea Tungsten", "fiscalYear": 2024, "exercisedValue": {"raw": 0, "fmt": null, "longFmt": "0"}, "unexercisedValue": {"raw": 0, "fmt": null, "longFmt": "0"}}, {"maxAge": 1, "name": "Mr. Ujin  Choi", "title": "Project Managing Director of the Sangdong Mine", "fiscalYear": 2024, "exercisedValue": {"raw": 0, "fmt": null, "longFmt": "0"}, "unexercisedValue": {"raw": 0, "fmt": null, "longFmt": "0"}}, {"maxAge": 1, "name": "Mr. Antonio  Correa de Sa", "title": "Chief Executive Officer of BTW", "fiscalYear": 2024, "exercisedValue": {"raw": 0, "fmt": null, "longFmt": "0"}, "unexercisedValue": {"raw": 0, "fmt": null, "longFmt": "0"}}, {"maxAge": 1, "name": "Ms. Marion  McGrath", "age": 63, "title": "Corporate Secretary", "yearBorn": 1961, "fiscalYear": 2024, "exercisedValue": {"raw": 0, "fmt": null, "longFmt": "0"}, "unexercisedValue": {"raw": 0, "fmt": null, "longFmt": "0"}}], "compensationAsOfEpochDate": 1735603200, "executiveTeam": [], "maxAge": 86400}, "calendarEvents": {"maxAge": 1, "earnings": {"earningsDate": [{"raw": 1762176600, "fmt": "2025-11-03"}], "earningsCallDate": [], "isEarningsDateEstimate": false, "earningsAverage": {"raw": 0.014, "fmt": "0.01"}, "earningsLow": {"raw": 0.014, "fmt": "0.01"}, "earningsHigh": {"raw": 0.014, "fmt": "0.01"}, "revenueAverage": {"raw": 27140250, "fmt": "27.14M", "longFmt": "27,140,250"}, "revenueLow": {"raw": 21875000, "fmt": "21.88M", "longFmt": "21,875,000"}, "revenueHigh": {"raw": 33890000, "fmt": "33.89M", "longFmt": "33,890,000"}}, "exDividendDate": {"raw": 1408924800, "fmt": "2014-08-25"}, "dividendDate": {}}, "earningsTrend": {"trend": [{"maxAge": 1, "period": "0q", "endDate": "2025-12-31", "growth": {}, "earningsEstimate": {"avg": {"raw": 0.014, "fmt": "0.01"}, "low": {"raw": 0.014, "fmt": "0.01"}, "high": {"raw": 0.014, "fmt": "0.01"}, "yearAgoEps": {}, "numberOfAnalysts": {"raw": 1, "fmt": "1", "longFmt": "1"}, "growth": {}, "earningsCurrency": "CAD"}, "revenueEstimate": {"avg": {"raw": 27140250, "fmt": "27.14M", "longFmt": "27,140,250"}, "low": {"raw": 21875000, "fmt": "21.88M", "longFmt": "21,875,000"}, "high": {"raw": 33890000, "fmt": "33.89M", "longFmt": "33,890,000"}, "numberOfAnalysts": {"raw": 4, "fmt": "4", "longFmt": "4"}, "yearAgoRevenue": {}, "growth": {}, "revenueCurrency": "CAD"}, "epsTrend": {"current": {"raw": 0.014, "fmt": "0.01"}, "7daysAgo": {"raw": 0.0, "fmt": "0"}, "30daysAgo": {"raw": 0.0, "fmt": "0"}, "60daysAgo": {"raw": 0.045, "fmt": "0.05"}, "90daysAgo": {"raw": 0.0375, "fmt": "0.04"}, "epsTrendCurrency": "CAD"}, "epsRevisions": {"upLast7days": {"raw": 0, "fmt": null, "longFmt": "0"}, "upLast30days": {"raw": 0, "fmt": null, "longFmt": "0"}, "downLast30days": {"raw": 0, "fmt": null, "longFmt": "0"}, "downLast7Days": {"raw": 0, "fmt": null, "longFmt": "0"}, "downLast90days": {}, "epsRevisionsCurrency": "CAD"}}, {"maxAge": 1, "period": "+1q", "endDate": "2026-03-31", "growth": {}, "earningsEstimate": {"avg": {"raw": 0.04167, "fmt": "0.04"}, "low": {"raw": 0.01, "fmt": "0.01"}, "high": {"raw": 0.07, "fmt": "0.07"}, "yearAgoEps": {}, "numberOfAnalysts": {"raw": 3, "fmt": "3", "longFmt": "3"}, "growth": {}, "earningsCurrency": "CAD"}, "revenueEstimate": {"avg": {"raw": 41889330, "fmt": "41.89M", "longFmt": "41,889,330"}, "low": {"raw": 31900000, "fmt": "31.9M", "longFmt": "31,900,000"}, "high": {"raw": 47418000, "fmt": "47.42M", "longFmt": "47,418,000"}, "numberOfAnalysts": {"raw": 3, "fmt": "3", "longFmt": "3"}, "yearAgoRevenue": {"raw": 7908000, "fmt": "7.91M", "longFmt": "7,908,000"}, "growth": {"raw": 4.2971, "fmt": "429.71%"}, "revenueCurrency": "CAD"}, "epsTrend": {"current": {"raw": 0.04167, "fmt": "0.04"}, "7daysAgo": {"raw": 0.03833, "fmt": "0.04"}, "30daysAgo": {"raw": 0.02867, "fmt": "0.03"}, "60daysAgo": {"raw": 0.02867, "fmt": "0.03"}, "90daysAgo": {"raw": 0.045, "fmt": "0.05"}, "epsTrendCurrency": "CAD"}, "epsRevisions": {"upLast7days": {"raw": 1, "fmt": "1", "longFmt": "1"}, "upLast30days": {"raw": 1, "fmt": "1", "longFmt": "1"}, "downLast30days": {"raw": 0, "fmt": null, "longFmt": "0"}, "downLast7Days": {"raw": 0, "fmt": null, "longFmt": "0"}, "downLast90days": {}, "epsRevisionsCurrency": "CAD"}}, {"maxAge": 1, "period": "0y", "endDate": "2025-12-31", "growth": {"raw": -2.3333, "fmt": "-233.33%"}, "earningsEstimate": {"avg": {"raw": -0.3, "fmt": "-0.3"}, "low": {"raw": -0.56, "fmt": "-0.56"}, "high": {"raw": -0.04, "fmt": "-0.04"}, "yearAgoEps": {"raw": -0.09, "fmt": "-0.09"}, "numberOfAnalysts": {"raw": 2, "fmt": "2", "longFmt": "2"}, "growth": {"raw": -2.3333, "fmt": "-233.33%"}, "earningsCurrency": "CAD"}, "revenueEstimate": {"avg": {"raw": 44502860, "fmt": "44.5M", "longFmt": "44,502,860"}, "low": {"raw": 27570000, "fmt": "27.57M", "longFmt": "27,570,000"}, "high": {"raw": 58435000, "fmt": "58.44M", "longFmt": "58,435,000"}, "numberOfAnalysts": {"raw": 7, "fmt": "7", "longFmt": "7"}, "yearAgoRevenue": {"raw": 28836000, "fmt": "28.84M", "longFmt": "28,836,000"}, "growth": {"raw": 0.54330003, "fmt": "54.33%"}, "revenueCurrency": "CAD"}, "epsTrend": {"current": {"raw": -0.3, "fmt": "-0.3"}, "7daysAgo": {"raw": -0.305, "fmt": "-0.31"}, "30daysAgo": {"raw": -0.305, "fmt": "-0.31"}, "60daysAgo": {"raw": -0.36, "fmt": "-0.36"}, "90daysAgo": {"raw": 0.095, "fmt": "0.09"}, "epsTrendCurrency": "CAD"}, "epsRevisions": {"upLast7days": {"raw": 0, "fmt": null, "longFmt": "0"}, "upLast30days": {"raw": 0, "fmt": null, "longFmt": "0"}, "downLast30days": {"raw": 1, "fmt": "1", "longFmt": "1"}, "downLast7Days": {"raw": 1, "fmt": "1", "longFmt": "1"}, "downLast90days": {}, "epsRevisionsCurrency": "CAD"}}, {"maxAge": 1, "period": "+1y", "endDate": "2026-12-31", "growth": {"raw": 1.908, "fmt": "190.80%"}, "earningsEstimate": {"avg": {"raw": 0.2724, "fmt": "0.27"}, "low": {"raw": 0.15, "fmt": "0.15"}, "high": {"raw": 0.41, "fmt": "0.41"}, "yearAgoEps": {"raw": -0.3, "fmt": "-0.3"}, "numberOfAnalysts": {"raw": 5, "fmt": "5", "longFmt": "5"}, "growth": {"raw": 1.908, "fmt": "190.80%"}, "earningsCurrency": "CAD"}, "revenueEstimate": {"avg": {"raw": 173336310, "fmt": "173.34M", "longFmt": "173,336,310"}, "low": {"raw": 144100000, "fmt": "144.1M", "longFmt": "144,100,000"}, "high": {"raw": 203060000, "fmt": "203.06M", "longFmt": "203,060,000"}, "numberOfAnalysts": {"raw": 9, "fmt": "9", "longFmt": "9"}, "yearAgoRevenue": {"raw": 44502860, "fmt": "44.5M", "longFmt": "44,502,860"}, "growth": {"raw": 2.8948998, "fmt": "289.49%"}, "revenueCurrency": "CAD"}, "epsTrend": {"current": {"raw": 0.2724, "fmt": "0.27"}, "7daysAgo": {"raw": 0.2404, "fmt": "0.24"}, "30daysAgo": {"raw": 0.2404, "fmt": "0.24"}, "60daysAgo": {"raw": 0.26875, "fmt": "0.27"}, "90daysAgo": {"raw": 0.275, "fmt": "0.28"}, "epsTrendCurrency": "CAD"}, "epsRevisions": {"upLast7days": {"raw": 0, "fmt": null, "longFmt": "0"}, "upLast30days": {"raw": 0, "fmt": null, "longFmt": "0"}, "downLast30days": {"raw": 0, "fmt": null, "longFmt": "0"}, "downLast7Days": {"raw": 0, "fmt": null, "longFmt": "0"}, "downLast90days": {}, "epsRevisionsCurrency": "CAD"}}], "defaultMethodology": "nongaap", "maxAge": 1}, "earningsHistory": {"history": [{"maxAge": 1, "epsActual": {}, "epsEstimate": {"raw": -0.015, "fmt": "-0.01"}, "epsDifference": {}, "surprisePercent": {}, "quarter": {"raw": 1743379200, "fmt": "2025-03-31"}, "currency": "CAD", "period": "-3q"}, {"maxAge": 1, "epsActual": {"raw": -0.3, "fmt": "-0.3"}, "epsEstimate": {"raw": -0.00975, "fmt": "-0.01"}, "epsDifference": {"raw": -0.29, "fmt": "-0.29"}, "surprisePercent": {"raw": -29.7692, "fmt": "-2,976.92%"}, "quarter": {"raw": 1751241600, "fmt": "2025-06-30"}, "currency": "CAD", "period": "-2q"}, {"maxAge": 1, "epsActual": {"raw": -0.003, "fmt": "-0"}, "epsEstimate": {"raw": -0.014, "fmt": "-0.01"}, "epsDifference": {"raw": 0.01, "fmt": "0.01"}, "surprisePercent": {"raw": 0.7857, "fmt": "78.57%"}, "quarter": {"raw": 1759190400, "fmt": "2025-09-30"}, "currency": "CAD", "period": "-1q"}], "defaultMethodology": "nongaap", "maxAge": 86400}, "financialData": {"maxAge": 86400, "currentPrice": {"raw": 6.54, "fmt": "6.54"}, "targetHighPrice": {"raw": 11.97133, "fmt": "11.97"}, "targetLowPrice": {"raw": 6.869507, "fmt": "6.87"}, "targetMeanPrice": {"raw": 9.817117, "fmt": "9.82"}, "targetMedianPrice": {"raw": 9.879405, "fmt": "9.88"}, "recommendationMean": {"raw": 1.25, "fmt": "1.25"}, "recommendationKey": "strong_buy", "numberOfAnalystOpinions": {"raw": 5, "fmt": "5", "longFmt": "5"}, "totalCash": {"raw": 24684000, "fmt": "24.68M", "longFmt": "24,684,000"}, "totalCashPerShare": {"raw": 0.114, "fmt": "0.11"}, "ebitda": {"raw": -19501000, "fmt": "-19.5M", "longFmt": "-19,501,000"}, "totalDebt": {"raw": 192690000, "fmt": "192.69M", "longFmt": "192,690,000"}, "quickRatio": {"raw": 0.515, "fmt": "0.51"}, "currentRatio": {"raw": 0.768, "fmt": "0.77"}, "totalRevenue": {"raw": 28174000, "fmt": "28.17M", "longFmt": "28,174,000"}, "debtToEquity": {"raw": 1842.161, "fmt": "1,842.16%"}, "revenuePerShare": {"raw": 0.156, "fmt": "0.16"}, "returnOnAssets": {"raw": -0.04595, "fmt": "-4.59%"}, "returnOnEquity": {"raw": -3.41042, "fmt": "-341.04%"}, "grossProfits": {"raw": 1056000, "fmt": "1.06M", "longFmt": "1,056,000"}, "freeCashflow": {"raw": -33517750, "fmt": "-33.52M", "longFmt": "-33,517,750"}, "operatingCashflow": {"raw": -19698000, "fmt": "-19.7M", "longFmt": "-19,698,000"}, "earningsGrowth": {}, "revenueGrowth": {"raw": -0.094, "fmt": "-9.40%"}, "grossMargins": {"raw": 0.03748, "fmt": "3.75%"}, "ebitdaMargins": {"raw": -0.69216, "fmt": "-69.22%"}, "operatingMargins": {"raw": -1.6414101, "fmt": "-164.14%"}, "profitMargins": {"raw": 0.0, "fmt": "0.00%"}, "financialCurrency": "CAD"}}