{"assetProfile": {"address1": "280 East Grand Avenue", "city": "South San Francisco", "state": "CA", "zip": "94080", "country": "United States", "phone": "650 231 6625", "website": "https://www.alumis.com", "industry": "Biotechnology", "industryKey": "biotechnology", "industryDisp": "Biotechnology", "sector": "Healthcare", "sectorKey": "healthcare", "sectorDisp": "Healthcare", "longBusinessSummary": "Alumis Inc., a clinical stage biopharmaceutical company, focuses on the development and commercialization of medicines for autoimmune disorders. The company's clinical asset comprises ESK-001, an allosteric tyrosine kinase 2 (TYK2) inhibitor for the treatment of plaque psoriasis and systemic lupus erythematosus; and A-005, a central nervous system-penetrant allosteric TYK2 inhibitor for neuroinflammatory and neurodegenerative diseases. It also develops interferon regulatory factor 5 (IRF5) to address immune dysfunction. The company was formerly known as Esker Therapeutics, Inc. and changed its name to Alumis Inc. in January 2022. The company was incorporated in 2021 and is headquartered in South San Francisco, California.", "fullTimeEmployees": 225, "companyOfficers": [{"maxAge": 1, "name": "Mr. Martin  Babler Ph.D.", "age": 59, "title": "President, CEO & Chairman", "yearBorn": 1965, "fiscalYear": 2024, "totalPay": {"raw": 912638, "fmt": "912.64k", "longFmt": "912,638"}, "exercisedValue": {"raw": 0, "fmt": null, "longFmt": "0"}, "unexercisedValue": {"raw": 0, "fmt": null, "longFmt": "0"}}, {"maxAge": 1, "name": "Dr. David M. Goldstein Ph.D.", "age": 58, "title": "Chief Scientific Officer", "yearBorn": 1966, "fiscalYear": 2024, "totalPay": {"raw": 651368, "fmt": "651.37k", "longFmt": "651,368"}, "exercisedValue": {"raw": 0, "fmt": null, "longFmt": "0"}, "unexercisedValue": {"raw": 0, "fmt": null, "longFmt": "0"}}, {"maxAge": 1, "name": "Mr. Roy C. Hardiman J.D.", "age": 64, "title": "Chief Business & Strategy Officer", "yearBorn": 1960, "fiscalYear": 2024, "totalPay": {"raw": 619841, "fmt": "619.84k", "longFmt": "619,841"}, "exercisedValue": {"raw": 0, "fmt": null, "longFmt": "0"}, "unexercisedValue": {"raw": 0, "fmt": null, "longFmt": "0"}}, {"maxAge": 1, "name": "Mr. John R. Schroer C.F.A.", "age": 59, "title": "Chief Financial Officer", "yearBorn": 1965, "fiscalYear": 2024, "exercisedValue": {"raw": 0, "fmt": null, "longFmt": "0"}, "unexercisedValue": {"raw": 0, "fmt": null, "longFmt": "0"}}, {"maxAge": 1, "name": "Ms. Sanam  Pangali J.D.", "title": "Chief Legal Officer & Corporate Secretary", "fiscalYear": 2024, "exercisedValue": {"raw": 0, "fmt": null, "longFmt": "0"}, "unexercisedValue": {"raw": 0, "fmt": null, "longFmt": "0"}}, {"maxAge": 1, "name": "Ms. Claire  Langrish Ph.D.", "title": "Senior VP & Head of Immunology and Translational Science", "fiscalYear": 2024, "exercisedValue": {"raw": 0, "fmt": null, "longFmt": "0"}, "unexercisedValue": {"raw": 0, "fmt": null, "longFmt": "0"}}, {"maxAge": 1, "name": "Mr. Philip  Nunn Ph.D.", "title": "Senior VP of Pharmacology & Project Team Leader", "fiscalYear": 2024, "exercisedValue": {"raw": 0, "fmt": null, "longFmt": "0"}, "unexercisedValue": {"raw": 0, "fmt": null, "longFmt": "0"}}, {"maxAge": 1, "name": "Dr. Jorn  Drappa M.D., Ph.D.", "age": 59, "title": "Chief Medical Officer & Head of Research and Development", "yearBorn": 1965, "fiscalYear": 2024, "exercisedValue": {"raw": 0, "fmt": null, "longFmt": "0"}, "unexercisedValue": {"raw": 0, "fmt": null, "longFmt": "0"}}, {"maxAge": 1, "name": "Mr. Mark  Bradley", "age": 59, "title": "Chief Development Officer", "yearBorn": 1965, "fiscalYear": 2024, "exercisedValue": {"raw": 0, "fmt": null, "longFmt": "0"}, "unexercisedValue": {"raw": 0, "fmt": null, "longFmt": "0"}}, {"maxAge": 1, "name": "Mr. Kolbot  By Ph.D.", "title": "Senior VP & Head of Technical Operations", "fiscalYear": 2024, "exercisedValue": {"raw": 0, "fmt": null, "longFmt": "0"}, "unexercisedValue": {"raw": 0, "fmt": null, "longFmt": "0"}}], "auditRisk": 8, "boardRisk": 8, "compensationRisk": 8, "shareHolderRightsRisk": 10, "overallRisk": 10, "governanceEpochDate": 1761955200, "compensationAsOfEpochDate": 1735603200, "executiveTeam": [], "maxAge": 86400}, "calendarEvents": {"maxAge": 1, "earnings": {"earningsDate": [{"raw": 1763154000, "fmt": "2025-11-14"}], "earningsCallDate": [], "isEarningsDateEstimate": true, "earningsAverage": {"raw": -1.0, "fmt": "-1.00"}, "earningsLow": {"raw": -1.0, "fmt": "-1.00"}, "earningsHigh": {"raw": -1.0, "fmt": "-1.00"}, "revenueAverage": {"raw": 3142860, "fmt": "3.14M", "longFmt": "3,142,860"}, "revenueLow": {"raw": 0, "fmt": null, "longFmt": "0"}, "revenueHigh": {"raw": 5000000, "fmt": "5M", "longFmt": "5,000,000"}}, "exDividendDate": {}, "dividendDate": {}}, "earningsTrend": {"trend": [{"maxAge": 1, "period": "0q", "endDate": "2025-09-30", "growth": {"raw": 0.42200002, "fmt": "42.20%"}, "earningsEstimate": {"avg": {"raw": -1.0, "fmt": "-1"}, "low": {"raw": -1.0, "fmt": "-1"}, "high": {"raw": -1.0, "fmt": "-1"}, "yearAgoEps": {"raw": -1.73, "fmt": "-1.73"}, "numberOfAnalysts": {"raw": 1, "fmt": "1", "longFmt": "1"}, "growth": {"raw": 0.42200002, "fmt": "42.20%"}, "earningsCurrency": "USD"}, "revenueEstimate": {"avg": {"raw": 3142860, "fmt": "3.14M", "longFmt": "3,142,860"}, "low": {"raw": 0, "fmt": null, "longFmt": "0"}, "high": {"raw": 5000000, "fmt": "5M", "longFmt": "5,000,000"}, "numberOfAnalysts": {"raw": 7, "fmt": "7", "longFmt": "7"}, "yearAgoRevenue": {"raw": 0, "fmt": null, "longFmt": "0"}, "growth": {"raw": 0.0, "fmt": "0.00%"}, "revenueCurrency": "USD"}, "epsTrend": {"current": {"raw": -1.0, "fmt": "-1"}, "7daysAgo": {"raw": -0.9, "fmt": "-0.9"}, "30daysAgo": {"raw": -0.84667, "fmt": "-0.85"}, "60daysAgo": {"raw": -0.73, "fmt": "-0.73"}, "90daysAgo": {"raw": -0.73, "fmt": "-0.73"}, "epsTrendCurrency": "USD"}, "epsRevisions": {"upLast7days": {"raw": 0, "fmt": null, "longFmt": "0"}, "upLast30days": {"raw": 0, "fmt": null, "longFmt": "0"}, "downLast30days": {"raw": 1, "fmt": "1", "longFmt": "1"}, "downLast7Days": {"raw": 1, "fmt": "1", "longFmt": "1"}, "downLast90days": {}, "epsRevisionsCurrency": "USD"}}, {"maxAge": 1, "period": "+1q", "endDate": "2025-12-31", "growth": {"raw": -3.5217001, "fmt": "-352.17%"}, "earningsEstimate": {"avg": {"raw": -1.04, "fmt": "-1.04"}, "low": {"raw": -1.04, "fmt": "-1.04"}, "high": {"raw": -1.04, "fmt": "-1.04"}, "yearAgoEps": {"raw": -0.23, "fmt": "-0.23"}, "numberOfAnalysts": {"raw": 1, "fmt": "1", "longFmt": "1"}, "growth": {"raw": -3.5217001, "fmt": "-352.17%"}, "earningsCurrency": "USD"}, "revenueEstimate": {"avg": {"raw": 3142860, "fmt": "3.14M", "longFmt": "3,142,860"}, "low": {"raw": 0, "fmt": null, "longFmt": "0"}, "high": {"raw": 5000000, "fmt": "5M", "longFmt": "5,000,000"}, "numberOfAnalysts": {"raw": 7, "fmt": "7", "longFmt": "7"}, "yearAgoRevenue": {"raw": 0, "fmt": null, "longFmt": "0"}, "growth": {"raw": 0.0, "fmt": "0.00%"}, "revenueCurrency": "USD"}, "epsTrend": {"current": {"raw": -1.04, "fmt": "-1.04"}, "7daysAgo": {"raw": -0.84, "fmt": "-0.84"}, "30daysAgo": {"raw": -0.82333, "fmt": "-0.82"}, "60daysAgo": {"raw": -0.70667, "fmt": "-0.71"}, "90daysAgo": {"raw": -0.70667, "fmt": "-0.71"}, "epsTrendCurrency": "USD"}, "epsRevisions": {"upLast7days": {"raw": 0, "fmt": null, "longFmt": "0"}, "upLast30days": {"raw": 0, "fmt": null, "longFmt": "0"}, "downLast30days": {"raw": 1, "fmt": "1", "longFmt": "1"}, "downLast7Days": {"raw": 1, "fmt": "1", "longFmt": "1"}, "downLast90days": {}, "epsRevisionsCurrency": "USD"}}, {"maxAge": 1, "period": "0y", "endDate": "2025-12-31", "growth": {"raw": 0.6978, "fmt": "69.78%"}, "earningsEstimate": {"avg": {"raw": -3.08, "fmt": "-3.08"}, "low": {"raw": -3.08, "fmt": "-3.08"}, "high": {"raw": -3.08, "fmt": "-3.08"}, "yearAgoEps": {"raw": -10.19083, "fmt": "-10.19"}, "numberOfAnalysts": {"raw": 1, "fmt": "1", "longFmt": "1"}, "growth": {"raw": 0.6978, "fmt": "69.78%"}, "earningsCurrency": "USD"}, "revenueEstimate": {"avg": {"raw": 25565000, "fmt": "25.57M", "longFmt": "25,565,000"}, "low": {"raw": 20055000, "fmt": "20.05M", "longFmt": "20,055,000"}, "high": {"raw": 30055000, "fmt": "30.05M", "longFmt": "30,055,000"}, "numberOfAnalysts": {"raw": 8, "fmt": "8", "longFmt": "8"}, "yearAgoRevenue": {"raw": 0, "fmt": null, "longFmt": "0"}, "growth": {"raw": 0.0, "fmt": "0.00%"}, "revenueCurrency": "USD"}, "epsTrend": {"current": {"raw": -3.08, "fmt": "-3.08"}, "7daysAgo": {"raw": -4.5425, "fmt": "-4.54"}, "30daysAgo": {"raw": -4.35333, "fmt": "-4.35"}, "60daysAgo": {"raw": -3.955, "fmt": "-3.95"}, "90daysAgo": {"raw": -3.91, "fmt": "-3.91"}, "epsTrendCurrency": "USD"}, "epsRevisions": {"upLast7days": {"raw": 1, "fmt": "1", "longFmt": "1"}, "upLast30days": {"raw": 1, "fmt": "1", "longFmt": "1"}, "downLast30days": {"raw": 0, "fmt": null, "longFmt": "0"}, "downLast7Days": {"raw": 0, "fmt": null, "longFmt": "0"}, "downLast90days": {}, "epsRevisionsCurrency": "USD"}}, {"maxAge": 1, "period": "+1y", "endDate": "2026-12-31", "growth": {"raw": -0.060100004, "fmt": "-6.01%"}, "earningsEstimate": {"avg": {"raw": -3.265, "fmt": "-3.27"}, "low": {"raw": -3.28, "fmt": "-3.28"}, "high": {"raw": -3.25, "fmt": "-3.25"}, "yearAgoEps": {"raw": -3.08, "fmt": "-3.08"}, "numberOfAnalysts": {"raw": 2, "fmt": "2", "longFmt": "2"}, "growth": {"raw": -0.060100004, "fmt": "-6.01%"}, "earningsCurrency": "USD"}, "revenueEstimate": {"avg": {"raw": 5508000, "fmt": "5.51M", "longFmt": "5,508,000"}, "low": {"raw": 0, "fmt": null, "longFmt": "0"}, "high": {"raw": 10611000, "fmt": "10.61M", "longFmt": "10,611,000"}, "numberOfAnalysts": {"raw": 7, "fmt": "7", "longFmt": "7"}, "yearAgoRevenue": {"raw": 25565000, "fmt": "25.57M", "longFmt": "25,565,000"}, "growth": {"raw": -0.78449994, "fmt": "-78.45%"}, "revenueCurrency": "USD"}, "epsTrend": {"current": {"raw": -3.265, "fmt": "-3.27"}, "7daysAgo": {"raw": -3.2475, "fmt": "-3.25"}, "30daysAgo": {"raw": -3.32333, "fmt": "-3.32"}, "60daysAgo": {"raw": -3.09667, "fmt": "-3.1"}, "90daysAgo": {"raw": -3.02, "fmt": "-3.02"}, "epsTrendCurrency": "USD"}, "epsRevisions": {"upLast7days": {"raw": 0, "fmt": null, "longFmt": "0"}, "upLast30days": {"raw": 0, "fmt": null, "longFmt": "0"}, "downLast30days": {"raw": 1, "fmt": "1", "longFmt": "1"}, "downLast7Days": {"raw": 1, "fmt": "1", "longFmt": "1"}, "downLast90days": {}, "epsRevisionsCurrency": "USD"}}], "defaultMethodology": "nongaap", "maxAge": 1}, "earningsHistory": {"history": [{"maxAge": 1, "epsActual": {"raw": -1.73, "fmt": "-1.73"}, "epsEstimate": {"raw": -1.805, "fmt": "-1.8"}, "epsDifference": {"raw": 0.07, "fmt": "0.07"}, "surprisePercent": {"raw": 0.0416, "fmt": "4.16%"}, "quarter": {"raw": 1727654400, "fmt": "2024-09-30"}, "currency": "USD", "period": "-4q"}, {"maxAge": 1, "epsActual": {"raw": -0.23, "fmt": "-0.23"}, "epsEstimate": {"raw": -1.32, "fmt": "-1.32"}, "epsDifference": {"raw": 1.09, "fmt": "1.09"}, "surprisePercent": {"raw": 0.8258, "fmt": "82.58%"}, "quarter": {"raw": 1735603200, "fmt": "2024-12-31"}, "currency": "USD", "period": "-3q"}, {"maxAge": 1, "epsActual": {"raw": -1.82, "fmt": "-1.82"}, "epsEstimate": {"raw": -1.42333, "fmt": "-1.42"}, "epsDifference": {"raw": -0.4, "fmt": "-0.4"}, "surprisePercent": {"raw": -0.2787, "fmt": "-27.87%"}, "quarter": {"raw": 1743379200, "fmt": "2025-03-31"}, "currency": "USD", "period": "-2q"}, {"maxAge": 1, "epsActual": {"raw": -1.4721, "fmt": "-1.47"}, "epsEstimate": {"raw": -1.3875, "fmt": "-1.39"}, "epsDifference": {"raw": -0.08, "fmt": "-0.08"}, "surprisePercent": {"raw": -0.061, "fmt": "-6.10%"}, "quarter": {"raw": 1751241600, "fmt": "2025-06-30"}, "currency": "USD", "period": "-1q"}], "defaultMethodology": "nongaap", "maxAge": 86400}, "financialData": {"maxAge": 86400, "currentPrice": {"raw": 4.56, "fmt": "4.56"}, "targetHighPrice": {"raw": 25.0, "fmt": "25.00"}, "targetLowPrice": {"raw": 14.0, "fmt": "14.00"}, "targetMeanPrice": {"raw": 19.0, "fmt": "19.00"}, "targetMedianPrice": {"raw": 18.0, "fmt": "18.00"}, "recommendationMean": {}, "recommendationKey": "none", "numberOfAnalystOpinions": {"raw": 7, "fmt": "7", "longFmt": "7"}, "totalCash": {"raw": 486320992, "fmt": "486.32M", "longFmt": "486,320,992"}, "totalCashPerShare": {"raw": 4.673, "fmt": "4.67"}, "ebitda": {"raw": -416040992, "fmt": "-416.04M", "longFmt": "-416,040,992"}, "totalDebt": {"raw": 38776000, "fmt": "38.78M", "longFmt": "38,776,000"}, "quickRatio": {"raw": 5.775, "fmt": "5.78"}, "currentRatio": {"raw": 6.048, "fmt": "6.05"}, "totalRevenue": {"raw": 20055000, "fmt": "20.05M", "longFmt": "20,055,000"}, "debtToEquity": {"raw": 7.99, "fmt": "7.99%"}, "revenuePerShare": {"raw": 0.335, "fmt": "0.34"}, "returnOnAssets": {"raw": -0.59837, "fmt": "-59.84%"}, "returnOnEquity": {"raw": -0.6635, "fmt": "-66.35%"}, "grossProfits": {"raw": 20055000, "fmt": "20.05M", "longFmt": "20,055,000"}, "freeCashflow": {"raw": -179756496, "fmt": "-179.76M", "longFmt": "-179,756,496"}, "operatingCashflow": {"raw": -345236992, "fmt": "-345.24M", "longFmt": "-345,236,992"}, "earningsGrowth": {}, "revenueGrowth": {}, "grossMargins": {"raw": 1.0, "fmt": "100.00%"}, "ebitdaMargins": {"raw": 0.0, "fmt": "0.00%"}, "operatingMargins": {"raw": -45.325962, "fmt": "-4,532.60%"}, "profitMargins": {"raw": 0.0, "fmt": "0.00%"}, "financialCurrency": "USD"}}