{"assetProfile": {"address1": "27 Castilian Drive", "city": "Goleta", "state": "CA", "zip": "93117", "country": "United States", "phone": "805 351 2707", "website": "https://www.aeluma.com", "industry": "Semiconductors", "industryKey": "semiconductors", "industryDisp": "Semiconductors", "sector": "Technology", "sectorKey": "technology", "sectorDisp": "Technology", "longBusinessSummary": "Aeluma, Inc. develops optoelectronic and electronic devices for sensing, communication, and computing applications in the United States. The company produces semiconductor materials and chips using compound semiconductors on diameter substrates that are used to manufacture mass market microelectronics. Its products are used in mobile, automotive, AI, defense and aerospace, communication, AR/VR, high-performance commuting, and quantum computing applications, as well as other electronic and optoelectronic devices, including lasers, transistors, and solar cells. Aeluma, Inc. was founded in 2019 and is headquartered in Goleta, California.", "fullTimeEmployees": 12, "companyOfficers": [{"maxAge": 1, "name": "Dr. Jonathan  Klamkin Ph.D.", "age": 44, "title": "CEO, President & Chairman", "yearBorn": 1980, "fiscalYear": 2025, "totalPay": {"raw": 435467, "fmt": "435.47k", "longFmt": "435,467"}, "exercisedValue": {"raw": 0, "fmt": null, "longFmt": "0"}, "unexercisedValue": {"raw": 1127541, "fmt": "1.13M", "longFmt": "1,127,541"}}, {"maxAge": 1, "name": "Mr. Christopher P. Stewart", "age": 55, "title": "Chief Financial Officer", "yearBorn": 1969, "fiscalYear": 2025, "exercisedValue": {"raw": 0, "fmt": null, "longFmt": "0"}, "unexercisedValue": {"raw": 0, "fmt": null, "longFmt": "0"}}, {"maxAge": 1, "name": "Dr. Matthew  Dummer Ph.D.", "title": "Director of Technology", "fiscalYear": 2025, "exercisedValue": {"raw": 0, "fmt": null, "longFmt": "0"}, "unexercisedValue": {"raw": 0, "fmt": null, "longFmt": "0"}}], "auditRisk": 10, "boardRisk": 10, "compensationRisk": 7, "shareHolderRightsRisk": 6, "overallRisk": 10, "governanceEpochDate": 1761955200, "compensationAsOfEpochDate": 1767139200, "executiveTeam": [], "maxAge": 86400}, "calendarEvents": {"maxAge": 1, "earnings": {"earningsDate": [{"raw": 1762981200, "fmt": "2025-11-12"}], "earningsCallDate": [{"raw": 1762984800, "fmt": "2025-11-12"}], "isEarningsDateEstimate": false, "earningsAverage": {"raw": -0.025, "fmt": "-0.03"}, "earningsLow": {"raw": -0.03, "fmt": "-0.03"}, "earningsHigh": {"raw": -0.02, "fmt": "-0.02"}, "revenueAverage": {"raw": 1260000, "fmt": "1.26M", "longFmt": "1,260,000"}, "revenueLow": {"raw": 1200000, "fmt": "1.2M", "longFmt": "1,200,000"}, "revenueHigh": {"raw": 1320000, "fmt": "1.32M", "longFmt": "1,320,000"}}, "exDividendDate": {}, "dividendDate": {}}, "earningsTrend": {"trend": [{"maxAge": 1, "period": "0q", "endDate": "2025-09-30", "growth": {}, "earningsEstimate": {"avg": {"raw": -0.025, "fmt": "-0.03"}, "low": {"raw": -0.03, "fmt": "-0.03"}, "high": {"raw": -0.02, "fmt": "-0.02"}, "yearAgoEps": {}, "numberOfAnalysts": {"raw": 2, "fmt": "2", "longFmt": "2"}, "growth": {}, "earningsCurrency": "USD"}, "revenueEstimate": {"avg": {"raw": 1260000, "fmt": "1.26M", "longFmt": "1,260,000"}, "low": {"raw": 1200000, "fmt": "1.2M", "longFmt": "1,200,000"}, "high": {"raw": 1320000, "fmt": "1.32M", "longFmt": "1,320,000"}, "numberOfAnalysts": {"raw": 2, "fmt": "2", "longFmt": "2"}, "yearAgoRevenue": {}, "growth": {}, "revenueCurrency": "USD"}, "epsTrend": {"current": {"raw": -0.025, "fmt": "-0.03"}, "7daysAgo": {"raw": -0.025, "fmt": "-0.03"}, "30daysAgo": {"raw": -0.02, "fmt": "-0.02"}, "60daysAgo": {"raw": -0.02, "fmt": "-0.02"}, "90daysAgo": {"raw": 0.0, "fmt": "0"}, "epsTrendCurrency": "USD"}, "epsRevisions": {"upLast7days": {"raw": 1, "fmt": "1", "longFmt": "1"}, "upLast30days": {"raw": 1, "fmt": "1", "longFmt": "1"}, "downLast30days": {"raw": 1, "fmt": "1", "longFmt": "1"}, "downLast7Days": {"raw": 1, "fmt": "1", "longFmt": "1"}, "downLast90days": {}, "epsRevisionsCurrency": "USD"}}, {"maxAge": 1, "period": "+1q", "endDate": "2025-12-31", "growth": {}, "earningsEstimate": {"avg": {"raw": -0.025, "fmt": "-0.03"}, "low": {"raw": -0.04, "fmt": "-0.04"}, "high": {"raw": -0.01, "fmt": "-0.01"}, "yearAgoEps": {}, "numberOfAnalysts": {"raw": 2, "fmt": "2", "longFmt": "2"}, "growth": {}, "earningsCurrency": "USD"}, "revenueEstimate": {"avg": {"raw": 1260000, "fmt": "1.26M", "longFmt": "1,260,000"}, "low": {"raw": 1200000, "fmt": "1.2M", "longFmt": "1,200,000"}, "high": {"raw": 1320000, "fmt": "1.32M", "longFmt": "1,320,000"}, "numberOfAnalysts": {"raw": 2, "fmt": "2", "longFmt": "2"}, "yearAgoRevenue": {}, "growth": {}, "revenueCurrency": "USD"}, "epsTrend": {"current": {"raw": -0.025, "fmt": "-0.03"}, "7daysAgo": {"raw": -0.035, "fmt": "-0.04"}, "30daysAgo": {"raw": -0.02, "fmt": "-0.02"}, "60daysAgo": {"raw": -0.02, "fmt": "-0.02"}, "90daysAgo": {"raw": 0.0, "fmt": "0"}, "epsTrendCurrency": "USD"}, "epsRevisions": {"upLast7days": {"raw": 2, "fmt": "2", "longFmt": "2"}, "upLast30days": {"raw": 0, "fmt": null, "longFmt": "0"}, "downLast30days": {"raw": 1, "fmt": "1", "longFmt": "1"}, "downLast7Days": {"raw": 0, "fmt": null, "longFmt": "0"}, "downLast90days": {}, "epsRevisionsCurrency": "USD"}}, {"maxAge": 1, "period": "0y", "endDate": "2026-06-30", "growth": {"raw": -10.5, "fmt": "-1,050.00%"}, "earningsEstimate": {"avg": {"raw": -0.115, "fmt": "-0.12"}, "low": {"raw": -0.18, "fmt": "-0.18"}, "high": {"raw": -0.05, "fmt": "-0.05"}, "yearAgoEps": {"raw": -0.01, "fmt": "-0.01"}, "numberOfAnalysts": {"raw": 2, "fmt": "2", "longFmt": "2"}, "growth": {"raw": -10.5, "fmt": "-1,050.00%"}, "earningsCurrency": "USD"}, "revenueEstimate": {"avg": {"raw": 5185000, "fmt": "5.18M", "longFmt": "5,185,000"}, "low": {"raw": 4900000, "fmt": "4.9M", "longFmt": "4,900,000"}, "high": {"raw": 5470000, "fmt": "5.47M", "longFmt": "5,470,000"}, "numberOfAnalysts": {"raw": 2, "fmt": "2", "longFmt": "2"}, "yearAgoRevenue": {"raw": 4665000, "fmt": "4.67M", "longFmt": "4,665,000"}, "growth": {"raw": 0.111499995, "fmt": "11.15%"}, "revenueCurrency": "USD"}, "epsTrend": {"current": {"raw": -0.115, "fmt": "-0.12"}, "7daysAgo": {"raw": -0.125, "fmt": "-0.12"}, "30daysAgo": {"raw": -0.09, "fmt": "-0.09"}, "60daysAgo": {"raw": -0.09, "fmt": "-0.09"}, "90daysAgo": {"raw": 0.0, "fmt": "0"}, "epsTrendCurrency": "USD"}, "epsRevisions": {"upLast7days": {"raw": 2, "fmt": "2", "longFmt": "2"}, "upLast30days": {"raw": 0, "fmt": null, "longFmt": "0"}, "downLast30days": {"raw": 2, "fmt": "2", "longFmt": "2"}, "downLast7Days": {"raw": 0, "fmt": null, "longFmt": "0"}, "downLast90days": {}, "epsRevisionsCurrency": "USD"}}, {"maxAge": 1, "period": "+1y", "endDate": "2027-06-30", "growth": {"raw": -0.6522, "fmt": "-65.22%"}, "earningsEstimate": {"avg": {"raw": -0.19, "fmt": "-0.19"}, "low": {"raw": -0.34, "fmt": "-0.34"}, "high": {"raw": -0.04, "fmt": "-0.04"}, "yearAgoEps": {"raw": -0.115, "fmt": "-0.12"}, "numberOfAnalysts": {"raw": 2, "fmt": "2", "longFmt": "2"}, "growth": {"raw": -0.6522, "fmt": "-65.22%"}, "earningsCurrency": "USD"}, "revenueEstimate": {"avg": {"raw": 9190000, "fmt": "9.19M", "longFmt": "9,190,000"}, "low": {"raw": 7300000, "fmt": "7.3M", "longFmt": "7,300,000"}, "high": {"raw": 11080000, "fmt": "11.08M", "longFmt": "11,080,000"}, "numberOfAnalysts": {"raw": 2, "fmt": "2", "longFmt": "2"}, "yearAgoRevenue": {"raw": 5185000, "fmt": "5.18M", "longFmt": "5,185,000"}, "growth": {"raw": 0.77239996, "fmt": "77.24%"}, "revenueCurrency": "USD"}, "epsTrend": {"current": {"raw": -0.19, "fmt": "-0.19"}, "7daysAgo": {"raw": -0.21, "fmt": "-0.21"}, "30daysAgo": {"raw": -0.185, "fmt": "-0.19"}, "60daysAgo": {"raw": -0.185, "fmt": "-0.19"}, "90daysAgo": {"raw": 0.0, "fmt": "0"}, "epsTrendCurrency": "USD"}, "epsRevisions": {"upLast7days": {"raw": 2, "fmt": "2", "longFmt": "2"}, "upLast30days": {"raw": 1, "fmt": "1", "longFmt": "1"}, "downLast30days": {"raw": 1, "fmt": "1", "longFmt": "1"}, "downLast7Days": {"raw": 0, "fmt": null, "longFmt": "0"}, "downLast90days": {}, "epsRevisionsCurrency": "USD"}}], "defaultMethodology": "nongaap", "maxAge": 1}, "earningsHistory": {"history": [{"maxAge": 1, "epsActual": {"raw": 0.11, "fmt": "0.11"}, "epsEstimate": {}, "epsDifference": {}, "surprisePercent": {}, "quarter": {"raw": 1743379200, "fmt": "2025-03-31"}, "currency": "USD", "period": "-2q"}, {"maxAge": 1, "epsActual": {"raw": -0.01, "fmt": "-0.01"}, "epsEstimate": {"raw": -0.015, "fmt": "-0.01"}, "epsDifference": {"raw": 0.0, "fmt": "0"}, "surprisePercent": {"raw": 0.33330002, "fmt": "33.33%"}, "quarter": {"raw": 1751241600, "fmt": "2025-06-30"}, "currency": "USD", "period": "-1q"}], "defaultMethodology": "nongaap", "maxAge": 86400}, "financialData": {"maxAge": 86400, "currentPrice": {"raw": 16.38, "fmt": "16.38"}, "targetHighPrice": {"raw": 26.0, "fmt": "26.00"}, "targetLowPrice": {"raw": 25.0, "fmt": "25.00"}, "targetMeanPrice": {"raw": 25.5, "fmt": "25.50"}, "targetMedianPrice": {"raw": 25.5, "fmt": "25.50"}, "recommendationMean": {}, "recommendationKey": "none", "numberOfAnalystOpinions": {"raw": 2, "fmt": "2", "longFmt": "2"}, "totalCash": {"raw": 15740000, "fmt": "15.74M", "longFmt": "15,740,000"}, "totalCashPerShare": {"raw": 0.99, "fmt": "0.99"}, "ebitda": {"raw": -1727000, "fmt": "-1.73M", "longFmt": "-1,727,000"}, "totalDebt": {"raw": 941000, "fmt": "941k", "longFmt": "941,000"}, "quickRatio": {"raw": 23.691, "fmt": "23.69"}, "currentRatio": {"raw": 24.589, "fmt": "24.59"}, "totalRevenue": {"raw": 4665000, "fmt": "4.67M", "longFmt": "4,665,000"}, "debtToEquity": {"raw": 5.258, "fmt": "5.26%"}, "revenuePerShare": {"raw": 0.354, "fmt": "0.35"}, "returnOnAssets": {"raw": -0.115159996, "fmt": "-11.52%"}, "returnOnEquity": {"raw": -0.29959, "fmt": "-29.96%"}, "grossProfits": {"raw": 2781000, "fmt": "2.78M", "longFmt": "2,781,000"}, "freeCashflow": {"raw": -327625, "fmt": "-327.62k", "longFmt": "-327,625"}, "operatingCashflow": {"raw": -1148000, "fmt": "-1.15M", "longFmt": "-1,148,000"}, "earningsGrowth": {}, "revenueGrowth": {"raw": 3.708, "fmt": "370.80%"}, "grossMargins": {"raw": 0.59613997, "fmt": "59.61%"}, "ebitdaMargins": {"raw": -0.3702, "fmt": "-37.02%"}, "operatingMargins": {"raw": -0.73569, "fmt": "-73.57%"}, "profitMargins": {"raw": -0.64779997, "fmt": "-64.78%"}, "financialCurrency": "USD"}}