{"assetProfile": {"address1": "495 Commerce Drive", "city": "Amherst", "state": "NY", "zip": "14228-2313", "country": "United States", "phone": "716 242 8634", "website": "https://allient.com", "industry": "Electronic Components", "industryKey": "electronic-components", "industryDisp": "Electronic Components", "sector": "Technology", "sectorKey": "technology", "sectorDisp": "Technology", "longBusinessSummary": "Allient Inc., together with its subsidiaries, designs, manufactures, and sells precision and specialty-controlled motion components and systems for various industries in the United States, Canada, South America, Europe, and the Asia-Pacific. The company offers brushed and brushless DC motors, brushless servo and torque motors, coreless DC motors, integrated brushless motor-drives, gearmotors, gearing, modular digital servo drives, motion controllers, optical encoders, active and passive filters, input/output modules, industrial communications gateways, light-weighting technologies, and other controlled motion-related products, as well as nano precision positioning systems, servo control systems, and digital servo amplifiers and drives. It sells its products to end customers and original equipment manufacturers in vehicle, medical, aerospace and defense, and industrial markets through direct sales force, authorized manufacturers' representatives, and distributors. The company was formerly known as Allied Motion Technologies Inc. and changed its name to Allient Inc. in August 2023. Allient Inc. was founded in 1939 and is headquartered in Amherst, New York.", "fullTimeEmployees": 2525, "companyOfficers": [{"maxAge": 1, "name": "Mr. Richard S. Warzala", "age": 71, "title": "Chairman, CEO & President", "yearBorn": 1953, "fiscalYear": 2024, "totalPay": {"raw": 774461, "fmt": "774.46k", "longFmt": "774,461"}, "exercisedValue": {"raw": 0, "fmt": null, "longFmt": "0"}, "unexercisedValue": {"raw": 0, "fmt": null, "longFmt": "0"}}, {"maxAge": 1, "name": "Mr. James A. Michaud", "age": 59, "title": "Senior VP & CFO", "yearBorn": 1965, "fiscalYear": 2024, "totalPay": {"raw": 403960, "fmt": "403.96k", "longFmt": "403,960"}, "exercisedValue": {"raw": 0, "fmt": null, "longFmt": "0"}, "unexercisedValue": {"raw": 0, "fmt": null, "longFmt": "0"}}, {"maxAge": 1, "name": "Mr. Helmut D. Pirthauer", "age": 54, "title": "VP & Group President of Allied Dynamos Group", "yearBorn": 1970, "fiscalYear": 2024, "totalPay": {"raw": 507753, "fmt": "507.75k", "longFmt": "507,753"}, "exercisedValue": {"raw": 0, "fmt": null, "longFmt": "0"}, "unexercisedValue": {"raw": 0, "fmt": null, "longFmt": "0"}}, {"maxAge": 1, "name": "Mr. Ashish R. Bendre", "age": 55, "title": "VP & Group President of Allied Orion Group", "yearBorn": 1969, "fiscalYear": 2024, "totalPay": {"raw": 548249, "fmt": "548.25k", "longFmt": "548,249"}, "exercisedValue": {"raw": 0, "fmt": null, "longFmt": "0"}, "unexercisedValue": {"raw": 0, "fmt": null, "longFmt": "0"}}, {"maxAge": 1, "name": "Mr. Stephen R. Warzala", "age": 41, "title": "Chief Growth Officer, Corporate VP & President of Allient Defense", "yearBorn": 1983, "fiscalYear": 2024, "totalPay": {"raw": 253638, "fmt": "253.64k", "longFmt": "253,638"}, "exercisedValue": {"raw": 0, "fmt": null, "longFmt": "0"}, "unexercisedValue": {"raw": 0, "fmt": null, "longFmt": "0"}}, {"maxAge": 1, "name": "Mr. Kenneth A. May", "age": 59, "title": "VP & CTO", "yearBorn": 1965, "fiscalYear": 2024, "totalPay": {"raw": 337418, "fmt": "337.42k", "longFmt": "337,418"}, "exercisedValue": {"raw": 0, "fmt": null, "longFmt": "0"}, "unexercisedValue": {"raw": 0, "fmt": null, "longFmt": "0"}}, {"maxAge": 1, "name": "Mr. Alex  Collichio", "title": "General Counsel & Chief Administrative Officer", "fiscalYear": 2024, "exercisedValue": {"raw": 0, "fmt": null, "longFmt": "0"}, "unexercisedValue": {"raw": 0, "fmt": null, "longFmt": "0"}}, {"maxAge": 1, "name": "Rob  Mastromattei", "title": "Chief Commercial Officer & Group President", "fiscalYear": 2024, "exercisedValue": {"raw": 0, "fmt": null, "longFmt": "0"}, "unexercisedValue": {"raw": 0, "fmt": null, "longFmt": "0"}}, {"maxAge": 1, "name": "Mr. Robert  Mastromattei", "title": "Group President", "fiscalYear": 2024, "exercisedValue": {"raw": 0, "fmt": null, "longFmt": "0"}, "unexercisedValue": {"raw": 0, "fmt": null, "longFmt": "0"}}, {"maxAge": 1, "name": "Jackson  Trostle", "title": "Corporate Controller", "fiscalYear": 2024, "exercisedValue": {"raw": 0, "fmt": null, "longFmt": "0"}, "unexercisedValue": {"raw": 0, "fmt": null, "longFmt": "0"}}], "auditRisk": 4, "boardRisk": 5, "compensationRisk": 5, "shareHolderRightsRisk": 3, "overallRisk": 4, "governanceEpochDate": 1761955200, "compensationAsOfEpochDate": 1735603200, "irWebsite": "http://www.alliedmotion.com/InvestorRelations/", "executiveTeam": [], "maxAge": 86400}, "calendarEvents": {"maxAge": 1, "earnings": {"earningsDate": [{"raw": 1762376400, "fmt": "2025-11-05"}], "earningsCallDate": [{"raw": 1762441200, "fmt": "2025-11-06"}], "isEarningsDateEstimate": false, "earningsAverage": {"raw": 0.49008, "fmt": "0.49"}, "earningsLow": {"raw": 0.46, "fmt": "0.46"}, "earningsHigh": {"raw": 0.5403, "fmt": "0.54"}, "revenueAverage": {"raw": 134206500, "fmt": "134.21M", "longFmt": "134,206,500"}, "revenueLow": {"raw": 132726000, "fmt": "132.73M", "longFmt": "132,726,000"}, "revenueHigh": {"raw": 137000000, "fmt": "137M", "longFmt": "137,000,000"}}, "exDividendDate": {"raw": 1755734400, "fmt": "2025-08-21"}, "dividendDate": {"raw": 1756944000, "fmt": "2025-09-04"}}, "earningsTrend": {"trend": [{"maxAge": 1, "period": "0q", "endDate": "2025-09-30", "growth": {"raw": 0.5809, "fmt": "58.09%"}, "earningsEstimate": {"avg": {"raw": 0.49008, "fmt": "0.49"}, "low": {"raw": 0.46, "fmt": "0.46"}, "high": {"raw": 0.5403, "fmt": "0.54"}, "yearAgoEps": {"raw": 0.31, "fmt": "0.31"}, "numberOfAnalysts": {"raw": 4, "fmt": "4", "longFmt": "4"}, "growth": {"raw": 0.5809, "fmt": "58.09%"}, "earningsCurrency": "USD"}, "revenueEstimate": {"avg": {"raw": 134206500, "fmt": "134.21M", "longFmt": "134,206,500"}, "low": {"raw": 132726000, "fmt": "132.73M", "longFmt": "132,726,000"}, "high": {"raw": 137000000, "fmt": "137M", "longFmt": "137,000,000"}, "numberOfAnalysts": {"raw": 4, "fmt": "4", "longFmt": "4"}, "yearAgoRevenue": {"raw": 125213000, "fmt": "125.21M", "longFmt": "125,213,000"}, "growth": {"raw": 0.0718, "fmt": "7.18%"}, "revenueCurrency": "USD"}, "epsTrend": {"current": {"raw": 0.49008, "fmt": "0.49"}, "7daysAgo": {"raw": 0.47333, "fmt": "0.47"}, "30daysAgo": {"raw": 0.47333, "fmt": "0.47"}, "60daysAgo": {"raw": 0.47333, "fmt": "0.47"}, "90daysAgo": {"raw": 0.51333, "fmt": "0.51"}, "epsTrendCurrency": "USD"}, "epsRevisions": {"upLast7days": {"raw": 0, "fmt": null, "longFmt": "0"}, "upLast30days": {"raw": 0, "fmt": null, "longFmt": "0"}, "downLast30days": {"raw": 3, "fmt": "3", "longFmt": "3"}, "downLast7Days": {"raw": 1, "fmt": "1", "longFmt": "1"}, "downLast90days": {}, "epsRevisionsCurrency": "USD"}}, {"maxAge": 1, "period": "+1q", "endDate": "2025-12-31", "growth": {"raw": 0.3714, "fmt": "37.14%"}, "earningsEstimate": {"avg": {"raw": 0.42513, "fmt": "0.43"}, "low": {"raw": 0.39, "fmt": "0.39"}, "high": {"raw": 0.48052, "fmt": "0.48"}, "yearAgoEps": {"raw": 0.31, "fmt": "0.31"}, "numberOfAnalysts": {"raw": 4, "fmt": "4", "longFmt": "4"}, "growth": {"raw": 0.3714, "fmt": "37.14%"}, "earningsCurrency": "USD"}, "revenueEstimate": {"avg": {"raw": 131062750, "fmt": "131.06M", "longFmt": "131,062,750"}, "low": {"raw": 130000000, "fmt": "130M", "longFmt": "130,000,000"}, "high": {"raw": 132300000, "fmt": "132.3M", "longFmt": "132,300,000"}, "numberOfAnalysts": {"raw": 4, "fmt": "4", "longFmt": "4"}, "yearAgoRevenue": {"raw": 122010000, "fmt": "122.01M", "longFmt": "122,010,000"}, "growth": {"raw": 0.074200004, "fmt": "7.42%"}, "revenueCurrency": "USD"}, "epsTrend": {"current": {"raw": 0.42513, "fmt": "0.43"}, "7daysAgo": {"raw": 0.40667, "fmt": "0.41"}, "30daysAgo": {"raw": 0.40667, "fmt": "0.41"}, "60daysAgo": {"raw": 0.40667, "fmt": "0.41"}, "90daysAgo": {"raw": 0.44333, "fmt": "0.44"}, "epsTrendCurrency": "USD"}, "epsRevisions": {"upLast7days": {"raw": 0, "fmt": null, "longFmt": "0"}, "upLast30days": {"raw": 0, "fmt": null, "longFmt": "0"}, "downLast30days": {"raw": 2, "fmt": "2", "longFmt": "2"}, "downLast7Days": {"raw": 1, "fmt": "1", "longFmt": "1"}, "downLast90days": {}, "epsRevisionsCurrency": "USD"}}, {"maxAge": 1, "period": "0y", "endDate": "2025-12-31", "growth": {"raw": 0.3032, "fmt": "30.32%"}, "earningsEstimate": {"avg": {"raw": 1.94183, "fmt": "1.94"}, "low": {"raw": 1.88, "fmt": "1.88"}, "high": {"raw": 2.04733, "fmt": "2.05"}, "yearAgoEps": {"raw": 1.49, "fmt": "1.49"}, "numberOfAnalysts": {"raw": 4, "fmt": "4", "longFmt": "4"}, "growth": {"raw": 0.3032, "fmt": "30.32%"}, "earningsCurrency": "USD"}, "revenueEstimate": {"avg": {"raw": 537628350, "fmt": "537.63M", "longFmt": "537,628,350"}, "low": {"raw": 535657000, "fmt": "535.66M", "longFmt": "535,657,000"}, "high": {"raw": 539156410, "fmt": "539.16M", "longFmt": "539,156,410"}, "numberOfAnalysts": {"raw": 4, "fmt": "4", "longFmt": "4"}, "yearAgoRevenue": {"raw": 529968000, "fmt": "529.97M", "longFmt": "529,968,000"}, "growth": {"raw": 0.0145000005, "fmt": "1.45%"}, "revenueCurrency": "USD"}, "epsTrend": {"current": {"raw": 1.94183, "fmt": "1.94"}, "7daysAgo": {"raw": 1.90667, "fmt": "1.91"}, "30daysAgo": {"raw": 1.90667, "fmt": "1.91"}, "60daysAgo": {"raw": 1.90667, "fmt": "1.91"}, "90daysAgo": {"raw": 1.89, "fmt": "1.89"}, "epsTrendCurrency": "USD"}, "epsRevisions": {"upLast7days": {"raw": 0, "fmt": null, "longFmt": "0"}, "upLast30days": {"raw": 2, "fmt": "2", "longFmt": "2"}, "downLast30days": {"raw": 1, "fmt": "1", "longFmt": "1"}, "downLast7Days": {"raw": 0, "fmt": null, "longFmt": "0"}, "downLast90days": {}, "epsRevisionsCurrency": "USD"}}, {"maxAge": 1, "period": "+1y", "endDate": "2026-12-31", "growth": {"raw": 0.2133, "fmt": "21.33%"}, "earningsEstimate": {"avg": {"raw": 2.35604, "fmt": "2.36"}, "low": {"raw": 2.25, "fmt": "2.25"}, "high": {"raw": 2.62414, "fmt": "2.62"}, "yearAgoEps": {"raw": 1.94183, "fmt": "1.94"}, "numberOfAnalysts": {"raw": 4, "fmt": "4", "longFmt": "4"}, "growth": {"raw": 0.2133, "fmt": "21.33%"}, "earningsCurrency": "USD"}, "revenueEstimate": {"avg": {"raw": 561914090, "fmt": "561.91M", "longFmt": "561,914,090"}, "low": {"raw": 557100000, "fmt": "557.1M", "longFmt": "557,100,000"}, "high": {"raw": 572280370, "fmt": "572.28M", "longFmt": "572,280,370"}, "numberOfAnalysts": {"raw": 4, "fmt": "4", "longFmt": "4"}, "yearAgoRevenue": {"raw": 537628350, "fmt": "537.63M", "longFmt": "537,628,350"}, "growth": {"raw": 0.0452, "fmt": "4.52%"}, "revenueCurrency": "USD"}, "epsTrend": {"current": {"raw": 2.35604, "fmt": "2.36"}, "7daysAgo": {"raw": 2.26667, "fmt": "2.27"}, "30daysAgo": {"raw": 2.26667, "fmt": "2.27"}, "60daysAgo": {"raw": 2.26667, "fmt": "2.27"}, "90daysAgo": {"raw": 2.21333, "fmt": "2.21"}, "epsTrendCurrency": "USD"}, "epsRevisions": {"upLast7days": {"raw": 0, "fmt": null, "longFmt": "0"}, "upLast30days": {"raw": 2, "fmt": "2", "longFmt": "2"}, "downLast30days": {"raw": 1, "fmt": "1", "longFmt": "1"}, "downLast7Days": {"raw": 1, "fmt": "1", "longFmt": "1"}, "downLast90days": {}, "epsRevisionsCurrency": "USD"}}], "defaultMethodology": "nongaap", "maxAge": 1}, "earningsHistory": {"history": [{"maxAge": 1, "epsActual": {"raw": 0.31, "fmt": "0.31"}, "epsEstimate": {"raw": 0.23333, "fmt": "0.23"}, "epsDifference": {"raw": 0.08, "fmt": "0.08"}, "surprisePercent": {"raw": 0.32860002, "fmt": "32.86%"}, "quarter": {"raw": 1727654400, "fmt": "2024-09-30"}, "currency": "USD", "period": "-4q"}, {"maxAge": 1, "epsActual": {"raw": 0.31, "fmt": "0.31"}, "epsEstimate": {"raw": 0.25333, "fmt": "0.25"}, "epsDifference": {"raw": 0.06, "fmt": "0.06"}, "surprisePercent": {"raw": 0.2237, "fmt": "22.37%"}, "quarter": {"raw": 1735603200, "fmt": "2024-12-31"}, "currency": "USD", "period": "-3q"}, {"maxAge": 1, "epsActual": {"raw": 0.46, "fmt": "0.46"}, "epsEstimate": {"raw": 0.34, "fmt": "0.34"}, "epsDifference": {"raw": 0.12, "fmt": "0.12"}, "surprisePercent": {"raw": 0.3529, "fmt": "35.29%"}, "quarter": {"raw": 1743379200, "fmt": "2025-03-31"}, "currency": "USD", "period": "-2q"}, {"maxAge": 1, "epsActual": {"raw": 0.57, "fmt": "0.57"}, "epsEstimate": {"raw": 0.47333, "fmt": "0.47"}, "epsDifference": {"raw": 0.1, "fmt": "0.1"}, "surprisePercent": {"raw": 0.2042, "fmt": "20.42%"}, "quarter": {"raw": 1751241600, "fmt": "2025-06-30"}, "currency": "USD", "period": "-1q"}], "defaultMethodology": "nongaap", "maxAge": 86400}, "financialData": {"maxAge": 86400, "currentPrice": {"raw": 56.15, "fmt": "56.15"}, "targetHighPrice": {"raw": 60.0, "fmt": "60.00"}, "targetLowPrice": {"raw": 35.0, "fmt": "35.00"}, "targetMeanPrice": {"raw": 48.75, "fmt": "48.75"}, "targetMedianPrice": {"raw": 50.0, "fmt": "50.00"}, "recommendationMean": {}, "recommendationKey": "none", "numberOfAnalystOpinions": {"raw": 4, "fmt": "4", "longFmt": "4"}, "totalCash": {"raw": 49915000, "fmt": "49.91M", "longFmt": "49,915,000"}, "totalCashPerShare": {"raw": 2.945, "fmt": "2.94"}, "ebitda": {"raw": 60005000, "fmt": "60.01M", "longFmt": "60,005,000"}, "totalDebt": {"raw": 226736992, "fmt": "226.74M", "longFmt": "226,736,992"}, "quickRatio": {"raw": 1.988, "fmt": "1.99"}, "currentRatio": {"raw": 3.745, "fmt": "3.74"}, "totalRevenue": {"raw": 519604000, "fmt": "519.6M", "longFmt": "519,604,000"}, "debtToEquity": {"raw": 78.439, "fmt": "78.44%"}, "revenuePerShare": {"raw": 31.285, "fmt": "31.28"}, "returnOnAssets": {"raw": 0.03615, "fmt": "3.62%"}, "returnOnEquity": {"raw": 0.05151, "fmt": "5.15%"}, "grossProfits": {"raw": 166746000, "fmt": "166.75M", "longFmt": "166,746,000"}, "freeCashflow": {"raw": 55159248, "fmt": "55.16M", "longFmt": "55,159,248"}, "operatingCashflow": {"raw": 62908000, "fmt": "62.91M", "longFmt": "62,908,000"}, "earningsGrowth": {"raw": 3.849, "fmt": "384.90%"}, "revenueGrowth": {"raw": 0.026, "fmt": "2.60%"}, "grossMargins": {"raw": 0.32091, "fmt": "32.09%"}, "ebitdaMargins": {"raw": 0.115480006, "fmt": "11.55%"}, "operatingMargins": {"raw": 0.09186, "fmt": "9.19%"}, "profitMargins": {"raw": 0.0275, "fmt": "2.75%"}, "financialCurrency": "USD"}}