{"assetProfile": {"address1": "600 East Greenwich Avenue", "city": "West Warwick", "state": "RI", "zip": "02893", "country": "United States", "phone": "401 828 4000", "fax": "401 822 2430", "website": "https://www.astronovainc.com", "industry": "Computer Hardware", "industryKey": "computer-hardware", "industryDisp": "Computer Hardware", "sector": "Technology", "sectorKey": "technology", "sectorDisp": "Technology", "longBusinessSummary": "AstroNova, Inc. designs, develops, manufactures, and distributes specialty printers, and data acquisition and analysis systems in the United States, Europe, Canada, Asia, Central and South America, and internationally. The company offers color label tabletop printers and light commercial label printers, direct-to-package printers, high-volume presses, specialty original equipment manufacturer printing systems, label printers, envelope and packaging printing, related processing and handling equipment, data acquisition recorders, as well as label, and tag and other supplies, including ink, toner, and thermal transfer ribbons under the QuickLabel, TrojanLabel, GetLabels, Astro Machine, and MTEX brands; and provides on-site and remote service, spare parts, and various service contracts; training and support services; and develops and licenses software programs to design and manage labels, print images, manage and operate printers. It also provides airborne printer products, such as ToughWriter series used in the flight decks of military transport, commercial transport, and business aircraft to print hard copies of data; ToughSwitch, an ethernet switches to connect multiple computers or ethernet devices; TMX and TMX-200, a high-speed data acquisition systems for applications requiring high channel counts and acquisition rates; Daxus DXS-100, a distributed data acquisition platform; SmartCorder DDX-100, a portable all-in-one data acquisition system; and Everest EV-5000 and RC-300 digital strip chart recording systems for aerospace and defense applications. In addition, the company offers networking solutions; aerospace products comprising flight deck printing solutions, networking hardware, and specialized aerospace-grade thermal paper; and data acquisition systems. The company was formerly known as Astro-Med, Inc. and changed its name to AstroNova, Inc. in May 2016. AstroNova, Inc. was incorporated in 1969 and is headquartered in West Warwick, Rhode Island.", "fullTimeEmployees": 441, "companyOfficers": [{"maxAge": 1, "name": "Mr. Michael J. Natalizia", "age": 60, "title": "VP of Technical & Strategic Alliances and CTO", "yearBorn": 1964, "fiscalYear": 2025, "totalPay": {"raw": 265924, "fmt": "265.92k", "longFmt": "265,924"}, "exercisedValue": {"raw": 0, "fmt": null, "longFmt": "0"}, "unexercisedValue": {"raw": 0, "fmt": null, "longFmt": "0"}}, {"maxAge": 1, "name": "Mr. Thomas Wayne Carll", "age": 57, "title": "Senior Vice President of AstroNova Aerospace Segment", "yearBorn": 1967, "fiscalYear": 2025, "totalPay": {"raw": 233472, "fmt": "233.47k", "longFmt": "233,472"}, "exercisedValue": {"raw": 0, "fmt": null, "longFmt": "0"}, "unexercisedValue": {"raw": 0, "fmt": null, "longFmt": "0"}}, {"maxAge": 1, "name": "Mr. Darius G. Nevin", "age": 66, "title": "Executive Chairman", "yearBorn": 1958, "fiscalYear": 2025, "exercisedValue": {"raw": 0, "fmt": null, "longFmt": "0"}, "unexercisedValue": {"raw": 0, "fmt": null, "longFmt": "0"}}, {"maxAge": 1, "name": "Mr. Jorik E. Ittmann", "age": 46, "title": "President, CEO & Director", "yearBorn": 1978, "fiscalYear": 2025, "exercisedValue": {"raw": 0, "fmt": null, "longFmt": "0"}, "unexercisedValue": {"raw": 0, "fmt": null, "longFmt": "0"}}, {"maxAge": 1, "name": "Mr. Thomas D. DeByle CPA", "age": 64, "title": "VP, Treasurer & CFO", "yearBorn": 1960, "fiscalYear": 2025, "exercisedValue": {"raw": 0, "fmt": null, "longFmt": "0"}, "unexercisedValue": {"raw": 0, "fmt": null, "longFmt": "0"}}, {"maxAge": 1, "name": "Mr. Padraig  Finn", "age": 42, "title": "Senior Vice President of Product Identification (Product ID)", "yearBorn": 1982, "fiscalYear": 2025, "exercisedValue": {"raw": 0, "fmt": null, "longFmt": "0"}, "unexercisedValue": {"raw": 0, "fmt": null, "longFmt": "0"}}, {"maxAge": 1, "name": "Daniel S. Clevenger", "title": "Secretary", "fiscalYear": 2025, "exercisedValue": {"raw": 0, "fmt": null, "longFmt": "0"}, "unexercisedValue": {"raw": 0, "fmt": null, "longFmt": "0"}}], "compensationAsOfEpochDate": 1767139200, "irWebsite": "http://phx.corporate-ir.net/phoenix.zhtml?c=120530&p=irol-irhome", "executiveTeam": [], "maxAge": 86400}, "calendarEvents": {"maxAge": 1, "earnings": {"earningsDate": [{"raw": 1765459800, "fmt": "2025-12-11"}], "earningsCallDate": [{"raw": 1757426400, "fmt": "2025-09-09"}], "isEarningsDateEstimate": true, "earningsAverage": {}, "earningsLow": {}, "earningsHigh": {}, "revenueAverage": {}, "revenueLow": {}, "revenueHigh": {}}, "exDividendDate": {"raw": 1585094400, "fmt": "2020-03-25"}, "dividendDate": {"raw": 1585785600, "fmt": "2020-04-02"}}, "earningsTrend": {"trend": [{"maxAge": 1, "period": "0q", "endDate": null, "growth": {}, "earningsEstimate": {"avg": {}, "low": {}, "high": {}, "yearAgoEps": {}, "numberOfAnalysts": {}, "growth": {}, "earningsCurrency": null}, "revenueEstimate": {"avg": {"raw": 0, "fmt": null, "longFmt": "0"}, "low": {"raw": 0, "fmt": null, "longFmt": "0"}, "high": {"raw": 0, "fmt": null, "longFmt": "0"}, "numberOfAnalysts": {"raw": 0, "fmt": null, "longFmt": "0"}, "yearAgoRevenue": {}, "growth": {}, "revenueCurrency": null}, "epsTrend": {"current": {}, "7daysAgo": {}, "30daysAgo": {}, "60daysAgo": {}, "90daysAgo": {}, "epsTrendCurrency": null}, "epsRevisions": {"upLast7days": {}, "upLast30days": {}, "downLast30days": {}, "downLast7Days": {}, "downLast90days": {}, "epsRevisionsCurrency": null}}, {"maxAge": 1, "period": "+1q", "endDate": null, "growth": {}, "earningsEstimate": {"avg": {}, "low": {}, "high": {}, "yearAgoEps": {}, "numberOfAnalysts": {}, "growth": {}, "earningsCurrency": null}, "revenueEstimate": {"avg": {"raw": 0, "fmt": null, "longFmt": "0"}, "low": {"raw": 0, "fmt": null, "longFmt": "0"}, "high": {"raw": 0, "fmt": null, "longFmt": "0"}, "numberOfAnalysts": {"raw": 0, "fmt": null, "longFmt": "0"}, "yearAgoRevenue": {}, "growth": {}, "revenueCurrency": null}, "epsTrend": {"current": {}, "7daysAgo": {}, "30daysAgo": {}, "60daysAgo": {}, "90daysAgo": {}, "epsTrendCurrency": null}, "epsRevisions": {"upLast7days": {}, "upLast30days": {}, "downLast30days": {}, "downLast7Days": {}, "downLast90days": {}, "epsRevisionsCurrency": null}}, {"maxAge": 1, "period": "0y", "endDate": "2024-01-31", "growth": {}, "earningsEstimate": {"avg": {}, "low": {}, "high": {}, "yearAgoEps": {}, "numberOfAnalysts": {}, "growth": {}, "earningsCurrency": null}, "revenueEstimate": {"avg": {"raw": 0, "fmt": null, "longFmt": "0"}, "low": {"raw": 0, "fmt": null, "longFmt": "0"}, "high": {"raw": 0, "fmt": null, "longFmt": "0"}, "numberOfAnalysts": {"raw": 0, "fmt": null, "longFmt": "0"}, "yearAgoRevenue": {}, "growth": {}, "revenueCurrency": null}, "epsTrend": {"current": {}, "7daysAgo": {}, "30daysAgo": {}, "60daysAgo": {}, "90daysAgo": {}, "epsTrendCurrency": null}, "epsRevisions": {"upLast7days": {}, "upLast30days": {}, "downLast30days": {}, "downLast7Days": {}, "downLast90days": {}, "epsRevisionsCurrency": null}}, {"maxAge": 1, "period": "+1y", "endDate": null, "growth": {}, "earningsEstimate": {"avg": {}, "low": {}, "high": {}, "yearAgoEps": {}, "numberOfAnalysts": {}, "growth": {}, "earningsCurrency": null}, "revenueEstimate": {"avg": {"raw": 0, "fmt": null, "longFmt": "0"}, "low": {"raw": 0, "fmt": null, "longFmt": "0"}, "high": {"raw": 0, "fmt": null, "longFmt": "0"}, "numberOfAnalysts": {"raw": 0, "fmt": null, "longFmt": "0"}, "yearAgoRevenue": {}, "growth": {}, "revenueCurrency": null}, "epsTrend": {"current": {}, "7daysAgo": {}, "30daysAgo": {}, "60daysAgo": {}, "90daysAgo": {}, "epsTrendCurrency": null}, "epsRevisions": {"upLast7days": {}, "upLast30days": {}, "downLast30days": {}, "downLast7Days": {}, "downLast90days": {}, "epsRevisionsCurrency": null}}], "defaultMethodology": "nongaap", "maxAge": 1}, "earningsHistory": {"history": [{"maxAge": 1, "epsActual": {"raw": 0.03, "fmt": "0.03"}, "epsEstimate": {}, "epsDifference": {}, "surprisePercent": {}, "quarter": {"raw": 1730332800, "fmt": "2024-10-31"}, "currency": "USD", "period": "-1q"}], "defaultMethodology": "nongaap", "maxAge": 86400}, "financialData": {"maxAge": 86400, "currentPrice": {"raw": 9.18, "fmt": "9.18"}, "targetHighPrice": {}, "targetLowPrice": {}, "targetMeanPrice": {}, "targetMedianPrice": {}, "recommendationMean": {}, "recommendationKey": "none", "numberOfAnalystOpinions": {}, "totalCash": {"raw": 3855000, "fmt": "3.85M", "longFmt": "3,855,000"}, "totalCashPerShare": {"raw": 0.505, "fmt": "0.5"}, "ebitda": {"raw": 11302000, "fmt": "11.3M", "longFmt": "11,302,000"}, "totalDebt": {"raw": 46239000, "fmt": "46.24M", "longFmt": "46,239,000"}, "quickRatio": {"raw": 0.51, "fmt": "0.51"}, "currentRatio": {"raw": 1.715, "fmt": "1.72"}, "totalRevenue": {"raw": 151592992, "fmt": "151.59M", "longFmt": "151,592,992"}, "debtToEquity": {"raw": 61.013, "fmt": "61.01%"}, "revenuePerShare": {"raw": 20.06, "fmt": "20.06"}, "returnOnAssets": {"raw": 0.0247, "fmt": "2.47%"}, "returnOnEquity": {"raw": -0.20267001, "fmt": "-20.27%"}, "grossProfits": {"raw": 51074000, "fmt": "51.07M", "longFmt": "51,074,000"}, "freeCashflow": {"raw": 11804875, "fmt": "11.8M", "longFmt": "11,804,875"}, "operatingCashflow": {"raw": 2426000, "fmt": "2.43M", "longFmt": "2,426,000"}, "earningsGrowth": {}, "revenueGrowth": {"raw": -0.109, "fmt": "-10.90%"}, "grossMargins": {"raw": 0.33692002, "fmt": "33.69%"}, "ebitdaMargins": {"raw": 0.07455, "fmt": "7.46%"}, "operatingMargins": {"raw": 0.03271, "fmt": "3.27%"}, "profitMargins": {"raw": -0.111990005, "fmt": "-11.20%"}, "financialCurrency": "USD"}}