{"assetProfile": {"address1": "8281 Greensboro Drive", "address2": "Suite 100", "city": "Tysons", "state": "VA", "zip": "22102", "country": "United States", "phone": "877 389 4033", "website": "https://www.alarm.com", "industry": "Software - Application", "industryKey": "software-application", "industryDisp": "Software - Application", "sector": "Technology", "sectorKey": "technology", "sectorDisp": "Technology", "longBusinessSummary": "Alarm.com Holdings, Inc. provides various Internet of Things (IoT) and solutions for residential, multi-family, small business, and enterprise commercial markets in North America and internationally. The company operates through Alarm.com and Other segments. It offers solutions to control and monitor security systems, as well as to IoT devices, including door locks, garage doors, thermostats, and video cameras; and video analytics, AI deterrence, vacation watch, video doorbells, intelligent integration, live streaming, secure cloud storage, and video alerts. The company also provides scenes, video analytics triggers, thermostat schedules, responsive savings, precision comfort, energy usage monitoring, places feature, whole home water safety, and solar monitoring solutions, as well as heating, ventilation, and air conditioning monitoring services. In addition, it offers demand response programs, commercial grade video, commercial video analytics, access control, cell connectors, enterprise dashboard and multi-site management, connected fleet, energy savings, protection for valuables and inventory, temperature monitoring, and daily safeguard solutions. Further, the company provides a permission-based online portal that provides account management, sales, marketing, training, and support tools; service dashboard, a unified interface that displays key operational and customer experience indicators; installation and support services; MobileTech Application and Remote Toolkit; video health reports; smart gateway; AI-powered enhancements to professional monitoring and false alarm reduction; Web services and business intelligence; sales, marketing, and training services; and home builder programs. Additionally, it offers electric utility grid and water management, indoor gunshot detection, and health and wellness and data-rich emergency response solutions. The company was founded in 2000 and is headquartered in Tysons, Virginia.", "fullTimeEmployees": 2048, "companyOfficers": [{"maxAge": 1, "name": "Mr. Stephen S. Trundle", "age": 55, "title": "CEO & Director", "yearBorn": 1969, "fiscalYear": 2024, "totalPay": {"raw": 466271, "fmt": "466.27k", "longFmt": "466,271"}, "exercisedValue": {"raw": 2207926, "fmt": "2.21M", "longFmt": "2,207,926"}, "unexercisedValue": {"raw": 2238000, "fmt": "2.24M", "longFmt": "2,238,000"}}, {"maxAge": 1, "name": "Mr. Daniel  Ramos J.D.", "age": 55, "title": "Corporate Secretary, Chief Legal & Compliance Officer and SVP of Corporate Operations", "yearBorn": 1969, "fiscalYear": 2024, "totalPay": {"raw": 592788, "fmt": "592.79k", "longFmt": "592,788"}, "exercisedValue": {"raw": 198708, "fmt": "198.71k", "longFmt": "198,708"}, "unexercisedValue": {"raw": 44705, "fmt": "44.7k", "longFmt": "44,705"}}, {"maxAge": 1, "name": "Mr. Jeffrey A. Bedell", "age": 55, "title": "President of Ventures Business & Corporate Strategy", "yearBorn": 1969, "fiscalYear": 2024, "totalPay": {"raw": 694128, "fmt": "694.13k", "longFmt": "694,128"}, "exercisedValue": {"raw": 0, "fmt": null, "longFmt": "0"}, "unexercisedValue": {"raw": 1994986, "fmt": "1.99M", "longFmt": "1,994,986"}}, {"maxAge": 1, "name": "Mr. Daniel  Kerzner", "age": 48, "title": "President of Platforms Business", "yearBorn": 1976, "fiscalYear": 2024, "totalPay": {"raw": 703947, "fmt": "703.95k", "longFmt": "703,947"}, "exercisedValue": {"raw": 1877875, "fmt": "1.88M", "longFmt": "1,877,875"}, "unexercisedValue": {"raw": 1419291, "fmt": "1.42M", "longFmt": "1,419,291"}}, {"maxAge": 1, "name": "Ms. Alison  Slavin", "age": 45, "title": "Co-Founder & Senior VP of Creation Lab", "yearBorn": 1979, "fiscalYear": 2024, "exercisedValue": {"raw": 0, "fmt": null, "longFmt": "0"}, "unexercisedValue": {"raw": 0, "fmt": null, "longFmt": "0"}}, {"maxAge": 1, "name": "Mr. Kevin  Bradley", "age": 39, "title": "Chief Financial Officer", "yearBorn": 1985, "fiscalYear": 2024, "exercisedValue": {"raw": 0, "fmt": null, "longFmt": "0"}, "unexercisedValue": {"raw": 0, "fmt": null, "longFmt": "0"}}, {"maxAge": 1, "name": "Mr. Matthew  Zartman", "title": "Vice President of Strategic Communications & Investor Relations", "fiscalYear": 2024, "exercisedValue": {"raw": 0, "fmt": null, "longFmt": "0"}, "unexercisedValue": {"raw": 0, "fmt": null, "longFmt": "0"}}, {"maxAge": 1, "name": "Mr. Donald  Natale", "title": "Senior Vice President of Sales", "fiscalYear": 2024, "exercisedValue": {"raw": 0, "fmt": null, "longFmt": "0"}, "unexercisedValue": {"raw": 0, "fmt": null, "longFmt": "0"}}, {"maxAge": 1, "name": "Ms. Michelle  Cipolla-Feinstein", "title": "Vice President of Human Resources", "fiscalYear": 2024, "exercisedValue": {"raw": 0, "fmt": null, "longFmt": "0"}, "unexercisedValue": {"raw": 0, "fmt": null, "longFmt": "0"}}, {"maxAge": 1, "name": "Mr. Jason  DaCosta", "age": 43, "title": "Senior Vice President of Customer Operations", "yearBorn": 1981, "fiscalYear": 2024, "exercisedValue": {"raw": 0, "fmt": null, "longFmt": "0"}, "unexercisedValue": {"raw": 0, "fmt": null, "longFmt": "0"}}], "auditRisk": 3, "boardRisk": 3, "compensationRisk": 7, "shareHolderRightsRisk": 1, "overallRisk": 3, "governanceEpochDate": 1761955200, "compensationAsOfEpochDate": 1735603200, "executiveTeam": [], "maxAge": 86400}, "calendarEvents": {"maxAge": 1, "earnings": {"earningsDate": [{"raw": 1762462800, "fmt": "2025-11-06"}], "earningsCallDate": [{"raw": 1762464600, "fmt": "2025-11-06"}], "isEarningsDateEstimate": false, "earningsAverage": {"raw": 0.61124, "fmt": "0.61"}, "earningsLow": {"raw": 0.56, "fmt": "0.56"}, "earningsHigh": {"raw": 0.64, "fmt": "0.64"}, "revenueAverage": {"raw": 251142930, "fmt": "251.14M", "longFmt": "251,142,930"}, "revenueLow": {"raw": 246500000, "fmt": "246.5M", "longFmt": "246,500,000"}, "revenueHigh": {"raw": 259210540, "fmt": "259.21M", "longFmt": "259,210,540"}}, "exDividendDate": {}, "dividendDate": {}}, "earningsTrend": {"trend": [{"maxAge": 1, "period": "0q", "endDate": "2025-09-30", "growth": {"raw": -0.014099999, "fmt": "-1.41%"}, "earningsEstimate": {"avg": {"raw": 0.61124, "fmt": "0.61"}, "low": {"raw": 0.56, "fmt": "0.56"}, "high": {"raw": 0.64, "fmt": "0.64"}, "yearAgoEps": {"raw": 0.62, "fmt": "0.62"}, "numberOfAnalysts": {"raw": 8, "fmt": "8", "longFmt": "8"}, "growth": {"raw": -0.014099999, "fmt": "-1.41%"}, "earningsCurrency": "USD"}, "revenueEstimate": {"avg": {"raw": 251142930, "fmt": "251.14M", "longFmt": "251,142,930"}, "low": {"raw": 246500000, "fmt": "246.5M", "longFmt": "246,500,000"}, "high": {"raw": 259210540, "fmt": "259.21M", "longFmt": "259,210,540"}, "numberOfAnalysts": {"raw": 7, "fmt": "7", "longFmt": "7"}, "yearAgoRevenue": {"raw": 240497000, "fmt": "240.5M", "longFmt": "240,497,000"}, "growth": {"raw": 0.044299997, "fmt": "4.43%"}, "revenueCurrency": "USD"}, "epsTrend": {"current": {"raw": 0.61124, "fmt": "0.61"}, "7daysAgo": {"raw": 0.61124, "fmt": "0.61"}, "30daysAgo": {"raw": 0.61124, "fmt": "0.61"}, "60daysAgo": {"raw": 0.61124, "fmt": "0.61"}, "90daysAgo": {"raw": 0.62433, "fmt": "0.62"}, "epsTrendCurrency": "USD"}, "epsRevisions": {"upLast7days": {"raw": 1, "fmt": "1", "longFmt": "1"}, "upLast30days": {"raw": 1, "fmt": "1", "longFmt": "1"}, "downLast30days": {"raw": 6, "fmt": "6", "longFmt": "6"}, "downLast7Days": {"raw": 6, "fmt": "6", "longFmt": "6"}, "downLast90days": {}, "epsRevisionsCurrency": "USD"}}, {"maxAge": 1, "period": "+1q", "endDate": "2025-12-31", "growth": {"raw": 0.1079, "fmt": "10.79%"}, "earningsEstimate": {"avg": {"raw": 0.64259, "fmt": "0.64"}, "low": {"raw": 0.595, "fmt": "0.6"}, "high": {"raw": 0.69, "fmt": "0.69"}, "yearAgoEps": {"raw": 0.58, "fmt": "0.58"}, "numberOfAnalysts": {"raw": 8, "fmt": "8", "longFmt": "8"}, "growth": {"raw": 0.1079, "fmt": "10.79%"}, "earningsCurrency": "USD"}, "revenueEstimate": {"avg": {"raw": 249450710, "fmt": "249.45M", "longFmt": "249,450,710"}, "low": {"raw": 240960970, "fmt": "240.96M", "longFmt": "240,960,970"}, "high": {"raw": 253600000, "fmt": "253.6M", "longFmt": "253,600,000"}, "numberOfAnalysts": {"raw": 7, "fmt": "7", "longFmt": "7"}, "yearAgoRevenue": {"raw": 242240000, "fmt": "242.24M", "longFmt": "242,240,000"}, "growth": {"raw": 0.0298, "fmt": "2.98%"}, "revenueCurrency": "USD"}, "epsTrend": {"current": {"raw": 0.64259, "fmt": "0.64"}, "7daysAgo": {"raw": 0.64259, "fmt": "0.64"}, "30daysAgo": {"raw": 0.64259, "fmt": "0.64"}, "60daysAgo": {"raw": 0.64259, "fmt": "0.64"}, "90daysAgo": {"raw": 0.63496, "fmt": "0.63"}, "epsTrendCurrency": "USD"}, "epsRevisions": {"upLast7days": {"raw": 3, "fmt": "3", "longFmt": "3"}, "upLast30days": {"raw": 3, "fmt": "3", "longFmt": "3"}, "downLast30days": {"raw": 4, "fmt": "4", "longFmt": "4"}, "downLast7Days": {"raw": 4, "fmt": "4", "longFmt": "4"}, "downLast90days": {}, "epsRevisionsCurrency": "USD"}}, {"maxAge": 1, "period": "0y", "endDate": "2025-12-31", "growth": {"raw": 0.0377, "fmt": "3.77%"}, "earningsEstimate": {"avg": {"raw": 2.36591, "fmt": "2.37"}, "low": {"raw": 2.241, "fmt": "2.24"}, "high": {"raw": 2.4, "fmt": "2.4"}, "yearAgoEps": {"raw": 2.28, "fmt": "2.28"}, "numberOfAnalysts": {"raw": 8, "fmt": "8", "longFmt": "8"}, "growth": {"raw": 0.0377, "fmt": "3.77%"}, "earningsCurrency": "USD"}, "revenueEstimate": {"avg": {"raw": 993704730, "fmt": "993.7M", "longFmt": "993,704,730"}, "low": {"raw": 993200000, "fmt": "993.2M", "longFmt": "993,200,000"}, "high": {"raw": 996057620, "fmt": "996.06M", "longFmt": "996,057,620"}, "numberOfAnalysts": {"raw": 7, "fmt": "7", "longFmt": "7"}, "yearAgoRevenue": {"raw": 939827000, "fmt": "939.83M", "longFmt": "939,827,000"}, "growth": {"raw": 0.0573, "fmt": "5.73%"}, "revenueCurrency": "USD"}, "epsTrend": {"current": {"raw": 2.36591, "fmt": "2.37"}, "7daysAgo": {"raw": 2.36591, "fmt": "2.37"}, "30daysAgo": {"raw": 2.36591, "fmt": "2.37"}, "60daysAgo": {"raw": 2.36591, "fmt": "2.37"}, "90daysAgo": {"raw": 2.29772, "fmt": "2.3"}, "epsTrendCurrency": "USD"}, "epsRevisions": {"upLast7days": {"raw": 8, "fmt": "8", "longFmt": "8"}, "upLast30days": {"raw": 8, "fmt": "8", "longFmt": "8"}, "downLast30days": {"raw": 0, "fmt": null, "longFmt": "0"}, "downLast7Days": {"raw": 0, "fmt": null, "longFmt": "0"}, "downLast90days": {}, "epsRevisionsCurrency": "USD"}}, {"maxAge": 1, "period": "+1y", "endDate": "2026-12-31", "growth": {"raw": 0.0659, "fmt": "6.59%"}, "earningsEstimate": {"avg": {"raw": 2.52176, "fmt": "2.52"}, "low": {"raw": 2.258, "fmt": "2.26"}, "high": {"raw": 2.67, "fmt": "2.67"}, "yearAgoEps": {"raw": 2.36591, "fmt": "2.37"}, "numberOfAnalysts": {"raw": 8, "fmt": "8", "longFmt": "8"}, "growth": {"raw": 0.0659, "fmt": "6.59%"}, "earningsCurrency": "USD"}, "revenueEstimate": {"avg": {"raw": 1036363450, "fmt": "1.04B", "longFmt": "1,036,363,450"}, "low": {"raw": 1025754000, "fmt": "1.03B", "longFmt": "1,025,754,000"}, "high": {"raw": 1044115000, "fmt": "1.04B", "longFmt": "1,044,115,000"}, "numberOfAnalysts": {"raw": 7, "fmt": "7", "longFmt": "7"}, "yearAgoRevenue": {"raw": 993704730, "fmt": "993.7M", "longFmt": "993,704,730"}, "growth": {"raw": 0.0429, "fmt": "4.29%"}, "revenueCurrency": "USD"}, "epsTrend": {"current": {"raw": 2.52176, "fmt": "2.52"}, "7daysAgo": {"raw": 2.52176, "fmt": "2.52"}, "30daysAgo": {"raw": 2.52176, "fmt": "2.52"}, "60daysAgo": {"raw": 2.52176, "fmt": "2.52"}, "90daysAgo": {"raw": 2.43983, "fmt": "2.44"}, "epsTrendCurrency": "USD"}, "epsRevisions": {"upLast7days": {"raw": 6, "fmt": "6", "longFmt": "6"}, "upLast30days": {"raw": 6, "fmt": "6", "longFmt": "6"}, "downLast30days": {"raw": 2, "fmt": "2", "longFmt": "2"}, "downLast7Days": {"raw": 2, "fmt": "2", "longFmt": "2"}, "downLast90days": {}, "epsRevisionsCurrency": "USD"}}], "defaultMethodology": "nongaap", "maxAge": 1}, "earningsHistory": {"history": [{"maxAge": 1, "epsActual": {"raw": 0.62, "fmt": "0.62"}, "epsEstimate": {"raw": 0.48953, "fmt": "0.49"}, "epsDifference": {"raw": 0.13, "fmt": "0.13"}, "surprisePercent": {"raw": 0.2665, "fmt": "26.65%"}, "quarter": {"raw": 1727654400, "fmt": "2024-09-30"}, "currency": "USD", "period": "-4q"}, {"maxAge": 1, "epsActual": {"raw": 0.58, "fmt": "0.58"}, "epsEstimate": {"raw": 0.53411, "fmt": "0.53"}, "epsDifference": {"raw": 0.05, "fmt": "0.05"}, "surprisePercent": {"raw": 0.0859, "fmt": "8.59%"}, "quarter": {"raw": 1735603200, "fmt": "2024-12-31"}, "currency": "USD", "period": "-3q"}, {"maxAge": 1, "epsActual": {"raw": 0.54, "fmt": "0.54"}, "epsEstimate": {"raw": 0.47454, "fmt": "0.47"}, "epsDifference": {"raw": 0.07, "fmt": "0.07"}, "surprisePercent": {"raw": 0.1379, "fmt": "13.79%"}, "quarter": {"raw": 1743379200, "fmt": "2025-03-31"}, "currency": "USD", "period": "-2q"}, {"maxAge": 1, "epsActual": {"raw": 0.6, "fmt": "0.6"}, "epsEstimate": {"raw": 0.50821, "fmt": "0.51"}, "epsDifference": {"raw": 0.09, "fmt": "0.09"}, "surprisePercent": {"raw": 0.18059999, "fmt": "18.06%"}, "quarter": {"raw": 1751241600, "fmt": "2025-06-30"}, "currency": "USD", "period": "-1q"}], "defaultMethodology": "nongaap", "maxAge": 86400}, "financialData": {"maxAge": 86400, "currentPrice": {"raw": 49.07, "fmt": "49.07"}, "targetHighPrice": {"raw": 85.0, "fmt": "85.00"}, "targetLowPrice": {"raw": 55.0, "fmt": "55.00"}, "targetMeanPrice": {"raw": 68.71429, "fmt": "68.71"}, "targetMedianPrice": {"raw": 68.0, "fmt": "68.00"}, "recommendationMean": {}, "recommendationKey": "none", "numberOfAnalystOpinions": {"raw": 7, "fmt": "7", "longFmt": "7"}, "totalCash": {"raw": 1026862016, "fmt": "1.03B", "longFmt": "1,026,862,016"}, "totalCashPerShare": {"raw": 20.576, "fmt": "20.58"}, "ebitda": {"raw": 143282000, "fmt": "143.28M", "longFmt": "143,282,000"}, "totalDebt": {"raw": 1063155968, "fmt": "1.06B", "longFmt": "1,063,155,968"}, "quickRatio": {"raw": 1.735, "fmt": "1.74"}, "currentRatio": {"raw": 1.952, "fmt": "1.95"}, "totalRevenue": {"raw": 975867008, "fmt": "975.87M", "longFmt": "975,867,008"}, "debtToEquity": {"raw": 124.793, "fmt": "124.79%"}, "revenuePerShare": {"raw": 19.691, "fmt": "19.69"}, "returnOnAssets": {"raw": 0.03986, "fmt": "3.99%"}, "returnOnEquity": {"raw": 0.16740999, "fmt": "16.74%"}, "grossProfits": {"raw": 641819008, "fmt": "641.82M", "longFmt": "641,819,008"}, "freeCashflow": {"raw": 129947752, "fmt": "129.95M", "longFmt": "129,947,752"}, "operatingCashflow": {"raw": 180370000, "fmt": "180.37M", "longFmt": "180,370,000"}, "earningsGrowth": {"raw": 0.018, "fmt": "1.80%"}, "revenueGrowth": {"raw": 0.088, "fmt": "8.80%"}, "grossMargins": {"raw": 0.65769, "fmt": "65.77%"}, "ebitdaMargins": {"raw": 0.14682999, "fmt": "14.68%"}, "operatingMargins": {"raw": 0.1263, "fmt": "12.63%"}, "profitMargins": {"raw": 0.13271, "fmt": "13.27%"}, "financialCurrency": "USD"}}